timestamp,soc,screen_on,brightness_raw,cpu_load_raw,x_net,t_env
0.0,65.0,0.0,0.0,19.26104012051138,1658.6227166398737,298.15
1.0,64.99851824411928,0.0,0.0,21.525364625841014,1364.2535295703035,298.15
2.0,64.99703648823856,0.0,0.0,24.226348767260273,1188.005749614493,298.15
3.0,64.99555473235785,0.0,0.0,20.49931757933421,1704.08757025289,298.15
4.0,64.99407297647713,1.0,113.96698357143691,21.564967142193538,1635.3886162279575,298.15
5.0,64.99259122059641,0.0,0.0,21.368727901508556,1380.5054600577546,298.15
6.0,64.99110946471569,0.0,0.0,16.450579185097506,1756.6220623903582,298.15
7.0,64.98962770883497,1.0,126.11189409977601,21.51692340124272,1708.8932747341814,298.15
8.0,64.98814595295426,1.0,92.21490379508256,21.54027905418044,1624.3931123117711,298.15
9.0,64.98666419707354,1.0,82.9638909470437,18.939168929764406,1586.9403274315296,298.15
10.0,64.98518244119282,1.0,117.55440069874086,18.177943640966358,1636.1546977544012,298.15
11.0,64.9837006853121,1.0,92.16341439644007,21.82519226476996,1700.34388743766,298.15
12.0,64.98221892943138,0.0,0.0,23.87590758513811,1565.7650256650725,298.15
13.0,64.98073717355065,1.0,85.5778516982959,20.753668656399537,1866.281319115169,298.15
14.0,64.97925541766993,0.0,0.0,20.914494633918693,1796.2352597844401,298.15
15.0,64.97777366178921,0.0,0.0,25.238380290969094,1706.7417703818273,298.15
16.0,64.9762919059085,0.0,0.0,23.077915442488937,2002.3411227275976,298.15
17.0,64.97481015002778,0.0,0.0,19.800034656877866,1709.28575482844,298.15
18.0,64.97332839414706,0.0,0.0,20.699815825617847,2000.305984853243,298.15
19.0,64.97184663826634,0.0,0.0,25.424422908964452,1824.9430715070712,298.15
20.0,64.97036488238562,0.0,0.0,20.97283217676325,1907.5322088067026,298.15
21.0,64.9688831265049,0.0,0.0,21.275722090518222,1751.3864193710194,298.15
22.0,64.96740137062419,1.0,124.29588024974214,23.296194592566923,1538.260701582666,298.15
23.0,64.96591961474347,0.0,0.0,21.894847981695126,1902.550785619746,298.15
24.0,64.96443785886275,0.0,0.0,23.118249418377513,1664.0849081953188,298.15
25.0,64.96295610298203,1.0,89.16884371383154,22.96060249723849,1761.648796563528,298.15
26.0,64.96147434710132,0.0,0.0,22.357908925056275,1875.8569116391386,298.15
27.0,64.9599925912206,0.0,0.0,24.6140901315805,1778.791373366878,298.15
28.0,64.95851083533988,0.0,0.0,20.726511559589937,1880.4997485215256,298.15
29.0,64.95702907945916,1.0,104.54191442667108,23.041563120218584,1925.0119558601186,298.15
30.0,64.95554732357844,0.0,0.0,22.0105486323232,1683.3774462611223,298.15
31.0,64.95406556769773,0.0,0.0,25.650153598807048,1954.6678909652392,298.15
32.0,64.95258381181701,0.0,0.0,22.826612043004484,1828.983799635156,298.15
33.0,64.95110205593629,0.0,0.0,26.263279450896988,1770.1631722765057,298.15
34.0,64.94962030005557,0.0,0.0,22.59230201085639,1637.946422128778,298.15
35.0,64.94813854417485,0.0,0.0,23.52028281920358,1712.346651950214,298.15
36.0,64.94665678829413,0.0,0.0,25.16370321412397,1956.007319086533,298.15
37.0,64.94517503241342,1.0,90.03701231218206,21.96941062869657,1965.2462943653272,298.15
38.0,64.94369327653268,0.0,0.0,25.98692179496998,2042.6475885844864,298.15
39.0,64.94221152065197,1.0,128.85749843036925,23.686630345927764,2227.802044512818,298.15
40.0,64.94072976477125,0.0,0.0,24.374221451848847,2178.945167599799,298.15
41.0,64.93924800889053,0.0,0.0,24.658608107029185,2129.5122533217145,298.15
42.0,64.93776625300981,0.0,0.0,23.73087837536515,2162.256284657008,298.15
43.0,64.9362844971291,0.0,0.0,22.622790301962183,2015.082234276348,298.15
44.0,64.93480274124838,0.0,0.0,24.133420065929496,2015.553665778832,298.15
45.0,64.93332098536766,0.0,0.0,20.826999835629554,2224.4334249815543,298.15
46.0,64.93183922948694,0.0,0.0,22.00865781493935,2028.5196600450197,298.15
47.0,64.93035747360622,0.0,0.0,23.940441869853682,2033.4449272424074,298.15
48.0,64.9288757177255,0.0,0.0,26.697402995037177,2173.8684777402627,298.15
49.0,64.92739396184479,0.0,0.0,26.704142832773865,1958.2748942087471,298.15
50.0,64.92591220596407,1.0,122.97273148517829,25.897272993524894,1979.8210729437797,298.15
51.0,64.92443045008335,1.0,116.96087087332447,21.919040478380055,1795.553582598568,298.15
52.0,64.92294869420263,0.0,0.0,24.912238408595236,1929.6288343286835,298.15
53.0,64.92146693832191,0.0,0.0,23.10159035703695,1948.325034612197,298.15
54.0,64.9199851824412,1.0,103.07273612355947,24.416599107313317,1955.0656458801145,298.15
55.0,64.91850342656048,0.0,0.0,26.094932549576022,2115.4154207470406,298.15
56.0,64.91702167067976,0.0,0.0,25.661927364118643,1839.8336700429156,298.15
57.0,64.91553991479904,0.0,0.0,26.70197072997352,2211.327202720281,298.15
58.0,64.91405815891832,0.0,0.0,22.431654538731763,1675.2664107290714,298.15
59.0,64.9125764030376,1.0,121.59421096635464,23.085360559270697,2069.8758104362005,298.15
60.0,64.91109464715689,1.0,106.67446818213494,27.165578187888336,2098.02505593107,298.15
61.0,64.90961289127617,1.0,110.37015645887837,27.22145396216487,2074.234533475966,298.15
62.0,64.90813113539545,0.0,0.0,24.78991972809405,2129.222492404232,298.15
63.0,64.90664937951472,0.0,0.0,24.80552764114841,1927.132458331571,298.15
64.0,64.905167623634,1.0,96.98966042104003,26.7443912239056,2140.3658593560085,298.15
65.0,64.90368586775328,1.0,103.26844881540822,25.742148266008122,1841.8839496848618,298.15
66.0,64.90220411187256,0.0,0.0,25.881573977911707,1847.1167654372443,298.15
67.0,64.90072235599185,0.0,0.0,23.450275732860582,2240.7211435364384,298.15
68.0,64.89924060011113,0.0,0.0,26.78533931524519,1948.6864844262186,298.15
69.0,64.89775884423041,1.0,113.08399600261728,24.641116281377382,2056.302948831595,298.15
70.0,64.89627708834969,0.0,0.0,22.744840893006423,1978.928187166922,298.15
71.0,64.89479533246897,0.0,0.0,23.732312512756042,2003.5754908732395,298.15
72.0,64.89331357658826,0.0,0.0,24.034805100812054,1584.4681013667425,298.15
73.0,64.89183182070754,0.0,0.0,27.360438376812223,1931.5019385872563,298.15
74.0,64.89035006482682,1.0,110.44590113065176,23.8842923082743,1866.850286267771,298.15
75.0,64.8888683089461,0.0,0.0,25.615503067363758,1999.5490350297985,298.15
76.0,64.88738655306538,0.0,0.0,21.622497030250408,1722.9175913058018,298.15
77.0,64.88590479718466,0.0,0.0,26.494500931847277,2009.6455467166847,298.15
78.0,64.88442304130395,0.0,0.0,23.72359656301752,1637.7514293605961,298.15
79.0,64.88294128542323,0.0,0.0,25.60777889392626,1738.697543463421,298.15
80.0,64.88145952954251,0.0,0.0,25.59730034139363,1557.148726188109,298.15
81.0,64.87997777366179,0.0,0.0,25.973354194011815,1618.958045568681,298.15
82.0,64.87849601778107,1.0,126.42475969026984,25.478051727955506,1768.9555154023947,298.15
83.0,64.87701426190036,1.0,122.92946595915744,27.993227201356916,1959.7816775003575,298.15
84.0,64.87553250601964,0.0,0.0,25.24541523012377,1746.1225438968513,298.15
85.0,64.87405075013892,0.0,0.0,28.488385752369663,1534.4036927618054,298.15
86.0,64.8725689942582,1.0,92.05941454990788,25.888267014068223,1396.2565516004215,298.15
87.0,64.87108723837748,0.0,0.0,25.28245692808624,1799.6141502974056,298.15
88.0,64.86960548249675,0.0,0.0,26.242229291742515,1585.4542838547231,298.15
89.0,64.86812372661603,0.0,0.0,25.10135323781389,1590.8130153262007,298.15
90.0,64.86664197073532,0.0,0.0,25.473936498839702,1816.006404009909,298.15
91.0,64.8651602148546,1.0,113.7447123828478,25.27755107161918,1619.2629332218946,298.15
92.0,64.86367845897388,1.0,100.05995464432499,25.082431427793185,1579.549330211424,298.15
93.0,64.86219670309316,0.0,0.0,28.038516027341768,1633.3052920730856,298.15
94.0,64.86071494721244,0.0,0.0,28.24511261732968,1815.983141177678,298.15
95.0,64.85923319133173,1.0,93.49864602361271,25.09097826406652,1616.3192928938472,298.15
96.0,64.85775143545101,0.0,0.0,26.539269610600506,1238.7716030951694,298.15
97.0,64.85626967957029,0.0,0.0,26.400077220239854,1424.3608574984746,298.15
98.0,64.85478792368957,0.0,0.0,26.17942259431426,1488.7189351778397,298.15
99.0,64.85330616780885,0.0,0.0,25.253615839611424,1645.2212526424414,298.15
100.0,64.85182441192813,1.0,98.65854884120716,25.391565589977564,1313.609402164744,298.15
101.0,64.85034265604742,0.0,0.0,25.19075896764144,1506.6195583477943,298.15
102.0,64.8488609001667,0.0,0.0,23.07195427867617,1456.3294109349902,298.15
103.0,64.84737914428598,1.0,104.73264136656383,24.060104842241223,1605.4254847247207,298.15
104.0,64.84589738840526,0.0,0.0,22.190870573105965,1287.7944080289944,298.15
105.0,64.84441563252454,1.0,120.94484156088197,24.967392657982025,1446.874901596572,298.15
106.0,64.84293387664383,0.0,0.0,24.672525474388166,1636.2759873754824,298.15
107.0,64.84145212076311,0.0,0.0,25.037382976721787,1525.7698500948266,298.15
108.0,64.83997036488239,0.0,0.0,22.61290258858802,1465.5471565450594,298.15
109.0,64.83848860900167,0.0,0.0,25.32815644949278,1313.922715938749,298.15
110.0,64.83700685312095,0.0,0.0,24.469826146550172,1368.1995456752923,298.15
111.0,64.83552509724024,0.0,0.0,27.217574619914934,1313.7109137625966,298.15
112.0,64.83404334135952,0.0,0.0,24.862043214735145,1444.423023102325,298.15
113.0,64.83256158547879,0.0,0.0,22.54188349874252,1380.3943915138138,298.15
114.0,64.83107982959807,0.0,0.0,21.262322737034395,1192.981604845771,298.15
115.0,64.82959807371735,0.0,0.0,23.694704454996923,1534.8200013968212,298.15
116.0,64.82811631783663,0.0,0.0,21.620347989214157,1439.7762328358624,298.15
117.0,64.82663456195591,1.0,122.73910261818654,22.011894436360038,1115.490954913191,298.15
118.0,64.8251528060752,1.0,107.83573998822554,21.560209587017027,1180.502413161143,298.15
119.0,64.82367105019448,1.0,124.13708708710409,22.09319192644643,1195.1954031541325,298.15
120.0,64.82218929431376,0.0,0.0,25.268853114073615,1328.5491607621746,298.15
121.0,64.82070753843304,0.0,0.0,21.305820456083158,1072.1796762602366,298.15
122.0,64.81922578255232,1.0,88.0672962407574,22.0874587903002,1080.9097638482253,298.15
123.0,64.8177440266716,0.0,0.0,20.390238414168984,1301.098729379489,298.15
124.0,64.81626227079089,0.0,0.0,19.859884632820663,1241.5273633933357,298.15
125.0,64.81478051491017,1.0,91.69587748080822,22.05292877842594,854.1759557899586,298.15
126.0,64.81329875902945,1.0,115.61832469954632,22.740743395984545,1234.1551233056848,298.15
127.0,64.81181700314873,1.0,92.3672289563334,20.475913193219434,903.8037204732016,298.15
128.0,64.81033524726801,1.0,103.17671890815174,19.792080453070433,1019.549729580367,298.15
129.0,64.8088534913873,0.0,0.0,19.1347646064028,1050.1962590394721,298.15
130.0,64.80737173550658,0.0,0.0,22.2663849562042,1025.0990691527902,298.15
131.0,64.80588997962586,1.0,110.6351272154521,23.43348165297834,989.0566301419381,298.15
132.0,64.80440822374514,1.0,108.16590208050982,19.555355204302188,922.169859831902,298.15
133.0,64.80292646786442,0.0,0.0,20.706451628062204,1146.491352705766,298.15
134.0,64.8014447119837,0.0,0.0,23.375971388755417,819.8839101716095,298.15
135.0,64.79996295610299,0.0,0.0,21.20340572730372,974.7437780013245,298.15
136.0,64.79848120022227,0.0,0.0,21.284540443815573,1166.2496048093315,298.15
137.0,64.79699944434155,0.0,0.0,21.953087794344658,1100.7422648504723,298.15
138.0,64.79551768846082,0.0,0.0,20.534380505168837,827.4252202327228,298.15
139.0,64.7940359325801,0.0,0.0,19.897428937169025,740.1252434161297,298.15
140.0,64.79255417669938,1.0,111.87114861513543,21.531300495793648,861.0883898025144,298.15
141.0,64.79107242081867,0.0,0.0,18.72689903764927,693.141020931102,298.15
142.0,64.78959066493795,1.0,113.36277332048294,18.254300359397693,1029.460071022494,298.15
143.0,64.78810890905723,0.0,0.0,19.6231457542156,943.1163452767972,298.15
144.0,64.78662715317651,0.0,0.0,21.765957054477333,951.4783006699885,298.15
145.0,64.78514539729579,0.0,0.0,22.3825874055256,1082.7148580491441,298.15
146.0,64.78366364141507,1.0,100.93616359373301,19.658538521263743,1134.9860161022384,298.15
147.0,64.78218188553436,0.0,0.0,21.64241831163404,1037.9602205148242,298.15
148.0,64.78070012965364,0.0,0.0,22.42010402239952,967.5528385541887,298.15
149.0,64.77921837377292,0.0,0.0,20.16511670885874,894.8864251522883,298.15
150.0,64.7777366178922,0.0,0.0,21.018278929168208,947.3710347390751,298.15
151.0,64.77625486201148,0.0,0.0,22.881786549959166,1031.34140837418,298.15
152.0,64.77477310613077,0.0,0.0,18.66295916112433,1139.8045715771864,298.15
153.0,64.77329135025005,1.0,102.10901277511246,19.299443823541054,793.7913647959593,298.15
154.0,64.77180959436933,0.0,0.0,22.142427327657064,834.7549867730703,298.15
155.0,64.77032783848861,0.0,0.0,17.97299299810859,1005.2334533608129,298.15
156.0,64.7688460826079,0.0,0.0,19.622165734674024,692.1921307716041,298.15
157.0,64.76736432672718,0.0,0.0,18.26433020877557,1054.8407082503777,298.15
158.0,64.76588257084646,0.0,0.0,21.348084780969987,1174.1735060255883,298.15
159.0,64.76440081496574,1.0,82.94825530177735,17.167415887936425,1373.6143080379356,298.15
160.0,64.76291905908502,0.0,0.0,18.85301134222216,1036.7822294481293,298.15
161.0,64.7614373032043,1.0,118.79707569367466,17.18310669123507,1158.456157878599,298.15
162.0,64.75995554732359,0.0,0.0,16.41005821938692,1038.3950047084345,298.15
163.0,64.75847379144285,1.0,85.92745612764442,15.618435831562616,1284.0602369073379,298.15
164.0,64.75699203556213,0.0,0.0,18.29137115984263,984.1023275353107,298.15
165.0,64.75551027968142,0.0,0.0,19.228756658091466,1103.8981229795518,298.15
166.0,64.7540285238007,1.0,99.97209765255167,18.38497956462861,1152.3977074577813,298.15
167.0,64.75254676791998,0.0,0.0,18.632513058378507,1127.913215760112,298.15
168.0,64.75106501203926,1.0,102.46488510020247,17.4643324549778,962.0888139827866,298.15
169.0,64.74958325615854,0.0,0.0,19.637427891775445,880.3925821032109,298.15
170.0,64.74810150027783,0.0,0.0,19.130794996884628,1248.67295993752,298.15
171.0,64.74661974439711,0.0,0.0,18.071945731652736,1142.6027189085694,298.15
172.0,64.74513798851639,0.0,0.0,18.105521096390536,1126.037538714244,298.15
173.0,64.74365623263567,0.0,0.0,16.938276377337317,1258.73129502575,298.15
174.0,64.74217447675495,0.0,0.0,20.703914991632054,1262.2887338500764,298.15
175.0,64.74069272087424,1.0,102.82230907100842,18.7931351320839,1200.1817890441557,298.15
176.0,64.73921096499352,0.0,0.0,17.24537035344459,1253.0642127670224,298.15
177.0,64.7377292091128,0.0,0.0,17.044664867346192,1090.5728795314526,298.15
178.0,64.73624745323208,0.0,0.0,16.609515246088904,1261.3608698346045,298.15
179.0,64.73476569735136,0.0,0.0,16.66855905026876,958.1382812587156,298.15
180.0,64.73328394147065,1.0,81.646499815978,17.455312345151942,1209.071444920554,298.15
181.0,64.73180218558993,0.0,0.0,14.246330880360679,1331.0416661376614,298.15
182.0,64.73032042970921,0.0,0.0,16.495689388062026,1124.2622282488198,298.15
183.0,64.72883867382849,0.0,0.0,16.603127772580564,1266.842884011367,298.15
184.0,64.72735691794777,0.0,0.0,16.71959880044459,1304.3148309617561,298.15
185.0,64.72587516206706,0.0,0.0,16.93372654826045,1139.3976469743181,298.15
186.0,64.72439340618634,0.0,0.0,16.62827423750319,1456.472990777111,298.15
187.0,64.72291165030562,0.0,0.0,17.149842621703456,1349.4780775521774,298.15
188.0,64.72142989442489,0.0,0.0,16.211688513076055,1064.5473324953891,298.15
189.0,64.71994813854417,1.0,127.25833555836869,17.935962304697007,1344.2365242508201,298.15
190.0,64.71846638266345,1.0,82.86018070434677,17.336805721003095,1563.5568341589965,298.15
191.0,64.71698462678273,0.0,0.0,19.808525536011008,1359.908759007375,298.15
192.0,64.71550287090201,1.0,97.29473184699,17.270217852145915,1278.0564736191905,298.15
193.0,64.7140211150213,0.0,0.0,14.889268394708527,1309.2329099475573,298.15
194.0,64.71253935914058,1.0,126.46441534675898,15.766495359663535,1382.2915449922102,298.15
195.0,64.71105760325986,0.0,0.0,15.143223136892987,1239.925434900389,298.15
196.0,64.70957584737914,1.0,122.68720937119895,15.906998512678436,1647.6987906929394,298.15
197.0,64.70809409149842,1.0,96.51725045079847,17.59197486175438,1591.55558095741,298.15
198.0,64.7066123356177,0.0,0.0,15.260198871900577,1630.1971825928588,298.15
199.0,64.70513057973699,0.0,0.0,14.813556110858942,1258.7627136059618,298.15
200.0,64.70364882385627,0.0,0.0,16.49593272897024,1519.28167743458,298.15
201.0,64.70216706797555,1.0,119.97769035724696,14.314048565462148,1677.4235649911275,298.15
202.0,64.70068531209483,0.0,0.0,14.170060332183253,1389.3630526422314,298.15
203.0,64.69920355621412,0.0,0.0,16.132600480028383,1536.2180345102597,298.15
204.0,64.6977218003334,0.0,0.0,12.609382684727855,1397.7501633983707,298.15
205.0,64.69624004445268,0.0,0.0,14.659917643980533,1703.30596780385,298.15
206.0,64.69475828857196,0.0,0.0,16.76002315730057,1561.4951438892933,298.15
207.0,64.69327653269124,1.0,110.54713125671532,12.417356191497493,1595.200412291538,298.15
208.0,64.69179477681053,0.0,0.0,12.496218194414995,1455.0518199631392,298.15
209.0,64.6903130209298,1.0,92.4790341914368,12.983739292495038,1871.6945943237429,298.15
210.0,64.68883126504909,0.0,0.0,10.8748431251834,1662.1471972938377,298.15
211.0,64.68734950916837,1.0,111.00314041773281,18.248068054976102,1788.0948920277044,298.15
212.0,64.68586775328765,0.0,0.0,15.376961987632656,1741.669607298747,298.15
213.0,64.68438599740692,0.0,0.0,14.0843552775563,1562.214663013193,298.15
214.0,64.6829042415262,1.0,91.97518258739075,13.067857712019332,1466.7113454213697,298.15
215.0,64.68142248564548,0.0,0.0,18.631204503639733,1698.2862345216295,298.15
216.0,64.67994072976477,0.0,0.0,16.13659406035098,1906.8491229067083,298.15
217.0,64.67845897388405,1.0,94.97077473225855,14.864601358849539,1459.088295943492,298.15
218.0,64.67697721800333,0.0,0.0,17.00486901163096,2060.146167230365,298.15
219.0,64.67549546212261,0.0,0.0,15.661442534425227,1906.0977827523022,298.15
220.0,64.6740137062419,1.0,88.00310377974549,14.224223195897807,1822.4976884500834,298.15
221.0,64.67253195036118,1.0,108.41971674811884,14.0472759576837,1789.0776294055647,298.15
222.0,64.67105019448046,0.0,0.0,14.065227751806486,1947.5224634862345,298.15
223.0,64.66956843859974,0.0,0.0,13.378749114726306,1647.5506752696826,298.15
224.0,64.66808668271902,0.0,0.0,16.779617289673038,1908.63478203478,298.15
225.0,64.6666049268383,0.0,0.0,14.171229911999664,1899.7806174890277,298.15
226.0,64.66512317095759,0.0,0.0,17.166192064514945,2133.797236091313,298.15
227.0,64.66364141507687,0.0,0.0,13.678487891833901,1820.2680588712217,298.15
228.0,64.66215965919615,1.0,88.66269165665301,14.051434459502447,1891.953273657001,298.15
229.0,64.66067790331543,0.0,0.0,14.293672603301282,1885.0907638510744,298.15
230.0,64.65919614743471,0.0,0.0,13.58886828231819,1826.9742069193662,298.15
231.0,64.657714391554,0.0,0.0,14.10114233591458,2135.2766760196146,298.15
232.0,64.65623263567328,0.0,0.0,15.934559620440975,1775.9667296469363,298.15
233.0,64.65475087979256,0.0,0.0,16.993208529834373,1702.7253200784437,298.15
234.0,64.65326912391184,0.0,0.0,15.567069041873308,1974.7414991453409,298.15
235.0,64.65178736803112,1.0,87.05956409781463,13.204170223021322,1836.7963789953997,298.15
236.0,64.6503056121504,1.0,120.64603724748707,14.172900974331617,1990.5350910181269,298.15
237.0,64.64882385626969,1.0,84.19407237426253,14.231291819441006,2053.8860293588373,298.15
238.0,64.64734210038895,1.0,117.60466610898798,17.90499641208305,1986.8067232288097,298.15
239.0,64.64586034450824,0.0,0.0,16.790290987637434,1974.037032030295,298.15
240.0,64.64437858862752,1.0,120.34920579974973,17.18745459950259,1666.2574017739666,298.15
241.0,64.6428968327468,0.0,0.0,14.143796233678255,2064.0763237543574,298.15
242.0,64.64141507686608,0.0,0.0,13.276065448324019,2013.725583709504,298.15
243.0,64.63993332098536,0.0,0.0,16.268521267734396,2269.0912168759396,298.15
244.0,64.63845156510465,1.0,113.6808620278656,14.654344397468105,2161.7270705999504,298.15
245.0,64.63696980922393,0.0,0.0,15.898809988969143,1771.546514017276,298.15
246.0,64.63548805334321,0.0,0.0,16.135813841901683,2155.162651252827,298.15
247.0,64.63400629746249,0.0,0.0,14.889261294154956,1802.8385259016063,298.15
248.0,64.63252454158177,0.0,0.0,17.175559473444963,2124.0683190763766,298.15
249.0,64.63104278570106,0.0,0.0,13.281827304949525,2217.7928784508363,298.15
250.0,64.62956102982034,1.0,102.6139614232484,15.844907335453726,2280.051735544445,298.15
251.0,64.62807927393962,0.0,0.0,16.808762943537317,1940.3432418459167,298.15
252.0,64.6265975180589,1.0,98.1562355386722,18.501986569211724,2104.9152160459685,298.15
253.0,64.62511576217818,0.0,0.0,16.051096839492242,2149.204138424281,298.15
254.0,64.62363400629746,0.0,0.0,17.906139998052673,2066.650307771956,298.15
255.0,64.62215225041675,0.0,0.0,17.861731221960405,1743.1280111866065,298.15
256.0,64.62067049453603,0.0,0.0,19.75623283948377,2014.3116562741895,298.15
257.0,64.61918873865531,0.0,0.0,16.599508222804076,2073.314025769866,298.15
258.0,64.61770698277459,0.0,0.0,19.430761015460252,1984.0522596665458,298.15
259.0,64.61622522689387,0.0,0.0,17.511128923749787,1851.3457066898902,298.15
260.0,64.61474347101316,0.0,0.0,13.829655611415344,1945.3950674010193,298.15
261.0,64.61326171513244,1.0,94.64342991159789,16.401133305590545,2105.6193203570438,298.15
262.0,64.61177995925172,0.0,0.0,14.96115410615079,2023.9173161390074,298.15
263.0,64.61029820337099,0.0,0.0,18.950094011239596,2028.6965267713217,298.15
264.0,64.60881644749027,0.0,0.0,16.846988446083362,1915.1217079598152,298.15
265.0,64.60733469160955,0.0,0.0,14.543059318821637,2009.474977379337,298.15
266.0,64.60585293572883,0.0,0.0,18.145331070920104,1622.1928396338685,298.15
267.0,64.60437117984812,1.0,109.77275938930167,18.92735957950757,1923.7659712516452,298.15
268.0,64.6028894239674,0.0,0.0,16.249183234057803,1865.022520254585,298.15
269.0,64.60140766808668,0.0,0.0,16.261740287348573,1917.612311802899,298.15
270.0,64.59992591220596,0.0,0.0,17.38374249766689,1728.58786761065,298.15
271.0,64.59844415632524,1.0,101.05367787920494,14.249344934112038,1950.61504203763,298.15
272.0,64.59696240044453,1.0,112.79620054497386,18.368593566649825,2173.61490351253,298.15
273.0,64.5954806445638,0.0,0.0,20.02696468491834,1887.170014368113,298.15
274.0,64.59399888868309,0.0,0.0,16.368755283513387,1871.4626484855885,298.15
275.0,64.59251713280237,1.0,95.41404900251229,20.448894668979037,2229.7142259049733,298.15
276.0,64.59103537692165,1.0,100.14500772044784,19.1829511127144,1700.1458302367978,298.15
277.0,64.58955362104093,0.0,0.0,17.560283245324786,1904.8916050323314,298.15
278.0,64.58807186516022,0.0,0.0,18.79256134138994,2055.7693328659648,298.15
279.0,64.5865901092795,1.0,117.42077008432756,20.427405284022427,1747.9017084687562,298.15
280.0,64.58510835339878,1.0,117.16484451386712,18.193225817221336,1921.8223984467277,298.15
281.0,64.58362659751806,1.0,126.02294493449807,18.69053621187378,1806.0608437353255,298.15
282.0,64.58214484163734,0.0,0.0,17.302613920424857,1606.7187353555018,298.15
283.0,64.58066308575663,0.0,0.0,18.06533747755378,1729.8743961323935,298.15
284.0,64.57918132987591,0.0,0.0,19.476946915428908,1736.1086312762773,298.15
285.0,64.57769957399519,0.0,0.0,18.166353265343794,1631.6034587369754,298.15
286.0,64.57621781811447,0.0,0.0,17.749340594886633,1471.899167256653,298.15
287.0,64.57473606223375,0.0,0.0,20.496979342369745,1636.7868911193214,298.15
288.0,64.57325430635302,0.0,0.0,19.528556078336578,1459.7994722757926,298.15
289.0,64.5717725504723,0.0,0.0,18.090064696056366,1750.6232212953357,298.15
290.0,64.57029079459159,1.0,97.92591188880769,21.76492630606237,1736.8873058719828,298.15
291.0,64.56880903871087,1.0,107.40627818777315,22.44488004430805,1448.286912104168,298.15
292.0,64.56732728283015,0.0,0.0,20.789516610869157,1636.6444171286016,298.15
293.0,64.56584552694943,0.0,0.0,17.35813422831661,1407.4664125068043,298.15
294.0,64.56436377106871,0.0,0.0,20.024590170991623,1539.4085503161757,298.15
295.0,64.562882015188,1.0,116.43197679557704,20.4191503866883,1477.8942644725378,298.15
296.0,64.56140025930728,1.0,124.61588185599433,17.045670044610013,1634.6985622263483,298.15
297.0,64.55991850342656,0.0,0.0,21.593359248790808,1304.15800897992,298.15
298.0,64.55843674754584,0.0,0.0,20.125277607410744,1678.8585818373642,298.15
299.0,64.55695499166512,0.0,0.0,21.69140705633567,1699.8699535686842,298.15
300.0,64.5554732357844,0.0,0.0,19.51114392128412,1478.3674676822277,298.15
301.0,64.55399147990369,0.0,0.0,20.879465196976543,1282.4698909563667,298.15
302.0,64.55250972402297,0.0,0.0,21.060434066599253,1154.5906632416416,298.15
303.0,64.55102796814225,0.0,0.0,20.61569301934246,1617.235987461839,298.15
304.0,64.54954621226153,0.0,0.0,21.204602493828343,1734.9195824296798,298.15
305.0,64.54806445638081,1.0,127.48215577393843,20.30326963946599,1428.3159672748784,298.15
306.0,64.5465827005001,0.0,0.0,18.733804685207897,1231.8967533071084,298.15
307.0,64.54510094461938,0.0,0.0,17.463715561056414,1226.6552815884872,298.15
308.0,64.54361918873866,0.0,0.0,19.846085070701616,1552.8974852604797,298.15
309.0,64.54213743285794,0.0,0.0,22.20220830606613,1385.8460233800083,298.15
310.0,64.54065567697722,0.0,0.0,19.37740950939319,1200.0964705504227,298.15
311.0,64.5391739210965,1.0,92.58668280033065,22.839042678369992,1675.5095384761357,298.15
312.0,64.53769216521579,0.0,0.0,23.46934675771652,1472.7495897261208,298.15
313.0,64.53621040933506,0.0,0.0,22.100948526489415,1383.8465600563186,298.15
314.0,64.53472865345434,1.0,110.66652908851187,21.179629448195634,1203.4146301063834,298.15
315.0,64.53324689757362,0.0,0.0,23.184618173293547,1458.8520578011469,298.15
316.0,64.5317651416929,1.0,98.05659279847795,23.49556226709401,1391.4063011781059,298.15
317.0,64.53028338581218,0.0,0.0,21.382688971454282,1229.5053723691908,298.15
318.0,64.52880162993146,0.0,0.0,21.97632303408638,1395.3393131325952,298.15
319.0,64.52731987405075,1.0,126.68448524493226,20.635984091067556,1375.8202375733702,298.15
320.0,64.52583811817003,0.0,0.0,22.491604233952337,1247.1988635168823,298.15
321.0,64.52435636228931,0.0,0.0,18.821764716570108,1021.5151924094054,298.15
322.0,64.52287460640859,1.0,124.53706219750535,21.75511791953022,1028.0848603321685,298.15
323.0,64.52139285052787,0.0,0.0,20.951318445380927,931.6266961866795,298.15
324.0,64.51991109464716,0.0,0.0,22.267835427573957,1356.4181499890904,298.15
325.0,64.51842933876644,1.0,126.33262668011841,21.227672089675313,927.3265940494566,298.15
326.0,64.51694758288572,0.0,0.0,19.529210235763415,1140.63097298835,298.15
327.0,64.515465827005,1.0,99.54805378870017,21.632909155612428,886.307735828961,298.15
328.0,64.51398407112428,0.0,0.0,22.00588132532691,1367.2910267885866,298.15
329.0,64.51250231524357,0.0,0.0,24.557935381950134,930.5435129913897,298.15
330.0,64.51102055936285,0.0,0.0,21.913208999659933,1143.90897017836,298.15
331.0,64.50953880348213,0.0,0.0,21.66695609241649,851.2667497763841,298.15
332.0,64.50805704760141,1.0,104.96404296437156,21.198711178334708,1208.4560801695507,298.15
333.0,64.5065752917207,0.0,0.0,25.01519895883107,1232.343827642846,298.15
334.0,64.50509353583998,1.0,100.96914891895824,22.91027662819602,1064.4842714790404,298.15
335.0,64.50361177995926,0.0,0.0,23.781377087041502,1044.6261950364183,298.15
336.0,64.50213002407854,1.0,88.9713421817886,20.952678364181324,1169.2303627245558,298.15
337.0,64.50064826819782,1.0,113.06438233809521,20.690569189971242,949.6819756563052,298.15
338.0,64.49916651231709,0.0,0.0,22.12936223530114,1198.4409500922886,298.15
339.0,64.49768475643637,0.0,0.0,26.24200098464926,1074.038830971915,298.15
340.0,64.49620300055565,0.0,0.0,21.969472056914597,788.5163563029209,298.15
341.0,64.49472124467493,1.0,99.92048922733336,22.783188175112407,1296.856594514897,298.15
342.0,64.49323948879422,0.0,0.0,23.87322630704506,1043.3101699252234,298.15
343.0,64.4917577329135,0.0,0.0,22.91821524590484,961.311900031101,298.15
344.0,64.49027597703278,0.0,0.0,24.74819183064015,1033.661703705167,298.15
345.0,64.48879422115206,0.0,0.0,22.715359933505983,898.3967675387877,298.15
346.0,64.48731246527134,0.0,0.0,22.34412728405826,981.0098941414126,298.15
347.0,64.48583070939063,0.0,0.0,28.513128407181167,1120.619022338057,298.15
348.0,64.48434895350991,1.0,127.24557649185448,22.722822800435534,1104.1409322707223,298.15
349.0,64.48286719762919,0.0,0.0,25.549080499744313,1093.2009465217018,298.15
350.0,64.48138544174847,0.0,0.0,22.82254690028659,909.8452987739648,298.15
351.0,64.47990368586775,0.0,0.0,21.916018147165087,871.1268549055952,298.15
352.0,64.47842192998704,1.0,95.51099089595417,24.28660355890397,1059.1705200985289,298.15
353.0,64.47694017410632,0.0,0.0,22.333111170115888,1117.8359840300611,298.15
354.0,64.4754584182256,1.0,90.52709022224343,23.895102667932846,894.0521733454658,298.15
355.0,64.47397666234488,0.0,0.0,23.29437444416491,971.9872008286354,298.15
356.0,64.47249490646416,0.0,0.0,26.612277710659136,1067.728981591376,298.15
357.0,64.47101315058345,1.0,125.33975464883842,22.18178028699398,997.6789464982882,298.15
358.0,64.46953139470273,0.0,0.0,25.767827935317978,1189.288375958723,298.15
359.0,64.46804963882201,1.0,85.06355988816138,25.17805162558503,823.6605810294161,298.15
360.0,64.46656788294129,0.0,0.0,24.3887477267154,806.5234641281473,298.15
361.0,64.46508612706057,1.0,96.282036605066,23.573548684498327,1193.939867563955,298.15
362.0,64.46360437117985,0.0,0.0,25.091455795495687,1127.6780889343588,298.15
363.0,64.46212261529912,1.0,89.48782788275165,25.20337455704331,1054.702439025929,298.15
364.0,64.4606408594184,0.0,0.0,25.497891087887304,997.5020881583428,298.15
365.0,64.45915910353769,1.0,119.70031477988704,24.460123047898843,1125.0969512662957,298.15
366.0,64.45767734765697,0.0,0.0,23.079399576268454,1090.175221263211,298.15
367.0,64.45619559177625,0.0,0.0,26.335522941728158,1114.5471348202448,298.15
368.0,64.45471383589553,1.0,80.04362789062952,24.940853418533333,1067.6964433313606,298.15
369.0,64.45323208001481,0.0,0.0,23.9799625268609,1166.7223666729717,298.15
370.0,64.4517503241341,0.0,0.0,23.37005196982481,1233.243693413502,298.15
371.0,64.45026856825338,0.0,0.0,26.45841217103677,1240.5144602362527,298.15
372.0,64.44878681237266,0.0,0.0,27.205106668777827,1183.3320328040083,298.15
373.0,64.44730505649194,0.0,0.0,25.916155976246994,1124.3911279022332,298.15
374.0,64.44582330061122,0.0,0.0,26.026821898759927,1202.1929100647558,298.15
375.0,64.4443415447305,0.0,0.0,26.875814270555807,1325.7033189724266,298.15
376.0,64.44285978884979,0.0,0.0,24.419930147931474,1134.553755138079,298.15
377.0,64.44137803296907,0.0,0.0,28.410175794065907,1128.474231055936,298.15
378.0,64.43989627708835,0.0,0.0,23.294822613598186,1255.3244015084038,298.15
379.0,64.43841452120763,0.0,0.0,24.5930815380656,1304.293363409164,298.15
380.0,64.43693276532692,0.0,0.0,23.73811754657213,1191.0331151034497,298.15
381.0,64.4354510094462,0.0,0.0,25.062314708908467,1286.5347280384283,298.15
382.0,64.43396925356548,0.0,0.0,27.715821425799422,1106.038528041523,298.15
383.0,64.43248749768476,1.0,108.29494834917848,24.54853195631959,1243.8345909641046,298.15
384.0,64.43100574180404,1.0,99.05795102099748,25.58597181085234,1492.0636443653395,298.15
385.0,64.42952398592332,0.0,0.0,20.23770939724522,1364.1634338019578,298.15
386.0,64.4280422300426,0.0,0.0,25.552199417467747,1190.0551891770651,298.15
387.0,64.42656047416189,0.0,0.0,26.440469727945203,1224.4546733368543,298.15
388.0,64.42507871828116,1.0,129.76144628692379,25.012519118128093,1129.4126887831085,298.15
389.0,64.42359696240044,0.0,0.0,23.08051821926262,1574.1551216384325,298.15
390.0,64.42211520651972,0.0,0.0,22.834538575226567,1196.3039852708193,298.15
391.0,64.420633450639,1.0,104.9759391061634,23.834620853981015,981.1501779697037,298.15
392.0,64.41915169475828,0.0,0.0,22.75226787700414,1164.6694563600404,298.15
393.0,64.41766993887757,0.0,0.0,27.170475631670243,1398.8795525306568,298.15
394.0,64.41618818299685,1.0,116.47110693217739,25.357316588291873,1298.757058678609,298.15
395.0,64.41470642711613,0.0,0.0,26.87921843944275,1441.1859461041463,298.15
396.0,64.41322467123541,1.0,127.13169156999797,24.061573424962887,1488.5600654898108,298.15
397.0,64.4117429153547,0.0,0.0,23.255338594871244,1359.3481708834092,298.15
398.0,64.41026115947398,0.0,0.0,23.306332185139997,1330.648536875998,298.15
399.0,64.40877940359326,1.0,123.7147349689198,23.64200745887443,1620.9256313244493,298.15
400.0,64.40729764771254,0.0,0.0,23.539171746004534,1544.760931631869,298.15
401.0,64.40581589183182,0.0,0.0,26.231688112349932,1114.297560178629,298.15
402.0,64.4043341359511,0.0,0.0,25.68347365585595,1300.814021580341,298.15
403.0,64.40285238007039,0.0,0.0,24.598010351602085,1278.1356530914331,298.15
404.0,64.40137062418967,0.0,0.0,21.450166556239765,1538.7442851866763,298.15
405.0,64.39988886830895,0.0,0.0,24.517173820177486,1608.6398666287146,298.15
406.0,64.39840711242823,1.0,89.83761288326353,23.485375110843773,1567.9660810845517,298.15
407.0,64.39692535654751,1.0,81.75551845823918,26.16844345293669,1514.8097985114039,298.15
408.0,64.3954436006668,1.0,81.43804916462743,25.285257327043126,1777.6354052178215,298.15
409.0,64.39396184478608,0.0,0.0,24.012435760347078,1687.5688886333112,298.15
410.0,64.39248008890536,0.0,0.0,20.359413142944167,1517.6905832322777,298.15
411.0,64.39099833302464,1.0,82.51621551948634,23.42709026212134,1542.29494652171,298.15
412.0,64.38951657714392,1.0,128.83737629158156,22.527075899235403,1569.7363331518845,298.15
413.0,64.38803482126319,0.0,0.0,24.146862244931878,1646.4599809582676,298.15
414.0,64.38655306538247,0.0,0.0,21.595340085779135,1718.1673826387496,298.15
415.0,64.38507130950175,0.0,0.0,23.76540099844473,1789.003004222733,298.15
416.0,64.38358955362104,0.0,0.0,19.71804273398415,1617.3777230852756,298.15
417.0,64.38210779774032,0.0,0.0,20.970134203163013,1551.0659978577146,298.15
418.0,64.3806260418596,1.0,112.38534223842353,21.69797095799069,1826.9373134598504,298.15
419.0,64.37914428597888,0.0,0.0,22.149103085047443,1905.377446006423,298.15
420.0,64.37766253009816,0.0,0.0,23.56119163549209,2050.416004689988,298.15
421.0,64.37618077421745,0.0,0.0,20.20548494211213,1867.1656624675516,298.15
422.0,64.37469901833673,0.0,0.0,21.741076416437068,1709.2219648918935,298.15
423.0,64.37321726245601,0.0,0.0,21.693950994952477,1922.2552266480257,298.15
424.0,64.37173550657529,1.0,108.10525974507289,23.690933211002452,1819.648483525332,298.15
425.0,64.37025375069457,0.0,0.0,22.19324012192063,1651.769640552519,298.15
426.0,64.36877199481386,0.0,0.0,20.860966006114708,1857.214898793857,298.15
427.0,64.36729023893314,0.0,0.0,20.590352365089213,1917.447601895258,298.15
428.0,64.36580848305242,1.0,117.9402191430318,21.338730692076904,2100.293239033635,298.15
429.0,64.3643267271717,0.0,0.0,19.491429486496656,1905.7794974304102,298.15
430.0,64.36284497129098,0.0,0.0,24.635083463146476,1782.2079519261147,298.15
431.0,64.36136321541026,1.0,109.64145856948332,21.930604442756444,1630.503385612837,298.15
432.0,64.35988145952955,1.0,118.6171356017359,20.378945829092093,1737.800697620732,298.15
433.0,64.35839970364883,1.0,97.57201310684005,20.055716518433687,1784.836668192577,298.15
434.0,64.35691794776811,0.0,0.0,19.71262449980392,2188.0912141509984,298.15
435.0,64.35543619188739,0.0,0.0,22.138970018510786,1916.8568859620902,298.15
436.0,64.35395443600667,1.0,128.25093876104523,18.799755632079773,1938.9736458226062,298.15
437.0,64.35247268012596,0.0,0.0,21.05981407093776,2124.055918468658,298.15
438.0,64.35099092424522,0.0,0.0,22.161249095319278,2055.2838433245392,298.15
439.0,64.3495091683645,1.0,96.13474574168507,20.204221127091127,1931.128501955735,298.15
440.0,64.34802741248379,0.0,0.0,19.420564746511857,2147.4986088758715,298.15
441.0,64.34654565660307,0.0,0.0,22.27722396898701,1877.5453637304295,298.15
442.0,64.34506390072235,0.0,0.0,19.02274928102546,2026.8409772704097,298.15
443.0,64.34358214484163,0.0,0.0,20.2861136714886,1799.6696004514147,298.15
444.0,64.34210038896092,1.0,80.47135741217966,20.811018604440928,2030.1753144843167,298.15
445.0,64.3406186330802,0.0,0.0,19.556034826331846,2146.505536930759,298.15
446.0,64.33913687719948,1.0,116.21755364322095,18.500973547159248,2126.752586639652,298.15
447.0,64.33765512131876,0.0,0.0,19.420337092941775,2133.1028342164445,298.15
448.0,64.33617336543804,0.0,0.0,20.753899417864446,2432.1792457227566,298.15
449.0,64.33469160955732,0.0,0.0,18.939030458121863,1959.6183508416023,298.15
450.0,64.3332098536766,0.0,0.0,20.727939648077797,1864.4380503594507,298.15
451.0,64.33172809779589,0.0,0.0,19.48692302221408,2068.1599400920018,298.15
452.0,64.33024634191517,0.0,0.0,18.82252794940209,1866.9635955556626,298.15
453.0,64.32876458603445,0.0,0.0,18.525375826518967,1827.844455320249,298.15
454.0,64.32728283015373,0.0,0.0,19.95291597872926,1958.1970345088916,298.15
455.0,64.32580107427302,0.0,0.0,21.28047237131368,2290.885969867612,298.15
456.0,64.3243193183923,1.0,84.87163612030095,19.568285577116438,2094.4986656973692,298.15
457.0,64.32283756251158,1.0,102.91341485378948,17.725974433161408,2045.0324766659035,298.15
458.0,64.32135580663086,0.0,0.0,20.915231053298555,1733.3745290412876,298.15
459.0,64.31987405075014,0.0,0.0,17.646718040187046,1886.7085562416323,298.15
460.0,64.31839229486943,0.0,0.0,21.726713448471788,2190.4122510491184,298.15
461.0,64.31691053898871,0.0,0.0,18.60087690241766,1929.9451345695177,298.15
462.0,64.31542878310799,0.0,0.0,17.351082421572016,2294.1291037704095,298.15
463.0,64.31394702722726,1.0,116.76341012650978,19.549405893820435,2026.0845717655363,298.15
464.0,64.31246527134654,0.0,0.0,18.05654588495015,1929.8437742932692,298.15
465.0,64.31098351546582,0.0,0.0,19.16348048081943,1898.4067571296448,298.15
466.0,64.3095017595851,0.0,0.0,18.50287162876856,1928.3957458294144,298.15
467.0,64.30802000370439,0.0,0.0,16.050458844831997,1712.5979256586195,298.15
468.0,64.30653824782367,1.0,90.29706972338136,18.047259299976538,2068.123227734078,298.15
469.0,64.30505649194295,0.0,0.0,18.86467554238325,1979.7950135089563,298.15
470.0,64.30357473606223,0.0,0.0,18.14633845928968,1866.0795813349027,298.15
471.0,64.30209298018151,1.0,83.34910375046434,19.88044809639755,1878.3508634090215,298.15
472.0,64.3006112243008,0.0,0.0,18.275829040798868,2006.7251447157553,298.15
473.0,64.29912946842008,0.0,0.0,17.296470558158866,2179.5205011988683,298.15
474.0,64.29764771253936,0.0,0.0,17.927638358012306,2094.220184791114,298.15
475.0,64.29616595665864,0.0,0.0,16.7120934864699,1881.4169033057458,298.15
476.0,64.29468420077792,1.0,94.98790820524655,17.986656884852614,1718.8820398916348,298.15
477.0,64.2932024448972,0.0,0.0,17.895456925859623,1600.6593674242556,298.15
478.0,64.29172068901649,0.0,0.0,15.251023706917952,1837.1161275641882,298.15
479.0,64.29023893313577,1.0,85.4320273989829,18.38258681563446,1688.9679619831077,298.15
480.0,64.28875717725505,1.0,125.40721862814496,20.634624222359705,1817.1723455742276,298.15
481.0,64.28727542137433,0.0,0.0,17.850602853086045,1824.6389437129224,298.15
482.0,64.28579366549361,1.0,99.61119381142979,13.64619416637522,1875.4523994841763,298.15
483.0,64.2843119096129,1.0,104.28504341608482,16.130024293672914,1578.7911101674435,298.15
484.0,64.28283015373218,0.0,0.0,14.685844824076675,1607.8066707966464,298.15
485.0,64.28134839785146,1.0,119.91852370427908,16.187471385308545,1679.8669427283912,298.15
486.0,64.27986664197074,0.0,0.0,17.674776856141097,1751.9647586011456,298.15
487.0,64.27838488609002,1.0,90.53390353070591,15.35243622326902,1728.8114596770902,298.15
488.0,64.27690313020929,0.0,0.0,19.443162178566745,2070.773154370077,298.15
489.0,64.27542137432857,0.0,0.0,11.74599926672104,1330.4797869054623,298.15
490.0,64.27393961844786,1.0,102.26293966548333,15.887305306942359,1821.0436559242646,298.15
491.0,64.27245786256714,0.0,0.0,16.821850660480095,1798.3034938184123,298.15
492.0,64.27097610668642,0.0,0.0,14.196328261935824,1487.0501389632066,298.15
493.0,64.2694943508057,0.0,0.0,14.34100130402842,1538.2234383799243,298.15
494.0,64.26801259492498,0.0,0.0,17.22741101337181,1857.9268179178305,298.15
495.0,64.26653083904426,1.0,115.5073808598666,19.04035275489675,1484.8922329127195,298.15
496.0,64.26504908316355,0.0,0.0,19.16790598547757,1471.8341262914796,298.15
497.0,64.26356732728283,0.0,0.0,15.280859930311053,1565.044228019474,298.15
498.0,64.26208557140211,0.0,0.0,17.940491735702317,1608.2470436764506,298.15
499.0,64.26060381552139,0.0,0.0,15.613132186223847,1665.3393770352325,298.15
500.0,64.25912205964067,0.0,0.0,17.136589951965796,1656.1022264179073,298.15
501.0,64.25764030375996,1.0,96.04582285801706,15.281432898260322,1601.5722595377727,298.15
502.0,64.25615854787924,0.0,0.0,13.75348688779681,1182.4020145316183,298.15
503.0,64.25467679199852,0.0,0.0,18.08436411204975,1446.7441724609234,298.15
504.0,64.2531950361178,0.0,0.0,18.455889596758034,1537.0637679999115,298.15
505.0,64.25171328023708,1.0,108.54168831708137,14.759008609678435,1524.4955183320137,298.15
506.0,64.25023152435637,0.0,0.0,16.889289378411274,1299.8141599474209,298.15
507.0,64.24874976847565,1.0,86.78983106171135,15.11910574056916,1237.526603529692,298.15
508.0,64.24726801259493,1.0,107.85919482227915,18.803045730443678,1211.921427257451,298.15
509.0,64.24578625671421,0.0,0.0,12.889463030260652,1430.3335726313692,298.15
510.0,64.2443045008335,0.0,0.0,14.959457856330886,1496.5799172628026,298.15
511.0,64.24282274495278,0.0,0.0,12.89779131332225,1351.9121566544522,298.15
512.0,64.24134098907206,0.0,0.0,12.64548941930067,1155.4487774624279,298.15
513.0,64.23985923319132,0.0,0.0,14.971656253011012,1328.366719489847,298.15
514.0,64.2383774773106,1.0,88.35999911223877,14.411418005064371,1144.3276681058671,298.15
515.0,64.23689572142989,0.0,0.0,13.491164486505056,1162.456834875549,298.15
516.0,64.23541396554917,0.0,0.0,16.428071807839128,1203.8307962400597,298.15
517.0,64.23393220966845,0.0,0.0,17.14801797529748,1125.7010652632657,298.15
518.0,64.23245045378773,0.0,0.0,15.874228067903843,1062.5539427687684,298.15
519.0,64.23096869790702,1.0,101.55168808604185,12.036607319679133,1451.3641329396667,298.15
520.0,64.2294869420263,0.0,0.0,15.570584918919083,922.9294293733666,298.15
521.0,64.22800518614558,0.0,0.0,15.545098307974417,1104.8095519181945,298.15
522.0,64.22652343026486,0.0,0.0,13.662272808367309,1148.9207220996827,298.15
523.0,64.22504167438414,0.0,0.0,15.557755179967904,1353.5384403787566,298.15
524.0,64.22355991850343,0.0,0.0,14.189950574392999,1201.926509295019,298.15
525.0,64.22207816262271,1.0,124.89626919015964,13.68746060934515,1104.2149842306542,298.15
526.0,64.22059640674199,0.0,0.0,13.108746997017636,1024.3369742560396,298.15
527.0,64.21911465086127,0.0,0.0,16.339332673457267,1297.0352733812879,298.15
528.0,64.21763289498055,0.0,0.0,17.079353977620254,993.7496624072164,298.15
529.0,64.21615113909984,0.0,0.0,14.791419768829508,1136.5949426670372,298.15
530.0,64.21466938321912,0.0,0.0,16.602940331372796,1070.082494355659,298.15
531.0,64.2131876273384,0.0,0.0,17.481787231345255,1158.4677156838318,298.15
532.0,64.21170587145768,0.0,0.0,15.263729251457631,1313.50219315033,298.15
533.0,64.21022411557696,1.0,113.14431870992905,14.946164072001206,1175.453217294996,298.15
534.0,64.20874235969625,1.0,113.12705625737252,15.839970976442538,1042.5091150648989,298.15
535.0,64.20726060381553,0.0,0.0,13.768860816318448,1305.8527250126688,298.15
536.0,64.20577884793481,0.0,0.0,16.007121670508702,1284.5587009234823,298.15
537.0,64.20429709205409,0.0,0.0,15.398837016977017,1212.0509026075906,298.15
538.0,64.20281533617336,1.0,106.05384615074831,13.093473276165039,1077.417120183308,298.15
539.0,64.20133358029264,0.0,0.0,13.141416243885605,913.8931706169477,298.15
540.0,64.19985182441192,0.0,0.0,13.668233648030794,669.5657162682066,298.15
541.0,64.1983700685312,1.0,113.05375563904613,16.098353008591243,1051.5687101442888,298.15
542.0,64.19688831265049,0.0,0.0,14.773836351552825,1131.8074546820744,298.15
543.0,64.19540655676977,1.0,92.2821594536556,15.311065052734094,811.4738526941901,298.15
544.0,64.19392480088905,0.0,0.0,17.57679487598584,1071.1790799530352,298.15
545.0,64.19244304500833,0.0,0.0,16.14077746975788,939.3407383206041,298.15
546.0,64.19096128912761,0.0,0.0,14.44784680257968,1080.4801923883845,298.15
547.0,64.1894795332469,0.0,0.0,13.942086804961042,909.7366055261953,298.15
548.0,64.18799777736618,1.0,103.0300515535956,16.057151309301446,892.0785238841593,298.15
549.0,64.18651602148546,0.0,0.0,14.064756067391464,991.0838051200494,298.15
550.0,64.18503426560474,1.0,82.80856475627012,17.674717527163033,823.542169859528,298.15
551.0,64.18355250972402,0.0,0.0,16.116416178867322,1144.481437961677,298.15
552.0,64.1820707538433,0.0,0.0,15.98503742663249,1004.022918265421,298.15
553.0,64.18058899796259,0.0,0.0,14.30745364017084,830.5319698500957,298.15
554.0,64.17910724208187,0.0,0.0,16.885247302815806,911.6056795343878,298.15
555.0,64.17762548620115,1.0,100.89671306167502,17.760427344903935,1094.68938029149,298.15
556.0,64.17614373032043,1.0,113.22163309489926,15.799316791599669,963.6413658288851,298.15
557.0,64.17466197443972,0.0,0.0,17.566694782920152,1118.5292704853773,298.15
558.0,64.173180218559,0.0,0.0,15.49969658945828,866.4400106953319,298.15
559.0,64.17169846267828,0.0,0.0,16.115376721632586,977.8956917856212,298.15
560.0,64.17021670679756,0.0,0.0,19.621928861384983,1013.641293632399,298.15
561.0,64.16873495091684,0.0,0.0,15.76078856575303,1363.5955641603036,298.15
562.0,64.16725319503612,0.0,0.0,17.291132576270044,925.918859393007,298.15
563.0,64.16577143915539,0.0,0.0,15.879130889021056,1135.102821652532,298.15
564.0,64.16428968327467,0.0,0.0,17.025968263944556,1118.3060808108055,298.15
565.0,64.16280792739396,0.0,0.0,17.768151586560165,1316.666683003003,298.15
566.0,64.16132617151324,0.0,0.0,15.29157047953229,1265.7829308232806,298.15
567.0,64.15984441563252,0.0,0.0,15.684581461960716,1000.2452113476406,298.15
568.0,64.1583626597518,0.0,0.0,17.802528006939745,920.4402289740824,298.15
569.0,64.15688090387108,1.0,97.02964923592181,17.235609395468177,874.097209051594,298.15
570.0,64.15539914799037,0.0,0.0,18.93703355268301,1130.8875249842952,298.15
571.0,64.15391739210965,1.0,94.06175206184075,17.57830285857979,1256.993614968795,298.15
572.0,64.15243563622893,1.0,94.54203426901734,20.2093132478715,1286.3155404936642,298.15
573.0,64.15095388034821,0.0,0.0,18.435775501558673,1085.7805059484783,298.15
574.0,64.1494721244675,0.0,0.0,20.41570655679293,1142.1718683207137,298.15
575.0,64.14799036858678,0.0,0.0,20.203234135113135,1360.3541754958298,298.15
576.0,64.14650861270606,0.0,0.0,16.564027226838512,1043.2470896517261,298.15
577.0,64.14502685682534,0.0,0.0,20.052150720040988,798.044714749346,298.15
578.0,64.14354510094462,0.0,0.0,19.28125565842138,1354.2676879624396,298.15
579.0,64.1420633450639,0.0,0.0,19.263599058165354,1019.4910854135826,298.15
580.0,64.14058158918318,0.0,0.0,19.862332966517897,1162.519476837339,298.15
581.0,64.13909983330247,0.0,0.0,17.567734146086607,1287.4469727510514,298.15
582.0,64.13761807742175,0.0,0.0,18.68491626630748,1162.7595564202186,298.15
583.0,64.13613632154103,0.0,0.0,17.58426454946734,1407.5300955363787,298.15
584.0,64.13465456566031,0.0,0.0,22.051418766539804,1659.822263693486,298.15
585.0,64.1331728097796,1.0,107.36001298235945,17.250356030764955,1151.9480107382708,298.15
586.0,64.13169105389888,0.0,0.0,16.5093389657701,1307.1940609537864,298.15
587.0,64.13020929801816,0.0,0.0,17.347344171764316,1302.1742010618925,298.15
588.0,64.12872754213743,0.0,0.0,18.66855104679347,1362.8582970135026,298.15
589.0,64.12724578625671,0.0,0.0,18.759359627336643,1240.120663937958,298.15
590.0,64.12576403037599,1.0,102.05019088733584,20.38468706092086,1247.963645671394,298.15
591.0,64.12428227449527,1.0,104.02564506781354,19.112684823491595,1266.526881087371,298.15
592.0,64.12280051861455,0.0,0.0,18.374485512286807,1306.4356602863188,298.15
593.0,64.12131876273384,1.0,96.80343994911797,20.042284265070222,1324.0810756009748,298.15
594.0,64.11983700685312,0.0,0.0,21.237068201024755,1030.526715677729,298.15
595.0,64.1183552509724,0.0,0.0,19.808766961037048,1435.0748984632987,298.15
596.0,64.11687349509168,0.0,0.0,20.97145763192213,1392.1543388534524,298.15
597.0,64.11539173921096,0.0,0.0,19.819457659038918,1345.1794237361755,298.15
598.0,64.11390998333025,1.0,127.75390477521887,19.374902394444298,1482.559990249992,298.15
599.0,64.11242822744953,0.0,0.0,21.0126453558824,1483.4705396838165,298.15
600.0,64.11094647156881,0.0,0.0,20.365810048457465,1440.349150382032,298.15
601.0,64.10946471568809,0.0,0.0,21.71178374880977,1517.0212636550882,298.15
602.0,64.10798295980737,1.0,119.18863948050137,22.676926955460704,1444.1111525243878,298.15
603.0,64.10650120392665,0.0,0.0,20.132631016625787,1371.7049024570802,298.15
604.0,64.10501944804594,0.0,0.0,21.4534327582499,1856.8291008882338,298.15
605.0,64.10353769216522,0.0,0.0,22.231466391555863,1503.826660488235,298.15
606.0,64.1020559362845,0.0,0.0,21.283147303266585,1633.5219084765115,298.15
607.0,64.10057418040378,0.0,0.0,21.54663119089251,1998.5406241117346,298.15
608.0,64.09909242452306,0.0,0.0,21.063271651614475,1562.2903591620754,298.15
609.0,64.09761066864235,0.0,0.0,21.345583852564367,1708.5254428186406,298.15
610.0,64.09612891276163,0.0,0.0,21.87454679918119,2003.5122067434063,298.15
611.0,64.09464715688091,1.0,128.61653618426791,20.169296876218247,1421.8755766725183,298.15
612.0,64.09316540100019,1.0,104.92076433883776,18.526027622262628,1884.1356413754702,298.15
613.0,64.09168364511946,1.0,113.83632320223067,21.20425790445107,1731.8925691134662,298.15
614.0,64.09020188923874,1.0,82.33407644901364,21.174511200989265,1637.1126666073412,298.15
615.0,64.08872013335802,1.0,115.41694077967792,24.137256412491706,1734.2669591224872,298.15
616.0,64.0872383774773,1.0,85.21551868926328,22.118214338482947,1686.6014062372344,298.15
617.0,64.08575662159659,1.0,119.01173147400993,22.64209834068099,1990.958579020374,298.15
618.0,64.08427486571587,1.0,123.84229162726581,21.18212722554508,1765.5118135827322,298.15
619.0,64.08279310983515,1.0,95.77339342822106,20.98418175075873,1885.7148119434662,298.15
620.0,64.08131135395443,0.0,0.0,20.698258735708954,1714.5568583108397,298.15
621.0,64.07982959807372,0.0,0.0,20.112558722954322,1850.3091897184033,298.15
622.0,64.078347842193,0.0,0.0,23.385463024506944,1761.290943329561,298.15
623.0,64.07686608631228,0.0,0.0,22.80708939543275,1617.6681896403297,298.15
624.0,64.07538433043156,0.0,0.0,24.77238614037566,2038.5347329007288,298.15
625.0,64.07390257455084,1.0,125.41354485085283,23.379547606222165,1905.7720035224236,298.15
626.0,64.07242081867012,0.0,0.0,22.978736368583103,1980.16804044822,298.15
627.0,64.0709390627894,0.0,0.0,19.50893793866105,1765.7926472904462,298.15
628.0,64.06945730690869,0.0,0.0,25.820253454051915,2062.963646305326,298.15
629.0,64.06797555102797,0.0,0.0,22.916230517350346,1965.2524515988664,298.15
630.0,64.06649379514725,1.0,96.28105719511987,19.604826078410525,1927.0433084447168,298.15
631.0,64.06501203926653,0.0,0.0,23.38425187102646,2067.930859250071,298.15
632.0,64.06353028338582,0.0,0.0,21.80829804690475,1872.7766618602313,298.15
633.0,64.0620485275051,0.0,0.0,21.832562035312467,2124.5808056582027,298.15
634.0,64.06056677162438,1.0,114.26416169215003,23.69350810020231,1838.815524116095,298.15
635.0,64.05908501574366,1.0,112.49800227408566,22.4056967357176,1950.4943737654264,298.15
636.0,64.05760325986294,0.0,0.0,25.06543755095156,1811.9385073638446,298.15
637.0,64.05612150398223,0.0,0.0,23.3135758193045,1786.6446661412617,298.15
638.0,64.0546397481015,1.0,95.97612053956703,24.212206125480712,1895.0241292046799,298.15
639.0,64.05315799222078,0.0,0.0,24.55138506609234,1946.3071412301406,298.15
640.0,64.05167623634006,1.0,93.50774441319042,24.118659759555836,2058.294935647329,298.15
641.0,64.05019448045934,1.0,110.18142950328289,24.127892261133304,1883.6895561803706,298.15
642.0,64.04871272457862,0.0,0.0,24.079179058419324,2072.32777385788,298.15
643.0,64.0472309686979,0.0,0.0,26.308072546738156,1939.966122025315,298.15
644.0,64.04574921281719,0.0,0.0,25.33288087283469,1917.0330885414369,298.15
645.0,64.04426745693647,0.0,0.0,22.939774938461262,2088.2604615781306,298.15
646.0,64.04278570105575,0.0,0.0,22.32734154809483,1914.3916360239723,298.15
647.0,64.04130394517503,1.0,106.09771377229175,22.894185782918985,2271.561721660425,298.15
648.0,64.03982218929431,1.0,112.63279192310789,24.906142923699893,2063.863151816815,298.15
649.0,64.0383404334136,0.0,0.0,22.509801882565927,1794.613791942456,298.15
650.0,64.03685867753288,1.0,89.11088976345015,23.28565216796339,1982.121281750684,298.15
651.0,64.03537692165216,1.0,126.84468785988395,22.232702569822386,1902.6715020721394,298.15
652.0,64.03389516577144,0.0,0.0,25.921549757321262,1752.819317371679,298.15
653.0,64.03241340989072,0.0,0.0,25.539089883900175,2156.4630103116256,298.15
654.0,64.03093165401,1.0,88.39977774502097,25.929995690711138,2158.1925803361955,298.15
655.0,64.02944989812929,0.0,0.0,23.80805704430911,1885.1294965817544,298.15
656.0,64.02796814224857,1.0,89.70855147887063,21.79528106788428,2097.7369993488214,298.15
657.0,64.02648638636785,1.0,112.671089186892,23.31311564535985,2119.5033894328135,298.15
658.0,64.02500463048713,0.0,0.0,22.530801096633354,1982.3947898912522,298.15
659.0,64.02352287460641,0.0,0.0,22.549431227883694,2122.9888815059203,298.15
660.0,64.0220411187257,1.0,92.52181455820994,26.574388769933506,2019.7052482323188,298.15
661.0,64.02055936284498,0.0,0.0,24.39159700842719,2142.256972821765,298.15
662.0,64.01907760696426,0.0,0.0,25.278765479782606,1789.0174740995533,298.15
663.0,64.01759585108353,0.0,0.0,26.60799496215188,1981.0725850976937,298.15
664.0,64.01611409520281,0.0,0.0,23.23664184907902,1982.6433173981882,298.15
665.0,64.01463233932209,1.0,125.37550070802385,25.873529520833273,1772.0301252424965,298.15
666.0,64.01315058344137,0.0,0.0,22.587372056630716,1779.0259411527668,298.15
667.0,64.01166882756065,1.0,93.1218451654339,25.33396533934246,1692.7634796621621,298.15
668.0,64.01018707167994,1.0,113.60909829616392,26.65457290375016,1928.944400855744,298.15
669.0,64.00870531579922,0.0,0.0,23.137663192400883,1847.488765731744,298.15
670.0,64.0072235599185,1.0,97.50145324527833,26.298295912433414,1710.8938044843776,298.15
671.0,64.00574180403778,0.0,0.0,25.34222666959885,2077.6663161401243,298.15
672.0,64.00426004815706,0.0,0.0,24.26320234383639,1945.3021037384767,298.15
673.0,64.00277829227635,0.0,0.0,23.074854876027246,1766.3731361351297,298.15
674.0,64.00129653639563,0.0,0.0,25.385792473753686,1894.9706076762611,298.15
675.0,63.99981478051491,0.0,0.0,25.790144248081333,1817.8559791362777,298.15
676.0,63.99833302463419,0.0,0.0,24.491010501217314,1607.9156737077005,298.15
677.0,63.996851268753474,0.0,0.0,23.42601260920101,1871.735646944177,298.15
678.0,63.995369512872756,0.0,0.0,26.210075810389164,2064.6906641931246,298.15
679.0,63.99388775699204,0.0,0.0,26.877739660476017,2018.2546293644198,298.15
680.0,63.99240600111132,1.0,92.75104583551835,26.498447522971855,1809.3999995011586,298.15
681.0,63.9909242452306,0.0,0.0,27.503079566698048,1715.6430951553273,298.15
682.0,63.98944248934988,0.0,0.0,23.903876660469297,1852.3432276859564,298.15
683.0,63.98796073346916,0.0,0.0,22.66566089570838,1794.502127995565,298.15
684.0,63.98647897758844,0.0,0.0,25.568408200795304,1720.085021619226,298.15
685.0,63.98499722170772,0.0,0.0,24.246004026883302,2006.0139174097642,298.15
686.0,63.983515465827004,0.0,0.0,26.448131006623438,1653.4736298857329,298.15
687.0,63.982033709946286,1.0,129.2525786038211,23.1837506557417,1842.141760911325,298.15
688.0,63.98055195406557,0.0,0.0,23.273665830627838,1705.6410550487235,298.15
689.0,63.97907019818485,0.0,0.0,24.895500236654154,1691.6719810514046,298.15
690.0,63.97758844230413,1.0,113.89854322169587,25.03527220600549,1406.8694646858442,298.15
691.0,63.976106686423414,0.0,0.0,25.801573786860594,1804.7081405132158,298.15
692.0,63.974624930542696,0.0,0.0,24.529029059345167,1749.8582102089504,298.15
693.0,63.97314317466198,0.0,0.0,21.581444422810574,1637.2744822192644,298.15
694.0,63.97166141878125,0.0,0.0,30.13228931809049,1748.9105307881632,298.15
695.0,63.970179662900534,1.0,118.48839961120402,24.621365166452634,1640.5491449185943,298.15
696.0,63.968697907019816,0.0,0.0,29.14578028487262,1368.0560467122657,298.15
697.0,63.9672161511391,1.0,91.20691578175115,24.277046393902488,1401.4650228035177,298.15
698.0,63.96573439525838,0.0,0.0,22.746465312879266,1522.3029790664816,298.15
699.0,63.96425263937766,1.0,86.63747252905002,23.873805748771225,1261.9875739956592,298.15
700.0,63.962770883496944,0.0,0.0,26.09093971852477,1668.3650665016976,298.15
701.0,63.961289127616226,0.0,0.0,25.267636369359437,1451.9620989119164,298.15
702.0,63.95980737173551,0.0,0.0,24.713817422349763,1489.1442658132214,298.15
703.0,63.95832561585479,0.0,0.0,24.066492611155795,1305.7224835155785,298.15
704.0,63.95684385997407,0.0,0.0,24.312693128664844,1534.3079911639622,298.15
705.0,63.95536210409335,0.0,0.0,23.8067439349682,1400.3756389081618,298.15
706.0,63.953880348212635,0.0,0.0,25.89758177313702,1357.3970573639162,298.15
707.0,63.95239859233191,1.0,88.04293221788407,25.38399446992848,1602.5713675382838,298.15
708.0,63.95091683645119,0.0,0.0,22.344754807979445,1572.0699856205679,298.15
709.0,63.949435080570474,0.0,0.0,21.421113422216656,1472.9619946711673,298.15
710.0,63.947953324689756,0.0,0.0,21.753985553101728,1376.8497473120447,298.15
711.0,63.94647156880904,0.0,0.0,23.07480276754653,1253.2175626945268,298.15
712.0,63.94498981292832,1.0,103.72853651837558,23.926201526421597,1272.6134793698127,298.15
713.0,63.9435080570476,1.0,105.90909351081716,23.410515393006218,1251.2131390135173,298.15
714.0,63.942026301166884,0.0,0.0,24.431008753216823,1345.935942168363,298.15
715.0,63.940544545286166,1.0,84.5339624153378,23.322402278683978,1268.2456725941383,298.15
716.0,63.93906278940545,1.0,97.89037250837005,25.820235816596327,1258.1029761103373,298.15
717.0,63.93758103352473,1.0,105.30246056955642,24.00119295763135,1476.6126632799983,298.15
718.0,63.93609927764401,1.0,85.66337904860978,23.13447255894733,1403.6449573152527,298.15
719.0,63.934617521763286,1.0,114.39010116383372,20.605707020167266,1101.779223660423,298.15
720.0,63.93313576588257,0.0,0.0,23.499391933520798,1250.653924285992,298.15
721.0,63.93165401000185,0.0,0.0,23.6521953590154,1077.1870673189494,298.15
722.0,63.93017225412113,1.0,112.80402869160449,21.625127867197374,1271.6937453436144,298.15
723.0,63.928690498240414,0.0,0.0,20.829164181523808,1458.7252499770102,298.15
724.0,63.927208742359696,1.0,96.96635508412972,24.341703083104008,1104.3175077309118,298.15
725.0,63.92572698647898,0.0,0.0,20.950300172383237,1265.0362747414274,298.15
726.0,63.92424523059826,0.0,0.0,22.67367730261618,1377.549532419184,298.15
727.0,63.92276347471754,1.0,98.62043768745906,22.364358978566184,1104.5096315237395,298.15
728.0,63.92128171883682,0.0,0.0,22.937694611567135,1188.88876520118,298.15
729.0,63.919799962956105,0.0,0.0,20.590913457809517,1362.1473020370513,298.15
730.0,63.91831820707539,1.0,81.16126021325803,21.84083024925117,955.0824012514049,298.15
731.0,63.91683645119467,0.0,0.0,20.389683632732865,930.958302140115,298.15
732.0,63.915354695313944,0.0,0.0,21.959220463402634,891.1963504077335,298.15
733.0,63.913872939433226,0.0,0.0,22.549374049861964,1182.872066178501,298.15
734.0,63.91239118355251,1.0,92.04983117288681,23.076997013015582,909.8760076836804,298.15
735.0,63.91090942767179,0.0,0.0,23.936775840498036,1138.473936071355,298.15
736.0,63.90942767179107,1.0,103.70644450642465,21.02343427268188,1251.528611912629,298.15
737.0,63.907945915910354,1.0,111.19053821583766,20.894600472792607,941.8409806136768,298.15
738.0,63.906464160029635,0.0,0.0,23.2796668146151,920.799166317309,298.15
739.0,63.90498240414892,1.0,100.80640644871792,22.061918094504623,1130.0476675427085,298.15
740.0,63.9035006482682,0.0,0.0,23.018937390867215,1031.650847800982,298.15
741.0,63.90201889238748,0.0,0.0,24.06093552316237,665.4184229252562,298.15
742.0,63.90053713650676,1.0,96.80987044530136,19.48406276076989,1245.4898847718325,298.15
743.0,63.899055380626045,0.0,0.0,22.025290645142352,1094.8413047012332,298.15
744.0,63.89757362474532,0.0,0.0,19.667933421065655,951.8013402207764,298.15
745.0,63.8960918688646,1.0,106.6470466210915,23.024195167803747,943.0252771525592,298.15
746.0,63.894610112983884,0.0,0.0,18.517954402822866,1108.983324867634,298.15
747.0,63.893128357103166,1.0,116.83410014981698,21.782196302119495,995.4871592844316,298.15
748.0,63.89164660122245,0.0,0.0,19.323596366687894,1009.5739778317977,298.15
749.0,63.89016484534173,0.0,0.0,20.991790171219794,1022.8531606761923,298.15
750.0,63.88868308946101,0.0,0.0,22.0289837763663,877.1424030836051,298.15
751.0,63.88720133358029,0.0,0.0,18.86488604895549,946.1341249736923,298.15
752.0,63.885719577699575,1.0,121.59879251588899,17.44125307448833,972.7378147304121,298.15
753.0,63.88423782181886,0.0,0.0,19.271671222763313,888.1232673570355,298.15
754.0,63.88275606593814,1.0,83.27395665737056,18.961747388306105,1045.151338959529,298.15
755.0,63.88127431005742,0.0,0.0,17.422219177654647,1078.8053791402563,298.15
756.0,63.8797925541767,0.0,0.0,16.1581420118775,1261.8306303349596,298.15
757.0,63.87831079829598,0.0,0.0,21.216243679103197,897.8956918319709,298.15
758.0,63.87682904241526,0.0,0.0,21.552742442401925,1149.2769836972336,298.15
759.0,63.87534728653454,0.0,0.0,18.100061434364683,1233.592736011852,298.15
760.0,63.87386553065382,0.0,0.0,18.49226264867566,1166.9100580947907,298.15
761.0,63.872383774773105,1.0,118.7393008303973,20.150684359103842,954.849215297807,298.15
762.0,63.87090201889239,0.0,0.0,20.074146273541107,988.720717440564,298.15
763.0,63.86942026301167,0.0,0.0,21.501995068721964,1268.812393487784,298.15
764.0,63.86793850713095,1.0,105.31622029877235,19.549430848665086,1019.6130131554714,298.15
765.0,63.86645675125023,1.0,115.7553931525134,16.814340045780263,1049.9776617456228,298.15
766.0,63.864974995369515,0.0,0.0,19.62138989465203,988.8404323385033,298.15
767.0,63.8634932394888,1.0,121.60946836607737,17.140643434148057,1185.70174025949,298.15
768.0,63.86201148360808,0.0,0.0,18.054404967067928,708.7144251028463,298.15
769.0,63.860529727727354,1.0,103.8894431562921,19.84247617176018,964.9587929290402,298.15
770.0,63.859047971846636,0.0,0.0,16.517678418184598,948.5072146506669,298.15
771.0,63.85756621596592,1.0,118.85617665205618,17.753974992645027,1343.1801544880364,298.15
772.0,63.8560844600852,1.0,89.64955352001257,15.815583307824529,1149.5754061260743,298.15
773.0,63.85460270420448,0.0,0.0,16.101637983584073,1094.6815351603182,298.15
774.0,63.85312094832376,0.0,0.0,16.716250228148247,1104.9137907063348,298.15
775.0,63.851639192443045,0.0,0.0,20.108345436027328,939.2123244407976,298.15
776.0,63.85015743656233,1.0,94.94318115281217,17.46325767727786,1361.1557040651458,298.15
777.0,63.84867568068161,1.0,111.0711611236619,21.55139894749197,1116.639008475724,298.15
778.0,63.84719392480089,0.0,0.0,18.760881429368723,1270.2555633756124,298.15
779.0,63.84571216892017,0.0,0.0,18.717756130496078,1095.0698595764406,298.15
780.0,63.844230413039455,0.0,0.0,15.310806454766526,1197.113107654226,298.15
781.0,63.84274865715874,0.0,0.0,16.731416297480397,1081.1275597683536,298.15
782.0,63.84126690127801,0.0,0.0,15.065458634213568,1194.8802970826484,298.15
783.0,63.83978514539729,0.0,0.0,16.31716541393578,1401.5966484330013,298.15
784.0,63.838303389516575,0.0,0.0,16.001673879454536,1274.9963980682505,298.15
785.0,63.83682163363586,1.0,113.46503156591888,16.587297193872576,1329.1234346720937,298.15
786.0,63.83533987775514,0.0,0.0,17.89811060443657,1296.5080614416302,298.15
787.0,63.83385812187442,0.0,0.0,16.082602282817714,1546.0996844934177,298.15
788.0,63.8323763659937,0.0,0.0,17.777290724373135,1193.4568074552067,298.15
789.0,63.830894610112985,0.0,0.0,14.009702586615031,1309.916227212627,298.15
790.0,63.82941285423227,1.0,113.35106360225751,17.001498281231186,1373.6776925827216,298.15
791.0,63.82793109835155,1.0,86.37595567009743,15.517877563485738,1211.109490244483,298.15
792.0,63.82644934247083,1.0,115.66626471307893,16.553009276375246,1394.624625286063,298.15
793.0,63.82496758659011,0.0,0.0,17.462216936140802,1395.3751281889656,298.15
794.0,63.82348583070939,0.0,0.0,13.710915973470998,1423.3961663804275,298.15
795.0,63.82200407482867,0.0,0.0,18.305459464256586,1439.527121601684,298.15
796.0,63.82052231894795,0.0,0.0,15.584416079799984,1336.5935182626215,298.15
797.0,63.81904056306723,0.0,0.0,18.814478056568767,1209.2597848305631,298.15
798.0,63.817558807186515,0.0,0.0,15.891979954778108,1496.0669868749405,298.15
799.0,63.8160770513058,0.0,0.0,17.836599389745523,1350.2879162935135,298.15
800.0,63.81459529542508,0.0,0.0,15.765479145793961,1486.1332541168988,298.15
801.0,63.81311353954436,0.0,0.0,16.0460323553198,1403.4390158007595,298.15
802.0,63.81163178366364,1.0,119.41445294201253,15.754939277079911,1309.2816467170144,298.15
803.0,63.810150027782925,0.0,0.0,15.170197853282044,1601.1492777726885,298.15
804.0,63.80866827190221,0.0,0.0,15.06410992472549,1667.71909670043,298.15
805.0,63.80718651602149,0.0,0.0,15.793174531239867,1743.7104972698567,298.15
806.0,63.80570476014077,0.0,0.0,16.26803389451833,1526.6330170830022,298.15
807.0,63.804223004260045,1.0,116.02309642587628,15.724825745931481,1615.0251210711235,298.15
808.0,63.80274124837933,0.0,0.0,16.144273637477983,1675.438662702907,298.15
809.0,63.80125949249861,0.0,0.0,12.849112623777637,1792.678891721954,298.15
810.0,63.79977773661789,0.0,0.0,16.691095730777313,1391.9975494891555,298.15
811.0,63.79829598073717,1.0,122.42726102224577,14.025276394730577,1449.0610059575147,298.15
812.0,63.796814224856455,0.0,0.0,12.548320378556365,1892.3051540900678,298.15
813.0,63.79533246897574,1.0,98.71915426877396,18.113123083715642,1445.8142489887075,298.15
814.0,63.79385071309502,0.0,0.0,17.388423231830675,1850.4950438299265,298.15
815.0,63.7923689572143,0.0,0.0,15.09248870324363,1926.6469543025812,298.15
816.0,63.79088720133358,0.0,0.0,16.799971643203254,1861.3870818115063,298.15
817.0,63.789405445452864,1.0,98.68708452784938,14.540057124705788,1604.0371543220285,298.15
818.0,63.787923689572146,0.0,0.0,14.302589865050084,1634.1421238890273,298.15
819.0,63.78644193369142,1.0,125.86736014592944,14.088508664565055,1772.4041459604707,298.15
820.0,63.7849601778107,0.0,0.0,14.00380518874403,2056.6175090192773,298.15
821.0,63.783478421929985,1.0,84.44781403230326,14.603009230990306,2067.961005728715,298.15
822.0,63.78199666604927,1.0,80.05540131152326,13.867546430373,1863.5519895357866,298.15
823.0,63.78051491016855,0.0,0.0,10.44674287121789,1591.497828829015,298.15
824.0,63.77903315428783,1.0,108.4286700813692,14.707613189607633,1866.619959634933,298.15
825.0,63.77755139840711,1.0,93.51690015660733,13.4492757560145,1822.3909586206225,298.15
826.0,63.776069642526394,0.0,0.0,15.476728793523629,1867.896205785856,298.15
827.0,63.774587886645676,0.0,0.0,14.620667213118377,1626.5909494514012,298.15
828.0,63.77310613076496,0.0,0.0,16.025567095871725,1921.8319925946546,298.15
829.0,63.77162437488424,1.0,122.92192022761222,15.038420758722962,1669.580675478566,298.15
830.0,63.77014261900352,0.0,0.0,13.001109512905664,1525.0113133475747,298.15
831.0,63.768660863122804,0.0,0.0,13.013609888072821,1947.2006765420185,298.15
832.0,63.76717910724208,0.0,0.0,13.068046276341036,2209.9579981349725,298.15
833.0,63.76569735136136,0.0,0.0,13.68792627606265,1805.025758437072,298.15
834.0,63.76421559548064,0.0,0.0,13.964231268430465,1867.236012591593,298.15
835.0,63.762733839599925,0.0,0.0,16.58020764276164,2079.865714873296,298.15
836.0,63.76125208371921,0.0,0.0,15.430158216616292,2126.808787145916,298.15
837.0,63.75977032783849,0.0,0.0,12.17942746129562,1974.7056870320737,298.15
838.0,63.75828857195777,0.0,0.0,13.78328243186238,1858.6258711602907,298.15
839.0,63.75680681607705,0.0,0.0,15.154773703792586,2169.357946777813,298.15
840.0,63.755325060196334,0.0,0.0,13.63787689143307,1790.9895281665695,298.15
841.0,63.753843304315616,0.0,0.0,15.407759408085584,1901.9722556889649,298.15
842.0,63.7523615484349,0.0,0.0,13.971165269374545,2072.533603859182,298.15
843.0,63.75087979255418,0.0,0.0,15.136462939594379,1752.655376737967,298.15
844.0,63.749398036673455,0.0,0.0,14.48024793352223,2049.394100318676,298.15
845.0,63.74791628079274,0.0,0.0,15.61177186586099,2164.637139128901,298.15
846.0,63.74643452491202,1.0,94.8015009908975,17.781107835996487,2247.5382517873913,298.15
847.0,63.7449527690313,0.0,0.0,16.950171052999487,1939.270734153324,298.15
848.0,63.74347101315058,0.0,0.0,13.839051662165696,1932.991501854702,298.15
849.0,63.741989257269864,1.0,81.72363599458278,19.636444872016494,2106.9972871251234,298.15
850.0,63.740507501389146,0.0,0.0,17.559128919912293,1907.329436707829,298.15
851.0,63.73902574550843,1.0,85.39925333601192,14.625724329385118,1953.4431673164322,298.15
852.0,63.73754398962771,0.0,0.0,14.39226070455834,2047.3289844714304,298.15
853.0,63.73606223374699,0.0,0.0,16.38018018479141,2053.6260667038296,298.15
854.0,63.734580477866274,0.0,0.0,17.0213182782962,1709.9900362493772,298.15
855.0,63.733098721985556,1.0,121.14997401051389,18.78235755057729,1818.8830504327925,298.15
856.0,63.73161696610484,0.0,0.0,16.83087766389105,1716.1916348184,298.15
857.0,63.73013521022411,1.0,123.6427910033395,15.019534977393493,1737.7922995509805,298.15
858.0,63.728653454343394,0.0,0.0,15.335658663089612,1816.4850222775651,298.15
859.0,63.727171698462676,0.0,0.0,17.217606266077222,1946.8072401898312,298.15
860.0,63.72568994258196,0.0,0.0,14.13954862014266,1956.707584810549,298.15
861.0,63.72420818670124,1.0,126.7149044948966,18.746598299988978,1647.6765657637575,298.15
862.0,63.72272643082052,0.0,0.0,15.556229828899719,1824.9120668862383,298.15
863.0,63.721244674939804,0.0,0.0,18.036906650434087,1731.1467465442522,298.15
864.0,63.719762919059086,0.0,0.0,18.496346524076632,1922.3789113074176,298.15
865.0,63.71828116317837,0.0,0.0,21.542201675453015,1847.0643161686028,298.15
866.0,63.71679940729765,0.0,0.0,16.244447469502997,2126.933573989755,298.15
867.0,63.71531765141693,0.0,0.0,16.36824745674404,1909.450992240521,298.15
868.0,63.713835895536214,0.0,0.0,16.366877869669377,1831.1146115050594,298.15
869.0,63.71235413965549,0.0,0.0,17.254968891469115,1874.1968493493177,298.15
870.0,63.71087238377477,0.0,0.0,16.02976215763688,1807.962384928184,298.15
871.0,63.70939062789405,0.0,0.0,19.0855072066583,2096.2938267860154,298.15
872.0,63.707908872013334,0.0,0.0,18.8461014019586,1834.9695715913404,298.15
873.0,63.706427116132616,0.0,0.0,16.909676188075107,1943.4626379265692,298.15
874.0,63.7049453602519,0.0,0.0,16.272775905866574,1982.934113401631,298.15
875.0,63.70346360437118,0.0,0.0,16.802098893367592,1754.4070499600064,298.15
876.0,63.70198184849046,0.0,0.0,16.84066233669799,1571.72797265932,298.15
877.0,63.700500092609744,1.0,113.52251385925908,18.473584075207214,1758.5497362535139,298.15
878.0,63.699018336729026,1.0,123.08329926207675,18.085750813413263,1914.3069915462772,298.15
879.0,63.69753658084831,0.0,0.0,19.186143244297774,1552.130513475974,298.15
880.0,63.69605482496759,1.0,116.97631964847437,20.346077539623426,1831.813801905617,298.15
881.0,63.69457306908687,1.0,89.00765400293159,18.540272733830754,1907.0015375912878,298.15
882.0,63.693091313206146,0.0,0.0,19.108268607602767,1976.6554343160547,298.15
883.0,63.69160955732543,0.0,0.0,22.187222193698478,1856.1938815192202,298.15
884.0,63.69012780144471,0.0,0.0,19.268749241345557,1784.782168011559,298.15
885.0,63.68864604556399,0.0,0.0,17.67143726176299,1754.907240812581,298.15
886.0,63.687164289683274,0.0,0.0,18.445522312464632,1531.7026118711317,298.15
887.0,63.685682533802556,0.0,0.0,15.99007866134616,1556.5912707631078,298.15
888.0,63.68420077792184,1.0,85.61391740782459,19.629293768054872,1424.2290520980528,298.15
889.0,63.68271902204112,1.0,91.45750994172427,17.979030047855282,1680.16065890055,298.15
890.0,63.6812372661604,1.0,117.69566326294918,17.535202493375877,1720.6166552559466,298.15
891.0,63.67975551027968,0.0,0.0,17.678960023734533,1657.151796267988,298.15
892.0,63.678273754398965,0.0,0.0,20.995685883105594,1666.8966251456975,298.15
893.0,63.67679199851825,0.0,0.0,18.85543375722356,1723.0215189326132,298.15
894.0,63.67531024263752,0.0,0.0,20.596251475395295,1394.6234834254358,298.15
895.0,63.673828486756804,0.0,0.0,20.094542208806722,1587.644046272912,298.15
896.0,63.672346730876086,1.0,90.19586697362242,19.90217152447754,1599.6422014138277,298.15
897.0,63.67086497499537,0.0,0.0,19.072865434507058,1476.7172457556358,298.15
898.0,63.66938321911465,0.0,0.0,20.583807419296214,1212.5329308907114,298.15
899.0,63.66790146323393,0.0,0.0,19.213845718768763,1362.075418237302,298.15
900.0,63.666419707353214,1.0,81.79036489037416,20.250333697396155,1423.7598928675513,298.15
901.0,63.664937951472496,1.0,129.3448835588169,21.874698410752853,1506.7342046953972,298.15
902.0,63.66345619559178,0.0,0.0,22.316600379751645,1473.6233419790533,298.15
903.0,63.66197443971106,0.0,0.0,19.61629392037233,1741.4437498267398,298.15
904.0,63.66049268383034,0.0,0.0,21.013884722182638,1578.8840885796449,298.15
905.0,63.65901092794962,0.0,0.0,21.457479563108084,1418.3297981907733,298.15
906.0,63.657529172068905,0.0,0.0,21.006556635918283,1424.4863203758846,298.15
907.0,63.65604741618818,1.0,116.88413459961032,21.952116390703736,1581.5299503936626,298.15
908.0,63.65456566030746,0.0,0.0,22.073288908451136,1572.0173720685439,298.15
909.0,63.653083904426744,1.0,94.30199597338449,23.87713542748958,1410.6186070788804,298.15
910.0,63.651602148546026,1.0,103.07717794135854,24.489594052686126,1605.488427967291,298.15
911.0,63.65012039266531,1.0,94.62839011173439,20.878028758248202,1195.93164036212,298.15
912.0,63.64863863678459,0.0,0.0,23.8999281909124,1311.6100336132547,298.15
913.0,63.64715688090387,1.0,110.72171018823082,22.047150682187795,1776.362104186359,298.15
914.0,63.64567512502315,0.0,0.0,21.16117684301134,1393.6527345669929,298.15
915.0,63.644193369142435,1.0,95.71209709956358,22.516428595919585,1251.8599042541923,298.15
916.0,63.64271161326172,1.0,123.90183221876441,21.271528228027833,1274.7136715028937,298.15
917.0,63.641229857381,0.0,0.0,21.67457332697371,1272.4258546932035,298.15
918.0,63.63974810150028,0.0,0.0,20.086161228809246,1482.5774406782375,298.15
919.0,63.638266345619556,0.0,0.0,22.066257329441587,1339.5880709828602,298.15
920.0,63.63678458973884,1.0,83.7615275117312,23.525967508219313,1194.2994228183936,298.15
921.0,63.63530283385812,0.0,0.0,23.28179178936031,942.1419107811863,298.15
922.0,63.6338210779774,1.0,101.45857592034733,22.80508652727804,1072.2840227483507,298.15
923.0,63.63233932209668,0.0,0.0,25.0952756453808,1178.3538803849824,298.15
924.0,63.630857566215965,0.0,0.0,25.823345185838676,1138.2856836103342,298.15
925.0,63.62937581033525,1.0,123.79422565467138,23.297232517331924,1310.8259556981866,298.15
926.0,63.62789405445453,0.0,0.0,25.146479946354294,1100.8127308670805,298.15
927.0,63.62641229857381,0.0,0.0,23.237820508231284,1250.7448506161927,298.15
928.0,63.62493054269309,0.0,0.0,22.907743561267495,893.9321908578809,298.15
929.0,63.623448786812375,0.0,0.0,24.39092456435741,1026.2499769187787,298.15
930.0,63.62196703093166,0.0,0.0,22.826125522567146,1199.6934418667245,298.15
931.0,63.62048527505094,0.0,0.0,19.247564636732605,1396.552623653665,298.15
932.0,63.619003519170214,0.0,0.0,22.691753193001702,1056.5337691565824,298.15
933.0,63.617521763289496,0.0,0.0,20.778110141719317,1193.9478580966043,298.15
934.0,63.61604000740878,1.0,92.26726865907645,22.64646834926728,1262.2685934625326,298.15
935.0,63.61455825152806,0.0,0.0,22.473344634986713,1197.4769874391195,298.15
936.0,63.61307649564734,0.0,0.0,22.55999228861586,1159.8274780410793,298.15
937.0,63.61159473976662,0.0,0.0,21.815778454842313,988.0287060137942,298.15
938.0,63.610112983885905,1.0,87.2498478015723,21.654190624547535,1263.0337100430206,298.15
939.0,63.60863122800519,0.0,0.0,22.60965771674548,831.8545824432811,298.15
940.0,63.60714947212447,0.0,0.0,23.122130572953473,834.4311557884159,298.15
941.0,63.60566771624375,1.0,93.7415649538793,23.30800763468842,1299.962552801591,298.15
942.0,63.60418596036303,0.0,0.0,24.266832437623336,1069.951404302274,298.15
943.0,63.602704204482315,1.0,80.7082002229098,25.048659913659595,826.3446230052552,298.15
944.0,63.60122244860159,0.0,0.0,22.366973906349966,793.8151889564383,298.15
945.0,63.59974069272087,0.0,0.0,22.645630231711873,784.7879062649624,298.15
946.0,63.59825893684015,0.0,0.0,26.769311602969548,1309.0961173536914,298.15
947.0,63.596777180959435,1.0,126.04189599421491,25.37635258948889,990.0322689180972,298.15
948.0,63.59529542507872,0.0,0.0,22.98066061654818,923.3908321749861,298.15
949.0,63.593813669198,0.0,0.0,22.271345644671467,1244.5640872883123,298.15
950.0,63.59233191331728,1.0,85.80645891747449,23.53254700175124,1037.6914504946924,298.15
951.0,63.59085015743656,1.0,92.61161960383791,23.976472031527962,951.1327507560479,298.15
952.0,63.589368401555845,0.0,0.0,25.521998519413536,1160.117616837257,298.15
953.0,63.58788664567513,1.0,117.50287177710872,20.79540058135302,1091.8752609105131,298.15
954.0,63.58640488979441,0.0,0.0,22.980734245563674,1094.0112961126513,298.15
955.0,63.58492313391369,1.0,122.50490915791802,27.447656298028054,965.6231680630497,298.15
956.0,63.58344137803297,1.0,104.48503752320875,24.635283357250955,874.5549433816989,298.15
957.0,63.58195962215225,0.0,0.0,24.748629661677846,860.4712626348439,298.15
958.0,63.58047786627153,0.0,0.0,23.783322582371376,1031.1448195320027,298.15
959.0,63.57899611039081,1.0,110.1075401508702,25.98376668288063,1020.9821905034515,298.15
960.0,63.57751435451009,0.0,0.0,21.86929817690054,1096.8929989437477,298.15
961.0,63.576032598629375,0.0,0.0,24.106642053035564,965.8366522459775,298.15
962.0,63.57455084274866,0.0,0.0,21.485923179474383,1227.1577665313532,298.15
963.0,63.57306908686794,0.0,0.0,24.811217616334954,842.2912065768037,298.15
964.0,63.57158733098722,0.0,0.0,24.154205017911195,1110.2937982159804,298.15
965.0,63.5701055751065,1.0,90.35675454273458,22.282938079822014,918.0745597322305,298.15
966.0,63.568623819225785,1.0,117.39171852578568,26.52830373078674,1025.3710702388912,298.15
967.0,63.56714206334507,0.0,0.0,26.034108448162605,931.5185479848103,298.15
968.0,63.56566030746435,0.0,0.0,26.593994981658,1022.6903711759431,298.15
969.0,63.56417855158362,1.0,120.15132377831605,22.549909696747193,925.9161291553564,298.15
970.0,63.562696795702905,0.0,0.0,23.36673720059278,945.3665654899843,298.15
971.0,63.56121503982219,1.0,94.57501545838815,26.905791750773698,1249.4871399021245,298.15
972.0,63.55973328394147,1.0,112.55907165212831,26.28694768722646,906.3287896738188,298.15
973.0,63.55825152806075,0.0,0.0,27.241283957770648,1222.4381442253011,298.15
974.0,63.55676977218003,1.0,83.1311984557466,24.6149891763473,1263.290269953637,298.15
975.0,63.555288016299315,0.0,0.0,24.825049055517415,1256.008742947838,298.15
976.0,63.5538062604186,0.0,0.0,25.98470519170103,1153.7320040662023,298.15
977.0,63.55232450453788,1.0,97.24490586291245,22.83381408566071,1005.5314273950236,298.15
978.0,63.55084274865716,0.0,0.0,25.3034261844199,949.5052590135753,298.15
979.0,63.54936099277644,0.0,0.0,29.038543866941914,1016.535252226837,298.15
980.0,63.547879236895724,0.0,0.0,24.400068214210414,1030.0342706150122,298.15
981.0,63.546397481015006,0.0,0.0,22.395077614072477,1260.2084443226174,298.15
982.0,63.54491572513428,0.0,0.0,25.604118936601875,1019.7567303690972,298.15
983.0,63.54343396925356,1.0,96.11461977206167,23.488124279814265,1214.470022106836,298.15
984.0,63.541952213372845,0.0,0.0,24.74026245353291,1265.1486439568143,298.15
985.0,63.54047045749213,0.0,0.0,26.630847926924513,1227.545086837051,298.15
986.0,63.53898870161141,0.0,0.0,25.760871089853016,1246.5297657493406,298.15
987.0,63.53750694573069,0.0,0.0,24.0612836516418,1492.881413702542,298.15
988.0,63.53602518984997,1.0,127.89735393332916,26.157400397203553,1390.8944862095543,298.15
989.0,63.534543433969255,0.0,0.0,22.11790920314582,1436.087491929056,298.15
990.0,63.533061678088536,0.0,0.0,25.070653911280885,1289.74973370055,298.15
991.0,63.53157992220782,1.0,113.79720580159021,24.107485924348865,1478.1834326462829,298.15
992.0,63.5300981663271,1.0,122.67621149445858,20.910898097487856,1421.2104447399322,298.15
993.0,63.52861641044638,0.0,0.0,22.711742508593414,1422.4548830297556,298.15
994.0,63.52713465456566,0.0,0.0,24.585932895639555,1347.6046307028694,298.15
995.0,63.52565289868494,1.0,95.35719198449259,25.76245999131926,1457.3021882484766,298.15
996.0,63.52417114280422,0.0,0.0,24.558969508716395,1753.5795947942843,298.15
997.0,63.5226893869235,0.0,0.0,24.004849308306873,1543.4808149509524,298.15
998.0,63.521207631042785,1.0,116.66609111528318,25.726672261292563,1724.971499836829,298.15
999.0,63.51972587516207,0.0,0.0,24.820323052111572,1201.2527398671239,298.15
1000.0,63.51824411928135,1.0,114.44090099392542,25.925766400621924,1510.8451366782044,298.15
1001.0,63.51676236340063,0.0,0.0,25.195909460133493,1638.851231944347,298.15
1002.0,63.51528060751991,0.0,0.0,23.082398892603944,1589.3972060846058,298.15
1003.0,63.513798851639194,0.0,0.0,25.238059067606528,1624.3071670628851,298.15
1004.0,63.512317095758476,1.0,111.56229723984016,25.643260649804414,1504.35463677296,298.15
1005.0,63.51083533987776,0.0,0.0,26.285364920320184,1759.9121381151601,298.15
1006.0,63.50935358399704,1.0,108.41739663178237,23.139228518851315,1353.5748276943914,298.15
1007.0,63.507871828116315,1.0,115.69476791806854,23.337465482008888,1586.6325898300304,298.15
1008.0,63.5063900722356,1.0,118.80117366081134,25.261192426985655,1642.9747635363265,298.15
1009.0,63.50490831635488,1.0,119.39677093972522,25.131462437484327,1553.5741224192934,298.15
1010.0,63.50342656047416,0.0,0.0,22.899213097971106,1658.6990743844856,298.15
1011.0,63.50194480459344,0.0,0.0,22.568957749296818,1374.6566069180685,298.15
1012.0,63.500463048712724,0.0,0.0,22.87951904992398,1489.6030570871055,298.15
1013.0,63.498981292832006,1.0,127.33306456351647,23.625128627273565,1889.1098310728132,298.15
1014.0,63.49749953695129,0.0,0.0,22.002237340272238,1749.4013550622976,298.15
1015.0,63.49601778107057,1.0,118.88205578658139,24.0172233946899,1670.1751767321996,298.15
1016.0,63.49453602518985,1.0,94.57313889460441,20.5042175450225,1887.840454844614,298.15
1017.0,63.493054269309134,0.0,0.0,21.8564185728237,1962.598411384731,298.15
1018.0,63.491572513428416,0.0,0.0,23.400169118343726,2039.3726948908065,298.15
1019.0,63.49009075754769,1.0,120.32660795566333,21.552014144700937,1497.99790295158,298.15
1020.0,63.48860900166697,0.0,0.0,22.269533207451545,2001.323048030772,298.15
1021.0,63.487127245786255,1.0,94.74696841087653,22.649888003415104,1632.3086723080507,298.15
1022.0,63.48564548990554,0.0,0.0,26.160619962851985,1863.9602455357497,298.15
1023.0,63.48416373402482,0.0,0.0,20.589369076372776,1922.3551894007073,298.15
1024.0,63.4826819781441,0.0,0.0,22.96722617915878,2083.6052742082225,298.15
1025.0,63.48120022226338,0.0,0.0,20.860265061327173,1923.9466183713337,298.15
1026.0,63.479718466382664,0.0,0.0,20.709028498154083,1906.3326773081012,298.15
1027.0,63.478236710501946,0.0,0.0,20.9164183311169,1749.3862781860946,298.15
1028.0,63.47675495462123,0.0,0.0,21.97272761331598,1632.1082706473464,298.15
1029.0,63.47527319874051,0.0,0.0,24.42297886565135,1765.4942368314867,298.15
1030.0,63.47379144285979,0.0,0.0,23.913420913839314,2115.498585293622,298.15
1031.0,63.472309686979074,0.0,0.0,21.20449063803104,1918.4620475935678,298.15
1032.0,63.47082793109835,1.0,108.18472241140185,21.414258924265503,2171.3514573467514,298.15
1033.0,63.46934617521763,0.0,0.0,22.688995724765245,1822.7568737277134,298.15
1034.0,63.46786441933691,0.0,0.0,21.736584671435576,2055.959626190603,298.15
1035.0,63.466382663456194,0.0,0.0,20.526447765219565,1970.667858783974,298.15
1036.0,63.464900907575476,0.0,0.0,22.503425092102425,2146.7021970389674,298.15
1037.0,63.46341915169476,0.0,0.0,23.93815123925665,1925.3796818197147,298.15
1038.0,63.46193739581404,0.0,0.0,22.93693257187575,1945.762991125718,298.15
1039.0,63.46045563993332,1.0,103.1252332917876,23.31228296181871,2153.008109955666,298.15
1040.0,63.458973884052604,0.0,0.0,20.816554603706894,1662.0842241071136,298.15
1041.0,63.457492128171886,1.0,128.66364786530028,19.204690757454035,1958.6765722415373,298.15
1042.0,63.45601037229117,0.0,0.0,17.63340510265471,1735.1302880019914,298.15
1043.0,63.45452861641045,0.0,0.0,17.415261581007798,1983.5392039648596,298.15
1044.0,63.453046860529724,0.0,0.0,20.30130787532632,1928.0839362544698,298.15
1045.0,63.451565104649006,0.0,0.0,21.333564275106497,2084.1815751876024,298.15
1046.0,63.45008334876829,0.0,0.0,21.767320546270817,2065.9903239209516,298.15
1047.0,63.44860159288757,1.0,103.84722848248985,20.702903518390976,1954.940701362355,298.15
1048.0,63.44711983700685,0.0,0.0,19.05480014003047,1854.753708172389,298.15
1049.0,63.445638081126134,0.0,0.0,21.15191152829389,2011.502767720816,298.15
1050.0,63.444156325245416,0.0,0.0,18.082954765072333,2195.756625197677,298.15
1051.0,63.4426745693647,0.0,0.0,18.129293515142614,1852.71157854748,298.15
1052.0,63.44119281348398,0.0,0.0,20.77132207933844,1773.5253080004554,298.15
1053.0,63.43971105760326,0.0,0.0,17.712959757158675,1721.3038841994899,298.15
1054.0,63.438229301722544,0.0,0.0,18.35717572464482,1765.8609123666834,298.15
1055.0,63.436747545841826,0.0,0.0,17.91305957382452,1992.7559122545617,298.15
1056.0,63.43526578996111,0.0,0.0,19.643951187000262,1780.332685692338,298.15
1057.0,63.43378403408038,1.0,95.18284989094278,20.21071367702566,1931.715051895854,298.15
1058.0,63.432302278199664,0.0,0.0,20.14848556696272,2053.5369750904324,298.15
1059.0,63.430820522318946,0.0,0.0,18.134591682414605,1660.8624847820797,298.15
1060.0,63.42933876643823,0.0,0.0,18.691890937024358,2123.551647823793,298.15
1061.0,63.42785701055751,0.0,0.0,20.034356884199223,2184.5576421489877,298.15
1062.0,63.42637525467679,0.0,0.0,17.90795020551836,2244.5761887770973,298.15
1063.0,63.424893498796074,1.0,103.71482661436103,17.194738682037514,2179.985721059148,298.15
1064.0,63.423411742915356,0.0,0.0,17.528323375729368,2314.318904026486,298.15
1065.0,63.42192998703464,0.0,0.0,17.48233306755315,1980.0113364590966,298.15
1066.0,63.42044823115392,0.0,0.0,18.40478257932675,2059.053901246816,298.15
1067.0,63.4189664752732,0.0,0.0,18.214141299010063,1892.6943647410383,298.15
1068.0,63.41748471939248,0.0,0.0,17.891512334929896,2021.5823182309655,298.15
1069.0,63.41600296351176,0.0,0.0,16.78226670232093,1934.162226529623,298.15
1070.0,63.41452120763104,0.0,0.0,16.474700568663863,1655.059200982696,298.15
1071.0,63.41303945175032,0.0,0.0,18.909814807146947,1669.435208505835,298.15
1072.0,63.411557695869604,0.0,0.0,18.325863670876668,2156.605239381494,298.15
1073.0,63.410075939988886,0.0,0.0,16.987813690493088,1898.3270560131903,298.15
1074.0,63.40859418410817,1.0,112.20013960661288,17.500217811970643,2077.533356050705,298.15
1075.0,63.40711242822745,0.0,0.0,19.439417761225354,1768.5368094839719,298.15
1076.0,63.40563067234673,0.0,0.0,17.294788892012825,1708.404288324166,298.15
1077.0,63.40414891646601,0.0,0.0,17.310862119195736,1817.7832685298742,298.15
1078.0,63.402667160585295,0.0,0.0,19.676876776744514,1936.489301186405,298.15
1079.0,63.40118540470458,0.0,0.0,18.85898320053527,2015.2662559620471,298.15
1080.0,63.39970364882386,1.0,101.87479024925244,16.035748251797287,1821.8263984791542,298.15
1081.0,63.39822189294314,0.0,0.0,18.689633366978388,1879.0898287460948,298.15
1082.0,63.396740137062416,0.0,0.0,16.622364276562795,1746.3658720433255,298.15
1083.0,63.3952583811817,0.0,0.0,15.131918881235174,1972.8942068643705,298.15
1084.0,63.39377662530098,0.0,0.0,18.81956484806219,1961.5311600710938,298.15
1085.0,63.39229486942026,0.0,0.0,15.519137120562965,1609.2080487916419,298.15
1086.0,63.390813113539544,0.0,0.0,15.761328119815412,1770.3510085847727,298.15
1087.0,63.389331357658826,0.0,0.0,15.891558838927427,1549.237480337784,298.15
1088.0,63.38784960177811,0.0,0.0,19.68681581883683,1806.5027152346827,298.15
1089.0,63.38636784589739,0.0,0.0,14.832015525189632,1610.2149708896948,298.15
1090.0,63.38488609001667,1.0,89.37846506602548,15.320059273365827,1534.9167366120212,298.15
1091.0,63.38340433413595,0.0,0.0,15.667348647058638,1333.4940798627108,298.15
1092.0,63.381922578255235,0.0,0.0,16.990972088851613,1786.795016845413,298.15
1093.0,63.38044082237452,1.0,114.28765703069365,15.9703394360047,1637.993067837718,298.15
1094.0,63.37895906649379,0.0,0.0,14.949648825981773,1631.3518416840823,298.15
1095.0,63.377477310613074,1.0,105.06613638599059,16.952983348218943,1702.9886435215003,298.15
1096.0,63.375995554732356,0.0,0.0,18.06465335272586,1448.391801695072,298.15
1097.0,63.37451379885164,0.0,0.0,13.238350773480448,1409.323325733085,298.15
1098.0,63.37303204297092,1.0,96.00412883804145,14.687908628396798,1613.791586686401,298.15
1099.0,63.3715502870902,1.0,116.31675543246784,16.542277874350503,1689.4227716971332,298.15
1100.0,63.37006853120948,1.0,107.7821550897997,13.697344768824882,1579.8170269652871,298.15
1101.0,63.368586775328765,0.0,0.0,15.370637641861109,1724.710505613797,298.15
1102.0,63.36710501944805,0.0,0.0,17.60215450895431,1553.2637113820163,298.15
1103.0,63.36562326356733,0.0,0.0,16.517688847067614,1529.4238866673875,298.15
1104.0,63.36414150768661,0.0,0.0,16.30947400396536,1560.6670721432668,298.15
1105.0,63.36265975180589,0.0,0.0,16.628015801825956,1386.9927984053459,298.15
1106.0,63.361177995925175,0.0,0.0,15.910564572188955,1219.9366210846993,298.15
1107.0,63.35969624004445,1.0,108.79650003392923,14.811539955626461,1393.7799044236367,298.15
1108.0,63.35821448416373,1.0,106.22276486929775,16.85737679313619,1482.7323845705341,298.15
1109.0,63.35673272828301,0.0,0.0,14.516786291577592,1231.5831408619188,298.15
1110.0,63.355250972402295,0.0,0.0,14.986295605906447,1134.5818159755809,298.15
1111.0,63.35376921652158,1.0,114.30087239697363,12.563964613296335,1221.7323490466301,298.15
1112.0,63.35228746064086,1.0,114.5328284911979,14.419764101651857,1516.2402675533324,298.15
1113.0,63.35080570476014,1.0,84.56110571328456,15.282886698671478,1375.7736056748809,298.15
1114.0,63.34932394887942,0.0,0.0,15.17437133481264,1268.2130329881518,298.15
1115.0,63.347842192998705,1.0,98.56130231184804,16.58739334796006,1127.8504524699479,298.15
1116.0,63.34636043711799,1.0,121.32484479640347,14.387966308911396,1300.4182623001398,298.15
1117.0,63.34487868123727,0.0,0.0,14.433928026697735,1273.2533205188247,298.15
1118.0,63.34339692535655,1.0,100.73737967378638,14.187775698639156,1300.5249570205538,298.15
1119.0,63.341915169475826,1.0,107.71403536662396,15.425603738584023,1594.5824012743765,298.15
1120.0,63.34043341359511,0.0,0.0,17.501475885073866,1280.1879214291823,298.15
1121.0,63.33895165771439,0.0,0.0,11.320932018810174,1089.4353499010842,298.15
1122.0,63.33746990183367,0.0,0.0,14.229590676012714,973.5262142842537,298.15
1123.0,63.33598814595295,0.0,0.0,14.44281290252758,1085.414124536527,298.15
1124.0,63.334506390072235,1.0,88.90682989105086,11.590512285706513,1089.190206822183,298.15
1125.0,63.33302463419152,0.0,0.0,14.80149252444606,1270.76340022242,298.15
1126.0,63.3315428783108,0.0,0.0,14.435796441021044,1042.792563736336,298.15
1127.0,63.33006112243008,1.0,122.49845043534779,14.302200328263199,976.1637436817425,298.15
1128.0,63.32857936654936,1.0,123.51581868011377,13.244496478410628,1195.4496394041007,298.15
1129.0,63.327097610668645,1.0,123.99164540781914,14.877728463396426,1012.0860826688698,298.15
1130.0,63.32561585478793,0.0,0.0,13.161075709355716,1181.9752839765001,298.15
1131.0,63.32413409890721,0.0,0.0,13.692140104001382,959.5569829523336,298.15
1132.0,63.32265234302648,0.0,0.0,14.734531320501251,1007.0458106366918,298.15
1133.0,63.321170587145765,1.0,89.3356596629028,16.70457763158053,982.33549602317,298.15
1134.0,63.31968883126505,0.0,0.0,15.745095731068341,1123.5449796373223,298.15
1135.0,63.31820707538433,0.0,0.0,16.091442196239303,1032.9079624110273,298.15
1136.0,63.31672531950361,0.0,0.0,18.27066558162921,864.3334018317285,298.15
1137.0,63.31524356362289,0.0,0.0,15.861864329263176,845.3212425974286,298.15
1138.0,63.313761807742175,0.0,0.0,13.509268335238774,987.7197445989949,298.15
1139.0,63.31228005186146,0.0,0.0,14.313003159194844,817.2436325806742,298.15
1140.0,63.31079829598074,0.0,0.0,13.873360896295054,962.3399353490404,298.15
1141.0,63.30931654010002,0.0,0.0,15.06095662368957,1058.3107959192992,298.15
1142.0,63.3078347842193,0.0,0.0,14.655360205000438,838.3376166889077,298.15
1143.0,63.306353028338584,0.0,0.0,13.842899182296902,1139.3044504223064,298.15
1144.0,63.30487127245786,0.0,0.0,16.869125191174764,1216.3951546524177,298.15
1145.0,63.30338951657714,0.0,0.0,17.025152195760253,1168.678250337405,298.15
1146.0,63.30190776069642,0.0,0.0,15.762936062444648,1104.2646705081356,298.15
1147.0,63.300426004815705,0.0,0.0,13.918324053929947,1065.494109498274,298.15
1148.0,63.29894424893499,0.0,0.0,15.763480807357706,1036.968654479388,298.15
1149.0,63.29746249305427,0.0,0.0,14.63957745267102,1055.7366808008887,298.15
1150.0,63.29598073717355,1.0,104.97400005062279,17.727127857064584,909.253294821389,298.15
1151.0,63.29449898129283,0.0,0.0,13.81009787128174,996.4836519590664,298.15
1152.0,63.293017225412115,0.0,0.0,16.830532770439703,1023.277265504966,298.15
1153.0,63.2915354695314,1.0,81.65850159551732,16.85378036806476,1098.3765787955715,298.15
1154.0,63.29005371365068,0.0,0.0,17.328568607775683,765.4302693896844,298.15
1155.0,63.28857195776996,0.0,0.0,16.268987110239532,1037.8071052231144,298.15
1156.0,63.28709020188924,0.0,0.0,15.489185792035402,1168.149124124658,298.15
1157.0,63.28560844600852,0.0,0.0,19.910514477521723,921.6646731446633,298.15
1158.0,63.2841266901278,0.0,0.0,14.744137689937823,999.2899265611769,298.15
1159.0,63.28264493424708,1.0,101.34066356583085,17.363997281733777,740.330262965745,298.15
1160.0,63.28116317836636,0.0,0.0,16.313767212772092,1034.428766669199,298.15
1161.0,63.279681422485645,1.0,87.61123549746513,16.903786996543467,806.2602571850317,298.15
1162.0,63.27819966660493,0.0,0.0,16.967701480174778,952.1083108824503,298.15
1163.0,63.27671791072421,0.0,0.0,14.769699816082886,1033.7960903701126,298.15
1164.0,63.27523615484349,1.0,93.0951091870113,14.429627931156775,956.5637718575076,298.15
1165.0,63.27375439896277,0.0,0.0,14.610834857962402,1029.8936542714202,298.15
1166.0,63.272272643082054,1.0,93.81221802377489,16.019256760843838,1117.8414306077227,298.15
1167.0,63.270790887201336,0.0,0.0,17.210029931438186,1063.8712395517593,298.15
1168.0,63.26930913132062,0.0,0.0,15.794487250482463,1099.023224104009,298.15
1169.0,63.26782737543989,1.0,107.5847630526767,14.678787208838111,806.0047078187703,298.15
1170.0,63.266345619559175,0.0,0.0,18.530757316429558,1071.843766806752,298.15
1171.0,63.26486386367846,1.0,89.17788234466198,14.684609903959721,771.8834155442119,298.15
1172.0,63.26338210779774,1.0,85.54135844803842,18.000659433481022,1055.3592238880772,298.15
1173.0,63.26190035191702,1.0,83.16404833848397,16.118625912300832,1401.121938853017,298.15
1174.0,63.2604185960363,0.0,0.0,19.357982107979574,1275.9882528873618,298.15
1175.0,63.258936840155584,0.0,0.0,16.659032199509234,932.30762516925,298.15
1176.0,63.257455084274866,0.0,0.0,14.77432427070821,1076.2545318561833,298.15
1177.0,63.25597332839415,0.0,0.0,17.620209377486635,1142.9489310799229,298.15
1178.0,63.25449157251343,0.0,0.0,16.432234374510376,1257.261126496584,298.15
1179.0,63.25300981663271,1.0,88.27818616420399,19.168454492988637,1321.136069819687,298.15
1180.0,63.251528060751994,1.0,87.24478767577152,18.493896701782795,1450.5166256200903,298.15
1181.0,63.250046304871276,1.0,96.00249853111812,17.055888942799882,1075.7891163487923,298.15
1182.0,63.24856454899055,1.0,94.70934341885643,16.555064750146162,1264.7840671582403,298.15
1183.0,63.24708279310983,0.0,0.0,16.501028925084743,981.0007541756527,298.15
1184.0,63.245601037229115,1.0,108.39352340348891,17.41821381856604,1320.593184165454,298.15
1185.0,63.2441192813484,0.0,0.0,20.636883770382937,1346.904179347822,298.15
1186.0,63.24263752546768,1.0,106.94283321233937,18.324838654277126,1290.1177494864023,298.15
1187.0,63.24115576958696,0.0,0.0,20.170648533253623,1399.462165818287,298.15
1188.0,63.23967401370624,0.0,0.0,16.387149676313605,1186.7615936669033,298.15
1189.0,63.238192257825524,1.0,104.24780179821899,15.784678115036014,1132.7004773090143,298.15
1190.0,63.236710501944806,1.0,125.34644223948835,17.447761679724703,1202.8869195533402,298.15
1191.0,63.23522874606409,0.0,0.0,20.114431788753322,1416.0088875234687,298.15
1192.0,63.23374699018337,1.0,117.59910152177648,18.70396079141787,1572.2340034252668,298.15
1193.0,63.23226523430265,1.0,81.92201256807957,20.69307097074012,1262.153243855204,298.15
1194.0,63.23078347842193,1.0,116.07465427084271,21.3954300910465,1303.7980992147436,298.15
1195.0,63.22930172254121,0.0,0.0,17.945796154932527,1439.072555914729,298.15
1196.0,63.22781996666049,0.0,0.0,20.916538473569723,1954.2652865609457,298.15
1197.0,63.22633821077977,0.0,0.0,21.906907233854117,1385.7977795750458,298.15
1198.0,63.224856454899054,0.0,0.0,21.44425166572578,1613.2119128809063,298.15
1199.0,63.223374699018336,0.0,0.0,17.344980456347454,1457.5150557597776,298.15
1200.0,63.22189294313762,0.0,0.0,17.032107605225256,1418.950022816371,298.15
1201.0,63.2204111872569,0.0,0.0,19.386910135666234,1316.2992314227104,298.15
1202.0,63.21892943137618,1.0,105.88741527773969,19.55213732564968,1485.8025078988767,298.15
1203.0,63.217447675495464,0.0,0.0,21.66253587915638,1674.4448601916552,298.15
1204.0,63.215965919614746,0.0,0.0,18.870162073625124,1432.1891332390462,298.15
1205.0,63.21448416373403,0.0,0.0,21.18783013452716,1592.6688981078426,298.15
1206.0,63.21300240785331,0.0,0.0,18.89354247839074,1465.6267357412853,298.15
1207.0,63.211520651972585,0.0,0.0,21.282515512711008,1546.4263190340862,298.15
1208.0,63.210038896091866,0.0,0.0,20.102491499712897,1397.1797939315709,298.15
1209.0,63.20855714021115,0.0,0.0,21.510512513531424,1987.231678957793,298.15
1210.0,63.20707538433043,0.0,0.0,20.45743650083221,1700.4739731312081,298.15
1211.0,63.20559362844971,0.0,0.0,17.609892984033177,1620.4033088797967,298.15
1212.0,63.204111872568994,0.0,0.0,22.05780184834943,1877.6766246967686,298.15
1213.0,63.202630116688276,0.0,0.0,23.21665952726844,1685.0010353661276,298.15
1214.0,63.20114836080756,0.0,0.0,20.107817878384857,1781.7583016837586,298.15
1215.0,63.19966660492684,0.0,0.0,22.840332671272414,1961.3692741372756,298.15
1216.0,63.19818484904612,0.0,0.0,20.662958829080544,1961.9339505805742,298.15
1217.0,63.196703093165404,0.0,0.0,19.583011114180515,1582.9859411049697,298.15
1218.0,63.195221337284686,0.0,0.0,20.86252849830902,1769.8178393017852,298.15
1219.0,63.19373958140396,0.0,0.0,21.64347691715126,1972.6038377711268,298.15
1220.0,63.19225782552324,0.0,0.0,19.92101187475359,1631.6915339619122,298.15
1221.0,63.190776069642524,0.0,0.0,24.288308134416525,1767.785687772032,298.15
1222.0,63.189294313761806,0.0,0.0,19.773845688079003,1774.5718254217313,298.15
1223.0,63.18781255788109,1.0,120.55138264586267,21.450199576095034,1905.820103402543,298.15
1224.0,63.18633080200037,0.0,0.0,20.93316072125112,1962.6517718551922,298.15
1225.0,63.18484904611965,0.0,0.0,24.666080871699005,2026.0630714772462,298.15
1226.0,63.183367290238934,1.0,95.92901152876307,20.1783379227089,1876.882445843705,298.15
1227.0,63.181885534358216,0.0,0.0,23.999418102646008,1718.9424212423876,298.15
1228.0,63.1804037784775,0.0,0.0,23.082399988563466,1832.066691403994,298.15
1229.0,63.17892202259678,0.0,0.0,20.857194365528105,1736.4119006005376,298.15
1230.0,63.17744026671606,0.0,0.0,22.376411519208446,1802.1914704346686,298.15
1231.0,63.17595851083534,0.0,0.0,22.730886251210055,2019.881464201891,298.15
1232.0,63.17447675495462,1.0,81.78246650399122,24.041662014750315,1706.905522516755,298.15
1233.0,63.1729949990739,0.0,0.0,22.155179003946877,1847.4525297673158,298.15
1234.0,63.17151324319318,0.0,0.0,24.277411451283744,2071.7725245082106,298.15
1235.0,63.170031487312464,0.0,0.0,23.42369241490393,2048.1841907958474,298.15
1236.0,63.168549731431746,0.0,0.0,24.144675350564448,1832.0647949028062,298.15
1237.0,63.16706797555103,1.0,95.65873174534597,22.088361748039645,1823.9025583290077,298.15
1238.0,63.16558621967031,0.0,0.0,23.186562620597634,2201.202421944101,298.15
1239.0,63.16410446378959,0.0,0.0,23.821212207910563,2026.658741656549,298.15
1240.0,63.162622707908874,0.0,0.0,23.84635899810815,1853.5946193465738,298.15
1241.0,63.161140952028155,1.0,124.6490494060841,23.72168601815157,1973.9842772535217,298.15
1242.0,63.15965919614744,0.0,0.0,27.200245005825487,2147.2637526262815,298.15
1243.0,63.15817744026672,1.0,116.11410539779109,24.837338482288796,1853.852440202376,298.15
1244.0,63.156695684385994,0.0,0.0,25.146571192355285,1853.9138052387768,298.15
1245.0,63.155213928505276,0.0,0.0,24.44011920368895,2026.9360544388571,298.15
1246.0,63.15373217262456,1.0,113.8870995602459,24.95896478534672,1793.2170269665025,298.15
1247.0,63.15225041674384,0.0,0.0,24.482374503862204,1896.7924576179576,298.15
1248.0,63.15076866086312,1.0,101.97683842960893,27.130079154813743,1933.7597636591956,298.15
1249.0,63.149286904982404,0.0,0.0,24.180693832588215,1601.2125229493745,298.15
1250.0,63.147805149101686,1.0,98.70062119366537,25.660275069392426,2012.469270805217,298.15
1251.0,63.14632339322097,1.0,110.0447525024462,27.718035772126747,2091.6337040064504,298.15
1252.0,63.14484163734025,1.0,112.00360571214688,25.475897701973985,2291.5498970895765,298.15
1253.0,63.14335988145953,0.0,0.0,24.02335862315576,2087.2889329933964,298.15
1254.0,63.14187812557881,1.0,86.72613445808935,23.349699212963642,1842.1441365230144,298.15
1255.0,63.140396369698095,0.0,0.0,23.7748339530445,1926.0661629772537,298.15
1256.0,63.13891461381738,0.0,0.0,25.236051396925475,2270.320788284474,298.15
1257.0,63.13743285793665,0.0,0.0,27.50368924494024,2056.0406588644623,298.15
1258.0,63.135951102055934,0.0,0.0,25.652209398945406,2141.51138030002,298.15
1259.0,63.134469346175216,1.0,93.81378036494917,24.103398715173352,1894.1403692273507,298.15
1260.0,63.1329875902945,0.0,0.0,24.267402281949618,1943.1085215960557,298.15
1261.0,63.13150583441378,1.0,95.24763014009447,24.54748453249205,1960.093486555909,298.15
1262.0,63.13002407853306,0.0,0.0,22.670805244683315,2102.9402871249085,298.15
1263.0,63.12854232265234,0.0,0.0,24.11055771354609,1894.606652313704,298.15
1264.0,63.127060566771625,0.0,0.0,24.065408111360505,2042.8197985303582,298.15
1265.0,63.12557881089091,1.0,103.88519769964486,29.335717578190337,1945.399997077379,298.15
1266.0,63.12409705501019,1.0,82.81795115197431,26.394435270170497,1756.1840833050644,298.15
1267.0,63.12261529912947,0.0,0.0,23.213041422532445,1929.9390791982762,298.15
1268.0,63.12113354324875,1.0,117.32929184921645,22.435632372999066,2087.7989847155245,298.15
1269.0,63.11965178736803,0.0,0.0,22.870953411612263,1914.4555883273672,298.15
1270.0,63.11817003148731,0.0,0.0,27.234413964284663,1855.2121885022832,298.15
1271.0,63.11668827560659,1.0,127.01197775497701,22.82400053325119,2108.6352404988033,298.15
1272.0,63.115206519725874,1.0,100.84054564083846,27.565710863014026,1943.7402500519888,298.15
1273.0,63.113724763845156,0.0,0.0,25.379187643555184,1667.812078473108,298.15
1274.0,63.11224300796444,0.0,0.0,24.605336966761612,1821.15598522266,298.15
1275.0,63.11076125208372,0.0,0.0,23.168597027307616,1893.7322805902868,298.15
1276.0,63.109279496203,1.0,80.44545472064468,27.021048004317237,1877.5737428287132,298.15
1277.0,63.10779774032228,1.0,94.20701466555327,25.86956174499162,1907.3002589721882,298.15
1278.0,63.106315984441565,0.0,0.0,26.430298976421252,1794.512499911612,298.15
1279.0,63.10483422856085,0.0,0.0,24.54643251351952,1774.671262646478,298.15
1280.0,63.10335247268013,0.0,0.0,26.03924351169555,1796.0047492995025,298.15
1281.0,63.10187071679941,0.0,0.0,27.331163605601184,1900.2141466067408,298.15
1282.0,63.100388960918686,1.0,121.69834026909234,25.89879405984171,1665.2524222029897,298.15
1283.0,63.09890720503797,0.0,0.0,23.240851519362195,1743.711614885083,298.15
1284.0,63.09742544915725,0.0,0.0,25.7433185567455,1778.0680380183653,298.15
1285.0,63.09594369327653,1.0,109.55970720633209,26.098410155484764,1646.2742821593326,298.15
1286.0,63.09446193739581,0.0,0.0,27.55086978187624,1782.2489236359954,298.15
1287.0,63.092980181515095,1.0,112.6226054594608,25.778893392387488,1750.910710588296,298.15
1288.0,63.09149842563438,0.0,0.0,26.578238106163443,1373.735183195524,298.15
1289.0,63.09001666975366,0.0,0.0,25.772670034318775,1674.4555936920833,298.15
1290.0,63.08853491387294,0.0,0.0,22.58732976085981,1867.0972535217963,298.15
1291.0,63.08705315799222,0.0,0.0,26.048897216656375,1863.962865025668,298.15
1292.0,63.085571402111505,0.0,0.0,24.878361063397755,1726.716454513084,298.15
1293.0,63.08408964623079,0.0,0.0,27.84402782212452,1799.5730964175036,298.15
1294.0,63.08260789035006,0.0,0.0,22.306480785843,1570.7418340209656,298.15
1295.0,63.08112613446934,0.0,0.0,22.75629334236729,1663.6476980557538,298.15
1296.0,63.079644378588625,1.0,99.44429961886452,25.684771345818987,1587.2409749817323,298.15
1297.0,63.07816262270791,0.0,0.0,26.897134751752503,1647.3585141462404,298.15
1298.0,63.07668086682719,0.0,0.0,24.238593502732613,1808.1190746034938,298.15
1299.0,63.07519911094647,0.0,0.0,24.19755540317654,1666.0531468304375,298.15
1300.0,63.07371735506575,1.0,122.31186556901383,24.661564762420923,1448.6277901944732,298.15
1301.0,63.072235599185035,0.0,0.0,23.502190895957916,1721.346226365319,298.15
1302.0,63.07075384330432,0.0,0.0,25.801699504188093,1505.7989899311226,298.15
1303.0,63.0692720874236,1.0,123.09318394098362,23.392422109595536,1550.7197651783572,298.15
1304.0,63.06779033154288,0.0,0.0,25.226279384569825,1401.9215440766689,298.15
1305.0,63.06630857566216,1.0,124.97585681136539,21.92787172434395,1532.388524271767,298.15
1306.0,63.064826819781445,0.0,0.0,26.73230349000918,1466.155903269705,298.15
1307.0,63.06334506390072,0.0,0.0,20.525884029837545,1560.6823574858386,298.15
1308.0,63.06186330802,0.0,0.0,22.151357626686657,1300.2998676872228,298.15
1309.0,63.06038155213928,1.0,116.42583121671724,27.390482889740824,1503.098507079753,298.15
1310.0,63.058899796258565,0.0,0.0,23.877357133623068,979.6843350372122,298.15
1311.0,63.05741804037785,1.0,121.04482511843989,22.589157350630842,1238.2419252474695,298.15
1312.0,63.05593628449713,1.0,116.91913179077301,21.52899512607487,1114.1382704760847,298.15
1313.0,63.05445452861641,0.0,0.0,22.800614179838895,1352.0375847841735,298.15
1314.0,63.05297277273569,0.0,0.0,23.88635828855496,1431.3154016279248,298.15
1315.0,63.051491016854975,0.0,0.0,24.124372975223253,1271.627314363851,298.15
1316.0,63.05000926097426,1.0,106.66151559635361,23.78272531669333,1462.4811721546882,298.15
1317.0,63.04852750509354,0.0,0.0,20.329129769263005,1129.327289224713,298.15
1318.0,63.04704574921282,0.0,0.0,23.328029875083665,1021.870042647507,298.15
1319.0,63.045563993332095,0.0,0.0,23.565364695238944,1327.4300918115657,298.15
1320.0,63.04408223745138,0.0,0.0,23.496737726521598,1381.6720704254294,298.15
1321.0,63.04260048157066,0.0,0.0,22.900709368278605,1209.3633174798367,298.15
1322.0,63.04111872568994,0.0,0.0,20.80059035584005,1454.6176708721023,298.15
1323.0,63.03963696980922,0.0,0.0,21.20467294307499,1245.602065977242,298.15
1324.0,63.038155213928505,0.0,0.0,24.53108820159457,1217.3794026466785,298.15
1325.0,63.03667345804779,0.0,0.0,21.258893716716692,1081.8985256840135,298.15
1326.0,63.03519170216707,1.0,123.60883341825755,21.253527039337467,940.0384497335042,298.15
1327.0,63.03370994628635,0.0,0.0,21.842464743705698,1084.9381993352372,298.15
1328.0,63.03222819040563,1.0,115.2371910336207,20.27656491189773,1351.878066512568,298.15
1329.0,63.030746434524914,1.0,104.7905739193975,23.142986281787103,1133.559994927997,298.15
1330.0,63.029264678644196,0.0,0.0,20.0041522519162,1036.808118851161,298.15
1331.0,63.02778292276348,0.0,0.0,23.67198689346698,950.7101706630847,298.15
1332.0,63.02630116688275,1.0,126.56941034223587,19.688947394327396,1158.6551231980848,298.15
1333.0,63.024819411002035,0.0,0.0,21.29553160237275,900.8791001090623,298.15
1334.0,63.02333765512132,0.0,0.0,22.194379748424154,1115.3916579986167,298.15
1335.0,63.0218558992406,0.0,0.0,22.809993734146442,985.3186070231542,298.15
1336.0,63.02037414335988,0.0,0.0,21.085147528480885,1008.4872246587324,298.15
1337.0,63.01889238747916,0.0,0.0,20.220225707146316,1137.4406780023614,298.15
1338.0,63.017410631598445,0.0,0.0,23.513921151414742,892.6219577470043,298.15
1339.0,63.01592887571773,0.0,0.0,21.432102472362,1030.54002805824,298.15
1340.0,63.01444711983701,1.0,121.68807804510325,20.766514720194166,795.3916564912699,298.15
1341.0,63.01296536395629,0.0,0.0,18.027081667290943,1002.8946382357968,298.15
1342.0,63.01148360807557,0.0,0.0,21.14035707945094,1090.257017401648,298.15
1343.0,63.010001852194854,0.0,0.0,20.72244159014594,1130.7513849739032,298.15
1344.0,63.00852009631413,0.0,0.0,18.457255772558128,1178.9950690649425,298.15
1345.0,63.00703834043341,0.0,0.0,19.27283748577621,1104.941768837416,298.15
1346.0,63.00555658455269,0.0,0.0,20.56775681402357,942.924264710797,298.15
1347.0,63.004074828671975,1.0,83.85802084923152,21.06178576580393,730.6622721281957,298.15
1348.0,63.00259307279126,0.0,0.0,18.579940690114434,1149.5851720455632,298.15
1349.0,63.00111131691054,0.0,0.0,18.490574903396034,921.5569451567279,298.15
1350.0,62.99962956102982,0.0,0.0,20.185046816893074,783.0075128620878,298.15
1351.0,62.9981478051491,0.0,0.0,18.54933928731771,1280.9811062319818,298.15
1352.0,62.996666049268384,0.0,0.0,19.469523897164162,991.9037280058263,298.15
1353.0,62.995184293387666,0.0,0.0,22.52655683144269,1075.564893740934,298.15
1354.0,62.99370253750695,0.0,0.0,19.513355037202455,1038.1600321976919,298.15
1355.0,62.99222078162623,0.0,0.0,21.113757601655887,1003.9937877596363,298.15
1356.0,62.99073902574551,0.0,0.0,17.380530204058545,950.8033931368477,298.15
1357.0,62.98925726986479,1.0,82.48922914205397,18.0410271058562,924.4732376083122,298.15
1358.0,62.98777551398407,0.0,0.0,17.903660388878627,1349.531845814348,298.15
1359.0,62.98629375810335,0.0,0.0,17.2967948580587,801.2138759031435,298.15
1360.0,62.98481200222263,0.0,0.0,16.13097956702145,959.5154153189196,298.15
1361.0,62.983330246341914,1.0,100.5899181793238,19.167152825501212,896.0182305556482,298.15
1362.0,62.981848490461196,0.0,0.0,19.375570125418665,1112.782872116145,298.15
1363.0,62.98036673458048,1.0,102.19525451993226,17.14231670573525,979.02589519639,298.15
1364.0,62.97888497869976,0.0,0.0,17.36258214448067,972.740956648301,298.15
1365.0,62.97740322281904,0.0,0.0,18.57966580801034,1150.7626266206867,298.15
1366.0,62.975921466938324,0.0,0.0,18.388959568189858,1352.114937776717,298.15
1367.0,62.974439711057606,0.0,0.0,19.91008332314445,945.0671754574238,298.15
1368.0,62.97295795517689,0.0,0.0,19.97330990969929,845.1359655798516,298.15
1369.0,62.97147619929616,0.0,0.0,16.993121363558547,1095.8402639165995,298.15
1370.0,62.969994443415445,0.0,0.0,17.858079585338906,1221.1333886398374,298.15
1371.0,62.96851268753473,0.0,0.0,16.26978552458879,1072.6276231874594,298.15
1372.0,62.96703093165401,0.0,0.0,20.180408478216602,1209.676699905905,298.15
1373.0,62.96554917577329,1.0,87.69419283475908,18.109612682793497,1042.7061200481483,298.15
1374.0,62.96406741989257,0.0,0.0,19.181254260282422,1494.2970208911115,298.15
1375.0,62.962585664011854,0.0,0.0,16.918774885240122,1238.5870309794138,298.15
1376.0,62.961103908131136,0.0,0.0,19.043078622843357,1085.0564356403918,298.15
1377.0,62.95962215225042,0.0,0.0,18.511834092262237,1056.5404875218403,298.15
1378.0,62.9581403963697,1.0,111.50490194656398,19.27928635621772,1221.8442212530692,298.15
1379.0,62.95665864048898,1.0,96.58260608474222,14.996331908124183,1294.6163092552463,298.15
1380.0,62.955176884608264,0.0,0.0,17.180752931226003,1009.9596294179555,298.15
1381.0,62.953695128727546,0.0,0.0,18.733069552769376,1220.6263236244315,298.15
1382.0,62.95221337284682,1.0,90.5319637949961,15.39718989103892,1343.5163633266739,298.15
1383.0,62.9507316169661,1.0,87.63529038650582,17.647887605910974,1295.5424006686808,298.15
1384.0,62.949249861085384,0.0,0.0,17.647029209614885,1352.7109911272871,298.15
1385.0,62.947768105204666,0.0,0.0,17.776023011071338,1496.6422934593074,298.15
1386.0,62.94628634932395,0.0,0.0,17.11124485769442,820.7019823638432,298.15
1387.0,62.94480459344323,0.0,0.0,17.489848578593865,1334.1876125439053,298.15
1388.0,62.94332283756251,0.0,0.0,17.120031844978847,963.2272699153643,298.15
1389.0,62.941841081681794,0.0,0.0,18.251017220765135,1323.8715619609234,298.15
1390.0,62.940359325801076,0.0,0.0,15.13595660990659,1540.3562259323683,298.15
1391.0,62.93887756992036,0.0,0.0,16.759685476583403,1341.2154735270753,298.15
1392.0,62.93739581403964,0.0,0.0,18.09750230804562,1235.4903291608853,298.15
1393.0,62.93591405815892,1.0,129.9157971022621,14.827576133919443,1514.764220443261,298.15
1394.0,62.934432302278196,1.0,107.20635837411707,14.911572979753512,1427.2861733589612,298.15
1395.0,62.93295054639748,1.0,114.84698775924963,16.793902369629198,1450.146918646945,298.15
1396.0,62.93146879051676,0.0,0.0,18.10560275461484,1760.9463499757508,298.15
1397.0,62.92998703463604,0.0,0.0,15.620582412438868,1226.8929678878635,298.15
1398.0,62.928505278755324,0.0,0.0,15.931216805486624,1373.1510980043602,298.15
1399.0,62.927023522874606,0.0,0.0,16.3053401853519,1540.711262533694,298.15
1400.0,62.92554176699389,0.0,0.0,14.891036272796198,1682.8503732682136,298.15
1401.0,62.92406001111317,0.0,0.0,19.12844567879017,1371.6357975367787,298.15
1402.0,62.92257825523245,0.0,0.0,14.089576714837085,1469.7657620834686,298.15
1403.0,62.921096499351734,0.0,0.0,15.665513613850017,1536.7846008603972,298.15
1404.0,62.919614743471016,0.0,0.0,15.645652536782093,1539.8454303510302,298.15
1405.0,62.9181329875903,1.0,84.86577448476588,11.930880547090993,1682.8381886346572,298.15
1406.0,62.91665123170958,0.0,0.0,14.042975508490462,1586.1677009041612,298.15
1407.0,62.915169475828854,0.0,0.0,13.1876185089257,1706.5098379575365,298.15
1408.0,62.913687719948136,1.0,106.76085351735335,16.466031115749754,1443.9118826900226,298.15
1409.0,62.91220596406742,1.0,110.37038348256041,12.56899457273205,1661.1933315246492,298.15
1410.0,62.9107242081867,1.0,119.8612493025835,16.751724205047672,1659.6945979006236,298.15
1411.0,62.90924245230598,0.0,0.0,13.325772852609674,1795.920758695045,298.15
1412.0,62.907760696425264,0.0,0.0,16.722618187109653,2062.0329360985525,298.15
1413.0,62.906278940544546,0.0,0.0,12.92275545563633,1842.0173469076913,298.15
1414.0,62.90479718466383,0.0,0.0,15.81056282637372,1607.3582719722285,298.15
1415.0,62.90331542878311,1.0,121.07853623001438,16.605485834962995,1821.9851283284897,298.15
1416.0,62.90183367290239,0.0,0.0,16.005540970909095,1733.3501117899293,298.15
1417.0,62.90035191702167,0.0,0.0,13.116229859032524,1703.715646284348,298.15
1418.0,62.898870161140955,1.0,106.170742939273,16.861272149533264,1688.5822951707426,298.15
1419.0,62.89738840526023,1.0,123.50213973977125,15.912684194687609,1693.744369580181,298.15
1420.0,62.89590664937951,0.0,0.0,11.254826453586494,1622.2336062148677,298.15
1421.0,62.894424893498794,0.0,0.0,15.194645446392308,1612.1342687535177,298.15
1422.0,62.892943137618076,0.0,0.0,19.543804223701752,1916.9669226326616,298.15
1423.0,62.89146138173736,1.0,94.90480999648227,16.790756427706505,1777.2134965140583,298.15
1424.0,62.88997962585664,0.0,0.0,14.20267885983287,1869.58341717298,298.15
1425.0,62.88849786997592,0.0,0.0,15.870452761517786,1723.0827578668734,298.15
1426.0,62.8870161140952,0.0,0.0,14.37255300655951,1951.3433338472776,298.15
1427.0,62.885534358214485,0.0,0.0,16.62770270059312,1769.5078701463303,298.15
1428.0,62.88405260233377,1.0,89.53287257000457,13.707141426961293,1684.4248979933423,298.15
1429.0,62.88257084645305,0.0,0.0,16.95125359214018,2130.2955180159493,298.15
1430.0,62.88108909057233,0.0,0.0,16.50003330784984,1935.6702848805967,298.15
1431.0,62.87960733469161,0.0,0.0,16.06761755195018,1866.7069662043707,298.15
1432.0,62.87812557881089,0.0,0.0,18.366955563507734,1893.3392262681418,298.15
1433.0,62.87664382293017,1.0,80.18490427576893,16.679371336056725,1876.4862902300856,298.15
1434.0,62.87516206704945,0.0,0.0,16.72309844805872,2012.1390960386957,298.15
1435.0,62.873680311168734,1.0,129.86868634240028,16.911504833374853,1713.3892020986727,298.15
1436.0,62.872198555288016,1.0,102.44446080111581,16.274106703180095,1681.6305154004071,298.15
1437.0,62.8707167994073,0.0,0.0,15.899798380370548,1975.7606629177392,298.15
1438.0,62.86923504352658,0.0,0.0,14.100558028047645,1703.5087310385663,298.15
1439.0,62.86775328764586,0.0,0.0,14.151748100290826,1684.4504526016462,298.15
1440.0,62.86627153176514,0.0,0.0,15.93599821341001,2110.9700158589867,298.15
1441.0,62.864789775884425,0.0,0.0,16.25284348647189,2005.1645720286529,298.15
1442.0,62.86330802000371,0.0,0.0,15.342109294468736,2011.3337346690398,298.15
1443.0,62.86182626412299,0.0,0.0,14.580590608418708,1820.1339357251188,298.15
1444.0,62.860344508242264,0.0,0.0,15.172911831574542,2199.667908485808,298.15
1445.0,62.858862752361546,0.0,0.0,15.347737617044539,2144.73683357755,298.15
1446.0,62.85738099648083,0.0,0.0,15.915960317428212,1792.188773949663,298.15
1447.0,62.85589924060011,1.0,81.9214470432918,15.16599852659216,1981.46765717142,298.15
1448.0,62.85441748471939,0.0,0.0,17.434115932008755,1937.5723167845454,298.15
1449.0,62.85293572883867,0.0,0.0,15.441355641344712,1993.057350457088,298.15
1450.0,62.851453972957955,1.0,110.75721139657011,14.640564258810029,2163.15043133071,298.15
1451.0,62.84997221707724,0.0,0.0,15.593903356906253,1942.620283935441,298.15
1452.0,62.84849046119652,1.0,83.64637377364465,14.016139899373353,2146.5719828460974,298.15
1453.0,62.8470087053158,0.0,0.0,19.056710277745935,1738.1966081925298,298.15
1454.0,62.84552694943508,1.0,97.80885929930298,16.94307855616116,1903.7842524021164,298.15
1455.0,62.844045193554365,1.0,129.83632128704787,15.934715542660628,1933.5825080284542,298.15
1456.0,62.84256343767365,0.0,0.0,18.283682632600282,1910.0589622740047,298.15
1457.0,62.84108168179292,0.0,0.0,15.753460795745044,1991.6127644852738,298.15
1458.0,62.839599925912204,0.0,0.0,16.093894308738072,2007.9775080991044,298.15
1459.0,62.838118170031485,0.0,0.0,15.088383032377308,2014.7107326792275,298.15
1460.0,62.83663641415077,0.0,0.0,14.779398898595813,2108.467066095904,298.15
1461.0,62.83515465827005,0.0,0.0,16.69247730735258,2080.458919488478,298.15
1462.0,62.83367290238933,1.0,96.87865366138413,18.130065442293446,1739.577449475637,298.15
1463.0,62.83219114650861,1.0,118.36047603705575,15.096455319672218,1981.3650636642553,298.15
1464.0,62.830709390627895,1.0,120.99447645587603,16.194428108794146,1860.6051659570821,298.15
1465.0,62.82922763474718,0.0,0.0,16.328650633362646,2068.445717339968,298.15
1466.0,62.82774587886646,0.0,0.0,17.967374492523895,2132.4834595255197,298.15
1467.0,62.82626412298574,1.0,101.08789988151389,16.122583894317703,2056.6140908355096,298.15
1468.0,62.82478236710502,0.0,0.0,18.099260112146347,2208.0685963453902,298.15
1469.0,62.8233006112243,0.0,0.0,18.121675132560107,2026.4971599065761,298.15
1470.0,62.82181885534358,0.0,0.0,16.00193177821662,2054.3430694376843,298.15
1471.0,62.82033709946286,0.0,0.0,16.677569027201013,1775.9712310485058,298.15
1472.0,62.81885534358214,0.0,0.0,17.361811159835927,1881.5248459672227,298.15
1473.0,62.817373587701425,0.0,0.0,16.621666089141073,1978.5435202659671,298.15
1474.0,62.81589183182071,0.0,0.0,15.978103688499264,1907.7678585858368,298.15
1475.0,62.81441007593999,0.0,0.0,19.871856296782543,1716.5197729437393,298.15
1476.0,62.81292832005927,0.0,0.0,14.738998184670816,1703.7467601034043,298.15
1477.0,62.81144656417855,1.0,105.57007118803237,18.056017295481467,1559.0852104934418,298.15
1478.0,62.809964808297835,1.0,106.72635307011195,19.9600771589866,1874.5208314835652,298.15
1479.0,62.80848305241712,1.0,103.33072517142239,16.581974754894432,1651.8883004190293,298.15
1480.0,62.8070012965364,1.0,104.01129887922622,18.008478307602925,1894.6422247156584,298.15
1481.0,62.80551954065568,1.0,116.60185053672527,19.506879247514888,1889.6601253318393,298.15
1482.0,62.804037784774955,0.0,0.0,13.291429150755855,1801.186906609441,298.15
1483.0,62.80255602889424,0.0,0.0,18.176512949406057,1813.7591663866706,298.15
1484.0,62.80107427301352,0.0,0.0,15.840004698011164,1893.6581477061197,298.15
1485.0,62.7995925171328,1.0,90.51038184265504,19.99626066660691,1899.5038404708632,298.15
1486.0,62.79811076125208,0.0,0.0,17.286951895777523,1378.290531948454,298.15
1487.0,62.796629005371365,0.0,0.0,21.510521535993462,1804.356496689366,298.15
1488.0,62.79514724949065,0.0,0.0,17.2286581498374,1757.1161608125446,298.15
1489.0,62.79366549360993,0.0,0.0,19.57768665904694,1713.756448660066,298.15
1490.0,62.79218373772921,1.0,122.68406434408118,17.558224658733465,1725.4640494253022,298.15
1491.0,62.79070198184849,1.0,104.98599005437546,18.68341735373515,1592.1701693675363,298.15
1492.0,62.789220225967775,1.0,113.3922995824523,19.159336028714517,1264.7604748626356,298.15
1493.0,62.787738470087056,1.0,80.97417593600905,19.310859009114942,1518.2318882747952,298.15
1494.0,62.78625671420633,0.0,0.0,22.02109568707929,1319.4722450047302,298.15
1495.0,62.78477495832561,1.0,92.04758574754831,21.761099442599793,1330.442361599175,298.15
1496.0,62.783293202444895,1.0,123.34343029567086,18.38260260632361,1723.1060842581207,298.15
1497.0,62.78181144656418,0.0,0.0,19.75460632776643,1465.3533318505429,298.15
1498.0,62.78032969068346,1.0,85.4643449856055,17.92868167348685,1571.7180526426016,298.15
1499.0,62.77884793480274,0.0,0.0,17.669143285730716,1516.3620436462907,298.15
1500.0,62.77736617892202,0.0,0.0,18.932943486530828,1700.8244833595336,298.15
1501.0,62.775884423041305,0.0,0.0,22.7980424166843,1495.5010492710903,298.15
1502.0,62.77440266716059,0.0,0.0,17.509229330376396,1378.9725473954127,298.15
1503.0,62.77292091127987,1.0,129.34082485620672,21.23603983637925,1675.0809517377868,298.15
1504.0,62.77143915539915,0.0,0.0,21.154925044508314,1362.519182804601,298.15
1505.0,62.76995739951843,0.0,0.0,19.333505561987916,1484.3683172922963,298.15
1506.0,62.768475643637714,1.0,108.21361958602962,21.658643375574357,1480.964994120306,298.15
1507.0,62.76699388775699,1.0,120.28245643045649,21.755101801490813,1204.628857390865,298.15
1508.0,62.76551213187627,0.0,0.0,20.773889853590198,1513.7255952901082,298.15
1509.0,62.76403037599555,1.0,80.253586882487,20.696282803192087,1563.598260807688,298.15
1510.0,62.762548620114835,0.0,0.0,20.646733842490242,1175.4356657763944,298.15
1511.0,62.76106686423412,0.0,0.0,19.79146738165364,1335.0626223761144,298.15
1512.0,62.7595851083534,0.0,0.0,21.508075309896324,1516.9193974831915,298.15
1513.0,62.75810335247268,0.0,0.0,20.536419072761234,1057.6220238058022,298.15
1514.0,62.75662159659196,1.0,100.17530109088258,21.70359833428891,1381.3951245187188,298.15
1515.0,62.755139840711244,0.0,0.0,20.56899187700146,1085.6268710195081,298.15
1516.0,62.753658084830526,0.0,0.0,20.592688455809853,1211.1977853376677,298.15
1517.0,62.75217632894981,0.0,0.0,20.87127834823268,1213.8121020178025,298.15
1518.0,62.75069457306909,0.0,0.0,23.87104629441254,1055.366391509207,298.15
1519.0,62.749212817188365,1.0,85.23661657472907,19.733755722714374,1082.3533710640884,298.15
1520.0,62.74773106130765,1.0,116.92456799768536,24.869816936871295,1195.206774858566,298.15
1521.0,62.74624930542693,0.0,0.0,23.357826922785044,1400.0648695150153,298.15
1522.0,62.74476754954621,0.0,0.0,19.722327716917505,1253.435041158793,298.15
1523.0,62.74328579366549,0.0,0.0,21.39120356359377,923.4705662932834,298.15
1524.0,62.741804037784775,0.0,0.0,19.812607986195538,1227.5827231592752,298.15
1525.0,62.74032228190406,0.0,0.0,23.53496797891482,1152.597643123354,298.15
1526.0,62.73884052602334,0.0,0.0,24.632767265294124,1040.5557928130168,298.15
1527.0,62.73735877014262,0.0,0.0,23.04584207899188,1059.3573702332105,298.15
1528.0,62.7358770142619,0.0,0.0,24.717442837730108,1189.3765125851749,298.15
1529.0,62.734395258381184,0.0,0.0,23.147444777152376,869.1225737210228,298.15
1530.0,62.732913502500466,0.0,0.0,24.492492707954945,998.4500747874084,298.15
1531.0,62.73143174661975,0.0,0.0,23.490157380467867,914.6417823702819,298.15
1532.0,62.72994999073902,0.0,0.0,23.128208430689348,957.9616286663365,298.15
1533.0,62.728468234858305,0.0,0.0,24.424983870085935,1119.0311833960839,298.15
1534.0,62.72698647897759,0.0,0.0,23.016989373190214,1069.161159453481,298.15
1535.0,62.72550472309687,0.0,0.0,25.676759964987077,1155.175087388209,298.15
1536.0,62.72402296721615,1.0,98.4378287913566,22.918002172643416,709.5545032178717,298.15
1537.0,62.72254121133543,1.0,123.45337772621204,24.405774622876027,1000.6363155700259,298.15
1538.0,62.721059455454714,0.0,0.0,22.44169736009073,1019.0735458633302,298.15
1539.0,62.719577699573996,0.0,0.0,21.127724718431153,783.8210595373391,298.15
1540.0,62.71809594369328,0.0,0.0,24.288450304115752,921.2146334068692,298.15
1541.0,62.71661418781256,0.0,0.0,20.898597978324215,1016.6597745705194,298.15
1542.0,62.71513243193184,0.0,0.0,27.29122953191355,1063.8161257423963,298.15
1543.0,62.713650676051124,0.0,0.0,23.351807914231447,1064.1424646607475,298.15
1544.0,62.7121689201704,0.0,0.0,23.858219880110266,713.1780593909973,298.15
1545.0,62.71068716428968,1.0,119.78545127867434,23.54903019082302,911.6196195917297,298.15
1546.0,62.70920540840896,0.0,0.0,24.33098376155208,774.4987945666204,298.15
1547.0,62.707723652528244,1.0,110.90694575717224,24.708902949830097,1001.3393639426075,298.15
1548.0,62.706241896647526,0.0,0.0,22.877834435217782,936.3325565310639,298.15
1549.0,62.70476014076681,0.0,0.0,20.190240015880406,906.4500041878201,298.15
1550.0,62.70327838488609,0.0,0.0,22.568883323561746,1475.0764928089359,298.15
1551.0,62.70179662900537,0.0,0.0,23.605133122801828,842.4716054891259,298.15
1552.0,62.700314873124654,1.0,126.20966856500576,24.879374243768776,998.5093062464543,298.15
1553.0,62.698833117243936,0.0,0.0,24.77224846994018,1074.0059464164692,298.15
1554.0,62.69735136136322,1.0,90.91998461564661,25.72929587102881,1057.626323253832,298.15
1555.0,62.6958696054825,0.0,0.0,21.939054774871295,1092.9205973307505,298.15
1556.0,62.69438784960178,1.0,121.05055503941982,23.180904290096702,1062.1593063663304,298.15
1557.0,62.69290609372106,0.0,0.0,23.943354798651697,962.4882103890104,298.15
1558.0,62.69142433784034,1.0,108.55916880767941,27.12499214848985,1017.3651401391123,298.15
1559.0,62.68994258195962,0.0,0.0,29.07470221514825,921.4515441893108,298.15
1560.0,62.6884608260789,0.0,0.0,22.59776395160583,913.1624696566555,298.15
1561.0,62.686979070198184,0.0,0.0,26.533194677734713,831.8229567376981,298.15
1562.0,62.685497314317466,0.0,0.0,24.954840826652767,1153.246583458381,298.15
1563.0,62.68401555843675,0.0,0.0,25.73280826635511,1206.6991909486599,298.15
1564.0,62.68253380255603,0.0,0.0,22.748860957854113,959.5071172403386,298.15
1565.0,62.68105204667531,0.0,0.0,27.058821633992746,1042.8745882720093,298.15
1566.0,62.679570290794594,0.0,0.0,21.35768365224053,1301.815122000389,298.15
1567.0,62.678088534913876,0.0,0.0,22.826458440269082,1237.9110649462618,298.15
1568.0,62.67660677903316,1.0,115.53249292769434,24.51470699795881,1211.4951190441352,298.15
1569.0,62.67512502315243,0.0,0.0,24.011392532654824,1126.8596302141589,298.15
1570.0,62.673643267271714,0.0,0.0,25.01393250425444,1001.3143192909314,298.15
1571.0,62.672161511390996,1.0,106.0301839247308,23.886939019176918,1027.6176446094094,298.15
1572.0,62.67067975551028,0.0,0.0,24.419509088510008,1150.025926310499,298.15
1573.0,62.66919799962956,0.0,0.0,24.70056967587335,1190.7239431539479,298.15
1574.0,62.66771624374884,0.0,0.0,24.64155580117006,990.1829680671987,298.15
1575.0,62.666234487868124,1.0,105.62693089482423,25.23773175173367,1333.366032823842,298.15
1576.0,62.664752731987406,0.0,0.0,26.432638078388933,1368.8546020620997,298.15
1577.0,62.66327097610669,0.0,0.0,23.789900089203282,1288.4315589826876,298.15
1578.0,62.66178922022597,1.0,86.12571762019266,27.146446674143515,1406.8189203803834,298.15
1579.0,62.66030746434525,0.0,0.0,25.061150477719714,1289.2842736251357,298.15
1580.0,62.65882570846453,0.0,0.0,26.990277419668757,1247.230156507799,298.15
1581.0,62.657343952583815,0.0,0.0,24.412561027201047,1226.6406282246946,298.15
1582.0,62.65586219670309,1.0,83.29883380840765,23.560379016281367,1184.5454236479925,298.15
1583.0,62.65438044082237,1.0,97.21618279094447,25.058349843789742,1244.6995017256882,298.15
1584.0,62.652898684941654,0.0,0.0,29.013679404208766,1102.9941314593727,298.15
1585.0,62.651416929060936,0.0,0.0,22.706483020166434,1260.4645529563838,298.15
1586.0,62.64993517318022,0.0,0.0,25.95161365493476,1111.8581551286964,298.15
1587.0,62.6484534172995,0.0,0.0,25.126840739635636,1181.3029037027907,298.15
1588.0,62.64697166141878,0.0,0.0,25.46221738087742,1500.2204642322674,298.15
1589.0,62.645489905538064,0.0,0.0,22.857389645031677,1507.9563547897558,298.15
1590.0,62.644008149657346,0.0,0.0,25.48669697568242,1219.9066260802717,298.15
1591.0,62.64252639377663,0.0,0.0,25.194584695286313,1491.0200907347887,298.15
1592.0,62.64104463789591,1.0,100.0047804452001,22.31271113940192,1287.3986098980258,298.15
1593.0,62.63956288201519,1.0,85.6259246801134,24.858877724898125,1291.3484607054427,298.15
1594.0,62.638081126134466,1.0,88.241381748236,24.22057233476212,1615.15522215445,298.15
1595.0,62.63659937025375,0.0,0.0,24.00157359873809,1257.625036359023,298.15
1596.0,62.63511761437303,0.0,0.0,24.45112337507769,1169.2374445041173,298.15
1597.0,62.63363585849231,1.0,87.50806155559583,26.21883592590877,1353.1200710934095,298.15
1598.0,62.632154102611594,0.0,0.0,25.164047475075932,1378.314392556944,298.15
1599.0,62.630672346730876,0.0,0.0,22.712103292164944,1428.3301873251798,298.15
1600.0,62.62919059085016,1.0,109.8327016911094,25.125499298117006,1241.892944084286,298.15
1601.0,62.62770883496944,1.0,85.21969312975742,24.205926618018992,1568.3952858412076,298.15
1602.0,62.62622707908872,0.0,0.0,23.235646106091416,1815.858460309279,298.15
1603.0,62.624745323208,0.0,0.0,22.181105402824723,1592.2960279695671,298.15
1604.0,62.623263567327285,0.0,0.0,25.396936747935797,1529.4781483966026,298.15
1605.0,62.62178181144657,0.0,0.0,23.132300672390233,1678.440859150318,298.15
1606.0,62.62030005556585,1.0,81.32337735842789,25.435565655405902,1604.9292036257891,298.15
1607.0,62.618818299685124,0.0,0.0,22.19601803816141,1617.636232634137,298.15
1608.0,62.617336543804406,0.0,0.0,27.044201759679535,1611.997850354125,298.15
1609.0,62.61585478792369,0.0,0.0,27.998943001345108,1672.1298152678935,298.15
1610.0,62.61437303204297,0.0,0.0,24.583385297463735,1592.8883894302412,298.15
1611.0,62.61289127616225,0.0,0.0,25.719128454340886,1425.1280404848735,298.15
1612.0,62.61140952028153,1.0,125.73136273001447,22.846924755755996,1961.3742812537432,298.15
1613.0,62.609927764400815,1.0,83.07306505386433,22.614641135120877,1778.071105010502,298.15
1614.0,62.6084460085201,0.0,0.0,25.333236342283357,1607.6548031331636,298.15
1615.0,62.60696425263938,0.0,0.0,23.58789778258705,1779.6682107647684,298.15
1616.0,62.60548249675866,0.0,0.0,21.07185634053737,1571.3801591220947,298.15
1617.0,62.60400074087794,0.0,0.0,23.31077976720649,1811.5846049379863,298.15
1618.0,62.602518984997225,1.0,107.25688104505025,21.15074286308568,1879.29216081652,298.15
1619.0,62.6010372291165,1.0,102.66254780775358,22.72674531328977,1935.9828566169958,298.15
1620.0,62.59955547323578,1.0,129.40247147047324,24.617047225864127,1879.2122501600493,298.15
1621.0,62.598073717355064,0.0,0.0,25.18863029962717,1777.9611276720964,298.15
1622.0,62.596591961474346,0.0,0.0,23.20899819793006,1972.3459783834355,298.15
1623.0,62.59511020559363,0.0,0.0,24.819985480568963,1747.8543906948426,298.15
1624.0,62.59362844971291,1.0,101.5535148080049,21.85422911239789,1887.0112902739263,298.15
1625.0,62.59214669383219,0.0,0.0,25.22110849559303,1744.1273066621545,298.15
1626.0,62.59066493795147,1.0,127.26511502708115,21.2520518104239,1898.9501966336995,298.15
1627.0,62.589183182070755,0.0,0.0,21.021761238486896,2099.177949775296,298.15
1628.0,62.58770142619004,1.0,103.14235811641174,21.48574625659837,2001.184552567587,298.15
1629.0,62.58621967030932,0.0,0.0,20.93298818720848,2033.3864266099727,298.15
1630.0,62.5847379144286,0.0,0.0,22.8615552236944,2071.5631703105905,298.15
1631.0,62.58325615854788,0.0,0.0,23.941193105130914,1903.0196979093919,298.15
1632.0,62.58177440266716,1.0,115.22874362130335,21.865436136307125,1791.2102983072893,298.15
1633.0,62.58029264678644,1.0,83.88554050830226,22.24094017091458,1652.3321703422591,298.15
1634.0,62.57881089090572,1.0,110.81526849637667,19.432436715200655,1775.548617296725,298.15
1635.0,62.577329135025,0.0,0.0,21.699105475176623,1963.0542120709538,298.15
1636.0,62.575847379144285,1.0,90.70910502220461,24.278341206480885,1647.4786822424542,298.15
1637.0,62.57436562326357,0.0,0.0,23.604906831088442,1985.4339985069682,298.15
1638.0,62.57288386738285,0.0,0.0,19.491807891378684,2038.9738321195682,298.15
1639.0,62.57140211150213,1.0,102.61185922695597,20.440723305332646,1735.8132139698107,298.15
1640.0,62.56992035562141,0.0,0.0,26.490012989183576,2107.4133061234115,298.15
1641.0,62.568438599740695,0.0,0.0,21.605867262654733,1916.9335310423878,298.15
1642.0,62.56695684385998,0.0,0.0,23.25833486160964,1738.9942960275962,298.15
1643.0,62.56547508797926,1.0,82.26340239756368,23.280453050321167,1734.0345502187056,298.15
1644.0,62.56399333209853,1.0,96.0098317756389,18.84148747890245,1982.7980544024765,298.15
1645.0,62.562511576217815,0.0,0.0,21.680848108408817,2006.5661216645765,298.15
1646.0,62.5610298203371,1.0,127.42787107510435,20.71804932567103,1993.8413980655278,298.15
1647.0,62.55954806445638,0.0,0.0,23.100622458582066,2153.327376445823,298.15
1648.0,62.55806630857566,0.0,0.0,23.348824649030252,2008.3248155184876,298.15
1649.0,62.55658455269494,0.0,0.0,18.773875947394814,1912.6915557756506,298.15
1650.0,62.555102796814225,0.0,0.0,25.506431353342464,1951.9272215012077,298.15
1651.0,62.55362104093351,0.0,0.0,20.16573726293091,2161.9826011373116,298.15
1652.0,62.55213928505279,0.0,0.0,20.802295553312838,1830.9273754775359,298.15
1653.0,62.55065752917207,0.0,0.0,15.44245321626828,2021.6338889771393,298.15
1654.0,62.54917577329135,0.0,0.0,21.194905523151537,2026.8163864754365,298.15
1655.0,62.547694017410635,0.0,0.0,16.030722143863038,2147.2691417009128,298.15
1656.0,62.54621226152992,0.0,0.0,19.143050784088775,2007.8973047014185,298.15
1657.0,62.54473050564919,0.0,0.0,18.38496388794049,1844.4722459125694,298.15
1658.0,62.54324874976847,1.0,110.2632484482219,19.911954628044207,2013.118408104513,298.15
1659.0,62.541766993887755,1.0,90.51477771299106,19.35001494356965,2088.04521680989,298.15
1660.0,62.54028523800704,1.0,99.96186259036605,19.899545321942963,1996.493012380177,298.15
1661.0,62.53880348212632,1.0,91.55683199873506,20.85173764448855,2134.8989487124795,298.15
1662.0,62.5373217262456,0.0,0.0,17.150204183559044,1768.8738741157943,298.15
1663.0,62.53583997036488,1.0,96.8994320819157,18.328351549005838,1935.2402277796334,298.15
1664.0,62.534358214484165,0.0,0.0,17.202143789843177,1953.3142992510184,298.15
1665.0,62.53287645860345,0.0,0.0,16.981783481369245,2061.3664502981183,298.15
1666.0,62.53139470272273,0.0,0.0,21.447970238639027,2073.077029718383,298.15
1667.0,62.52991294684201,0.0,0.0,16.226862823462138,1934.0057004988644,298.15
1668.0,62.52843119096129,1.0,123.43616346082118,16.8440283288776,1868.0335351139438,298.15
1669.0,62.52694943508057,1.0,97.58408241589414,21.57324054030375,1941.7569991583325,298.15
1670.0,62.52546767919985,1.0,119.04843021289685,17.763379392537612,1733.4156730214804,298.15
1671.0,62.52398592331913,1.0,81.63061616522076,17.767985996286683,1821.6853389597059,298.15
1672.0,62.52250416743841,0.0,0.0,18.417659661144864,1970.7531988823039,298.15
1673.0,62.521022411557695,0.0,0.0,15.755623339897245,1928.0922524173955,298.15
1674.0,62.51954065567698,0.0,0.0,16.115920265101728,1765.1420776340865,298.15
1675.0,62.51805889979626,0.0,0.0,16.5134114635144,1736.2737252337815,298.15
1676.0,62.51657714391554,0.0,0.0,19.077419662852286,1722.360595030464,298.15
1677.0,62.51509538803482,0.0,0.0,18.395372523945333,1721.0766366354485,298.15
1678.0,62.513613632154104,0.0,0.0,16.22464805135642,1840.8035752714818,298.15
1679.0,62.512131876273386,0.0,0.0,16.932815985201593,1986.6308242379378,298.15
1680.0,62.51065012039267,0.0,0.0,18.308175486884394,1992.2046803115454,298.15
1681.0,62.50916836451195,1.0,84.39915203882438,13.161235653457329,1642.761591075872,298.15
1682.0,62.507686608631225,0.0,0.0,17.377858321884975,1817.406398040777,298.15
1683.0,62.50620485275051,1.0,117.30799406389437,18.02560456090078,1796.7797195145977,298.15
1684.0,62.50472309686979,1.0,122.23146893285406,15.26340302775295,1772.650555691184,298.15
1685.0,62.50324134098907,0.0,0.0,17.69454798807414,1580.4739279633168,298.15
1686.0,62.50175958510835,0.0,0.0,16.601265843766196,1601.5618641286183,298.15
1687.0,62.500277829227635,0.0,0.0,19.3987988131363,1750.3064050043258,298.15
1688.0,62.49879607334692,0.0,0.0,15.590736200544725,1626.3409426371543,298.15
1689.0,62.4973143174662,0.0,0.0,17.300585924493582,1682.9496535235799,298.15
1690.0,62.49583256158548,0.0,0.0,13.932319183169007,1502.4661008210787,298.15
1691.0,62.49435080570476,0.0,0.0,16.335344738798646,1566.0530592096277,298.15
1692.0,62.492869049824044,0.0,0.0,17.451908238701996,1424.2539480133455,298.15
1693.0,62.49138729394332,1.0,123.8508141778197,15.240885246108242,1648.7174060350549,298.15
1694.0,62.4899055380626,1.0,84.95152559784715,17.8087016624536,1541.4645935304875,298.15
1695.0,62.48842378218188,0.0,0.0,17.42722659525315,1618.07653926559,298.15
1696.0,62.486942026301165,0.0,0.0,16.124369903007075,1507.6751476998213,298.15
1697.0,62.48546027042045,0.0,0.0,15.401367159920886,1582.4037030959985,298.15
1698.0,62.48397851453973,0.0,0.0,10.84399684213859,1802.1681295668945,298.15
1699.0,62.48249675865901,0.0,0.0,14.685380114894159,1437.1388390813308,298.15
1700.0,62.48101500277829,0.0,0.0,17.431165403126876,1573.716940085086,298.15
1701.0,62.479533246897574,0.0,0.0,15.181025528083257,1385.3996990752396,298.15
1702.0,62.478051491016856,1.0,126.56660312356549,16.291994523029157,1448.7977128619236,298.15
1703.0,62.47656973513614,0.0,0.0,14.779044936143777,1523.8843893379346,298.15
1704.0,62.47508797925542,0.0,0.0,13.19287447736639,1479.8202215939627,298.15
1705.0,62.4736062233747,0.0,0.0,16.62886751803756,1525.4059919378774,298.15
1706.0,62.472124467493984,0.0,0.0,13.425365267214268,1549.7747445594296,298.15
1707.0,62.47064271161326,1.0,118.50860623403955,14.93151160423853,1490.6474542801525,298.15
1708.0,62.46916095573254,0.0,0.0,15.89656472180962,1513.6911375641653,298.15
1709.0,62.46767919985182,0.0,0.0,14.192920395288604,1392.4550368248374,298.15
1710.0,62.466197443971105,0.0,0.0,17.75729895383512,1236.2028394859851,298.15
1711.0,62.464715688090386,0.0,0.0,18.369094462812324,1450.7288936995574,298.15
1712.0,62.46323393220967,1.0,111.0369019840679,13.888895858096484,1258.7281468674096,298.15
1713.0,62.46175217632895,1.0,81.10494120066876,13.924602710609667,1405.5126656485963,298.15
1714.0,62.46027042044823,0.0,0.0,14.430503661481934,1098.8547529015334,298.15
1715.0,62.458788664567514,0.0,0.0,16.954139361391643,1219.638694643901,298.15
1716.0,62.457306908686796,1.0,92.01184109647174,15.866057576285398,1155.4431447298168,298.15
1717.0,62.45582515280608,0.0,0.0,16.271607336835455,1304.3486821680817,298.15
1718.0,62.45434339692535,0.0,0.0,17.15815968874006,1145.5208916167492,298.15
1719.0,62.452861641044635,0.0,0.0,13.590531668066703,1216.67364510885,298.15
1720.0,62.45137988516392,0.0,0.0,15.831774488326456,1184.3076609671036,298.15
1721.0,62.4498981292832,0.0,0.0,15.09964194436986,1347.5300725905472,298.15
1722.0,62.44841637340248,0.0,0.0,15.698019125568031,1251.9152394518628,298.15
1723.0,62.44693461752176,0.0,0.0,16.843015073031015,1212.802659548606,298.15
1724.0,62.445452861641044,0.0,0.0,14.75836707123477,1160.7780127393935,298.15
1725.0,62.443971105760326,0.0,0.0,13.885202933359288,1031.383262232712,298.15
1726.0,62.44248934987961,0.0,0.0,13.31933424469847,1004.0104244580365,298.15
1727.0,62.44100759399889,0.0,0.0,17.81108157246371,1166.530012607625,298.15
1728.0,62.43952583811817,0.0,0.0,14.942628191523596,902.6329188058014,298.15
1729.0,62.438044082237454,1.0,91.39116629120778,12.828976354872129,1099.2783225261664,298.15
1730.0,62.436562326356736,0.0,0.0,17.240176616646067,1111.587872786114,298.15
1731.0,62.43508057047602,0.0,0.0,12.303535734924274,874.8597089272057,298.15
1732.0,62.43359881459529,0.0,0.0,12.573772048718226,1069.408210380062,298.15
1733.0,62.432117058714574,0.0,0.0,14.564437148441726,1070.5691580337125,298.15
1734.0,62.430635302833856,0.0,0.0,14.213619677985134,1373.6515007984985,298.15
1735.0,62.42915354695314,0.0,0.0,15.608353911254245,1055.909751241019,298.15
1736.0,62.42767179107242,1.0,97.23303587431957,12.049920965872639,1178.8652812323153,298.15
1737.0,62.4261900351917,1.0,111.49007968115313,15.678801838372188,1108.1022357479883,298.15
1738.0,62.424708279310984,1.0,122.13933385776915,17.229640539841046,1073.8062935198766,298.15
1739.0,62.423226523430266,0.0,0.0,13.642341140454647,1154.0572958050536,298.15
1740.0,62.42174476754955,0.0,0.0,14.639332546104068,807.9797742316507,298.15
1741.0,62.42026301166883,1.0,112.51319921631986,13.995634355276607,1006.5604567136959,298.15
1742.0,62.41878125578811,0.0,0.0,15.82620246917469,1057.9104853663803,298.15
1743.0,62.41729949990739,0.0,0.0,13.630375339481692,867.6649491879186,298.15
1744.0,62.41581774402667,1.0,127.58949597339858,13.469410292583516,1001.8494438569983,298.15
1745.0,62.41433598814595,0.0,0.0,15.190502723029454,1020.2648803164799,298.15
1746.0,62.41285423226523,0.0,0.0,16.01511557923121,978.6373331667895,298.15
1747.0,62.411372476384514,0.0,0.0,15.762222981731096,869.093677331802,298.15
1748.0,62.409890720503796,0.0,0.0,14.865628246854792,887.9190977166281,298.15
1749.0,62.40840896462308,1.0,81.42741145269574,16.687793667426455,952.147851668191,298.15
1750.0,62.40692720874236,0.0,0.0,16.038457333766605,1057.6938443060437,298.15
1751.0,62.40544545286164,0.0,0.0,13.852466217476236,1014.5107823843591,298.15
1752.0,62.403963696980924,1.0,87.0533198102723,11.496985035856966,1030.876467315971,298.15
1753.0,62.402481941100206,0.0,0.0,16.669995339297813,967.535708097111,298.15
1754.0,62.40100018521949,0.0,0.0,15.483731908181927,877.8810750430101,298.15
1755.0,62.39951842933877,1.0,123.81914304264109,14.178997690864007,960.1277301962596,298.15
1756.0,62.39803667345805,0.0,0.0,18.617931083481288,883.9338688554146,298.15
1757.0,62.396554917577326,1.0,114.46054849596075,18.66532563056651,557.8525407928666,298.15
1758.0,62.39507316169661,0.0,0.0,18.185129446017978,1013.6765149483618,298.15
1759.0,62.39359140581589,1.0,112.06167218988313,16.57692411044514,980.8122277954404,298.15
1760.0,62.39210964993517,0.0,0.0,11.221302384168222,1209.9520948689415,298.15
1761.0,62.390627894054454,0.0,0.0,18.235583679813573,1132.9153023648987,298.15
1762.0,62.389146138173736,0.0,0.0,14.95475019193912,1106.537098640375,298.15
1763.0,62.38766438229302,0.0,0.0,15.607029415636939,891.1965290347512,298.15
1764.0,62.3861826264123,1.0,80.89833719515983,18.016015223748703,1200.5356478751407,298.15
1765.0,62.38470087053158,1.0,105.94445445167295,19.90524930407835,1075.6807257212274,298.15
1766.0,62.38321911465086,0.0,0.0,19.198624728797583,1008.2786841998129,298.15
1767.0,62.381737358770145,0.0,0.0,17.08913538598557,952.1997726623412,298.15
1768.0,62.38025560288942,1.0,101.62401951203765,18.076587232423705,979.5943657656198,298.15
1769.0,62.3787738470087,0.0,0.0,15.207844787571569,1047.9758160549072,298.15
1770.0,62.377292091127984,1.0,124.45150447767764,14.464925241024929,941.484372582625,298.15
1771.0,62.375810335247266,1.0,86.28492776818852,18.87438900881562,1110.6713041409896,298.15
1772.0,62.37432857936655,0.0,0.0,17.749184823175263,1089.961726546976,298.15
1773.0,62.37284682348583,1.0,127.97794918991784,15.003559751210723,1227.9341941458401,298.15
1774.0,62.37136506760511,0.0,0.0,17.33306804273185,1113.1328384722658,298.15
1775.0,62.369883311724394,0.0,0.0,18.487117023753278,873.3039546753805,298.15
1776.0,62.368401555843676,1.0,98.66800110427232,19.042087435096935,1111.296423017429,298.15
1777.0,62.36691979996296,0.0,0.0,18.688592852083065,999.981176726354,298.15
1778.0,62.36543804408224,1.0,96.28436416768203,17.19573444468982,1091.793345977152,298.15
1779.0,62.36395628820152,0.0,0.0,16.513772276459477,1051.964226815791,298.15
1780.0,62.3624745323208,0.0,0.0,18.153709639359,1519.626415815127,298.15
1781.0,62.360992776440085,0.0,0.0,19.34584747417768,1167.9812552938668,298.15
1782.0,62.35951102055936,1.0,98.35439781851228,19.607774449665154,1339.724148460546,298.15
1783.0,62.35802926467864,0.0,0.0,20.785659748612723,1199.5237222918506,298.15
1784.0,62.356547508797924,0.0,0.0,18.411673654442325,1225.0947634211425,298.15
1785.0,62.355065752917206,0.0,0.0,16.67846404317842,1201.7213936928324,298.15
1786.0,62.35358399703649,0.0,0.0,20.293238263433754,1182.7013933290636,298.15
1787.0,62.35210224115577,0.0,0.0,18.788157967696886,1200.2031487011984,298.15
1788.0,62.35062048527505,0.0,0.0,16.704231273915543,1372.1084935092226,298.15
1789.0,62.34913872939433,1.0,112.05108179822517,19.856195136411948,1321.6501273646452,298.15
1790.0,62.347656973513615,0.0,0.0,21.21944003215851,1544.862811958466,298.15
1791.0,62.3461752176329,0.0,0.0,19.675936885390268,1327.4719234926617,298.15
1792.0,62.34469346175218,1.0,84.97899942265597,21.44467657173961,1334.215974577322,298.15
1793.0,62.343211705871454,0.0,0.0,18.494358996184204,1397.0299447694042,298.15
1794.0,62.341729949990736,1.0,112.29702309533076,18.209269557962525,1497.1875219014532,298.15
1795.0,62.34024819411002,0.0,0.0,20.84459516919708,1439.1860543142222,298.15
1796.0,62.3387664382293,0.0,0.0,19.01720593849923,1639.192213365611,298.15
1797.0,62.33728468234858,0.0,0.0,21.6143734013483,1839.6429639108392,298.15
1798.0,62.33580292646786,0.0,0.0,20.06384756295877,1591.4895426509443,298.15
1799.0,62.334321170587145,0.0,0.0,21.845221948288753,1540.6947716749805,298.15
1800.0,62.33283941470643,0.0,0.0,21.010031617235555,1199.8720916430382,298.15
1801.0,62.33135765882571,0.0,0.0,18.66462457610785,1723.4267516284567,298.15
1802.0,62.32987590294499,0.0,0.0,17.022948531880022,1715.4882887071788,298.15
1803.0,62.32839414706427,1.0,110.05135860756332,21.565053902384925,1777.2449905739618,298.15
1804.0,62.326912391183555,0.0,0.0,21.32262990873941,1682.1111796854877,298.15
1805.0,62.32543063530284,0.0,0.0,18.893898601455337,1435.8304013065135,298.15
1806.0,62.32394887942212,0.0,0.0,21.904391103302583,1448.9095917790753,298.15
1807.0,62.322467123541394,1.0,121.76787929834191,22.955392213673345,1445.5023145923733,298.15
1808.0,62.320985367660676,1.0,87.88318902491672,19.7021355727946,1636.4003653236482,298.15
1809.0,62.31950361177996,1.0,114.21788730845722,17.84325921588599,1534.3365188450093,298.15
1810.0,62.31802185589924,0.0,0.0,22.59255179520178,1783.358890802582,298.15
1811.0,62.31654010001852,0.0,0.0,23.177629344325574,1583.5984648795177,298.15
1812.0,62.3150583441378,0.0,0.0,20.069232935294337,1635.1917539957308,298.15
1813.0,62.313576588257085,0.0,0.0,22.58300582427183,1738.2255486218096,298.15
1814.0,62.31209483237637,0.0,0.0,21.97574575607749,1641.1735032051952,298.15
1815.0,62.31061307649565,0.0,0.0,21.36983108013977,1590.7791982531464,298.15
1816.0,62.30913132061493,0.0,0.0,22.573236314352325,1468.9330978884018,298.15
1817.0,62.30764956473421,0.0,0.0,20.939564078626287,1894.138823898691,298.15
1818.0,62.30616780885349,0.0,0.0,20.07847745554039,1629.7372371283511,298.15
1819.0,62.30468605297277,0.0,0.0,22.58692203167844,1723.55683825423,298.15
1820.0,62.30320429709205,1.0,97.98894487536393,22.462682596595453,1738.2431351436685,298.15
1821.0,62.30172254121133,0.0,0.0,18.053911399890175,1497.3017815641174,298.15
1822.0,62.300240785330615,1.0,104.14906180616116,20.333332991937908,1861.7425479876613,298.15
1823.0,62.2987590294499,1.0,123.77392730494209,21.24095768405254,2041.4052390084069,298.15
1824.0,62.29727727356918,1.0,80.8958670419313,23.248645261174687,1986.210025995709,298.15
1825.0,62.29579551768846,0.0,0.0,20.063841091047156,1797.1354766582524,298.15
1826.0,62.29431376180774,0.0,0.0,22.078735079123273,2022.6695698274684,298.15
1827.0,62.292832005927025,0.0,0.0,25.77940246905299,1614.9754568432427,298.15
1828.0,62.29135025004631,1.0,114.53329322027855,22.873829695532088,2010.0825246403645,298.15
1829.0,62.28986849416559,0.0,0.0,23.060112477314497,1785.418695104166,298.15
1830.0,62.28838673828487,1.0,82.07974026230468,22.84131612556755,2049.72307168007,298.15
1831.0,62.28690498240415,0.0,0.0,24.594282366652166,1918.8808464384126,298.15
1832.0,62.28542322652343,1.0,90.43190417894674,23.17251471904243,1741.539543307055,298.15
1833.0,62.28394147064271,0.0,0.0,22.835280013854685,1967.4434504642575,298.15
1834.0,62.28245971476199,0.0,0.0,23.51060973854563,1938.2958959788589,298.15
1835.0,62.28097795888127,0.0,0.0,25.466856573395766,1981.2483359810517,298.15
1836.0,62.279496203000555,0.0,0.0,24.066031972852077,1832.1115114405532,298.15
1837.0,62.27801444711984,0.0,0.0,23.590281290640743,1783.2044719259861,298.15
1838.0,62.27653269123912,0.0,0.0,25.45651667937955,2056.9309373944516,298.15
1839.0,62.2750509353584,0.0,0.0,22.809363336477823,1960.3711566620032,298.15
1840.0,62.27356917947768,0.0,0.0,18.592430947009234,2061.4280899340843,298.15
1841.0,62.272087423596965,0.0,0.0,24.50135818348906,2063.3297254073036,298.15
1842.0,62.27060566771625,0.0,0.0,24.55029739914099,2090.4841423840967,298.15
1843.0,62.26912391183552,1.0,110.09283308685367,22.92290838796579,2230.7342407525157,298.15
1844.0,62.2676421559548,0.0,0.0,23.552315880904718,2021.0315825529094,298.15
1845.0,62.266160400074085,1.0,102.29369451357991,26.057806984805662,1844.2664934972008,298.15
1846.0,62.26467864419337,0.0,0.0,24.83204321231086,1880.0043080584674,298.15
1847.0,62.26319688831265,0.0,0.0,26.524069552486356,1954.2577017844956,298.15
1848.0,62.26171513243193,1.0,98.56137598542338,24.651333598694702,2030.7035081091858,298.15
1849.0,62.26023337655121,0.0,0.0,24.030954811418216,2206.5983026270333,298.15
1850.0,62.258751620670495,0.0,0.0,25.46260090307173,1978.9280938475824,298.15
1851.0,62.25726986478978,0.0,0.0,24.970531807307452,2251.666220086832,298.15
1852.0,62.25578810890906,1.0,95.65472968777884,25.133036401414778,2264.178124080413,298.15
1853.0,62.25430635302834,0.0,0.0,24.11009198859554,2062.363115169958,298.15
1854.0,62.25282459714762,1.0,98.76515460659391,23.60897358795927,2090.5523208961604,298.15
1855.0,62.251342841266904,0.0,0.0,23.712767280338998,1924.9424214041105,298.15
1856.0,62.249861085386186,0.0,0.0,25.441212171201943,2243.2242445586103,298.15
1857.0,62.24837932950546,0.0,0.0,25.688059894583457,1892.3784888160146,298.15
1858.0,62.24689757362474,0.0,0.0,20.48059335076703,2164.587023756573,298.15
1859.0,62.245415817744025,0.0,0.0,23.54941766467542,1825.2784370487143,298.15
1860.0,62.24393406186331,1.0,128.5488141132722,22.210386007552177,2071.5507909812873,298.15
1861.0,62.24245230598259,1.0,127.58964298653757,23.98931083060228,2137.5970979176996,298.15
1862.0,62.24097055010187,0.0,0.0,23.85054407402334,2101.151314968175,298.15
1863.0,62.23948879422115,0.0,0.0,25.079914829600725,1888.8270107760486,298.15
1864.0,62.238007038340434,1.0,125.13143571907605,25.165371944765273,1911.975640342941,298.15
1865.0,62.236525282459716,0.0,0.0,28.299343669328344,2176.229796241927,298.15
1866.0,62.235043526579,1.0,126.17746165326977,25.50803190776832,1862.2819982332376,298.15
1867.0,62.23356177069828,0.0,0.0,25.951623224185123,1859.628708969346,298.15
1868.0,62.232080014817555,0.0,0.0,22.671319048764893,2147.8373390980896,298.15
1869.0,62.23059825893684,0.0,0.0,24.42490416445842,1904.1408733279845,298.15
1870.0,62.22911650305612,0.0,0.0,23.23930409831492,1896.2318691277824,298.15
1871.0,62.2276347471754,1.0,103.3500840473701,25.940155161506144,2170.8898273416944,298.15
1872.0,62.22615299129468,0.0,0.0,25.07355499617468,1788.4622732262148,298.15
1873.0,62.224671235413965,0.0,0.0,24.449130212127827,1765.342663765039,298.15
1874.0,62.22318947953325,0.0,0.0,26.529213712051757,1891.368364952687,298.15
1875.0,62.22170772365253,0.0,0.0,24.569134898738827,1858.4149662272196,298.15
1876.0,62.22022596777181,1.0,124.26010529370794,27.133247851251795,1725.5162059226652,298.15
1877.0,62.21874421189109,0.0,0.0,27.10865077816833,1951.5605328251213,298.15
1878.0,62.217262456010374,0.0,0.0,23.973090171948545,1821.0040157227963,298.15
1879.0,62.215780700129656,0.0,0.0,26.764048168504807,1816.190761468107,298.15
1880.0,62.21429894424894,0.0,0.0,25.15290972251524,1793.2817154545264,298.15
1881.0,62.21281718836822,0.0,0.0,24.3300940117888,1624.1335137242493,298.15
1882.0,62.211335432487495,0.0,0.0,25.578066592326707,1645.3463079281203,298.15
1883.0,62.20985367660678,1.0,118.90972926494976,22.3906959677173,1517.2066917060533,298.15
1884.0,62.20837192072606,0.0,0.0,24.05077930745363,1911.7166395510826,298.15
1885.0,62.20689016484534,1.0,99.68976332595682,25.559198504973406,1727.25140430671,298.15
1886.0,62.20540840896462,0.0,0.0,24.39697526071384,1862.1055940310132,298.15
1887.0,62.203926653083904,0.0,0.0,26.56793329388454,1631.038992342851,298.15
1888.0,62.202444897203186,0.0,0.0,24.178904778137845,1856.2803926651711,298.15
1889.0,62.20096314132247,1.0,120.66885159256168,24.980955225909277,1426.8482785206625,298.15
1890.0,62.19948138544175,0.0,0.0,24.562795173488027,1800.3164325931566,298.15
1891.0,62.19799962956103,1.0,104.2664314866422,22.277174772403054,1627.7938386461938,298.15
1892.0,62.196517873680314,1.0,102.77754611998546,25.31421797549227,1416.5175653560498,298.15
1893.0,62.19503611779959,0.0,0.0,25.156339768838244,1185.6936344926828,298.15
1894.0,62.19355436191887,0.0,0.0,21.516969629267493,1668.9464515001207,298.15
1895.0,62.19207260603815,1.0,126.18388709906498,20.61610117380104,1726.6697185474536,298.15
1896.0,62.190590850157434,0.0,0.0,23.798542864539133,1571.9617494176462,298.15
1897.0,62.189109094276716,0.0,0.0,26.44751251325421,1637.5226273035553,298.15
1898.0,62.187627338396,0.0,0.0,28.78035966856219,1598.3550275145058,298.15
1899.0,62.18614558251528,0.0,0.0,21.4681473791005,1524.031199897219,298.15
1900.0,62.18466382663456,1.0,95.40221690134892,26.931088265048352,1643.885628192997,298.15
1901.0,62.183182070753844,0.0,0.0,26.135273351826335,1262.672422549625,298.15
1902.0,62.181700314873126,0.0,0.0,23.288284603861015,1483.3726828326103,298.15
1903.0,62.18021855899241,0.0,0.0,27.17770347336637,1555.3604637241283,298.15
1904.0,62.17873680311169,0.0,0.0,24.852210048786322,1370.4269406064966,298.15
1905.0,62.17725504723097,0.0,0.0,23.681134020494664,1460.1505143829315,298.15
1906.0,62.175773291350254,0.0,0.0,21.133932945521604,1229.7518362925302,298.15
1907.0,62.17429153546953,0.0,0.0,24.081802078039157,1402.2634646254805,298.15
1908.0,62.17280977958881,0.0,0.0,23.91881847475441,1267.5086455259975,298.15
1909.0,62.17132802370809,0.0,0.0,27.3670616081699,1282.9283842754958,298.15
1910.0,62.169846267827374,0.0,0.0,22.202346644616956,1431.254444632109,298.15
1911.0,62.168364511946656,1.0,103.44622561472565,22.227093423835385,1066.4011420921906,298.15
1912.0,62.16688275606594,0.0,0.0,22.755295125045336,1152.3181496593024,298.15
1913.0,62.16540100018522,0.0,0.0,27.74823818148847,1410.1519034272326,298.15
1914.0,62.1639192443045,0.0,0.0,21.58193718678866,1263.5850128172158,298.15
1915.0,62.162437488423784,0.0,0.0,25.438624032771976,1162.8058138072624,298.15
1916.0,62.160955732543066,0.0,0.0,20.77464084985305,1326.6964200024056,298.15
1917.0,62.15947397666235,1.0,116.32223260960427,23.877762729483734,1079.3781976119508,298.15
1918.0,62.15799222078162,1.0,112.70472513842577,23.26288120321526,1061.1452244805087,298.15
1919.0,62.156510464900904,0.0,0.0,21.903424627149832,1187.7591216061426,298.15
1920.0,62.155028709020186,0.0,0.0,24.087481510045023,1185.3402828858736,298.15
1921.0,62.15354695313947,0.0,0.0,21.57287706714785,1082.1382653720245,298.15
1922.0,62.15206519725875,0.0,0.0,20.182689992877762,1141.7145436470887,298.15
1923.0,62.15058344137803,0.0,0.0,22.18053857207601,1369.3255384377935,298.15
1924.0,62.149101685497314,0.0,0.0,21.122442479123542,1152.2993934732049,298.15
1925.0,62.147619929616596,0.0,0.0,22.91478103205492,973.9303173327933,298.15
1926.0,62.14613817373588,0.0,0.0,21.950999340778218,1139.1683131328605,298.15
1927.0,62.14465641785516,0.0,0.0,24.8189193627468,807.0406975295367,298.15
1928.0,62.14317466197444,0.0,0.0,21.71248127640574,1356.543837529691,298.15
1929.0,62.14169290609372,0.0,0.0,22.57008142247348,926.9305720350922,298.15
1930.0,62.140211150213005,0.0,0.0,20.174185402034006,1126.4524417594803,298.15
1931.0,62.13872939433229,0.0,0.0,21.254975921332957,1110.7847850815208,298.15
1932.0,62.13724763845156,1.0,88.61621209636118,20.382013209383654,960.7262633394133,298.15
1933.0,62.135765882570844,1.0,98.93483428919052,23.638512467203167,1264.5387437259087,298.15
1934.0,62.134284126690126,1.0,93.40420212894271,20.432218807260796,1370.48948026013,298.15
1935.0,62.13280237080941,0.0,0.0,20.504443760040765,942.282807415606,298.15
1936.0,62.13132061492869,0.0,0.0,21.92329267370707,1154.2705943160738,298.15
1937.0,62.12983885904797,0.0,0.0,20.20266613905814,892.9791957938414,298.15
1938.0,62.128357103167254,0.0,0.0,23.49889361468275,1233.3181366660203,298.15
1939.0,62.126875347286536,1.0,124.98908575682918,24.27413652965602,1219.2831311221107,298.15
1940.0,62.12539359140582,0.0,0.0,19.603656191162,1175.8821968056718,298.15
1941.0,62.1239118355251,0.0,0.0,22.289914724747458,771.3858485354795,298.15
1942.0,62.12243007964438,0.0,0.0,19.48184514241933,934.3228064737051,298.15
1943.0,62.120948323763656,0.0,0.0,20.159896731440647,932.7636569090023,298.15
1944.0,62.11946656788294,0.0,0.0,21.730943236176277,919.4726872923242,298.15
1945.0,62.11798481200222,0.0,0.0,20.746379558213917,1205.4371969038514,298.15
1946.0,62.1165030561215,0.0,0.0,20.684538165869803,732.2743755987881,298.15
1947.0,62.115021300240784,1.0,91.89663922541148,22.071240623230416,1060.6780090131633,298.15
1948.0,62.113539544360066,0.0,0.0,21.955558875010606,1112.615727042317,298.15
1949.0,62.11205778847935,0.0,0.0,20.186486093726554,894.8885001683982,298.15
1950.0,62.11057603259863,0.0,0.0,18.98487083334194,1075.733185268976,298.15
1951.0,62.10909427671791,0.0,0.0,19.8967635908913,1066.4978583868942,298.15
1952.0,62.10761252083719,0.0,0.0,18.176610340694573,960.2279017850356,298.15
1953.0,62.106130764956475,0.0,0.0,20.943719721839383,1165.2372875052315,298.15
1954.0,62.10464900907576,0.0,0.0,19.28041121440104,922.4730607924992,298.15
1955.0,62.10316725319504,0.0,0.0,17.70847741272147,1169.5371424907833,298.15
1956.0,62.10168549731432,0.0,0.0,21.518865211160495,1028.6353457502112,298.15
1957.0,62.100203741433596,0.0,0.0,19.247255260232787,965.2958250452461,298.15
1958.0,62.09872198555288,0.0,0.0,17.96931728479969,982.1333886422142,298.15
1959.0,62.09724022967216,0.0,0.0,20.891845994946767,811.5721693645082,298.15
1960.0,62.09575847379144,0.0,0.0,20.97243731984384,970.1570499719512,298.15
1961.0,62.094276717910724,0.0,0.0,15.839080409771883,861.2376299463032,298.15
1962.0,62.092794962030005,1.0,103.96288129964233,20.52834608347797,1074.8253630894299,298.15
1963.0,62.09131320614929,0.0,0.0,18.90780534317206,1176.2012082275241,298.15
1964.0,62.08983145026857,0.0,0.0,20.109096645390487,1116.1337416219121,298.15
1965.0,62.08834969438785,0.0,0.0,18.346193849979674,947.5389589885931,298.15
1966.0,62.08686793850713,0.0,0.0,18.96244435783955,1022.0443168189634,298.15
1967.0,62.085386182626415,0.0,0.0,17.77035151201508,1111.1298184517982,298.15
1968.0,62.08390442674569,1.0,129.24456013529255,19.747026795785626,1127.257749011626,298.15
1969.0,62.08242267086497,1.0,124.77283923489094,16.98824217510034,1332.0300291312637,298.15
1970.0,62.080940914984254,0.0,0.0,19.60824163844323,1188.9929564192319,298.15
1971.0,62.079459159103536,0.0,0.0,18.15697169930388,1127.1281129448903,298.15
1972.0,62.07797740322282,0.0,0.0,18.987569538922354,1130.3752125790638,298.15
1973.0,62.0764956473421,0.0,0.0,16.0687064153842,1072.7473987807773,298.15
1974.0,62.07501389146138,0.0,0.0,18.26767968244155,1135.5393958724535,298.15
1975.0,62.07353213558066,1.0,123.74943558863029,18.35313054727859,1254.007862971998,298.15
1976.0,62.072050379699945,0.0,0.0,20.37677111911993,1051.7070859786368,298.15
1977.0,62.07056862381923,0.0,0.0,18.437255587696036,1230.8993395379523,298.15
1978.0,62.06908686793851,0.0,0.0,16.292024284114028,1164.95946356467,298.15
1979.0,62.06760511205779,1.0,118.56142624670784,16.139214309650647,1451.2139354797548,298.15
1980.0,62.06612335617707,0.0,0.0,18.278851903608064,1250.3983093038019,298.15
1981.0,62.064641600296355,1.0,106.61807842232454,16.113051111733732,1268.1155924801128,298.15
1982.0,62.06315984441563,0.0,0.0,16.063108608516888,1103.6625329878993,298.15
1983.0,62.06167808853491,0.0,0.0,15.438243241314723,1465.1263038997192,298.15
1984.0,62.06019633265419,0.0,0.0,16.945864619704885,1335.1690077129797,298.15
1985.0,62.058714576773475,0.0,0.0,17.005156021979346,1477.6428143974122,298.15
1986.0,62.05723282089276,0.0,0.0,16.055415019332695,1259.508851893072,298.15
1987.0,62.05575106501204,1.0,81.9023603312639,19.213685216411868,1301.1800076520708,298.15
1988.0,62.05426930913132,0.0,0.0,17.341379586941457,1110.3516925925253,298.15
1989.0,62.0527875532506,0.0,0.0,19.168371083028134,1607.3519196778107,298.15
1990.0,62.051305797369885,0.0,0.0,16.493659457416314,1400.9009972159588,298.15
1991.0,62.04982404148917,1.0,97.4282756332767,15.042506743866188,1638.8613001494602,298.15
1992.0,62.04834228560845,1.0,87.61935078158783,14.556105804313557,1323.2710045229371,298.15
1993.0,62.046860529727724,0.0,0.0,15.884685796760216,1461.7054422277542,298.15
1994.0,62.045378773847006,1.0,90.73214287744622,17.222568678007605,1555.2242432145363,298.15
1995.0,62.04389701796629,0.0,0.0,15.479494823959289,1471.2558722582844,298.15
1996.0,62.04241526208557,0.0,0.0,17.265290994145822,1387.4172205259438,298.15
1997.0,62.04093350620485,0.0,0.0,18.08070616286326,1381.750751281003,298.15
1998.0,62.03945175032413,0.0,0.0,14.487666934008448,1416.553962602499,298.15
1999.0,62.037969994443415,0.0,0.0,13.963982255105105,1884.8547649648224,298.15
2000.0,62.0364882385627,1.0,127.68224606856828,17.186942230207734,1406.7755617676971,298.15
2001.0,62.03500648268198,1.0,96.77602101874747,16.048830686247804,1217.746093073231,298.15
2002.0,62.03352472680126,1.0,117.37429241976757,16.08972470070872,1536.9808124898123,298.15
2003.0,62.03204297092054,1.0,91.51977943695881,16.637221911564776,1550.751656918732,298.15
2004.0,62.030561215039825,0.0,0.0,13.034361981218922,1515.4389502754882,298.15
2005.0,62.02907945915911,0.0,0.0,16.13827084150488,1485.1021815469248,298.15
2006.0,62.02759770327839,0.0,0.0,15.679438146164895,1552.610166225712,298.15
2007.0,62.02611594739766,1.0,102.04315151880627,16.09015148895307,1411.1186590725913,298.15
2008.0,62.024634191516945,1.0,119.93588947209372,13.785940576873953,1891.1209120190686,298.15
2009.0,62.02315243563623,0.0,0.0,15.407171773543139,1676.2473648305956,298.15
2010.0,62.02167067975551,0.0,0.0,14.47089919394703,1672.190586153208,298.15
2011.0,62.02018892387479,1.0,98.83111541979473,16.883347933235928,1827.0345804919366,298.15
2012.0,62.01870716799407,0.0,0.0,15.04536241785307,2090.5486581725586,298.15
2013.0,62.017225412113355,0.0,0.0,14.197005345539472,1638.3067522292897,298.15
2014.0,62.01574365623264,1.0,96.81545137872182,13.546762107037361,1758.8943002394878,298.15
2015.0,62.01426190035192,1.0,94.5002121907098,16.505820188972326,1847.285832019321,298.15
2016.0,62.0127801444712,0.0,0.0,16.658478527635438,1844.5363843815342,298.15
2017.0,62.01129838859048,0.0,0.0,18.14746783813759,1890.2373468619712,298.15
2018.0,62.00981663270976,0.0,0.0,14.53833879623296,1905.5561140880754,298.15
2019.0,62.00833487682904,0.0,0.0,13.418708650191922,1719.3627190774575,298.15
2020.0,62.00685312094832,0.0,0.0,14.825876714286096,1973.1728769477133,298.15
2021.0,62.0053713650676,0.0,0.0,13.901133294409256,1789.644983274052,298.15
2022.0,62.003889609186885,0.0,0.0,14.003289526630853,1860.8200754849183,298.15
2023.0,62.00240785330617,1.0,85.50705125161161,15.763461210511185,1922.8740316927929,298.15
2024.0,62.00092609742545,0.0,0.0,16.74837273669783,1735.5995148191264,298.15
2025.0,61.99944434154473,0.0,0.0,15.661104232128363,1918.6124219040355,298.15
2026.0,61.99796258566401,0.0,0.0,15.18225514661465,1957.551892677288,298.15
2027.0,61.996480829783295,0.0,0.0,16.317222928092736,1591.0850876361037,298.15
2028.0,61.99499907390258,0.0,0.0,14.645905829265603,2095.504673946444,298.15
2029.0,61.99351731802186,0.0,0.0,17.337410883294424,1772.2400555072043,298.15
2030.0,61.99203556214114,0.0,0.0,19.825948378836404,1945.4591380995753,298.15
2031.0,61.99055380626042,0.0,0.0,14.032030589349061,2142.891587527862,298.15
2032.0,61.9890720503797,0.0,0.0,16.98842153337627,2020.2468730722792,298.15
2033.0,61.98759029449898,0.0,0.0,17.007304045490713,2086.429347116246,298.15
2034.0,61.98610853861826,0.0,0.0,15.932003901227771,2104.6763998265455,298.15
2035.0,61.98462678273754,1.0,125.90941703509841,17.167505531914365,1871.6817482098,298.15
2036.0,61.983145026856825,0.0,0.0,15.699798876518416,1796.8706541377069,298.15
2037.0,61.98166327097611,0.0,0.0,16.195236401956237,2021.1573380148936,298.15
2038.0,61.98018151509539,0.0,0.0,15.315316363323687,2071.7957302725654,298.15
2039.0,61.97869975921467,0.0,0.0,15.438002988764948,2135.9857323866036,298.15
2040.0,61.97721800333395,1.0,124.24225330491123,16.26248778726157,2092.6514892690034,298.15
2041.0,61.975736247453234,0.0,0.0,15.952224964191464,1906.3924934097347,298.15
2042.0,61.974254491572516,0.0,0.0,13.638423099365637,2116.248428930605,298.15
2043.0,61.97277273569179,1.0,119.35437778181002,16.165686679493124,1672.7176878929647,298.15
2044.0,61.97129097981107,1.0,126.50087586262791,14.99780999212143,2181.981220194701,298.15
2045.0,61.969809223930355,1.0,90.83912433517659,14.542673125124391,1860.441951193251,298.15
2046.0,61.96832746804964,1.0,106.70427936938022,17.02776030876928,1859.4609842423222,298.15
2047.0,61.96684571216892,1.0,117.46733481282041,14.02724795693044,2371.021294077405,298.15
2048.0,61.9653639562882,0.0,0.0,15.135203224964531,2007.5748532098742,298.15
2049.0,61.96388220040748,1.0,87.3459176653908,13.912775078402106,1961.4382513904511,298.15
2050.0,61.962400444526764,0.0,0.0,15.026445029126512,1827.0226092283717,298.15
2051.0,61.960918688646046,1.0,102.82850340131043,19.551734432955254,2066.1475695164236,298.15
2052.0,61.95943693276533,0.0,0.0,14.554627115810852,2118.0020162693168,298.15
2053.0,61.95795517688461,0.0,0.0,15.593273689405114,1945.1042688733774,298.15
2054.0,61.95647342100389,0.0,0.0,18.12149666315463,1673.8802818543209,298.15
2055.0,61.954991665123174,0.0,0.0,16.656532245724392,2237.8369060836226,298.15
2056.0,61.953509909242456,1.0,125.19452581050197,15.79564544102942,1947.7969989095263,298.15
2057.0,61.95202815336173,0.0,0.0,14.972886871567345,1941.2705247331949,298.15
2058.0,61.95054639748101,0.0,0.0,17.225136400037695,1978.9878630390006,298.15
2059.0,61.949064641600295,0.0,0.0,15.696784912219407,1859.376401287163,298.15
2060.0,61.94758288571958,0.0,0.0,19.763773065450273,2166.6053685842053,298.15
2061.0,61.94610112983886,1.0,98.58516526920332,15.903007420352482,2079.408187813947,298.15
2062.0,61.94461937395814,0.0,0.0,19.131629657819573,2038.0613967083552,298.15
2063.0,61.94313761807742,0.0,0.0,17.905828533062472,2305.594524005245,298.15
2064.0,61.941655862196704,1.0,122.99255809515117,17.96766710107538,1847.8042160920636,298.15
2065.0,61.940174106315986,0.0,0.0,16.401189418636715,2137.018038468463,298.15
2066.0,61.93869235043527,0.0,0.0,15.997815201708733,1604.5564467761862,298.15
2067.0,61.93721059455455,1.0,123.66293060516065,16.397004464321977,2026.9352615591918,298.15
2068.0,61.935728838673825,0.0,0.0,18.56698403491796,2260.9142829211714,298.15
2069.0,61.93424708279311,1.0,95.35148302900917,17.81565338874032,1756.0739512267348,298.15
2070.0,61.93276532691239,0.0,0.0,14.07553042388733,2151.108366560664,298.15
2071.0,61.93128357103167,0.0,0.0,15.084804004731462,1687.6688335422882,298.15
2072.0,61.92980181515095,1.0,86.18188081243505,17.016760230887616,2196.981545879448,298.15
2073.0,61.928320059270234,1.0,125.17081687734499,18.178869505674996,1805.9690673708722,298.15
2074.0,61.926838303389516,0.0,0.0,17.04315269620151,1753.3997786349773,298.15
2075.0,61.9253565475088,1.0,123.17562729563562,16.695624008722362,1773.2222540640166,298.15
2076.0,61.92387479162808,1.0,121.01804360058074,16.016529718170013,1847.0545108058514,298.15
2077.0,61.92239303574736,0.0,0.0,19.14434120868637,1807.8520547483338,298.15
2078.0,61.920911279866644,1.0,102.15006325929596,17.936050101015145,1810.8596773025467,298.15
2079.0,61.919429523985926,1.0,128.60316969226903,20.55983516633127,1853.873679296194,298.15
2080.0,61.91794776810521,0.0,0.0,15.88678505623259,1829.8327293235377,298.15
2081.0,61.91646601222449,1.0,82.51194499027304,19.168377611755965,1781.9742075936608,298.15
2082.0,61.914984256343764,1.0,97.30050738394624,19.03565938035822,1701.572696656498,298.15
2083.0,61.913502500463046,0.0,0.0,19.61256967621429,1818.7753285246868,298.15
2084.0,61.91202074458233,0.0,0.0,19.678333670559105,1797.2474786308246,298.15
2085.0,61.91053898870161,0.0,0.0,17.64364925080543,1776.31890350873,298.15
2086.0,61.90905723282089,0.0,0.0,18.26580787013633,1712.6340896272845,298.15
2087.0,61.907575476940174,0.0,0.0,18.921658539333507,1594.6409060118922,298.15
2088.0,61.906093721059456,0.0,0.0,17.152032139497905,1695.1545675351113,298.15
2089.0,61.90461196517874,0.0,0.0,20.508874159576305,1627.7320336714847,298.15
2090.0,61.90313020929802,0.0,0.0,15.001233812790023,1344.573702512738,298.15
2091.0,61.9016484534173,0.0,0.0,17.203473577999056,1789.3911322405006,298.15
2092.0,61.900166697536584,0.0,0.0,16.48119922972466,1663.319766988662,298.15
2093.0,61.89868494165586,0.0,0.0,21.029201635808814,1606.0339028540568,298.15
2094.0,61.89720318577514,0.0,0.0,19.718308800527463,1672.4059403559688,298.15
2095.0,61.89572142989442,0.0,0.0,18.624669782083735,1464.985541546205,298.15
2096.0,61.894239674013704,0.0,0.0,19.735710005877127,1766.5799316080759,298.15
2097.0,61.892757918132986,0.0,0.0,20.108842311584695,1728.0610019546775,298.15
2098.0,61.89127616225227,0.0,0.0,17.80723632439222,1357.077184086794,298.15
2099.0,61.88979440637155,1.0,115.79731292899041,20.128812317514907,1420.8483009937515,298.15
2100.0,61.88831265049083,0.0,0.0,22.22206399015213,1601.2644681231695,298.15
2101.0,61.886830894610114,1.0,84.55831962762169,22.60863648254442,1521.2999446534714,298.15
2102.0,61.885349138729396,0.0,0.0,21.574672189620376,1465.9595388494029,298.15
2103.0,61.88386738284868,1.0,116.81305380053273,20.72722691884598,1518.901650860017,298.15
2104.0,61.88238562696796,0.0,0.0,21.89766709127458,1156.555894272729,298.15
2105.0,61.88090387108724,1.0,120.82046244842408,21.65178007233041,1283.513889806498,298.15
2106.0,61.87942211520652,0.0,0.0,18.82833846110395,1316.014414717566,298.15
2107.0,61.8779403593258,0.0,0.0,19.26856277416328,1505.3565826125841,298.15
2108.0,61.87645860344508,0.0,0.0,21.84929233129618,1052.5711846665579,298.15
2109.0,61.87497684756436,0.0,0.0,19.86729438455709,1387.6684107682809,298.15
2110.0,61.873495091683644,0.0,0.0,19.399187750467462,1288.9867869347795,298.15
2111.0,61.872013335802926,1.0,88.68091876435412,23.204745456021193,1428.31325097618,298.15
2112.0,61.87053157992221,1.0,116.89421385508223,21.343813860358274,1437.1566056361903,298.15
2113.0,61.86904982404149,0.0,0.0,21.24069492095782,1556.1440928354136,298.15
2114.0,61.86756806816077,1.0,109.27724001982023,19.520455473588086,1111.0521847882774,298.15
2115.0,61.86608631228005,0.0,0.0,20.827180042960226,1149.7812076797686,298.15
2116.0,61.864604556399335,1.0,117.74377253388346,21.094848583844993,1266.4344143661067,298.15
2117.0,61.86312280051862,0.0,0.0,20.294669457575086,1456.992274832454,298.15
2118.0,61.86164104463789,0.0,0.0,19.895878079489563,1297.6725026208244,298.15
2119.0,61.860159288757174,0.0,0.0,24.734231619417304,1234.7787110451602,298.15
2120.0,61.858677532876456,1.0,126.60064956383019,24.288726207987477,1389.7705346226683,298.15
2121.0,61.85719577699574,0.0,0.0,21.960938896595877,1133.9477424253844,298.15
2122.0,61.85571402111502,0.0,0.0,20.09900608373132,1356.7182959144645,298.15
2123.0,61.8542322652343,1.0,108.00450075921553,19.55586145605298,1429.6026194150809,298.15
2124.0,61.852750509353584,1.0,80.0328260729645,21.686258389561566,1134.7638207342209,298.15
2125.0,61.851268753472866,0.0,0.0,18.894383886331227,914.0097374635645,298.15
2126.0,61.84978699759215,1.0,90.62179237585686,21.865666357692408,1157.3632938613691,298.15
2127.0,61.84830524171143,0.0,0.0,19.44487213748533,1371.586567255292,298.15
2128.0,61.84682348583071,0.0,0.0,22.61613570331553,1188.777487593528,298.15
2129.0,61.84534172994999,0.0,0.0,23.167828443219896,898.5404396958662,298.15
2130.0,61.843859974069275,0.0,0.0,22.63997290097466,1286.0319095490977,298.15
2131.0,61.84237821818856,0.0,0.0,26.49781392129943,1205.7692005969725,298.15
2132.0,61.84089646230783,0.0,0.0,22.77566499585464,1227.7780599243315,298.15
2133.0,61.839414706427114,0.0,0.0,25.955567049553828,1239.570327288151,298.15
2134.0,61.837932950546396,1.0,123.46012340327309,23.741107760169687,980.4661093487538,298.15
2135.0,61.83645119466568,0.0,0.0,26.56605278232428,1213.28002524687,298.15
2136.0,61.83496943878496,1.0,115.89139609266908,20.613761345011827,950.7559907106463,298.15
2137.0,61.83348768290424,1.0,124.26067015276777,21.766338276098413,863.8773442877198,298.15
2138.0,61.83200592702352,0.0,0.0,23.11320667080978,910.7752782598757,298.15
2139.0,61.830524171142805,0.0,0.0,26.209881998274938,1133.4768163018039,298.15
2140.0,61.82904241526209,0.0,0.0,23.333234131636896,963.099528307035,298.15
2141.0,61.82756065938137,1.0,125.00930356290556,22.696681984896117,1241.1902441129228,298.15
2142.0,61.82607890350065,0.0,0.0,24.82328373923126,1182.877968623931,298.15
2143.0,61.824597147619926,0.0,0.0,25.367925570207696,1113.1349033114275,298.15
2144.0,61.82311539173921,0.0,0.0,22.755246521583118,1215.8647036310276,298.15
2145.0,61.82163363585849,1.0,116.98593998323625,22.94326143746846,829.8975435196937,298.15
2146.0,61.82015187997777,1.0,113.99300817096362,26.817640956353657,1147.4236621339383,298.15
2147.0,61.81867012409705,0.0,0.0,26.162716422610725,1088.3511852032545,298.15
2148.0,61.817188368216335,0.0,0.0,26.64789803068216,809.9734900116458,298.15
2149.0,61.81570661233562,0.0,0.0,25.781890605530556,892.2340374417676,298.15
2150.0,61.8142248564549,0.0,0.0,22.964372183256728,976.1892423381779,298.15
2151.0,61.81274310057418,1.0,83.16954866935046,24.328786650356207,972.1415328123096,298.15
2152.0,61.81126134469346,0.0,0.0,22.73268616467762,994.822422837059,298.15
2153.0,61.809779588812745,0.0,0.0,26.0398802569387,909.3063969972605,298.15
2154.0,61.80829783293203,0.0,0.0,23.654558116188,1225.8135070511603,298.15
2155.0,61.80681607705131,1.0,105.60213215103265,21.829009097971028,820.9972099439441,298.15
2156.0,61.80533432117059,1.0,80.4179657853181,24.79119462765131,828.1082739474969,298.15
2157.0,61.803852565289866,0.0,0.0,26.449225178482447,870.6650182982592,298.15
2158.0,61.80237080940915,0.0,0.0,22.48308046342756,920.398564756808,298.15
2159.0,61.80088905352843,0.0,0.0,24.52182700211348,912.8415433725507,298.15
2160.0,61.79940729764771,0.0,0.0,23.86803480259895,1276.4268579678157,298.15
2161.0,61.79792554176699,0.0,0.0,26.37235246686303,930.7778619883311,298.15
2162.0,61.796443785886275,1.0,122.5221110489957,21.540486365775905,1016.8753341096058,298.15
2163.0,61.79496203000556,0.0,0.0,26.658886474087854,851.7797938862675,298.15
2164.0,61.79348027412484,1.0,105.18393232095505,23.739739911753677,977.2072549563107,298.15
2165.0,61.79199851824412,0.0,0.0,24.63475324084592,1144.7023256554373,298.15
2166.0,61.7905167623634,1.0,104.42899625883815,26.285201963237235,1163.9182082629725,298.15
2167.0,61.789035006482685,0.0,0.0,27.296215665718137,1217.253203271,298.15
2168.0,61.78755325060196,0.0,0.0,25.028479107240624,928.1902521295718,298.15
2169.0,61.78607149472124,0.0,0.0,23.800577165739348,985.4534345316512,298.15
2170.0,61.78458973884052,0.0,0.0,24.122209169075422,1218.134937433134,298.15
2171.0,61.783107982959805,0.0,0.0,26.848211453750412,1101.2962123466489,298.15
2172.0,61.78162622707909,1.0,106.82665385568114,23.57542215071876,1105.674947310757,298.15
2173.0,61.78014447119837,0.0,0.0,25.521819244223337,1213.4623247701356,298.15
2174.0,61.77866271531765,0.0,0.0,25.010805052254916,1285.0124806486226,298.15
2175.0,61.77718095943693,0.0,0.0,26.21482455756877,1041.652240929681,298.15
2176.0,61.775699203556215,0.0,0.0,25.05352657766571,1142.1711793066488,298.15
2177.0,61.7742174476755,0.0,0.0,24.30140283707488,1151.364803805265,298.15
2178.0,61.77273569179478,0.0,0.0,24.183588064509465,1035.9755658607578,298.15
2179.0,61.77125393591406,0.0,0.0,24.14599300271014,1238.498950130063,298.15
2180.0,61.76977218003334,1.0,106.52019363975869,22.76546603586443,1125.2404514644513,298.15
2181.0,61.768290424152624,0.0,0.0,25.770250278592254,1218.1785183334662,298.15
2182.0,61.7668086682719,1.0,123.5757387726571,25.282295553410787,1329.5078522622507,298.15
2183.0,61.76532691239118,0.0,0.0,22.5841835454372,1285.7673022663955,298.15
2184.0,61.76384515651046,0.0,0.0,24.262435959417562,1126.0708437473977,298.15
2185.0,61.762363400629745,0.0,0.0,24.449935821264084,1303.5689234026877,298.15
2186.0,61.76088164474903,0.0,0.0,23.93122828028717,1307.9237847873476,298.15
2187.0,61.75939988886831,0.0,0.0,24.651102524357665,1217.2417024522547,298.15
2188.0,61.75791813298759,1.0,119.35015788865456,24.644718753483694,1186.4652064034433,298.15
2189.0,61.75643637710687,1.0,93.32149065108483,26.21756495577962,1353.7285659769966,298.15
2190.0,61.754954621226155,0.0,0.0,24.7477949517692,1135.9113366070126,298.15
2191.0,61.75347286534544,1.0,88.81972712341427,25.67169532066784,1200.3115101573835,298.15
2192.0,61.75199110946472,1.0,117.54300369666876,22.46100926183889,1183.1553378649596,298.15
2193.0,61.75050935358399,0.0,0.0,22.950415300953036,1209.1301184920408,298.15
2194.0,61.749027597703275,1.0,97.84345335355073,22.411260651699422,1334.478121179968,298.15
2195.0,61.74754584182256,0.0,0.0,23.934553990286638,1581.0847158782162,298.15
2196.0,61.74606408594184,0.0,0.0,24.613090288211875,1530.0835668970287,298.15
2197.0,61.74458233006112,1.0,119.54373015421342,27.146900157074192,1621.4196019022022,298.15
2198.0,61.7431005741804,0.0,0.0,23.103551221012705,1376.9861610061216,298.15
2199.0,61.741618818299685,0.0,0.0,25.740429890624924,1182.6415632095368,298.15
2200.0,61.74013706241897,0.0,0.0,22.998457911750474,1410.3963111840396,298.15
2201.0,61.73865530653825,0.0,0.0,24.315054824719336,1684.8525027444964,298.15
2202.0,61.73717355065753,1.0,84.98680843334378,23.977971787627453,1472.3607448009714,298.15
2203.0,61.73569179477681,0.0,0.0,22.686493315809646,1543.7803737995714,298.15
2204.0,61.734210038896094,0.0,0.0,22.752798489098314,1530.467817626905,298.15
2205.0,61.732728283015376,0.0,0.0,26.601073419225163,1682.8261443838317,298.15
2206.0,61.73124652713466,1.0,129.33014238645688,23.129516678222174,1718.2478404289363,298.15
2207.0,61.72976477125393,0.0,0.0,25.516289930610938,1376.7030301164987,298.15
2208.0,61.728283015373215,0.0,0.0,24.938447733618055,1259.8150390902892,298.15
2209.0,61.7268012594925,0.0,0.0,22.80727357783394,1737.7253599668181,298.15
2210.0,61.72531950361178,1.0,120.89633681686854,23.71030006923612,1622.6091840143251,298.15
2211.0,61.72383774773106,1.0,85.45488282480396,23.837970162209768,1767.69743350218,298.15
2212.0,61.72235599185034,0.0,0.0,24.351490339004915,1641.9825009538763,298.15
2213.0,61.720874235969625,0.0,0.0,22.850244817742315,1776.6982500025633,298.15
2214.0,61.719392480088906,1.0,105.5309357825096,21.01186309810786,1692.5968793256109,298.15
2215.0,61.71791072420819,0.0,0.0,22.224945707412395,1619.065396020162,298.15
2216.0,61.71642896832747,0.0,0.0,25.132006254982294,1681.3881713509984,298.15
2217.0,61.71494721244675,0.0,0.0,23.136888693818733,1729.2516367413414,298.15
2218.0,61.71346545656603,0.0,0.0,22.432469365621404,1859.5990908576337,298.15
2219.0,61.71198370068531,0.0,0.0,20.662838651205302,1755.2987234286215,298.15
2220.0,61.71050194480459,1.0,123.85400739979828,24.918246907303647,1633.1090587106191,298.15
2221.0,61.70902018892387,1.0,80.6055746803163,22.521922761853045,2056.1587701422573,298.15
2222.0,61.707538433043155,0.0,0.0,24.506952917800795,1865.4154090573477,298.15
2223.0,61.70605667716244,0.0,0.0,23.770979911254578,2034.8077951556809,298.15
2224.0,61.70457492128172,0.0,0.0,23.862544019700042,1678.3974204390124,298.15
2225.0,61.703093165401,0.0,0.0,25.155121711746553,1815.5137274943327,298.15
2226.0,61.70161140952028,0.0,0.0,22.602217368455705,1893.1149375723326,298.15
2227.0,61.700129653639564,0.0,0.0,22.102903840553324,1973.7450000935635,298.15
2228.0,61.698647897758846,0.0,0.0,24.725394282958117,1602.1394580462074,298.15
2229.0,61.69716614187813,0.0,0.0,23.46325350680995,1616.4179964170955,298.15
2230.0,61.69568438599741,0.0,0.0,20.905983443268326,1805.3052385895494,298.15
2231.0,61.69420263011669,0.0,0.0,23.606955496018866,1995.563844048887,298.15
2232.0,61.69272087423597,1.0,81.30151734484312,24.264606974526814,1821.2379543658717,298.15
2233.0,61.69123911835525,0.0,0.0,18.062879455725984,1911.326645673107,298.15
2234.0,61.68975736247453,0.0,0.0,19.653138496593954,1945.9311237597958,298.15
2235.0,61.68827560659381,0.0,0.0,20.248940892154927,1821.2542039383084,298.15
2236.0,61.686793850713094,1.0,87.0606781445712,22.602058693140428,2172.0440289045773,298.15
2237.0,61.685312094832376,1.0,112.1776714364769,22.606827049158095,1839.617580447697,298.15
2238.0,61.68383033895166,1.0,125.99121706077797,22.07471112653048,1655.1207627070387,298.15
2239.0,61.68234858307094,0.0,0.0,22.543986448626544,1823.0879352590653,298.15
2240.0,61.68086682719022,0.0,0.0,19.266443392161417,1850.4942309403978,298.15
2241.0,61.679385071309504,0.0,0.0,19.007232980529196,2006.1942235950312,298.15
2242.0,61.677903315428786,0.0,0.0,22.838870070867827,2018.0461300640068,298.15
2243.0,61.67642155954806,1.0,121.16109773312404,20.89647239767716,2075.9767703804614,298.15
2244.0,61.67493980366734,0.0,0.0,22.560543053602277,2273.059768558496,298.15
2245.0,61.673458047786625,0.0,0.0,19.404904429355494,1998.0998924751955,298.15
2246.0,61.67197629190591,0.0,0.0,18.728592913518114,2122.7329967081964,298.15
2247.0,61.67049453602519,0.0,0.0,18.28056835478106,1931.0294901066893,298.15
2248.0,61.66901278014447,0.0,0.0,21.490993591450383,2042.4468998458551,298.15
2249.0,61.66753102426375,0.0,0.0,21.915913906777526,1947.4596122404257,298.15
2250.0,61.666049268383034,0.0,0.0,20.86683292702535,1977.6038033687503,298.15
2251.0,61.664567512502316,0.0,0.0,19.121890879359306,2024.7057114671566,298.15
2252.0,61.6630857566216,0.0,0.0,20.81004301833511,2146.598078820546,298.15
2253.0,61.66160400074088,1.0,80.86342044388508,20.66156946186549,1989.7058311269238,298.15
2254.0,61.66012224486016,0.0,0.0,16.341233970909624,1987.5680763346713,298.15
2255.0,61.658640488979444,0.0,0.0,18.916706766427946,2040.8689429712956,298.15
2256.0,61.657158733098726,1.0,118.87067437492033,19.820445392424215,2122.9323411377336,298.15
2257.0,61.655676977218,0.0,0.0,21.042470361857454,1776.7517273680724,298.15
2258.0,61.65419522133728,1.0,114.11867975492837,19.029945186605847,2020.878242047774,298.15
2259.0,61.652713465456564,0.0,0.0,19.301560590740173,1780.4832306293565,298.15
2260.0,61.651231709575846,0.0,0.0,18.852654341531125,2171.9098638205755,298.15
2261.0,61.64974995369513,0.0,0.0,19.282700298458828,2021.252326949349,298.15
2262.0,61.64826819781441,0.0,0.0,16.56648633491917,2148.8761516655195,298.15
2263.0,61.64678644193369,0.0,0.0,17.68667849792322,1709.1518501522155,298.15
2264.0,61.645304686052974,0.0,0.0,14.9845276221659,1927.0814781350646,298.15
2265.0,61.643822930172256,0.0,0.0,17.747787963626212,2076.0568037875437,298.15
2266.0,61.64234117429154,0.0,0.0,19.148742638652184,2148.7738389611313,298.15
2267.0,61.64085941841082,0.0,0.0,16.989902422475293,1982.9376609982273,298.15
2268.0,61.639377662530094,1.0,103.1377963507293,17.756934330257852,1858.0197125758914,298.15
2269.0,61.637895906649376,0.0,0.0,18.68754796044799,1873.0516558161396,298.15
2270.0,61.63641415076866,1.0,86.08554887987977,22.322368079357155,1748.1869962759847,298.15
2271.0,61.63493239488794,0.0,0.0,17.740509854587575,2114.494513568179,298.15
2272.0,61.63345063900722,0.0,0.0,18.92755707885649,1982.9516575109835,298.15
2273.0,61.631968883126504,1.0,102.99115083570611,17.384571803564636,1848.1620973780844,298.15
2274.0,61.630487127245786,0.0,0.0,18.160779757626454,1946.0747391310945,298.15
2275.0,61.62900537136507,0.0,0.0,17.454599676548774,1836.9854302852332,298.15
2276.0,61.62752361548435,0.0,0.0,16.73465129760514,1797.07199084257,298.15
2277.0,61.62604185960363,0.0,0.0,16.99683695438222,1717.343610682001,298.15
2278.0,61.624560103722914,1.0,122.83054893998755,19.22842079904855,1708.0242194863959,298.15
2279.0,61.623078347842196,1.0,104.53084933902053,17.60906606169931,1863.5559088666903,298.15
2280.0,61.62159659196148,0.0,0.0,15.145908001184882,1951.0232522044575,298.15
2281.0,61.62011483608076,0.0,0.0,16.298223445043316,1730.5812312438975,298.15
2282.0,61.618633080200034,0.0,0.0,15.467216318935128,1648.9877824258347,298.15
2283.0,61.617151324319316,0.0,0.0,18.29676064214354,1897.389094178665,298.15
2284.0,61.6156695684386,0.0,0.0,15.517861182852666,1752.7326097438433,298.15
2285.0,61.61418781255788,0.0,0.0,18.033272519641372,1392.1550298530024,298.15
2286.0,61.61270605667716,0.0,0.0,18.139794563702814,1607.0996278038924,298.15
2287.0,61.611224300796444,1.0,106.560785588496,16.73258315571286,1768.8590060990427,298.15
2288.0,61.609742544915726,0.0,0.0,17.298722588576076,1565.6022790260586,298.15
2289.0,61.60826078903501,1.0,118.91540889761117,15.552823319201053,1677.047180618613,298.15
2290.0,61.60677903315429,0.0,0.0,17.64291983769233,1467.8719785728001,298.15
2291.0,61.60529727727357,0.0,0.0,14.231407903025678,1577.7785495085864,298.15
2292.0,61.60381552139285,0.0,0.0,15.40713939257391,1461.3093165433447,298.15
2293.0,61.60233376551213,0.0,0.0,15.589283432607147,1424.3204012177955,298.15
2294.0,61.60085200963141,0.0,0.0,17.595738941662944,1479.8943850094959,298.15
2295.0,61.59937025375069,1.0,91.87907541931352,18.68330988409433,1709.1122971245027,298.15
2296.0,61.597888497869974,1.0,86.23703578340324,15.166329019446975,1625.2074441830391,298.15
2297.0,61.596406741989256,1.0,85.86561628568542,15.680613189131389,1854.827607727027,298.15
2298.0,61.59492498610854,0.0,0.0,13.888492963961312,1441.7309346907755,298.15
2299.0,61.59344323022782,0.0,0.0,15.590187605873652,1668.5836422862635,298.15
2300.0,61.5919614743471,1.0,114.14388220378702,17.432269182544097,1778.731325566057,298.15
2301.0,61.59047971846638,0.0,0.0,12.745236200573567,1651.9885098640455,298.15
2302.0,61.588997962585665,0.0,0.0,15.598561127224066,1638.9606279428083,298.15
2303.0,61.58751620670495,0.0,0.0,16.67027933732144,1471.0658820021965,298.15
2304.0,61.58603445082423,0.0,0.0,15.567132937969717,1472.0573206267666,298.15
2305.0,61.58455269494351,0.0,0.0,15.129308807736633,1283.617644919415,298.15
2306.0,61.58307093906279,1.0,92.63798393413514,16.79307032910711,1005.5012024225066,298.15
2307.0,61.58158918318207,0.0,0.0,14.057118109898479,1421.5864067753841,298.15
2308.0,61.58010742730135,0.0,0.0,14.066493650929036,1231.7270252723315,298.15
2309.0,61.57862567142063,1.0,108.32153008867338,12.324146891871985,1296.741897360815,298.15
2310.0,61.577143915539914,1.0,81.15003607793157,15.765268483427992,1221.579942281671,298.15
2311.0,61.575662159659196,0.0,0.0,15.567246489583619,1379.2418358760003,298.15
2312.0,61.57418040377848,0.0,0.0,14.266643907343513,1285.9968085862242,298.15
2313.0,61.57269864789776,1.0,93.84461769147997,13.727235879299272,1490.0341234166629,298.15
2314.0,61.57121689201704,1.0,100.99811212756133,15.05623533175784,1178.6320661892507,298.15
2315.0,61.56973513613632,0.0,0.0,15.263073033882115,1300.090943882955,298.15
2316.0,61.568253380255605,0.0,0.0,13.172501080462311,1230.4576362490325,298.15
2317.0,61.56677162437489,0.0,0.0,11.956438203774935,1201.34593803072,298.15
2318.0,61.56528986849416,0.0,0.0,12.293029864018004,1220.5357535571093,298.15
2319.0,61.563808112613444,0.0,0.0,12.713726859311873,1447.0328090838452,298.15
2320.0,61.562326356732726,0.0,0.0,13.098457395347962,1332.570459748265,298.15
2321.0,61.56084460085201,0.0,0.0,14.883121965934542,1125.100570133302,298.15
2322.0,61.55936284497129,1.0,97.59240993868741,15.145688015195532,1089.6746860152746,298.15
2323.0,61.55788108909057,1.0,94.17555972793726,14.73561846262101,1051.9921784557393,298.15
2324.0,61.55639933320985,1.0,91.64565495230062,15.575075241346632,1175.0734523846809,298.15
2325.0,61.554917577329135,1.0,108.6985177455346,15.641283443884069,919.0206968517913,298.15
2326.0,61.55343582144842,0.0,0.0,15.528993469548611,1103.1869822537933,298.15
2327.0,61.5519540655677,0.0,0.0,15.146971441993317,1182.2545112344585,298.15
2328.0,61.55047230968698,1.0,92.62584963938865,13.319659610755428,1005.9252992556314,298.15
2329.0,61.54899055380626,0.0,0.0,12.881446125053191,1111.0200859422046,298.15
2330.0,61.547508797925545,0.0,0.0,14.128089218411066,1135.3015296476449,298.15
2331.0,61.54602704204483,1.0,96.72687909036259,16.856091943368167,822.1304286834043,298.15
2332.0,61.5445452861641,0.0,0.0,18.80437703130975,1108.8003053236168,298.15
2333.0,61.54306353028338,0.0,0.0,15.96157300493628,1000.799442376202,298.15
2334.0,61.541581774402665,1.0,113.73789148700723,15.661242103965149,1338.9686780347583,298.15
2335.0,61.54010001852195,0.0,0.0,16.81641558613412,1084.2133666339726,298.15
2336.0,61.53861826264123,0.0,0.0,17.553060100671544,909.7507881849646,298.15
2337.0,61.53713650676051,1.0,127.3720989279745,13.681535189878984,768.5650499766436,298.15
2338.0,61.53565475087979,0.0,0.0,19.829041155103575,1027.6770287764632,298.15
2339.0,61.534172994999075,0.0,0.0,17.754065122603656,1225.4709370077103,298.15
2340.0,61.53269123911836,0.0,0.0,13.058343072798404,933.7120151530321,298.15
2341.0,61.53120948323764,0.0,0.0,13.680545017227864,1067.0440562548958,298.15
2342.0,61.52972772735692,0.0,0.0,19.820642031099233,1126.7493844062276,298.15
2343.0,61.528245971476196,0.0,0.0,17.010044498264463,1115.2189894530068,298.15
2344.0,61.52676421559548,0.0,0.0,14.435195969453838,1008.249304441322,298.15
2345.0,61.52528245971476,0.0,0.0,15.558982629802877,907.4183378916571,298.15
2346.0,61.52380070383404,0.0,0.0,16.682429143111943,964.9918891636705,298.15
2347.0,61.52231894795332,0.0,0.0,16.943380344886254,841.7462126684845,298.15
2348.0,61.520837192072605,0.0,0.0,17.758205288552084,859.573797811384,298.15
2349.0,61.51935543619189,0.0,0.0,16.00605533152787,1148.705541928428,298.15
2350.0,61.51787368031117,0.0,0.0,16.11858725820232,1050.2690154081615,298.15
2351.0,61.51639192443045,0.0,0.0,15.141071240345578,1043.3908878595146,298.15
2352.0,61.51491016854973,0.0,0.0,14.292026234150597,893.3884653147541,298.15
2353.0,61.513428412669015,0.0,0.0,14.275250962280179,1181.8129423015619,298.15
2354.0,61.5119466567883,0.0,0.0,15.664219294767909,969.0771363946369,298.15
2355.0,61.51046490090758,0.0,0.0,16.505627561514277,1025.8395712944348,298.15
2356.0,61.50898314502686,1.0,129.78891184596105,13.688900450905894,1183.585492021089,298.15
2357.0,61.507501389146135,0.0,0.0,19.355648347174544,903.6381023448297,298.15
2358.0,61.50601963326542,1.0,99.98801044056908,15.034406265615011,920.409680949091,298.15
2359.0,61.5045378773847,0.0,0.0,14.843418267743719,1174.891048687486,298.15
2360.0,61.50305612150398,1.0,92.33800988748168,16.239052047053388,1146.559138057823,298.15
2361.0,61.50157436562326,0.0,0.0,12.56324539267985,1081.1086083749647,298.15
2362.0,61.500092609742545,0.0,0.0,17.006387375068808,708.4502719344641,298.15
2363.0,61.49861085386183,1.0,88.87981376845697,14.91729572474292,1232.9905653098488,298.15
2364.0,61.49712909798111,0.0,0.0,13.502041648251693,956.0881088074055,298.15
2365.0,61.49564734210039,0.0,0.0,16.883868866046804,967.5092378780014,298.15
2366.0,61.49416558621967,1.0,85.59775737347867,16.960370621343163,1031.8297030447836,298.15
2367.0,61.492683830338954,0.0,0.0,19.925292321758153,889.9491906858034,298.15
2368.0,61.49120207445823,1.0,117.06782090484111,17.18166405479167,1260.6058456390376,298.15
2369.0,61.48972031857751,1.0,117.57860223182834,17.252504531824876,1112.2921741645143,298.15
2370.0,61.48823856269679,0.0,0.0,17.1271609380623,1200.3986387171124,298.15
2371.0,61.486756806816075,0.0,0.0,13.020964914590285,988.7335132017064,298.15
2372.0,61.48527505093536,0.0,0.0,17.35596097979258,1262.7359803631534,298.15
2373.0,61.48379329505464,1.0,90.41889197310643,17.243337532460057,1338.4974687944277,298.15
2374.0,61.48231153917392,0.0,0.0,17.17828435182978,944.3371977059339,298.15
2375.0,61.4808297832932,1.0,100.9618585625857,16.16587961690896,977.6974860504743,298.15
2376.0,61.479348027412485,0.0,0.0,18.49530912083644,1036.9453530151143,298.15
2377.0,61.47786627153177,0.0,0.0,16.12090951849016,1308.0564367625097,298.15
2378.0,61.47638451565105,0.0,0.0,18.905459432783775,1208.4377330380237,298.15
2379.0,61.47490275977033,0.0,0.0,18.49218510536224,1183.6084380078926,298.15
2380.0,61.47342100388961,0.0,0.0,20.21010683064919,1261.1972405241245,298.15
2381.0,61.471939248008894,0.0,0.0,17.319989371220643,1508.7797529911766,298.15
2382.0,61.47045749212817,0.0,0.0,20.29888198767685,970.2265359280268,298.15
2383.0,61.46897573624745,1.0,121.78440030281914,18.596837946190753,1198.9891130220253,298.15
2384.0,61.46749398036673,0.0,0.0,18.23532963024691,797.6656051560926,298.15
2385.0,61.466012224486015,1.0,96.50439359563813,17.089905408333596,1348.9976490074457,298.15
2386.0,61.4645304686053,1.0,89.23768183894225,19.18778581093557,1450.1618861167037,298.15
2387.0,61.46304871272458,1.0,112.1279424418804,17.893659286072904,1255.4266189494888,298.15
2388.0,61.46156695684386,0.0,0.0,18.71194848429868,1413.854801301425,298.15
2389.0,61.46008520096314,0.0,0.0,20.102113033968223,1100.238619468305,298.15
2390.0,61.458603445082424,1.0,116.857935134435,18.911270620170768,1417.2897712383171,298.15
2391.0,61.457121689201706,0.0,0.0,19.570665370887465,1728.7054855635704,298.15
2392.0,61.45563993332099,0.0,0.0,21.58798456861123,1318.3596282415667,298.15
2393.0,61.45415817744026,0.0,0.0,20.170102562526267,1453.5499113152944,298.15
2394.0,61.452676421559545,0.0,0.0,18.28669769274717,1317.8206160075335,298.15
2395.0,61.45119466567883,0.0,0.0,18.828585795182818,1448.1809892187966,298.15
2396.0,61.44971290979811,0.0,0.0,19.806748604957736,1603.4969311422021,298.15
2397.0,61.44823115391739,0.0,0.0,23.080544725635296,1542.8322876164411,298.15
2398.0,61.44674939803667,0.0,0.0,17.65511284268726,1453.2534577540787,298.15
2399.0,61.445267642155954,0.0,0.0,20.19953214903215,1466.4583369154232,298.15
2400.0,61.443785886275236,1.0,117.95060724779538,22.18310085480697,1319.7558689865652,298.15
2401.0,61.44230413039452,1.0,113.50421215146878,21.088109578807007,1668.4274266482437,298.15
2402.0,61.4408223745138,1.0,108.44530600360385,19.997948228978192,1643.7661736749183,298.15
2403.0,61.43934061863308,1.0,111.18003548135661,17.562544984199935,1358.7384974795227,298.15
2404.0,61.437858862752364,0.0,0.0,22.83669816178455,1589.0494332855505,298.15
2405.0,61.436377106871646,0.0,0.0,19.765509792726533,1439.1874697725957,298.15
2406.0,61.43489535099093,0.0,0.0,19.101890188395107,1525.3586809637711,298.15
2407.0,61.4334135951102,0.0,0.0,21.131888836795376,1730.8132247313667,298.15
2408.0,61.431931839229485,0.0,0.0,23.117270632170722,1772.7897284118146,298.15
2409.0,61.43045008334877,1.0,125.18180714395422,21.584713249009763,1746.166391474163,298.15
2410.0,61.42896832746805,0.0,0.0,20.45618139334115,1613.9146876045647,298.15
2411.0,61.42748657158733,0.0,0.0,21.53855574703383,1738.4525122032696,298.15
2412.0,61.42600481570661,0.0,0.0,21.432985250307684,1568.1739815522005,298.15
2413.0,61.424523059825894,0.0,0.0,20.595612486830497,1811.490477844631,298.15
2414.0,61.423041303945176,0.0,0.0,21.552771722935166,1710.1497574665966,298.15
2415.0,61.42155954806446,0.0,0.0,20.22622854059238,1655.7718952010728,298.15
2416.0,61.42007779218374,1.0,90.54456093232986,20.06195047956905,1631.5564272751633,298.15
2417.0,61.41859603630302,0.0,0.0,22.62693293754272,1856.2866754534632,298.15
2418.0,61.4171142804223,0.0,0.0,21.209498073613283,1747.3804379181722,298.15
2419.0,61.41563252454158,0.0,0.0,21.896484460724658,1707.6028598734288,298.15
2420.0,61.41415076866086,1.0,120.64925555013167,20.798676343532843,1719.8797374692322,298.15
2421.0,61.41266901278014,1.0,101.17422536733108,21.221749089792826,1619.9532418605304,298.15
2422.0,61.411187256899424,1.0,108.03613338257303,21.449646425314977,1843.6908150918043,298.15
2423.0,61.409705501018706,0.0,0.0,21.376824946807172,1873.7548644892524,298.15
2424.0,61.40822374513799,0.0,0.0,21.752994230707134,1620.0220148319645,298.15
2425.0,61.40674198925727,0.0,0.0,22.815898315899542,1692.145781467844,298.15
2426.0,61.40526023337655,0.0,0.0,24.814045154404916,1617.2612203031829,298.15
2427.0,61.403778477495834,0.0,0.0,23.896588595916736,2055.7478466423795,298.15
2428.0,61.402296721615116,0.0,0.0,22.23164249958923,1978.0070166761582,298.15
2429.0,61.4008149657344,1.0,81.57229933678454,21.84144536539944,2060.6766220416707,298.15
2430.0,61.39933320985368,0.0,0.0,20.09251432887231,2147.5489587940388,298.15
2431.0,61.39785145397296,1.0,88.01345863470715,21.945963888575097,1979.4267642480504,298.15
2432.0,61.396369698092236,1.0,124.38662162719251,21.348294883779584,1913.15174082548,298.15
2433.0,61.39488794221152,1.0,125.08548375670121,23.274346467323053,1959.653350505251,298.15
2434.0,61.3934061863308,1.0,120.32491274237208,25.93682249774031,1841.4437236669846,298.15
2435.0,61.39192443045008,0.0,0.0,22.713350900337634,1824.9665549766914,298.15
2436.0,61.390442674569364,0.0,0.0,21.09836949916592,1889.3403455506968,298.15
2437.0,61.388960918688646,0.0,0.0,23.1847241943258,1921.657712711352,298.15
2438.0,61.38747916280793,0.0,0.0,22.867053329224365,1715.8594189850885,298.15
2439.0,61.38599740692721,0.0,0.0,25.662590356230066,1784.9767594267278,298.15
2440.0,61.38451565104649,1.0,82.57805027277843,20.700046026915068,1784.9820739174716,298.15
2441.0,61.383033895165774,0.0,0.0,22.19835643281191,1783.3143581150866,298.15
2442.0,61.381552139285056,0.0,0.0,25.070158827968132,2079.888924318359,298.15
2443.0,61.38007038340433,1.0,104.89282371490263,21.407173515795307,1937.799766345434,298.15
2444.0,61.37858862752361,0.0,0.0,24.90071074450847,1962.2290869058681,298.15
2445.0,61.377106871642894,1.0,114.3289245863109,22.980521894425895,2051.262433168897,298.15
2446.0,61.375625115762176,0.0,0.0,25.747767866676785,2119.482377565099,298.15
2447.0,61.37414335988146,0.0,0.0,24.086267292989298,2066.1282389731655,298.15
2448.0,61.37266160400074,1.0,125.51793721759273,23.966172721348602,2244.6713736478196,298.15
2449.0,61.37117984812002,0.0,0.0,25.23490846509419,2005.6895723704579,298.15
2450.0,61.369698092239304,0.0,0.0,24.36061944153553,2029.5924631393439,298.15
2451.0,61.368216336358586,0.0,0.0,22.40374264946371,1908.965886083876,298.15
2452.0,61.36673458047787,1.0,124.22002429304655,23.597672158126986,1714.8794707995535,298.15
2453.0,61.36525282459715,0.0,0.0,21.875119433250642,2009.6295225294095,298.15
2454.0,61.36377106871643,0.0,0.0,23.141197056521843,2125.63999868434,298.15
2455.0,61.36228931283571,0.0,0.0,21.14563387271664,1882.5012259778593,298.15
2456.0,61.360807556954995,1.0,116.29572835052156,28.35046072189264,1914.5243107318543,298.15
2457.0,61.35932580107427,0.0,0.0,24.60677010965735,2132.0132018019635,298.15
2458.0,61.35784404519355,0.0,0.0,25.53930514839028,1976.943504769726,298.15
2459.0,61.356362289312834,0.0,0.0,23.3854928539372,1841.6452688908869,298.15
2460.0,61.354880533432116,0.0,0.0,25.596323881777288,1831.83744486517,298.15
2461.0,61.3533987775514,0.0,0.0,26.024661217643516,2068.8858382013673,298.15
2462.0,61.35191702167068,1.0,109.7025241303424,26.313785857190314,1945.2123346247438,298.15
2463.0,61.35043526578996,0.0,0.0,24.71071467366756,1937.0766183656438,298.15
2464.0,61.348953509909244,0.0,0.0,26.492589546498436,1745.456368677841,298.15
2465.0,61.347471754028525,0.0,0.0,23.91849320631186,2017.0544027067979,298.15
2466.0,61.34598999814781,1.0,87.47779430090769,25.51007657777692,2093.024962199124,298.15
2467.0,61.34450824226709,1.0,111.51695868435507,25.00721336766579,1876.0089841035988,298.15
2468.0,61.343026486386364,1.0,110.53769587485856,23.06611933334692,1983.5627954311415,298.15
2469.0,61.341544730505646,0.0,0.0,22.03286666467258,1852.508369936947,298.15
2470.0,61.34006297462493,0.0,0.0,24.49423804861649,1993.5879083421185,298.15
2471.0,61.33858121874421,0.0,0.0,24.509948643971278,1969.1546719341784,298.15
2472.0,61.33709946286349,1.0,81.27664588507145,24.55871832330107,1827.6102730539465,298.15
2473.0,61.335617706982774,1.0,80.65093963703923,26.67558968955864,1555.9675379368584,298.15
2474.0,61.334135951102056,0.0,0.0,27.20081186975157,1744.565875870902,298.15
2475.0,61.33265419522134,0.0,0.0,26.051542970251393,1905.2455801162469,298.15
2476.0,61.33117243934062,0.0,0.0,25.938494931829723,1974.8701597761337,298.15
2477.0,61.3296906834599,1.0,85.85579763692331,24.86774244933928,1739.945549512248,298.15
2478.0,61.32820892757918,0.0,0.0,25.27266716568984,2020.3914953507824,298.15
2479.0,61.326727171698465,0.0,0.0,25.669783416588164,2030.521282025485,298.15
2480.0,61.32524541581775,0.0,0.0,25.196706247854646,1898.6432114247186,298.15
2481.0,61.32376365993703,0.0,0.0,25.908651856258594,1610.643534520104,298.15
2482.0,61.322281904056304,1.0,103.67175765980913,25.019638439311663,1874.6173610263143,298.15
2483.0,61.320800148175586,0.0,0.0,24.137620923302162,1673.76041585779,298.15
2484.0,61.31931839229487,0.0,0.0,25.329796374152025,1651.8909938881045,298.15
2485.0,61.31783663641415,0.0,0.0,24.513132485138872,1794.9413429712858,298.15
2486.0,61.31635488053343,0.0,0.0,27.19159404043948,1777.1733639394045,298.15
2487.0,61.31487312465271,0.0,0.0,24.159092405711586,1766.9796465900686,298.15
2488.0,61.313391368771995,0.0,0.0,29.391347713890433,1782.6032488008157,298.15
2489.0,61.31190961289128,1.0,122.7781483195061,27.410080909269443,1660.828485667981,298.15
2490.0,61.31042785701056,0.0,0.0,22.943115120374195,1437.1811197578404,298.15
2491.0,61.30894610112984,0.0,0.0,26.72453916980249,1951.9014203640836,298.15
2492.0,61.30746434524912,0.0,0.0,24.485637496791004,1565.7069375003712,298.15
2493.0,61.3059825893684,1.0,122.58996082259173,25.553755096091063,1502.1506505575344,298.15
2494.0,61.30450083348768,0.0,0.0,27.13200950925942,1411.462745727155,298.15
2495.0,61.30301907760696,0.0,0.0,23.327706733815926,1600.9702376234366,298.15
2496.0,61.301537321726244,0.0,0.0,23.782706029549175,1568.0215391241943,298.15
2497.0,61.300055565845526,1.0,104.27699467491357,25.684038157011884,1529.0062658232648,298.15
2498.0,61.29857380996481,1.0,114.52158094442478,23.84418662686667,1756.152408398259,298.15
2499.0,61.29709205408409,0.0,0.0,20.821777071644505,1614.4916169482528,298.15
2500.0,61.29561029820337,0.0,0.0,25.872044457609867,1347.3470240816393,298.15
2501.0,61.29412854232265,1.0,80.90395220915873,24.867871453888583,1795.3770146614402,298.15
2502.0,61.292646786441935,1.0,88.4996569852331,24.184304432441586,1241.3165846387578,298.15
2503.0,61.29116503056122,0.0,0.0,24.364828467017105,1435.5835675677583,298.15
2504.0,61.2896832746805,0.0,0.0,27.68704654012479,1327.8001473882935,298.15
2505.0,61.28820151879978,1.0,98.27908492416447,25.665346572165777,1477.3546697614236,298.15
2506.0,61.28671976291906,0.0,0.0,22.60510607631585,1501.7299608904882,298.15
2507.0,61.28523800703834,0.0,0.0,24.115377037715394,1328.9930749757134,298.15
2508.0,61.28375625115762,0.0,0.0,25.75011230711145,1533.2232601943692,298.15
2509.0,61.2822744952769,1.0,105.26441846914666,25.64879642099718,1390.364709093289,298.15
2510.0,61.28079273939618,1.0,103.8179400658728,21.311803799997982,1564.6420857031228,298.15
2511.0,61.279310983515465,0.0,0.0,22.84279435694488,1469.9924430089284,298.15
2512.0,61.27782922763475,1.0,95.40725300386549,21.758048927519276,1245.2501380650579,298.15
2513.0,61.27634747175403,0.0,0.0,24.521780444686136,1459.7019753006894,298.15
2514.0,61.27486571587331,0.0,0.0,21.971361735120844,1190.323700995771,298.15
2515.0,61.27338395999259,0.0,0.0,25.83313000612374,1366.9804139208081,298.15
2516.0,61.271902204111875,0.0,0.0,25.339597987760207,1338.096940000848,298.15
2517.0,61.27042044823116,1.0,120.1543993961469,22.792224779487523,1167.9235928600187,298.15
2518.0,61.26893869235043,0.0,0.0,21.082041027662097,932.9366944833946,298.15
2519.0,61.26745693646971,0.0,0.0,21.760616517058274,1440.614987017084,298.15
2520.0,61.265975180588995,0.0,0.0,23.660641642263318,1268.9331402236537,298.15
2521.0,61.26449342470828,0.0,0.0,24.217066850393202,1196.6293516302587,298.15
2522.0,61.26301166882756,0.0,0.0,22.705431424314995,1184.0984993553336,298.15
2523.0,61.26152991294684,1.0,98.60516226707315,18.57029035631851,1315.5605399462954,298.15
2524.0,61.26004815706612,1.0,89.41777015459175,23.67820732782934,1485.5179478178675,298.15
2525.0,61.258566401185405,0.0,0.0,19.267336702210542,1281.8588756581466,298.15
2526.0,61.25708464530469,0.0,0.0,19.01818268264459,1190.6492863379513,298.15
2527.0,61.25560288942397,1.0,110.37501751605443,23.913732663614365,1167.8393679513522,298.15
2528.0,61.25412113354325,1.0,127.10521088515095,20.32561861503604,1169.3477548762298,298.15
2529.0,61.25263937766253,0.0,0.0,22.52987100353916,954.3545894934973,298.15
2530.0,61.251157621781815,0.0,0.0,22.180793761157418,1183.246347790747,298.15
2531.0,61.2496758659011,1.0,108.11102658648991,20.64906615347549,889.8715880454079,298.15
2532.0,61.24819411002037,1.0,107.34956219301876,22.17042534917145,1144.1178244324367,298.15
2533.0,61.24671235413965,0.0,0.0,20.86232383301603,998.8863269846519,298.15
2534.0,61.245230598258935,0.0,0.0,21.720435535967894,1191.7073729946594,298.15
2535.0,61.24374884237822,0.0,0.0,20.927167365422026,1111.5983390335246,298.15
2536.0,61.2422670864975,0.0,0.0,20.642829495501253,994.9663082371617,298.15
2537.0,61.24078533061678,0.0,0.0,20.28916998798287,889.542910293981,298.15
2538.0,61.23930357473606,0.0,0.0,19.805929330379705,1256.5406826904318,298.15
2539.0,61.237821818855345,0.0,0.0,22.505770924796394,1016.6050541657225,298.15
2540.0,61.23634006297463,0.0,0.0,20.31489610497593,1285.4458286370514,298.15
2541.0,61.23485830709391,0.0,0.0,19.126373495661063,835.1908593387375,298.15
2542.0,61.23337655121319,0.0,0.0,20.1794766234926,977.7682862764065,298.15
2543.0,61.231894795332465,0.0,0.0,19.885893582517287,674.4389616212322,298.15
2544.0,61.23041303945175,0.0,0.0,19.99614960358389,1122.2929810880275,298.15
2545.0,61.22893128357103,0.0,0.0,21.66412344080861,1131.8829294276259,298.15
2546.0,61.22744952769031,1.0,104.15506779374411,19.41395430702795,913.1775843507105,298.15
2547.0,61.22596777180959,0.0,0.0,19.706659088979222,904.0635963926545,298.15
2548.0,61.224486015928875,1.0,99.76362604112583,21.238415754749752,942.7221256095588,298.15
2549.0,61.22300426004816,0.0,0.0,20.815001039461137,964.264314511421,298.15
2550.0,61.22152250416744,0.0,0.0,18.900660101336246,916.0751584383016,298.15
2551.0,61.22004074828672,0.0,0.0,21.440933571786637,1162.3844464337317,298.15
2552.0,61.218558992406,0.0,0.0,21.245688733881636,930.6591172528949,298.15
2553.0,61.217077236525284,0.0,0.0,21.028716161406653,717.7710216367692,298.15
2554.0,61.215595480644566,1.0,92.90240277301416,20.065712114776094,965.7136263983456,298.15
2555.0,61.21411372476385,0.0,0.0,19.199505364268305,929.2936034589682,298.15
2556.0,61.21263196888313,1.0,115.75694207886096,17.65464487239524,812.6853891137916,298.15
2557.0,61.211150213002405,0.0,0.0,17.05582484816834,1040.40658950465,298.15
2558.0,61.20966845712169,0.0,0.0,19.03048902037334,726.8006918304435,298.15
2559.0,61.20818670124097,0.0,0.0,19.08581679235527,1076.9844215091105,298.15
2560.0,61.20670494536025,0.0,0.0,18.542533579991186,1019.5136120629795,298.15
2561.0,61.20522318947953,0.0,0.0,18.680643814512916,945.0572808760948,298.15
2562.0,61.203741433598815,1.0,90.2445688487147,20.93833192705038,863.2243288808892,298.15
2563.0,61.2022596777181,1.0,104.49613515292963,21.25918506502745,821.6167373185131,298.15
2564.0,61.20077792183738,1.0,94.94332424235606,16.78532735711748,1179.841840535253,298.15
2565.0,61.19929616595666,1.0,84.40063153020328,18.916538136627445,1009.5755144172398,298.15
2566.0,61.19781441007594,0.0,0.0,18.4388169515459,810.0401400363124,298.15
2567.0,61.196332654195224,0.0,0.0,19.33708347960556,1067.8609221323059,298.15
2568.0,61.1948508983145,1.0,82.65626430163142,20.93304748174929,1036.8577544162,298.15
2569.0,61.19336914243378,1.0,124.12012287961754,21.563222016181403,1298.4057025615766,298.15
2570.0,61.19188738655306,0.0,0.0,19.117709147499422,1033.69915615098,298.15
2571.0,61.190405630672345,0.0,0.0,17.93521680429854,1251.832794684945,298.15
2572.0,61.18892387479163,1.0,99.8158428494798,17.196721633526046,1081.9270661753376,298.15
2573.0,61.18744211891091,0.0,0.0,21.66236679611289,947.7002987941731,298.15
2574.0,61.18596036303019,0.0,0.0,16.363367149335524,1206.2475601014748,298.15
2575.0,61.18447860714947,1.0,85.78646774157203,18.81633482820082,1329.0884670052687,298.15
2576.0,61.182996851268754,0.0,0.0,16.98714053135849,1293.75982942935,298.15
2577.0,61.181515095388036,0.0,0.0,15.179057415500425,1216.4383931261423,298.15
2578.0,61.18003333950732,0.0,0.0,19.977865234582403,1330.8809986535448,298.15
2579.0,61.1785515836266,0.0,0.0,14.358819290893578,1219.0952574374833,298.15
2580.0,61.17706982774588,0.0,0.0,13.623050396664272,1218.3957848507232,298.15
2581.0,61.175588071865164,0.0,0.0,18.097189426565436,998.0667279193376,298.15
2582.0,61.17410631598444,1.0,111.5596792400554,16.40734698817738,1263.9331301230175,298.15
2583.0,61.17262456010372,1.0,101.59567210249008,17.503430897751645,1471.6722231388208,298.15
2584.0,61.171142804223,0.0,0.0,16.721480147875607,1013.7205285544622,298.15
2585.0,61.169661048342284,0.0,0.0,17.61533149417712,1076.179033689047,298.15
2586.0,61.168179292461566,0.0,0.0,16.104150464711488,1238.047904647057,298.15
2587.0,61.16669753658085,0.0,0.0,17.94526143139356,1098.0676622944497,298.15
2588.0,61.16521578070013,1.0,99.33837905397274,17.91730915207818,1418.5797555429453,298.15
2589.0,61.16373402481941,1.0,102.41504818921112,18.833416538796133,1071.4996788470935,298.15
2590.0,61.162252268938694,0.0,0.0,18.306722629969716,1447.5809662290446,298.15
2591.0,61.160770513057976,0.0,0.0,16.04470670946483,1511.15567902121,298.15
2592.0,61.15928875717726,0.0,0.0,17.26129001563286,1474.1904273737741,298.15
2593.0,61.15780700129653,1.0,88.73080656015827,16.7493170990542,1393.9936385717447,298.15
2594.0,61.156325245415815,1.0,81.26130230164888,16.69110173008529,1486.449995548572,298.15
2595.0,61.1548434895351,1.0,105.29737354908315,13.836885624604358,1248.4875915619014,298.15
2596.0,61.15336173365438,0.0,0.0,17.099405081051422,1476.290164125501,298.15
2597.0,61.15187997777366,1.0,113.48762475038282,16.809376618564624,1360.1866668868693,298.15
2598.0,61.15039822189294,0.0,0.0,18.690814773319207,1602.2204982806393,298.15
2599.0,61.148916466012224,0.0,0.0,17.58811132039104,1590.8289870944636,298.15
2600.0,61.147434710131506,0.0,0.0,15.909190178078429,1378.4424207749857,298.15
2601.0,61.14595295425079,0.0,0.0,15.455664327373432,1568.4541904303812,298.15
2602.0,61.14447119837007,0.0,0.0,13.96246057291358,1590.3626412484443,298.15
2603.0,61.14298944248935,0.0,0.0,18.429783146933378,1475.9431240874665,298.15
2604.0,61.141507686608634,0.0,0.0,13.771198956258996,1566.0349309617197,298.15
2605.0,61.140025930727916,0.0,0.0,12.441885039898839,1654.9482201183569,298.15
2606.0,61.1385441748472,1.0,123.36881067234697,16.830491975060976,1525.184470165925,298.15
2607.0,61.13706241896647,0.0,0.0,15.490251372579843,1476.1929563042852,298.15
2608.0,61.135580663085754,1.0,118.48932060538198,15.736649308204246,1658.5214477540578,298.15
2609.0,61.134098907205036,1.0,84.50187526721727,15.576628821159993,1862.0040658095636,298.15
2610.0,61.13261715132432,0.0,0.0,13.551844438929198,1631.6219654963468,298.15
2611.0,61.1311353954436,0.0,0.0,15.803566372394432,1616.5424805520777,298.15
2612.0,61.12965363956288,0.0,0.0,14.667732020703781,1565.1708070132224,298.15
2613.0,61.128171883682164,0.0,0.0,14.41665025767335,1871.0852076195981,298.15
2614.0,61.126690127801446,0.0,0.0,17.40895995532473,1844.1680640770298,298.15
2615.0,61.12520837192073,0.0,0.0,16.375008180199423,1705.0623648901324,298.15
2616.0,61.12372661604001,0.0,0.0,11.407086476654056,1622.7702801872902,298.15
2617.0,61.12224486015929,0.0,0.0,15.416112093641196,1635.0253444516452,298.15
2618.0,61.120763104278566,0.0,0.0,16.759327446991136,1639.5990426235262,298.15
2619.0,61.11928134839785,0.0,0.0,13.045904068652659,1707.0517767082624,298.15
2620.0,61.11779959251713,1.0,87.52357304195371,13.645521943971863,1709.777275211755,298.15
2621.0,61.11631783663641,0.0,0.0,16.617960081149267,1695.7405550237954,298.15
2622.0,61.114836080755694,0.0,0.0,14.283487718103103,1985.9810755595147,298.15
2623.0,61.113354324874976,0.0,0.0,11.839232638125717,2068.4456222928825,298.15
2624.0,61.11187256899426,0.0,0.0,16.920683610383016,1678.8753214818735,298.15
2625.0,61.11039081311354,0.0,0.0,14.721110356085005,1767.8508145812204,298.15
2626.0,61.10890905723282,0.0,0.0,15.599020295875244,1722.2983666838127,298.15
2627.0,61.107427301352104,0.0,0.0,14.925534376529768,1922.8282439033344,298.15
2628.0,61.105945545471386,0.0,0.0,16.803429634174847,1834.2868672923476,298.15
2629.0,61.10446378959067,1.0,129.40100970559942,13.2591717538468,1740.4840242217438,298.15
2630.0,61.10298203370995,0.0,0.0,16.089976794583706,2152.400297864514,298.15
2631.0,61.10150027782923,0.0,0.0,17.149347804087665,1986.6954595751104,298.15
2632.0,61.100018521948506,1.0,124.95302479549876,12.894646676169714,1775.2468765853744,298.15
2633.0,61.09853676606779,0.0,0.0,13.886751781262301,2156.3769492898437,298.15
2634.0,61.09705501018707,0.0,0.0,17.719980666130184,1766.125511533372,298.15
2635.0,61.09557325430635,1.0,118.59556285084506,16.83912264229777,2037.6709924804702,298.15
2636.0,61.094091498425634,0.0,0.0,13.821199419416434,2315.089719514149,298.15
2637.0,61.092609742544916,0.0,0.0,13.213883126601331,1939.1983827811002,298.15
2638.0,61.0911279866642,1.0,115.04430017384006,15.636479475789752,1921.644970942659,298.15
2639.0,61.08964623078348,0.0,0.0,15.740783163880929,1995.579862989942,298.15
2640.0,61.08816447490276,0.0,0.0,15.150088995956821,2309.3517725745287,298.15
2641.0,61.08668271902204,0.0,0.0,19.01147143648787,2201.5803330639774,298.15
2642.0,61.085200963141325,0.0,0.0,16.348391728085733,1917.7834180170737,298.15
2643.0,61.0837192072606,1.0,87.52968002639867,14.006407063336786,2033.6383108081668,298.15
2644.0,61.08223745137988,0.0,0.0,17.0829245555043,2129.5804552304844,298.15
2645.0,61.080755695499164,0.0,0.0,15.525356710946285,1929.4964229156349,298.15
2646.0,61.079273939618446,0.0,0.0,14.393119458166273,1826.3184172602926,298.15
2647.0,61.07779218373773,1.0,90.65126015769248,16.963102858123012,2160.4332570099978,298.15
2648.0,61.07631042785701,0.0,0.0,17.929928323961132,2075.477526643018,298.15
2649.0,61.07482867197629,0.0,0.0,15.963825528373478,2047.5830006914027,298.15
2650.0,61.07334691609557,0.0,0.0,14.10624823756971,2166.02993673645,298.15
2651.0,61.071865160214855,0.0,0.0,15.90416408306582,1827.96066115677,298.15
2652.0,61.07038340433414,0.0,0.0,14.248478188641382,1964.2566377600501,298.15
2653.0,61.06890164845342,0.0,0.0,16.197799932869508,2393.5091134011145,298.15
2654.0,61.0674198925727,0.0,0.0,17.101422158248916,2081.2048636909813,298.15
2655.0,61.06593813669198,0.0,0.0,12.792319995926714,2088.046178784969,298.15
2656.0,61.064456380811265,0.0,0.0,17.1621810949152,2007.0199891430882,298.15
2657.0,61.06297462493054,0.0,0.0,15.483514647244162,1711.789265949973,298.15
2658.0,61.06149286904982,1.0,104.87365503227772,15.247788428651283,1861.5922417639067,298.15
2659.0,61.060011113169104,0.0,0.0,14.091290796359692,2117.1649136894666,298.15
2660.0,61.058529357288386,0.0,0.0,14.566672747083983,1894.2542463811174,298.15
2661.0,61.05704760140767,1.0,95.07251273891715,19.178594981487564,1944.9506667416988,298.15
2662.0,61.05556584552695,0.0,0.0,17.786590406830655,2008.5974131681146,298.15
2663.0,61.05408408964623,0.0,0.0,18.57319415764702,1812.343242844969,298.15
2664.0,61.05260233376551,0.0,0.0,15.205534577268185,1760.0467876455687,298.15
2665.0,61.051120577884795,0.0,0.0,19.532198906176845,1943.6175014542887,298.15
2666.0,61.04963882200408,1.0,107.96895153066093,16.626335354549912,1882.535935628668,298.15
2667.0,61.04815706612336,0.0,0.0,15.55075792562577,1964.5421229166468,298.15
2668.0,61.046675310242634,0.0,0.0,15.169388834229768,1707.392829466022,298.15
2669.0,61.045193554361916,0.0,0.0,15.299637501875281,1833.332860850838,298.15
2670.0,61.0437117984812,0.0,0.0,15.866444909361485,2007.8482861415189,298.15
2671.0,61.04223004260048,0.0,0.0,15.716231038795305,2336.9483721203324,298.15
2672.0,61.04074828671976,0.0,0.0,18.67989988678997,1903.153329655119,298.15
2673.0,61.03926653083904,0.0,0.0,21.48272484107787,1975.681887078806,298.15
2674.0,61.037784774958325,0.0,0.0,17.014629900049442,1937.622081071832,298.15
2675.0,61.03630301907761,0.0,0.0,17.135692669798313,1897.572194230423,298.15
2676.0,61.03482126319689,1.0,87.4171753287299,14.618675244517318,1944.577847880428,298.15
2677.0,61.03333950731617,1.0,93.05884712891825,16.20310105464547,1686.8275449734408,298.15
2678.0,61.03185775143545,0.0,0.0,15.18344612092268,1765.1370753760348,298.15
2679.0,61.030375995554735,1.0,88.30793974797716,19.172618408867898,1843.938018953079,298.15
2680.0,61.02889423967402,1.0,121.40167623424435,21.059788567460483,1648.9367413827022,298.15
2681.0,61.0274124837933,0.0,0.0,16.332759082157292,1846.0409036096999,298.15
2682.0,61.025930727912574,0.0,0.0,17.834489594518836,1480.4475030979736,298.15
2683.0,61.024448972031855,0.0,0.0,17.859594254604705,1876.3471767487429,298.15
2684.0,61.02296721615114,0.0,0.0,19.44909472710438,1718.3153387533105,298.15
2685.0,61.02148546027042,1.0,124.20005190904826,18.623411696522933,1831.1118735927307,298.15
2686.0,61.0200037043897,1.0,114.60539421437342,21.93796599423457,1862.4265177964921,298.15
2687.0,61.01852194850898,1.0,95.8442301423426,17.45673885521349,1910.0299938075043,298.15
2688.0,61.017040192628265,0.0,0.0,20.195838709468482,1724.3649260439736,298.15
2689.0,61.01555843674755,0.0,0.0,17.905882615587487,1409.3826996933988,298.15
2690.0,61.01407668086683,0.0,0.0,16.397447521275538,1390.307708362644,298.15
2691.0,61.01259492498611,0.0,0.0,21.34568803452625,1449.7939509512137,298.15
2692.0,61.01111316910539,0.0,0.0,22.163655202548455,1732.3815225749074,298.15
2693.0,61.00963141322467,0.0,0.0,19.925566773792827,1397.7760610979099,298.15
2694.0,61.00814965734395,0.0,0.0,18.365163431561122,1558.5591256821865,298.15
2695.0,61.00666790146323,1.0,108.17699429173476,17.655729871877053,1514.887760245606,298.15
2696.0,61.00518614558251,0.0,0.0,20.478578450350533,1616.7954061790058,298.15
2697.0,61.003704389701795,0.0,0.0,16.283184334947855,1654.3405665274424,298.15
2698.0,61.00222263382108,1.0,102.44215260853132,21.18539891757687,1545.632886600061,298.15
2699.0,61.00074087794036,0.0,0.0,19.22667329873221,1635.968775601676,298.15
2700.0,60.99925912205964,0.0,0.0,19.296977787222154,1334.9040982730344,298.15
2701.0,60.99777736617892,0.0,0.0,18.387758368390795,1637.4149154232791,298.15
2702.0,60.996295610298205,1.0,118.30352353660015,17.909817217505182,1488.320331332062,298.15
2703.0,60.99481385441749,1.0,128.04634276451625,20.220921445299094,1566.889106410738,298.15
2704.0,60.99333209853677,1.0,93.11422186562677,20.731208656853394,1359.75506438747,298.15
2705.0,60.99185034265605,0.0,0.0,20.375877915008733,1114.1673199887578,298.15
2706.0,60.99036858677533,0.0,0.0,22.378253328450562,1506.1507342276207,298.15
2707.0,60.98888683089461,1.0,117.7472553298478,20.826256773224785,1369.4141689533872,298.15
2708.0,60.98740507501389,1.0,114.06730242522323,21.97876769241273,1555.9300890502575,298.15
2709.0,60.98592331913317,0.0,0.0,18.586997731992135,1423.783552862686,298.15
2710.0,60.98444156325245,0.0,0.0,20.332525039438586,1788.2785733409037,298.15
2711.0,60.982959807371735,0.0,0.0,23.51537088413075,1521.263779954932,298.15
2712.0,60.98147805149102,0.0,0.0,22.798167553428804,1278.6558896794118,298.15
2713.0,60.9799962956103,0.0,0.0,21.878419247723876,1063.6940679141865,298.15
2714.0,60.97851453972958,1.0,119.32940182520454,20.839418003091808,1156.3997701807612,298.15
2715.0,60.97703278384886,1.0,83.57709250093238,20.04712376685032,1132.3649053633983,298.15
2716.0,60.975551027968145,0.0,0.0,20.796925734441725,1180.9700704092825,298.15
2717.0,60.974069272087426,0.0,0.0,22.762832952777003,1226.6792109856683,298.15
2718.0,60.9725875162067,0.0,0.0,18.66811916414504,1279.7517189547546,298.15
2719.0,60.97110576032598,0.0,0.0,24.8096346951524,1425.0784520210273,298.15
2720.0,60.969624004445265,0.0,0.0,24.015816391402755,1075.4873362314959,298.15
2721.0,60.96814224856455,0.0,0.0,24.074358610635166,985.2701253416194,298.15
2722.0,60.96666049268383,1.0,118.7511120175327,23.206530244031278,1305.936999617566,298.15
2723.0,60.96517873680311,1.0,115.6794041001778,22.489215807528996,1369.1848464712052,298.15
2724.0,60.96369698092239,0.0,0.0,23.01323474805413,1084.1564818788102,298.15
2725.0,60.962215225041675,1.0,121.4424401825552,21.914318172412255,1302.6156688069068,298.15
2726.0,60.96073346916096,1.0,121.71112074405826,25.978575482493966,1251.0555654790337,298.15
2727.0,60.95925171328024,0.0,0.0,22.45754038084419,868.687515788444,298.15
2728.0,60.95776995739952,0.0,0.0,22.005899087933763,1019.2461245876425,298.15
2729.0,60.9562882015188,1.0,111.1601675738073,22.42880843559916,1033.4092200742662,298.15
2730.0,60.954806445638084,0.0,0.0,21.7817685470836,1393.7819804461647,298.15
2731.0,60.953324689757366,0.0,0.0,24.317458331598207,1162.7506287666733,298.15
2732.0,60.95184293387664,0.0,0.0,22.275258087775967,1002.3260200180238,298.15
2733.0,60.95036117799592,0.0,0.0,22.98576201925805,965.0576069826142,298.15
2734.0,60.948879422115205,0.0,0.0,25.405251551582218,826.3582468218921,298.15
2735.0,60.94739766623449,0.0,0.0,25.058966446421383,1214.4170326936585,298.15
2736.0,60.94591591035377,0.0,0.0,21.784617644484864,1106.9303025727145,298.15
2737.0,60.94443415447305,0.0,0.0,25.38753189073619,1134.039622226184,298.15
2738.0,60.94295239859233,1.0,88.9998981624134,21.306067327333334,842.2751888844883,298.15
2739.0,60.941470642711614,0.0,0.0,21.24299837016067,1139.9289975529382,298.15
2740.0,60.939988886830896,0.0,0.0,23.193169039876437,988.7605251515363,298.15
2741.0,60.93850713095018,0.0,0.0,24.25366510413637,910.783954540064,298.15
2742.0,60.93702537506946,0.0,0.0,23.493169475710125,1092.6734313611635,298.15
2743.0,60.935543619188735,1.0,99.35890958347811,24.62073265319843,832.0282714005597,298.15
2744.0,60.93406186330802,0.0,0.0,23.380003133778924,1035.7121128321664,298.15
2745.0,60.9325801074273,0.0,0.0,20.750168088198876,966.3382303352068,298.15
2746.0,60.93109835154658,0.0,0.0,23.800723283093557,1164.82145134495,298.15
2747.0,60.92961659566586,0.0,0.0,21.731657286607554,1136.0027334141878,298.15
2748.0,60.928134839785145,0.0,0.0,24.226672302186575,1014.6165518384599,298.15
2749.0,60.92665308390443,1.0,116.75713854601706,22.272213749339087,1042.3854686846266,298.15
2750.0,60.92517132802371,1.0,124.71067136622804,25.15783819838008,1089.790732902849,298.15
2751.0,60.92368957214299,0.0,0.0,26.549014214754298,998.8816352148785,298.15
2752.0,60.92220781626227,1.0,101.55669698408559,21.664567133178736,878.3317119448717,298.15
2753.0,60.920726060381554,0.0,0.0,21.211552226639373,929.7821571408957,298.15
2754.0,60.919244304500836,0.0,0.0,24.043514579108184,820.8561415864202,298.15
2755.0,60.91776254862012,0.0,0.0,26.374705152202658,1144.9670947019802,298.15
2756.0,60.9162807927394,0.0,0.0,24.858906617773588,1068.5418657849025,298.15
2757.0,60.914799036858675,0.0,0.0,23.966204719805784,948.5802327622448,298.15
2758.0,60.91331728097796,1.0,103.27506457505417,22.965166920500312,906.9792488478812,298.15
2759.0,60.91183552509724,1.0,127.68461257663027,25.879455938414978,1055.3014369859939,298.15
2760.0,60.91035376921652,0.0,0.0,27.215077667245463,812.5246095510353,298.15
2761.0,60.9088720133358,1.0,106.17203756292758,21.795595781175255,869.2580471277496,298.15
2762.0,60.907390257455084,0.0,0.0,25.285896748442468,1032.1737811479147,298.15
2763.0,60.905908501574366,0.0,0.0,28.91475596824426,1407.288200539533,298.15
2764.0,60.90442674569365,0.0,0.0,23.89889206485067,1115.4455877856599,298.15
2765.0,60.90294498981293,1.0,123.75028673791041,24.585543003011377,1082.291617567512,298.15
2766.0,60.90146323393221,0.0,0.0,24.85607346757884,886.2293942585077,298.15
2767.0,60.899981478051494,0.0,0.0,24.276389704199175,929.6739818440396,298.15
2768.0,60.89849972217077,1.0,98.17363444967297,26.701669950872297,1281.2828698532662,298.15
2769.0,60.89701796629005,0.0,0.0,27.843050180216814,1017.1758762953657,298.15
2770.0,60.89553621040933,0.0,0.0,22.245305378433876,1106.0896502809915,298.15
2771.0,60.894054454528614,1.0,91.51326521455856,23.487453862087396,1193.6938926072983,298.15
2772.0,60.892572698647896,0.0,0.0,26.984020158759677,1051.7364380180043,298.15
2773.0,60.89109094276718,1.0,87.24733231412965,25.956117739335916,1048.7901656409633,298.15
2774.0,60.88960918688646,0.0,0.0,25.697648332215365,876.7987103449485,298.15
2775.0,60.88812743100574,0.0,0.0,26.11447220664657,964.0756436076425,298.15
2776.0,60.886645675125024,1.0,107.19256647637215,25.152710131629313,1245.749600509209,298.15
2777.0,60.885163919244306,1.0,115.07638906237653,25.765509141285396,1103.5632458756636,298.15
2778.0,60.88368216336359,0.0,0.0,24.469434179169873,1281.5625708514578,298.15
2779.0,60.88220040748287,0.0,0.0,24.617645568792298,955.8280945677473,298.15
2780.0,60.88071865160215,1.0,122.30566934560822,24.820231745609817,1327.806246701481,298.15
2781.0,60.879236895721434,1.0,86.10250775684244,24.30880766489374,1213.0100986969042,298.15
2782.0,60.87775513984071,0.0,0.0,25.696468871275844,1011.4871148093524,298.15
2783.0,60.87627338395999,0.0,0.0,25.406186443706126,1414.8578896929523,298.15
2784.0,60.87479162807927,1.0,127.73721432412164,21.925570600576123,1048.124136046728,298.15
2785.0,60.873309872198554,1.0,119.8981731573339,24.56549167242026,1434.5999417521646,298.15
2786.0,60.871828116317836,0.0,0.0,24.901032648341168,1282.2631074454187,298.15
2787.0,60.87034636043712,0.0,0.0,27.291146365393445,1167.3761453292607,298.15
2788.0,60.8688646045564,0.0,0.0,24.35705866501571,1593.1983840001399,298.15
2789.0,60.86738284867568,1.0,92.3677694678192,24.940913122973203,1391.4154824724653,298.15
2790.0,60.865901092794964,0.0,0.0,24.632460207554562,1527.7013863882132,298.15
2791.0,60.864419336914246,0.0,0.0,26.837368303153806,1425.3932661848573,298.15
2792.0,60.86293758103353,0.0,0.0,22.774670342607912,1343.1884724759593,298.15
2793.0,60.8614558251528,0.0,0.0,23.39298711855303,1260.3169361329847,298.15
2794.0,60.859974069272084,0.0,0.0,23.246273445158074,1379.1294078027765,298.15
2795.0,60.858492313391366,0.0,0.0,24.590146051319028,1446.2957526337607,298.15
2796.0,60.85701055751065,0.0,0.0,22.134032649216536,1559.825677263286,298.15
2797.0,60.85552880162993,0.0,0.0,26.82280590193924,1393.974671162971,298.15
2798.0,60.85404704574921,0.0,0.0,25.095852627071245,1545.6363925849862,298.15
2799.0,60.852565289868494,0.0,0.0,25.318161664208887,1736.0688434909773,298.15
2800.0,60.851083533987776,0.0,0.0,27.693811816704798,1523.7311741100443,298.15
2801.0,60.84960177810706,0.0,0.0,23.726408112355408,1221.8453969248799,298.15
2802.0,60.84812002222634,1.0,100.47367122927648,25.59120576375297,1538.6708881892198,298.15
2803.0,60.84663826634562,0.0,0.0,25.09625993374611,1532.8496480136462,298.15
2804.0,60.8451565104649,0.0,0.0,26.56879158552464,1543.7144962741854,298.15
2805.0,60.843674754584185,0.0,0.0,25.151074224963175,1338.8670456385023,298.15
2806.0,60.84219299870347,0.0,0.0,23.16797317650201,1635.160791015064,298.15
2807.0,60.84071124282274,0.0,0.0,24.596873157944902,1529.288155884931,298.15
2808.0,60.839229486942024,0.0,0.0,22.817685216559635,1608.5152799782168,298.15
2809.0,60.837747731061306,0.0,0.0,23.037592710466452,1781.6961202785826,298.15
2810.0,60.83626597518059,1.0,89.26453597017517,23.69394618813657,1532.7796655723457,298.15
2811.0,60.83478421929987,1.0,80.17359538592387,23.347603380486582,1654.0098236790495,298.15
2812.0,60.83330246341915,1.0,123.47044058502202,22.142135332880795,1653.723029268919,298.15
2813.0,60.831820707538434,0.0,0.0,19.867201872164554,1673.7080909918297,298.15
2814.0,60.830338951657716,1.0,121.08313699015042,23.89705326183951,1646.3284842533585,298.15
2815.0,60.828857195777,1.0,107.5373954721409,23.933862592081013,1668.5052406364055,298.15
2816.0,60.82737543989628,0.0,0.0,23.849036009039096,1992.1361886173934,298.15
2817.0,60.82589368401556,0.0,0.0,26.23664636476529,1691.089839758585,298.15
2818.0,60.824411928134836,0.0,0.0,20.647889326348633,1808.521275932754,298.15
2819.0,60.82293017225412,0.0,0.0,25.50805971184475,1796.785469079633,298.15
2820.0,60.8214484163734,0.0,0.0,26.926150712344494,1804.8200819472859,298.15
2821.0,60.81996666049268,0.0,0.0,25.67561729793801,1878.4890871040554,298.15
2822.0,60.818484904611964,1.0,117.7639549526485,22.208007863199505,1723.7681288234835,298.15
2823.0,60.817003148731246,0.0,0.0,23.40396070882366,2040.8684585618805,298.15
2824.0,60.81552139285053,0.0,0.0,21.356184065942895,1704.2654086113926,298.15
2825.0,60.81403963696981,1.0,82.70582098317499,21.418377305665633,1828.8735148208823,298.15
2826.0,60.81255788108909,1.0,122.881530860881,25.166066116665466,1686.499946366982,298.15
2827.0,60.81107612520837,0.0,0.0,23.435006926163133,2009.6114906302805,298.15
2828.0,60.809594369327655,0.0,0.0,23.43911144232711,1747.079267002685,298.15
2829.0,60.80811261344694,0.0,0.0,20.33209878281684,2008.4324957908689,298.15
2830.0,60.80663085756622,0.0,0.0,19.676408882426127,1944.243205218909,298.15
2831.0,60.8051491016855,0.0,0.0,23.625163637895003,1939.968615748986,298.15
2832.0,60.803667345804776,0.0,0.0,22.51529997006569,2089.6001347860943,298.15
2833.0,60.80218558992406,0.0,0.0,21.26543167224083,1839.694457805898,298.15
2834.0,60.80070383404334,1.0,114.93415924635788,24.42257371202127,2158.2025298860167,298.15
2835.0,60.79922207816262,0.0,0.0,22.49436217546203,1887.9070401971348,298.15
2836.0,60.7977403222819,0.0,0.0,20.085030119743116,2017.16997410746,298.15
2837.0,60.796258566401185,1.0,120.32291739548383,18.243674271077182,1929.8708150511277,298.15
2838.0,60.79477681052047,0.0,0.0,22.200636312020553,2057.4739959714475,298.15
2839.0,60.79329505463975,1.0,98.49255548124793,20.390713097024243,1820.0334274090535,298.15
2840.0,60.79181329875903,0.0,0.0,20.817441175149394,1991.5954446395785,298.15
2841.0,60.79033154287831,0.0,0.0,20.582155897160707,1982.8797274005424,298.15
2842.0,60.788849786997595,0.0,0.0,23.123217553930257,2049.7015918292423,298.15
2843.0,60.78736803111687,0.0,0.0,22.078892359144913,2048.7793198443824,298.15
2844.0,60.78588627523615,0.0,0.0,20.472651611528004,1862.0580385946985,298.15
2845.0,60.784404519355434,0.0,0.0,20.32554777002093,2189.7771852227393,298.15
2846.0,60.782922763474716,0.0,0.0,20.8793180371398,1987.426509934391,298.15
2847.0,60.781441007594,0.0,0.0,22.42283665083033,2107.3557845565897,298.15
2848.0,60.77995925171328,0.0,0.0,20.34210596450734,1809.8810670713133,298.15
2849.0,60.77847749583256,0.0,0.0,19.18533967743696,1937.5535326286908,298.15
2850.0,60.77699573995184,0.0,0.0,18.07219909964317,2161.791502182645,298.15
2851.0,60.775513984071125,1.0,103.33238678444718,19.758264759895024,2245.0556833225423,298.15
2852.0,60.77403222819041,0.0,0.0,17.873352733070757,2062.662833829733,298.15
2853.0,60.77255047230969,0.0,0.0,20.232344791741948,1984.5679853001234,298.15
2854.0,60.77106871642897,0.0,0.0,20.306436703108147,1836.718052143406,298.15
2855.0,60.76958696054825,1.0,97.37425040750057,21.382568148750696,2113.4374301957537,298.15
2856.0,60.768105204667535,1.0,106.24223410819425,19.03821978032487,2037.1222966149187,298.15
2857.0,60.76662344878681,1.0,123.61109180145456,20.92132523303701,1634.9698767427833,298.15
2858.0,60.76514169290609,1.0,82.221635783053,21.74464351491648,1724.373131887423,298.15
2859.0,60.76365993702537,0.0,0.0,19.181050811995426,2032.6867593102356,298.15
2860.0,60.762178181144655,0.0,0.0,22.536742705120886,1850.6996666632735,298.15
2861.0,60.76069642526394,1.0,122.98277027532649,21.157328293704634,1814.5048292347838,298.15
2862.0,60.75921466938322,0.0,0.0,17.98950736834811,1949.2808697397486,298.15
2863.0,60.7577329135025,1.0,82.93561384011196,23.366472509481767,2010.3578384082432,298.15
2864.0,60.75625115762178,1.0,119.07972859471204,18.446512355910926,2166.9791013128875,298.15
2865.0,60.754769401741065,1.0,116.643369304659,20.69422683326174,1822.8907060685294,298.15
2866.0,60.75328764586035,0.0,0.0,19.3612930531395,2003.524645099556,298.15
2867.0,60.75180588997963,1.0,127.02689351782504,18.74257473144022,1776.379717621305,298.15
2868.0,60.7503241340989,0.0,0.0,20.25351726341116,1847.8909268737962,298.15
2869.0,60.748842378218185,0.0,0.0,18.30377914506682,1941.874151459696,298.15
2870.0,60.74736062233747,1.0,86.15485971852694,17.844045197120977,1882.3613422192377,298.15
2871.0,60.74587886645675,0.0,0.0,17.797178704076124,1690.1524981413431,298.15
2872.0,60.74439711057603,0.0,0.0,15.946689151993077,1962.2749635747277,298.15
2873.0,60.74291535469531,1.0,88.22048473699886,19.390141321352605,1986.241432783356,298.15
2874.0,60.741433598814595,0.0,0.0,16.535639850641147,2218.376006496006,298.15
2875.0,60.73995184293388,0.0,0.0,17.836217883186954,1886.840451438491,298.15
2876.0,60.73847008705316,0.0,0.0,17.442103205652252,1868.3340098802964,298.15
2877.0,60.73698833117244,1.0,90.44098123888709,18.29272182443077,1876.1451776990273,298.15
2878.0,60.73550657529172,0.0,0.0,17.21209855617063,1614.0875881291938,298.15
2879.0,60.734024819411005,0.0,0.0,16.717042736860307,1612.1063665562472,298.15
2880.0,60.73254306353029,1.0,117.70271330276698,17.724536624422473,1781.5011144901496,298.15
2881.0,60.73106130764957,0.0,0.0,17.503315985903107,1436.4894450567622,298.15
2882.0,60.72957955176884,0.0,0.0,15.195467882462085,1598.3054749470105,298.15
2883.0,60.728097795888125,0.0,0.0,16.6369504934962,1679.8845579557983,298.15
2884.0,60.72661604000741,1.0,120.70328410213529,18.764840514690686,1892.1986067691046,298.15
2885.0,60.72513428412669,0.0,0.0,20.5859842581313,1765.8980756074577,298.15
2886.0,60.72365252824597,1.0,104.97660058444106,13.84519797221102,1485.2005771137585,298.15
2887.0,60.72217077236525,0.0,0.0,17.826052497407698,1692.532904879848,298.15
2888.0,60.720689016484535,0.0,0.0,16.59688954655056,1771.5784041657207,298.15
2889.0,60.71920726060382,0.0,0.0,15.407992257744095,1776.4953540013435,298.15
2890.0,60.7177255047231,0.0,0.0,15.599499492282076,1811.334956903463,298.15
2891.0,60.71624374884238,0.0,0.0,14.711430748763824,1819.2034600919642,298.15
2892.0,60.71476199296166,0.0,0.0,13.967830309793346,1709.8304513843384,298.15
2893.0,60.71328023708094,1.0,116.54644599368709,16.697993193631653,1682.1356888455746,298.15
2894.0,60.71179848120022,0.0,0.0,18.870573086961805,1628.57383867678,298.15
2895.0,60.7103167253195,0.0,0.0,16.519169396746634,1704.5743302694743,298.15
2896.0,60.70883496943878,0.0,0.0,16.168768724967688,1444.4897948507996,298.15
2897.0,60.707353213558065,0.0,0.0,14.83767582326299,1516.3915144183431,298.15
2898.0,60.70587145767735,0.0,0.0,14.289830713602445,1426.488178162978,298.15
2899.0,60.70438970179663,0.0,0.0,15.758063845745632,1580.7375696681875,298.15
2900.0,60.70290794591591,1.0,104.78456151615796,14.0230114765138,1461.1729262010101,298.15
2901.0,60.70142619003519,1.0,109.55513685720553,17.415418925672697,1636.310463948123,298.15
2902.0,60.699944434154474,0.0,0.0,14.644905884214754,1476.4402489826236,298.15
2903.0,60.698462678273756,1.0,98.52741670934623,14.171916273033089,1612.4738811573352,298.15
2904.0,60.69698092239304,1.0,96.23371367087965,19.076948622679613,1120.6562236054474,298.15
2905.0,60.69549916651232,0.0,0.0,17.510449251293952,1313.8091785045244,298.15
2906.0,60.6940174106316,0.0,0.0,13.478611496216361,1547.0347203140998,298.15
2907.0,60.69253565475088,1.0,94.09655464258184,13.93955492306803,1393.9769417501411,298.15
2908.0,60.69105389887016,0.0,0.0,15.001759559410099,1534.0363036041394,298.15
2909.0,60.68957214298944,0.0,0.0,15.020683687234262,1398.1398208908852,298.15
2910.0,60.68809038710872,0.0,0.0,14.510657000257792,1205.4134370837191,298.15
2911.0,60.686608631228005,0.0,0.0,17.352185020709015,1599.6474652412044,298.15
2912.0,60.68512687534729,0.0,0.0,15.52100857749,1216.4204883750283,298.15
2913.0,60.68364511946657,1.0,101.31599249366073,15.098013805127069,1189.5799626431071,298.15
2914.0,60.68216336358585,0.0,0.0,14.159197506158577,1410.063739194135,298.15
2915.0,60.68068160770513,1.0,127.70474053571208,13.426676969073226,1136.2946546669214,298.15
2916.0,60.679199851824414,0.0,0.0,14.089316731597838,1065.1418567285693,298.15
2917.0,60.677718095943696,0.0,0.0,13.668720001716842,1130.3304890680106,298.15
2918.0,60.67623634006297,0.0,0.0,13.038690073785563,1355.1113210734443,298.15
2919.0,60.67475458418225,0.0,0.0,16.764296287422074,1539.8943605011964,298.15
2920.0,60.673272828301535,1.0,87.5372033271562,16.51561926572864,1206.84022133625,298.15
2921.0,60.67179107242082,0.0,0.0,14.418134851193225,1084.9242015076604,298.15
2922.0,60.6703093165401,0.0,0.0,17.118204437567957,1366.478780722853,298.15
2923.0,60.66882756065938,0.0,0.0,15.948828400601887,1077.051301661252,298.15
2924.0,60.66734580477866,0.0,0.0,13.272355362989414,1091.1054949103723,298.15
2925.0,60.665864048897944,0.0,0.0,12.66731658192951,1208.934524812524,298.15
2926.0,60.664382293017226,0.0,0.0,15.490717705558545,1306.6808084654397,298.15
2927.0,60.66290053713651,0.0,0.0,15.766011066960138,1135.5224281825278,298.15
2928.0,60.66141878125579,0.0,0.0,12.941477863622808,1061.5359924724078,298.15
2929.0,60.65993702537507,1.0,89.0621007004536,14.176499489264506,1453.1152937841966,298.15
2930.0,60.658455269494354,1.0,106.44941687150194,16.392418207612376,994.8877090278887,298.15
2931.0,60.656973513613636,1.0,118.42557347488611,17.552840554187142,1002.4997347024279,298.15
2932.0,60.65549175773291,0.0,0.0,15.18869370707391,1019.5880562969774,298.15
2933.0,60.65401000185219,0.0,0.0,15.160033368021262,1152.2998903122927,298.15
2934.0,60.652528245971475,1.0,116.84511748537908,14.36683560691923,991.7791643957426,298.15
2935.0,60.651046490090756,1.0,104.70282468990423,17.48882786717672,1177.0852207231123,298.15
2936.0,60.64956473421004,0.0,0.0,16.02151583801275,1039.8164895934522,298.15
2937.0,60.64808297832932,0.0,0.0,13.811348929929098,993.2637083136043,298.15
2938.0,60.6466012224486,0.0,0.0,16.435571764209598,950.8127897254213,298.15
2939.0,60.645119466567884,0.0,0.0,14.091909179712221,1025.7898119543763,298.15
2940.0,60.643637710687166,1.0,109.68270150791905,13.721860520041655,1091.539572281493,298.15
2941.0,60.64215595480645,0.0,0.0,14.56258742034835,1014.5832184711604,298.15
2942.0,60.64067419892573,0.0,0.0,13.936754288850294,1050.5862714685516,298.15
2943.0,60.639192443045005,1.0,80.56485134645597,13.903533849949886,895.7674254380436,298.15
2944.0,60.63771068716429,0.0,0.0,13.152070408996508,901.4586774542583,298.15
2945.0,60.63622893128357,0.0,0.0,14.314404929136831,1005.4411942949378,298.15
2946.0,60.63474717540285,0.0,0.0,14.623024012710584,1021.8796210983695,298.15
2947.0,60.63326541952213,0.0,0.0,13.359285644792946,1009.3858716178887,298.15
2948.0,60.631783663641414,0.0,0.0,16.433221386961748,912.4392314997593,298.15
2949.0,60.630301907760696,0.0,0.0,12.792248668928746,1011.1785451560205,298.15
2950.0,60.62882015187998,0.0,0.0,15.060029240738022,1003.812095555166,298.15
2951.0,60.62733839599926,0.0,0.0,16.78111351156745,982.0727505826685,298.15
2952.0,60.62585664011854,1.0,129.42386251725802,17.58981380296569,903.1565572039401,298.15
2953.0,60.624374884237824,1.0,95.33426903690892,14.915791810543906,1080.1067205724426,298.15
2954.0,60.622893128357106,1.0,105.72896672221,17.515605745083743,1002.1666194477559,298.15
2955.0,60.62141137247639,0.0,0.0,15.36697172826982,893.6179010062598,298.15
2956.0,60.61992961659567,0.0,0.0,19.6254814492103,990.108911770812,298.15
2957.0,60.618447860714944,0.0,0.0,13.745839650181813,924.6282267483512,298.15
2958.0,60.616966104834226,0.0,0.0,14.536263873956312,1016.1818453006201,298.15
2959.0,60.61548434895351,0.0,0.0,16.47268474605908,1234.0925373825069,298.15
2960.0,60.61400259307279,0.0,0.0,14.266105175322117,1046.6523649753487,298.15
2961.0,60.61252083719207,1.0,112.76875415046939,15.222284561109982,1059.7809110329679,298.15
2962.0,60.611039081311354,0.0,0.0,17.15228041820491,1248.7603588705686,298.15
2963.0,60.609557325430636,0.0,0.0,16.807520212080497,1081.7834634805151,298.15
2964.0,60.60807556954992,0.0,0.0,16.521160251613615,1112.6463325019395,298.15
2965.0,60.6065938136692,0.0,0.0,16.614873230582074,1076.146289209344,298.15
2966.0,60.60511205778848,0.0,0.0,12.794914068161889,1004.1363470744166,298.15
2967.0,60.603630301907764,0.0,0.0,17.05063581129648,1136.8421802847088,298.15
2968.0,60.60214854602704,0.0,0.0,15.876657541507427,1333.1608260291384,298.15
2969.0,60.60066679014632,0.0,0.0,16.385477526560223,888.3330735663319,298.15
2970.0,60.5991850342656,0.0,0.0,14.516795538681293,1026.910672958007,298.15
2971.0,60.597703278384884,1.0,127.85389954305641,18.223531388221467,976.9727881828334,298.15
2972.0,60.596221522504166,0.0,0.0,18.11594702869676,1003.5533286125127,298.15
2973.0,60.59473976662345,0.0,0.0,15.45713037670627,1308.4600017396178,298.15
2974.0,60.59325801074273,0.0,0.0,17.696912291620855,1111.7805419067533,298.15
2975.0,60.59177625486201,0.0,0.0,20.134294964086394,1254.8916320627882,298.15
2976.0,60.590294498981294,0.0,0.0,17.81540490022082,1057.6717302429204,298.15
2977.0,60.588812743100576,0.0,0.0,14.460724932174404,1072.6170938652544,298.15
2978.0,60.58733098721986,0.0,0.0,16.864062971067113,1028.6348050084166,298.15
2979.0,60.58584923133914,0.0,0.0,18.074256298864626,1410.302883941039,298.15
2980.0,60.58436747545842,0.0,0.0,21.35210450626869,1322.373831691371,298.15
2981.0,60.5828857195777,0.0,0.0,16.127778535401937,1061.3818356755821,298.15
2982.0,60.58140396369698,1.0,109.8603070850574,17.92354366532753,1403.4268182304054,298.15
2983.0,60.57992220781626,0.0,0.0,16.54929187928699,1206.5542874393054,298.15
2984.0,60.57844045193554,0.0,0.0,19.762438520356376,1327.1058573274079,298.15
2985.0,60.576958696054824,0.0,0.0,17.868813333396897,1280.0564959127014,298.15
2986.0,60.575476940174106,0.0,0.0,14.184346045757977,1071.6170806434875,298.15
2987.0,60.57399518429339,1.0,106.48381259028832,18.026187189888297,1177.2645626900046,298.15
2988.0,60.57251342841267,0.0,0.0,18.577196488993938,1519.029340238731,298.15
2989.0,60.57103167253195,1.0,82.75382253708653,19.478989607693403,1471.5260085316563,298.15
2990.0,60.56954991665123,0.0,0.0,19.251129269305036,1192.2426276945916,298.15
2991.0,60.568068160770515,0.0,0.0,20.11465915421103,1391.7020804133801,298.15
2992.0,60.5665864048898,0.0,0.0,18.968537236226812,1343.4579632923053,298.15
2993.0,60.56510464900907,1.0,119.93806187022022,19.404998214592293,1562.2214965217486,298.15
2994.0,60.563622893128354,0.0,0.0,19.392867723348687,1375.5778335748737,298.15
2995.0,60.562141137247636,0.0,0.0,18.813134739015023,1306.5580207241906,298.15
2996.0,60.56065938136692,0.0,0.0,20.49067794024322,1547.8966678726283,298.15
2997.0,60.5591776254862,0.0,0.0,21.040772716651553,1631.3115247351825,298.15
2998.0,60.55769586960548,0.0,0.0,19.72067476346999,1527.6359333088142,298.15
2999.0,60.556214113724764,0.0,0.0,19.108608317164755,1570.1099675332175,298.15
3000.0,60.554732357844046,0.0,0.0,18.267970207600236,1320.7236595242546,298.15
3001.0,60.55325060196333,0.0,0.0,20.672622001472657,1324.017720046494,298.15
3002.0,60.55176884608261,0.0,0.0,18.603748218834784,1328.895612929548,298.15
3003.0,60.55028709020189,0.0,0.0,20.569062217742978,1704.6731812611515,298.15
3004.0,60.54880533432117,0.0,0.0,20.62819105863563,1504.5817094813626,298.15
3005.0,60.547323578440455,0.0,0.0,22.229923687935404,1702.1622617895807,298.15
3006.0,60.54584182255974,1.0,85.13336838723144,22.846179033437533,1503.652402227639,298.15
3007.0,60.54436006667901,0.0,0.0,15.86943087874004,1606.8901136072154,298.15
3008.0,60.542878310798294,1.0,125.17229875614129,20.511438434777826,1503.492206345824,298.15
3009.0,60.541396554917576,0.0,0.0,17.57542776258571,1590.360076468913,298.15
3010.0,60.53991479903686,1.0,81.44177578182038,22.898065454482467,1398.0714395865953,298.15
3011.0,60.53843304315614,0.0,0.0,21.104653557371037,1621.7219415113536,298.15
3012.0,60.53695128727542,1.0,97.23555886940392,23.086114132857904,1623.1705598062188,298.15
3013.0,60.5354695313947,1.0,89.58237480773613,21.757656010454983,1444.3377434656152,298.15
3014.0,60.533987775513985,1.0,85.42822279223245,19.284680426750683,1776.6080099628289,298.15
3015.0,60.53250601963327,0.0,0.0,19.99683672127516,1813.1376870040615,298.15
3016.0,60.53102426375255,0.0,0.0,21.42947686043087,1641.57082139487,298.15
3017.0,60.52954250787183,1.0,119.79127594390707,22.654124469247385,1573.7352342149652,298.15
3018.0,60.528060751991106,1.0,119.1909722891343,21.931468680059066,2027.4735795415536,298.15
3019.0,60.52657899611039,1.0,104.72071032056255,22.22158641908488,1819.4660862169253,298.15
3020.0,60.52509724022967,0.0,0.0,21.461774660992944,1436.8898809310238,298.15
3021.0,60.52361548434895,1.0,125.89082509322795,23.936849075010137,1742.204465518195,298.15
3022.0,60.52213372846823,0.0,0.0,22.4568849476915,1720.9727866663243,298.15
3023.0,60.520651972587515,1.0,121.43369015453604,22.393956487241635,1721.8390422150176,298.15
3024.0,60.5191702167068,0.0,0.0,22.881458101049535,2006.1014757582527,298.15
3025.0,60.51768846082608,0.0,0.0,21.835995752152247,1891.496544183055,298.15
3026.0,60.51620670494536,0.0,0.0,22.029818368507886,1959.7805367375815,298.15
3027.0,60.51472494906464,0.0,0.0,23.449238343001,1854.3696159752164,298.15
3028.0,60.513243193183925,0.0,0.0,24.00905508211163,2013.2593492817336,298.15
3029.0,60.51176143730321,0.0,0.0,24.262847862962122,1839.0819967895186,298.15
3030.0,60.51027968142249,0.0,0.0,22.626540341416725,1939.435430146212,298.15
3031.0,60.50879792554177,1.0,96.91674505738965,23.220242082715405,1986.6356973561642,298.15
3032.0,60.507316169661046,1.0,92.0316283783754,22.135348663197437,1828.7247598507533,298.15
3033.0,60.50583441378033,0.0,0.0,24.445693584345594,1615.8808337104688,298.15
3034.0,60.50435265789961,0.0,0.0,21.75538130049984,1684.1728059299785,298.15
3035.0,60.50287090201889,0.0,0.0,23.701074156439844,2292.289012049872,298.15
3036.0,60.50138914613817,0.0,0.0,24.829104725935107,2050.082104736358,298.15
3037.0,60.499907390257455,0.0,0.0,23.69945153629008,2063.6055270785823,298.15
3038.0,60.49842563437674,0.0,0.0,24.05236767759319,2178.109927469495,298.15
3039.0,60.49694387849602,1.0,101.8544661078001,23.208395481238387,1801.7041002493308,298.15
3040.0,60.4954621226153,0.0,0.0,20.74946228883253,1866.8826068887563,298.15
3041.0,60.49398036673458,1.0,113.86797849671336,22.707209122069028,1814.4279834385236,298.15
3042.0,60.492498610853865,0.0,0.0,23.923535463526008,2337.7795425603845,298.15
3043.0,60.49101685497314,0.0,0.0,22.81597517852576,1838.282824237112,298.15
3044.0,60.48953509909242,0.0,0.0,24.758986601948383,2179.2807560701904,298.15
3045.0,60.4880533432117,1.0,112.46264058476498,21.70264766033843,1895.0082974035986,298.15
3046.0,60.486571587330985,1.0,91.59927128554585,21.005757954863746,2008.8522642591586,298.15
3047.0,60.48508983145027,0.0,0.0,25.276670105738816,2188.32817701002,298.15
3048.0,60.48360807556955,0.0,0.0,23.72301361001135,2041.9122895048167,298.15
3049.0,60.48212631968883,1.0,119.34459911479928,24.831028692475325,1980.005779282057,298.15
3050.0,60.48064456380811,0.0,0.0,23.496472533697794,2340.2570946955175,298.15
3051.0,60.479162807927395,1.0,115.08903622912163,25.285118496280408,1724.6667812631526,298.15
3052.0,60.47768105204668,0.0,0.0,26.602886930698745,1857.401506077208,298.15
3053.0,60.47619929616596,0.0,0.0,26.763940824875288,1951.3394654254673,298.15
3054.0,60.47471754028524,0.0,0.0,23.487397170014066,2152.6989655330685,298.15
3055.0,60.47323578440452,1.0,87.09788682898142,23.89265397536152,1918.2998667273027,298.15
3056.0,60.471754028523804,0.0,0.0,24.881541211237376,2136.301078352056,298.15
3057.0,60.47027227264308,0.0,0.0,27.642349082806383,1729.5944528657776,298.15
3058.0,60.46879051676236,0.0,0.0,22.841887177985285,2156.534139318454,298.15
3059.0,60.46730876088164,1.0,107.20209911310761,22.888650834610424,2114.181761535742,298.15
3060.0,60.465827005000925,1.0,81.05405497604966,26.1455960196653,1814.3160749918084,298.15
3061.0,60.46434524912021,1.0,83.21407457516617,23.72137022711359,1965.2662032041621,298.15
3062.0,60.46286349323949,0.0,0.0,25.870463955859307,1924.4769656406606,298.15
3063.0,60.46138173735877,0.0,0.0,23.906894362131577,2026.4019143592584,298.15
3064.0,60.45989998147805,0.0,0.0,25.43154600164382,2126.5897515415463,298.15
3065.0,60.458418225597335,0.0,0.0,24.074771517197263,1843.0479013762515,298.15
3066.0,60.45693646971662,0.0,0.0,23.303938649428602,1993.5741385554816,298.15
3067.0,60.4554547138359,0.0,0.0,25.164070369049444,1967.2156655154704,298.15
3068.0,60.45397295795517,0.0,0.0,23.006308372105337,1940.910509235183,298.15
3069.0,60.452491202074455,0.0,0.0,25.690657987291743,2131.8413439518226,298.15
3070.0,60.45100944619374,0.0,0.0,24.597766940505522,1928.5899398520642,298.15
3071.0,60.44952769031302,1.0,105.19813315823366,22.80483358192023,1712.8281936420312,298.15
3072.0,60.4480459344323,0.0,0.0,25.47003049406203,1995.932544316771,298.15
3073.0,60.44656417855158,0.0,0.0,25.441813779631385,2115.1993570273225,298.15
3074.0,60.445082422670865,0.0,0.0,21.23540757329932,1885.484046982145,298.15
3075.0,60.44360066679015,0.0,0.0,24.918549610744265,2056.361322916631,298.15
3076.0,60.44211891090943,0.0,0.0,25.014737465263824,1779.373692184995,298.15
3077.0,60.44063715502871,0.0,0.0,25.1438938578471,1892.7967370750987,298.15
3078.0,60.43915539914799,1.0,122.80422492227792,22.08010932141367,1584.3038045920664,298.15
3079.0,60.437673643267274,0.0,0.0,25.548392285868214,1714.9803862748886,298.15
3080.0,60.436191887386556,0.0,0.0,25.793451374032188,1819.1920479521325,298.15
3081.0,60.43471013150584,1.0,123.98712270475002,23.459789232581883,1881.500952666791,298.15
3082.0,60.43322837562511,0.0,0.0,22.70773522524604,1833.4083367669427,298.15
3083.0,60.431746619744395,1.0,85.48183327703438,23.362947707706507,1946.568884853922,298.15
3084.0,60.43026486386368,0.0,0.0,25.1174848428631,1511.5296819521504,298.15
3085.0,60.42878310798296,1.0,101.82318404324336,22.910233871258253,1947.4572147201793,298.15
3086.0,60.42730135210224,1.0,100.09923516176946,22.702114760315567,1605.8357282089935,298.15
3087.0,60.42581959622152,1.0,115.24146971523126,28.2020691349535,1514.2821426066594,298.15
3088.0,60.424337840340804,0.0,0.0,24.807316479766207,1839.6119879574094,298.15
3089.0,60.422856084460086,0.0,0.0,24.288692324243996,1502.5014386144662,298.15
3090.0,60.42137432857937,1.0,81.32997138005187,23.682531688785797,1866.5471142958074,298.15
3091.0,60.41989257269865,0.0,0.0,24.044918444041528,1312.1804891490797,298.15
3092.0,60.41841081681793,0.0,0.0,27.569387697651045,1510.9909189292068,298.15
3093.0,60.41692906093721,0.0,0.0,25.954895951420944,1740.6328941542442,298.15
3094.0,60.41544730505649,0.0,0.0,28.428084982170592,1694.540083269096,298.15
3095.0,60.41396554917577,0.0,0.0,25.194831048367032,1183.0916914976015,298.15
3096.0,60.41248379329505,0.0,0.0,22.994140236761844,1463.1037981225418,298.15
3097.0,60.411002037414335,1.0,96.83163709676724,24.912428641429052,1289.6898899741072,298.15
3098.0,60.40952028153362,0.0,0.0,25.3088120300055,1552.1711871582675,298.15
3099.0,60.4080385256529,0.0,0.0,25.36379383887887,1523.3804792484864,298.15
3100.0,60.40655676977218,1.0,116.43967458270876,23.622669687132493,1462.8454125837156,298.15
3101.0,60.40507501389146,1.0,101.1206568302824,27.16302277922826,1468.2877209983674,298.15
3102.0,60.403593258010744,0.0,0.0,22.190327559944016,1303.3758947357476,298.15
3103.0,60.402111502130026,0.0,0.0,24.707727840254755,1342.8439607084447,298.15
3104.0,60.40062974624931,0.0,0.0,23.637914052351153,1597.337411041137,298.15
3105.0,60.39914799036859,0.0,0.0,22.801964604155682,1348.3296338535665,298.15
3106.0,60.39766623448787,1.0,125.35715342207817,24.378018547835477,1320.5838989622803,298.15
3107.0,60.39618447860715,0.0,0.0,25.928991665247896,1561.8981143746105,298.15
3108.0,60.39470272272643,0.0,0.0,24.498932729896346,1198.8200846727918,298.15
3109.0,60.39322096684571,1.0,119.75442425850578,24.22192311168254,1582.4520013478948,298.15
3110.0,60.39173921096499,1.0,125.2251060645189,20.484329191394576,1580.2074218307885,298.15
3111.0,60.390257455084274,0.0,0.0,25.11876886350715,1178.301574367929,298.15
3112.0,60.388775699203556,1.0,87.65907002515718,22.92267488824886,1454.0362527769362,298.15
3113.0,60.38729394332284,1.0,127.04287094152949,24.352997972800356,977.124775192819,298.15
3114.0,60.38581218744212,0.0,0.0,24.8950359756079,1302.3709059285886,298.15
3115.0,60.3843304315614,1.0,99.78351787942495,23.654260390151496,1121.7195564770984,298.15
3116.0,60.382848675680684,1.0,93.84903706360684,20.06523901654727,1334.918277678917,298.15
3117.0,60.381366919799966,1.0,82.38582447043783,25.453557527046183,1292.7082305081585,298.15
3118.0,60.37988516391924,0.0,0.0,25.994076662368027,1190.5846401760357,298.15
3119.0,60.37840340803852,0.0,0.0,24.323966185120177,1055.0026934671612,298.15
3120.0,60.376921652157804,0.0,0.0,21.776578501432986,1343.7018699703726,298.15
3121.0,60.375439896277086,0.0,0.0,24.821292895395846,1188.850631210111,298.15
3122.0,60.37395814039637,1.0,89.796635097098,22.31565980435737,1075.1758558756965,298.15
3123.0,60.37247638451565,0.0,0.0,22.57197819309573,1092.3501500550997,298.15
3124.0,60.37099462863493,0.0,0.0,24.506170336316337,1143.3892140216885,298.15
3125.0,60.369512872754214,1.0,125.21517519443853,23.535992448717025,1131.5531695425116,298.15
3126.0,60.368031116873496,0.0,0.0,18.64405711180362,1182.0009300905317,298.15
3127.0,60.36654936099278,0.0,0.0,22.649046761516395,1268.3199500369265,298.15
3128.0,60.36506760511206,0.0,0.0,24.119726053800417,1271.8677233224903,298.15
3129.0,60.36358584923134,0.0,0.0,19.947155391698313,1070.959250384538,298.15
3130.0,60.362104093350624,1.0,80.37185297814702,23.59765189994776,1159.246538317785,298.15
3131.0,60.360622337469906,0.0,0.0,19.265965775710544,1056.3641733906666,298.15
3132.0,60.35914058158918,1.0,93.36667068729366,21.496953232589618,1259.8578976401852,298.15
3133.0,60.35765882570846,0.0,0.0,22.609150518699042,1049.7684553567626,298.15
3134.0,60.356177069827744,0.0,0.0,21.23934901903627,1079.9918684922877,298.15
3135.0,60.354695313947026,0.0,0.0,23.429300845232692,1050.6283065700275,298.15
3136.0,60.35321355806631,0.0,0.0,19.181657429883785,1116.745941391187,298.15
3137.0,60.35173180218559,1.0,96.36759831891095,22.648972943463267,1135.845321772764,298.15
3138.0,60.35025004630487,0.0,0.0,21.328096965576986,1242.8707471121004,298.15
3139.0,60.348768290424154,1.0,89.76821166616784,19.777664981709272,1211.27455391968,298.15
3140.0,60.347286534543436,1.0,88.37599829941601,21.741569121361376,1030.9577042238639,298.15
3141.0,60.34580477866272,0.0,0.0,20.8243723702622,1013.3943736552964,298.15
3142.0,60.344323022782,0.0,0.0,23.201137218931244,981.9576125682736,298.15
3143.0,60.342841266901274,0.0,0.0,21.663867546156347,1163.2701809735843,298.15
3144.0,60.341359511020556,0.0,0.0,21.28690717820662,1045.653924768154,298.15
3145.0,60.33987775513984,0.0,0.0,19.44591570741395,1375.4103061682395,298.15
3146.0,60.33839599925912,0.0,0.0,20.652897212457408,994.409924333674,298.15
3147.0,60.3369142433784,1.0,125.05275873095172,19.393692411491763,1230.4431363559786,298.15
3148.0,60.335432487497684,0.0,0.0,20.109705280015955,1230.5150945518756,298.15
3149.0,60.333950731616966,0.0,0.0,22.097273393007203,1225.7782297678357,298.15
3150.0,60.33246897573625,0.0,0.0,19.542795475959142,950.562415002881,298.15
3151.0,60.33098721985553,0.0,0.0,17.581435552425795,987.6001638967009,298.15
3152.0,60.32950546397481,0.0,0.0,20.581867991988382,976.6726821049265,298.15
3153.0,60.32802370809409,0.0,0.0,20.94500276220559,1223.255799214856,298.15
3154.0,60.326541952213375,0.0,0.0,22.123954991216138,936.415739291898,298.15
3155.0,60.32506019633266,0.0,0.0,20.86035499806232,919.4063143101121,298.15
3156.0,60.32357844045194,0.0,0.0,18.938655862366193,1112.927816509234,298.15
3157.0,60.322096684571214,1.0,109.44893359971643,19.686856679493204,812.8780734642337,298.15
3158.0,60.320614928690496,0.0,0.0,19.789057022656984,1130.9341576602299,298.15
3159.0,60.31913317280978,1.0,87.10142624245368,19.75778970286931,848.6704920408844,298.15
3160.0,60.31765141692906,1.0,92.20736597207916,15.00190789864622,962.7192701525352,298.15
3161.0,60.31616966104834,0.0,0.0,17.940675132907238,1202.8731416316639,298.15
3162.0,60.314687905167624,0.0,0.0,19.519824392106536,951.7479607521685,298.15
3163.0,60.313206149286906,1.0,125.28269979821597,20.414400118282963,1087.10413207636,298.15
3164.0,60.31172439340619,0.0,0.0,17.54001165529659,1228.8879562918044,298.15
3165.0,60.31024263752547,0.0,0.0,17.79099446492475,883.6799858374343,298.15
3166.0,60.30876088164475,0.0,0.0,17.974089885395315,1087.8128032785228,298.15
3167.0,60.30727912576403,0.0,0.0,18.041313245944572,1166.6563987042566,298.15
3168.0,60.30579736988331,0.0,0.0,19.526494526185648,864.8555361593751,298.15
3169.0,60.30431561400259,0.0,0.0,16.88088153272459,930.8042323099141,298.15
3170.0,60.30283385812187,0.0,0.0,19.35000194249579,1337.8603577313556,298.15
3171.0,60.301352102241154,1.0,127.70510521187605,20.141158695566677,933.0121687586975,298.15
3172.0,60.299870346360436,0.0,0.0,17.14693683703827,1062.3075462841705,298.15
3173.0,60.29838859047972,0.0,0.0,16.995701995189247,822.5690551214517,298.15
3174.0,60.296906834599,0.0,0.0,17.843299596498625,1017.6429172871732,298.15
3175.0,60.29542507871828,0.0,0.0,16.561620383854102,1262.871637147545,298.15
3176.0,60.29394332283756,1.0,111.05870976688607,17.269219071873465,1301.5117312950042,298.15
3177.0,60.292461566956845,0.0,0.0,14.96941233111367,1288.4103829002383,298.15
3178.0,60.29097981107613,0.0,0.0,18.602172093357424,1176.0607459072075,298.15
3179.0,60.28949805519541,0.0,0.0,19.807266919490477,1032.28726182848,298.15
3180.0,60.28801629931469,1.0,93.81814445688958,15.983933181875393,1268.1323846975527,298.15
3181.0,60.28653454343397,0.0,0.0,14.343043639375734,1152.7247158011187,298.15
3182.0,60.28505278755325,1.0,110.00701000987479,18.36767407272662,990.8563134415957,298.15
3183.0,60.28357103167253,0.0,0.0,16.143289166392286,1249.81265676371,298.15
3184.0,60.28208927579181,1.0,92.32463957883938,15.664356074946596,1449.6327501923695,298.15
3185.0,60.280607519911094,0.0,0.0,16.45916207278148,1439.554521143945,298.15
3186.0,60.279125764030375,0.0,0.0,14.62390978134906,1463.7375798489315,298.15
3187.0,60.27764400814966,0.0,0.0,17.27288925481734,1346.8443468966018,298.15
3188.0,60.27616225226894,0.0,0.0,14.404264570499835,1176.4937668265623,298.15
3189.0,60.27468049638822,0.0,0.0,14.460161193142545,1418.6979917737945,298.15
3190.0,60.2731987405075,0.0,0.0,14.367790909223634,1368.1562125074886,298.15
3191.0,60.271716984626785,0.0,0.0,16.477421682163175,1321.9382116247064,298.15
3192.0,60.27023522874607,1.0,105.67235337055702,13.245530438597093,1475.6701304433411,298.15
3193.0,60.26875347286534,1.0,126.60594323524109,19.422768621644945,1459.4530842354527,298.15
3194.0,60.267271716984624,0.0,0.0,15.416505747282988,1313.3472056465569,298.15
3195.0,60.265789961103906,1.0,106.90023243566982,12.56899024247133,1321.8356018097124,298.15
3196.0,60.26430820522319,0.0,0.0,14.197074306170384,1264.421538935633,298.15
3197.0,60.26282644934247,1.0,91.05166008185977,16.79344959179077,1491.4420943555353,298.15
3198.0,60.26134469346175,1.0,88.00396837289881,17.935711803358707,1604.6807205342088,298.15
3199.0,60.25986293758103,0.0,0.0,15.984280202050016,1395.5916402415985,298.15
3200.0,60.258381181700315,0.0,0.0,15.806895052376055,1340.0891975255176,298.15
3201.0,60.2568994258196,0.0,0.0,13.170185381630743,1591.2148196086985,298.15
3202.0,60.25541766993888,1.0,84.80756149851986,17.951154095587377,1768.222263646052,298.15
3203.0,60.25393591405816,0.0,0.0,16.410928239548447,1845.5817894296624,298.15
3204.0,60.25245415817744,1.0,104.07203042375542,15.989595549380176,1789.9709703250612,298.15
3205.0,60.250972402296725,0.0,0.0,15.459334718653704,1570.812073570506,298.15
3206.0,60.24949064641601,0.0,0.0,16.240331290870554,1458.5820249989333,298.15
3207.0,60.24800889053528,1.0,103.79040309553665,14.071032647222992,1700.2256126266416,298.15
3208.0,60.24652713465456,1.0,105.83033642450513,16.81653467082387,1613.7517133724882,298.15
3209.0,60.245045378773845,0.0,0.0,16.563541938940535,1609.6175482628119,298.15
3210.0,60.24356362289313,0.0,0.0,15.087685919444432,1939.5965558004893,298.15
3211.0,60.24208186701241,1.0,127.25503177076014,14.778056855344849,1877.186077909316,298.15
3212.0,60.24060011113169,1.0,96.94193303287682,11.730688837188012,1779.5940402367578,298.15
3213.0,60.23911835525097,0.0,0.0,12.38555270076894,1684.1053830834935,298.15
3214.0,60.237636599370255,0.0,0.0,16.005331790795694,1714.0251075425842,298.15
3215.0,60.23615484348954,0.0,0.0,16.55683191938245,1495.3821880087917,298.15
3216.0,60.23467308760882,0.0,0.0,16.800644142542275,1897.7811389803837,298.15
3217.0,60.2331913317281,0.0,0.0,12.914539839489148,1949.1123047643537,298.15
3218.0,60.231709575847376,1.0,104.6362503589371,18.72316068084111,1653.2402681136768,298.15
3219.0,60.23022781996666,1.0,113.96897868981698,16.63989219329316,1686.839011007847,298.15
3220.0,60.22874606408594,1.0,120.46514440799015,14.109867437560625,1940.1654411637019,298.15
3221.0,60.22726430820522,0.0,0.0,15.278853124505002,1757.793862986895,298.15
3222.0,60.2257825523245,0.0,0.0,12.294059074876877,1989.0556544818105,298.15
3223.0,60.224300796443785,1.0,128.76828853116433,14.017341443721396,1713.3649415568163,298.15
3224.0,60.22281904056307,1.0,128.2666784917022,15.86231692651597,1795.4974141837836,298.15
3225.0,60.22133728468235,0.0,0.0,15.100303662344158,1931.343771951496,298.15
3226.0,60.21985552880163,0.0,0.0,17.790126231030953,1815.9313083496625,298.15
3227.0,60.21837377292091,0.0,0.0,12.637271582535751,1817.8291459303402,298.15
3228.0,60.216892017040195,0.0,0.0,14.822454192233602,1824.6569706316357,298.15
3229.0,60.21541026115948,1.0,109.19085885801415,13.19895043381221,1999.3254881165094,298.15
3230.0,60.21392850527876,0.0,0.0,17.48347751555765,2048.944127135931,298.15
3231.0,60.21244674939804,0.0,0.0,15.463997315702535,1987.4530244405983,298.15
3232.0,60.210964993517315,1.0,115.23610788501139,15.067147900073554,1817.530497843531,298.15
3233.0,60.2094832376366,0.0,0.0,14.856999166832974,2135.5534193406606,298.15
3234.0,60.20800148175588,1.0,88.4228912882169,13.685229706987492,1976.4546900144383,298.15
3235.0,60.20651972587516,0.0,0.0,17.026777128886646,2103.0831998972135,298.15
3236.0,60.20503796999444,0.0,0.0,15.405074423432664,1758.8993157002174,298.15
3237.0,60.203556214113725,1.0,85.87931214598042,15.548687266759496,2134.0046080430043,298.15
3238.0,60.20207445823301,1.0,91.4302244889073,16.115901577660903,1909.0411783596733,298.15
3239.0,60.20059270235229,1.0,100.98345092005519,13.834551301228357,1904.0767949925187,298.15
3240.0,60.19911094647157,0.0,0.0,18.43717698283878,2036.3131289152814,298.15
3241.0,60.19762919059085,1.0,90.85128904590427,17.789338139067933,1672.5645497920227,298.15
3242.0,60.196147434710134,0.0,0.0,15.256056163889534,2036.781183063743,298.15
3243.0,60.19466567882941,1.0,116.04758639182361,14.869378386969261,1946.4494636207494,298.15
3244.0,60.19318392294869,0.0,0.0,16.414110940173963,2203.256875629452,298.15
3245.0,60.19170216706797,1.0,102.36643788368833,17.224574482306856,2034.531751064255,298.15
3246.0,60.190220411187255,1.0,97.5068807206658,18.276305243236834,1847.0755571991976,298.15
3247.0,60.18873865530654,1.0,92.69702946597877,16.55314391254923,1877.6068836648728,298.15
3248.0,60.18725689942582,0.0,0.0,15.787490042269452,1630.0989562701952,298.15
3249.0,60.1857751435451,1.0,88.92070607658812,15.837882677761623,2364.077197947913,298.15
3250.0,60.18429338766438,0.0,0.0,12.660773432079742,1624.3646769642196,298.15
3251.0,60.182811631783665,1.0,104.70507773448905,15.034704402289918,1918.656442943173,298.15
3252.0,60.18132987590295,0.0,0.0,16.356315113968275,2110.204319716521,298.15
3253.0,60.17984812002223,0.0,0.0,12.2230245714187,2217.9098880063434,298.15
3254.0,60.17836636414151,0.0,0.0,16.182152602661674,2266.6898293206486,298.15
3255.0,60.17688460826079,0.0,0.0,14.65567359139085,1978.9027463074228,298.15
3256.0,60.175402852380074,0.0,0.0,18.540580682740067,2066.4874984889284,298.15
3257.0,60.17392109649935,0.0,0.0,15.626042589820514,1942.1363943812426,298.15
3258.0,60.17243934061863,0.0,0.0,15.725627818943346,1750.8931795625608,298.15
3259.0,60.17095758473791,1.0,109.48868267994885,15.995162640708068,1823.3374922618111,298.15
3260.0,60.169475828857195,1.0,106.40516445008309,16.276835333564314,1718.0410462795114,298.15
3261.0,60.16799407297648,0.0,0.0,17.623685837121627,2017.8519951622677,298.15
3262.0,60.16651231709576,0.0,0.0,15.876753862972752,1913.5516735109227,298.15
3263.0,60.16503056121504,1.0,118.67152544321442,16.539174137735134,1930.7527621589234,298.15
3264.0,60.16354880533432,0.0,0.0,17.855332878743745,2053.2418791958135,298.15
3265.0,60.162067049453604,0.0,0.0,16.667995178333673,1982.621355871567,298.15
3266.0,60.160585293572886,0.0,0.0,17.781586317620818,2037.5054952211844,298.15
3267.0,60.15910353769217,0.0,0.0,16.099974880789343,2202.1015572380566,298.15
3268.0,60.15762178181144,0.0,0.0,17.455871400100072,1803.0414423602945,298.15
3269.0,60.156140025930725,1.0,128.9760623162227,19.07139100062771,1632.5211807761364,298.15
3270.0,60.15465827005001,0.0,0.0,18.024999291693305,1817.459898040423,298.15
3271.0,60.15317651416929,1.0,121.2089256741375,14.152802676650161,1864.074267446074,298.15
3272.0,60.15169475828857,1.0,99.98462641151039,18.121626148560065,1950.5979713594495,298.15
3273.0,60.15021300240785,0.0,0.0,15.474484523992528,1983.6699156464135,298.15
3274.0,60.148731246527134,0.0,0.0,15.929899631133617,1704.7936019673618,298.15
3275.0,60.147249490646416,0.0,0.0,18.28700750243501,1671.6679358116191,298.15
3276.0,60.1457677347657,0.0,0.0,16.039929113756013,2046.9488569741127,298.15
3277.0,60.14428597888498,1.0,96.46157834152874,15.907830965993384,1878.4564211990016,298.15
3278.0,60.14280422300426,0.0,0.0,17.771231772967617,1871.7090865452033,298.15
3279.0,60.141322467123544,0.0,0.0,16.889630740409846,1846.1034610135184,298.15
3280.0,60.139840711242826,0.0,0.0,15.358703273920142,1816.0762768411757,298.15
3281.0,60.13835895536211,1.0,95.69640188526745,18.95103846548811,1747.3538034224175,298.15
3282.0,60.13687719948138,0.0,0.0,19.73604929450336,1661.5606546693075,298.15
3283.0,60.135395443600665,0.0,0.0,19.704667334452534,1673.5983296248037,298.15
3284.0,60.13391368771995,0.0,0.0,16.91836237756157,2065.795574018067,298.15
3285.0,60.13243193183923,0.0,0.0,19.112356734126976,1997.657867787396,298.15
3286.0,60.13095017595851,0.0,0.0,17.764315723687314,1851.9605676002902,298.15
3287.0,60.12946842007779,0.0,0.0,16.62740575277886,1688.493929688752,298.15
3288.0,60.127986664197074,0.0,0.0,17.56082598121723,1768.849920431769,298.15
3289.0,60.126504908316356,0.0,0.0,14.347306423719786,1455.72547863075,298.15
3290.0,60.12502315243564,0.0,0.0,17.268763042853436,1803.9819905382253,298.15
3291.0,60.12354139655492,0.0,0.0,16.71636194898193,1603.4516269345527,298.15
3292.0,60.1220596406742,0.0,0.0,19.49080842390616,1626.6481159313403,298.15
3293.0,60.12057788479348,1.0,122.52112530591548,19.735978982868644,1623.7718612411209,298.15
3294.0,60.11909612891276,0.0,0.0,16.669774796404063,1566.8302218401104,298.15
3295.0,60.11761437303204,0.0,0.0,20.802125125265487,1698.772790360381,298.15
3296.0,60.11613261715132,0.0,0.0,18.609192526265623,1801.8868883585865,298.15
3297.0,60.114650861270604,0.0,0.0,17.97500856210216,1675.6005320108163,298.15
3298.0,60.113169105389886,0.0,0.0,16.926104464160186,1541.283687479335,298.15
3299.0,60.11168734950917,0.0,0.0,18.61389991138219,1355.8014838607214,298.15
3300.0,60.11020559362845,0.0,0.0,19.777246611739802,1505.9330458837949,298.15
3301.0,60.10872383774773,0.0,0.0,21.697987750505344,1472.7091609172514,298.15
3302.0,60.107242081867014,0.0,0.0,20.040908572846465,1592.276374160239,298.15
3303.0,60.105760325986296,0.0,0.0,19.81015994669441,1356.2617920156965,298.15
3304.0,60.10427857010558,0.0,0.0,21.347179689124268,1304.1227979762552,298.15
3305.0,60.10279681422486,0.0,0.0,20.746791768358843,1466.5419916976255,298.15
3306.0,60.10131505834414,1.0,114.8366929650243,18.218562983128272,1544.3657003507697,298.15
3307.0,60.099833302463416,0.0,0.0,20.03165619878761,1413.8663450044787,298.15
3308.0,60.0983515465827,1.0,121.0273602074378,19.91383208819934,1520.6070265747308,298.15
3309.0,60.09686979070198,0.0,0.0,20.69700297964515,1169.1176102461127,298.15
3310.0,60.09538803482126,0.0,0.0,20.279072694557478,1416.5194976290602,298.15
3311.0,60.093906278940544,0.0,0.0,19.851398759417204,1138.3490193199727,298.15
3312.0,60.092424523059826,1.0,107.96802748564917,23.587252700028493,1716.034972625093,298.15
3313.0,60.09094276717911,0.0,0.0,21.272259385914595,1502.5410894475763,298.15
3314.0,60.08946101129839,0.0,0.0,22.208133630547803,1344.8601964408958,298.15
3315.0,60.08797925541767,0.0,0.0,21.357324834078078,1032.4163683193813,298.15
3316.0,60.086497499536954,1.0,115.19066214552498,22.948679474967523,1052.8613260299976,298.15
3317.0,60.085015743656236,1.0,124.32178968312188,21.597504994208784,1529.7930143853941,298.15
3318.0,60.08353398777551,0.0,0.0,23.39641379392702,1058.4440300973984,298.15
3319.0,60.08205223189479,0.0,0.0,17.345147396575648,1293.9791871218083,298.15
3320.0,60.080570476014074,0.0,0.0,22.193186333117087,1479.6073003849656,298.15
3321.0,60.079088720133356,0.0,0.0,22.54664426201552,1209.4356687243576,298.15
3322.0,60.07760696425264,0.0,0.0,22.7105925204864,1002.0400661546375,298.15
3323.0,60.07612520837192,0.0,0.0,20.582379380342104,903.0471008919062,298.15
3324.0,60.0746434524912,0.0,0.0,21.25248568965751,1215.152075625826,298.15
3325.0,60.073161696610484,1.0,123.10915531797846,20.830703526504276,980.8524120019633,298.15
3326.0,60.071679940729766,0.0,0.0,23.369475196077687,1135.858734698739,298.15
3327.0,60.07019818484905,0.0,0.0,24.125969824958688,965.1434306968627,298.15
3328.0,60.06871642896833,0.0,0.0,20.136761012141545,1024.5269789807319,298.15
3329.0,60.06723467308761,0.0,0.0,23.181844834867796,1019.5115630672857,298.15
3330.0,60.06575291720689,0.0,0.0,21.555545514006134,1056.3066430237043,298.15
3331.0,60.064271161326175,0.0,0.0,25.819114632449853,975.3999225472348,298.15
3332.0,60.06278940544545,0.0,0.0,24.0059262238593,1120.5532521430437,298.15
3333.0,60.06130764956473,0.0,0.0,22.624005629958283,1219.2268229154263,298.15
3334.0,60.059825893684014,0.0,0.0,23.05126200607174,1007.8133749933014,298.15
3335.0,60.058344137803296,0.0,0.0,25.420943504916686,1093.6250489814001,298.15
3336.0,60.05686238192258,1.0,112.65209312265287,23.51424631268258,907.3010448651864,298.15
3337.0,60.05538062604186,0.0,0.0,20.636519649264077,806.0006045710328,298.15
3338.0,60.05389887016114,0.0,0.0,26.00008366590413,1095.3645169367724,298.15
3339.0,60.05241711428042,0.0,0.0,24.945382700300435,1161.504675359432,298.15
3340.0,60.050935358399705,0.0,0.0,22.855946412160172,737.4293027026149,298.15
3341.0,60.04945360251899,0.0,0.0,24.746117939317262,1006.1547182190692,298.15
3342.0,60.04797184663827,0.0,0.0,22.87099703735189,1080.5438328192956,298.15
3343.0,60.046490090757544,0.0,0.0,22.89446646051532,1055.4434079865462,298.15
3344.0,60.045008334876826,0.0,0.0,23.78881783088351,920.3423089650944,298.15
3345.0,60.04352657899611,1.0,125.19422728091622,25.00508925600958,1013.2925248147178,298.15
3346.0,60.04204482311539,0.0,0.0,24.858474689406467,1142.9002477318877,298.15
3347.0,60.04056306723467,0.0,0.0,25.665946799802544,873.2439558580897,298.15
3348.0,60.039081311353954,0.0,0.0,24.98134580980333,1234.216256488015,298.15
3349.0,60.037599555473236,1.0,107.0482134207126,26.60215606220799,792.0587831769129,298.15
3350.0,60.03611779959252,1.0,84.93617049092667,27.08914389907543,1134.6664008485704,298.15
3351.0,60.0346360437118,0.0,0.0,24.8649876171156,1008.3461020751196,298.15
3352.0,60.03315428783108,0.0,0.0,23.892785373260992,923.7705797685124,298.15
3353.0,60.03167253195036,0.0,0.0,24.191431730215534,725.946680628874,298.15
3354.0,60.030190776069645,0.0,0.0,21.443393112527836,1182.4716686569689,298.15
3355.0,60.02870902018893,0.0,0.0,24.600749930216672,866.042845537507,298.15
3356.0,60.02722726430821,1.0,108.93614074946308,23.622221482803198,1004.3593514925333,298.15
3357.0,60.025745508427484,0.0,0.0,23.520994419166414,1082.6963602738845,298.15
3358.0,60.024263752546766,1.0,113.91745975721332,24.625801304920127,1372.5942079002332,298.15
3359.0,60.02278199666605,1.0,97.37015092005865,21.363570588704,966.5017563953471,298.15
3360.0,60.02130024078533,0.0,0.0,24.469073611195558,1032.1297116482854,298.15
3361.0,60.01981848490461,0.0,0.0,25.113052707552594,1091.669867301297,298.15
3362.0,60.01833672902389,1.0,85.5901095683778,22.35896007252271,1052.574586094874,298.15
3363.0,60.016854973143175,0.0,0.0,27.009914702171308,926.9324146759878,298.15
3364.0,60.01537321726246,1.0,89.35027124643427,25.576493157576643,1270.3835059331523,298.15
3365.0,60.01389146138174,0.0,0.0,26.95585634882967,985.356345463329,298.15
3366.0,60.01240970550102,1.0,99.62542429760865,25.60617108201592,1132.0655330356249,298.15
3367.0,60.0109279496203,1.0,108.31223553849625,25.507329665723255,1037.0954546251658,298.15
3368.0,60.00944619373958,1.0,92.2980934886889,27.38171071561365,986.9590841184333,298.15
3369.0,60.00796443785886,0.0,0.0,27.065301600077614,1243.6961372606133,298.15
3370.0,60.00648268197814,1.0,87.01605471533584,28.079206371377285,1134.9334309457813,298.15
3371.0,60.00500092609742,0.0,0.0,24.783995833593654,777.2691907074518,298.15
3372.0,60.003519170216705,0.0,0.0,23.71868873663263,1159.4058906975108,298.15
3373.0,60.00203741433599,0.0,0.0,23.14327885499896,1030.8810497659385,298.15
3374.0,60.00055565845527,0.0,0.0,23.4350964058905,897.1902081133112,298.15
3375.0,59.99907390257455,0.0,0.0,26.085395008239924,1289.928042460181,298.15
3376.0,59.99759214669383,0.0,0.0,29.36108071203609,1043.1931734608957,298.15
3377.0,59.996110390813115,1.0,100.90441105458115,27.409365382300933,1208.6984479078,298.15
3378.0,59.9946286349324,0.0,0.0,24.70273650401572,1319.2610860690954,298.15
3379.0,59.99314687905168,0.0,0.0,26.208653475605253,1157.1765192802266,298.15
3380.0,59.99166512317096,0.0,0.0,24.087171808555222,1243.788492842622,298.15
3381.0,59.99018336729024,0.0,0.0,24.174655134114307,1116.8383940130593,298.15
3382.0,59.98870161140952,0.0,0.0,23.291279977391042,1397.675080975073,298.15
3383.0,59.9872198555288,0.0,0.0,23.381459220684683,1218.2173634733224,298.15
3384.0,59.98573809964808,0.0,0.0,25.800080089629688,1339.7444466228599,298.15
3385.0,59.98425634376736,0.0,0.0,27.263027358103948,1498.813956631573,298.15
3386.0,59.982774587886645,1.0,103.48944075534241,26.53365574235335,1009.3870160288334,298.15
3387.0,59.98129283200593,0.0,0.0,27.175157523682174,1198.648269252762,298.15
3388.0,59.97981107612521,0.0,0.0,26.069899403903555,1290.0207361932503,298.15
3389.0,59.97832932024449,0.0,0.0,24.731679317506295,1349.7732237287826,298.15
3390.0,59.97684756436377,1.0,116.86936134914134,23.914436495368523,1437.799543270615,298.15
3391.0,59.975365808483055,0.0,0.0,25.644848635400738,1543.626150272889,298.15
3392.0,59.97388405260234,0.0,0.0,21.999002724815988,1263.84356047285,298.15
3393.0,59.97240229672161,1.0,118.70867467451961,23.681655476347974,1360.6720070596548,298.15
3394.0,59.97092054084089,1.0,99.40054602647112,23.349109997086124,1574.5767802347032,298.15
3395.0,59.969438784960175,0.0,0.0,26.558261451471726,1472.4854149392786,298.15
3396.0,59.96795702907946,0.0,0.0,22.320001652069177,1182.2408975692938,298.15
3397.0,59.96647527319874,1.0,100.69780083229705,25.965912556025835,1185.4445209452967,298.15
3398.0,59.96499351731802,0.0,0.0,25.050888488387493,1395.2520815848677,298.15
3399.0,59.9635117614373,1.0,115.342835106131,25.02095955436583,1567.0953085209799,298.15
3400.0,59.962030005556585,0.0,0.0,23.582077653331275,1580.000316752837,298.15
3401.0,59.96054824967587,1.0,118.50600672336881,21.93564247140379,1381.7315728058202,298.15
3402.0,59.95906649379515,0.0,0.0,25.02207596937066,1630.932765199094,298.15
3403.0,59.95758473791443,1.0,111.21257362451593,25.58201622595775,1584.843854628191,298.15
3404.0,59.95610298203371,0.0,0.0,24.901188006098725,1400.4670707735793,298.15
3405.0,59.954621226152994,1.0,83.46435268792418,23.814634445798095,1488.0020298968693,298.15
3406.0,59.953139470272276,0.0,0.0,22.161976068251835,1301.9993628526217,298.15
3407.0,59.95165771439155,1.0,115.79415056177692,22.921552926940866,1430.4309235118276,298.15
3408.0,59.95017595851083,0.0,0.0,24.57295300134501,1341.781852010777,298.15
3409.0,59.948694202630115,1.0,93.45236598915135,22.520821052365104,1407.4825260174507,298.15
3410.0,59.9472124467494,0.0,0.0,22.176531279784044,1906.4061448291645,298.15
3411.0,59.94573069086868,0.0,0.0,21.330268132048577,1609.3583197983337,298.15
3412.0,59.94424893498796,0.0,0.0,24.42873898032858,1417.9706990410364,298.15
3413.0,59.94276717910724,0.0,0.0,24.32104017616287,1761.3844111691337,298.15
3414.0,59.941285423226525,1.0,102.28270038175172,25.269382383736435,1756.374003071129,298.15
3415.0,59.93980366734581,0.0,0.0,19.915107777362394,1755.9320878096057,298.15
3416.0,59.93832191146509,0.0,0.0,25.14208105657695,1609.8948682690962,298.15
3417.0,59.93684015558437,0.0,0.0,24.968681963454003,1847.930065828133,298.15
3418.0,59.935358399703645,0.0,0.0,25.039580387573647,1603.2428338106085,298.15
3419.0,59.93387664382293,0.0,0.0,23.21438240209768,1900.0887729308213,298.15
3420.0,59.93239488794221,1.0,104.13475299467962,23.293791631253416,1926.5836335360518,298.15
3421.0,59.93091313206149,0.0,0.0,23.200943875283457,1796.8172468621276,298.15
3422.0,59.92943137618077,1.0,83.76472756652221,21.306151582308026,1599.064240145356,298.15
3423.0,59.927949620300055,1.0,103.23999525270916,21.286307908301218,1951.0302878481498,298.15
3424.0,59.92646786441934,0.0,0.0,22.951329322894754,1754.7391318705377,298.15
3425.0,59.92498610853862,1.0,115.56884416207652,22.101426231733978,1894.7072964274753,298.15
3426.0,59.9235043526579,1.0,80.98391821367336,23.554542044991408,1968.100121297782,298.15
3427.0,59.92202259677718,1.0,121.57238338120956,21.74604323891349,1753.6068021170697,298.15
3428.0,59.920540840896464,0.0,0.0,19.873267098944332,2207.1114777218945,298.15
3429.0,59.919059085015746,0.0,0.0,19.85369024868993,1888.4958979465364,298.15
3430.0,59.91757732913503,0.0,0.0,20.81565380229193,1803.8972768168128,298.15
3431.0,59.91609557325431,1.0,126.8741050887353,23.099384852559798,2063.4550653536467,298.15
3432.0,59.914613817373585,0.0,0.0,21.009802334965315,2154.642551464034,298.15
3433.0,59.91313206149287,0.0,0.0,22.220416393698482,1620.3592131677779,298.15
3434.0,59.91165030561215,1.0,91.87267286641277,18.96869274412747,1730.9826355036776,298.15
3435.0,59.91016854973143,0.0,0.0,21.804347442952064,1829.1627920428223,298.15
3436.0,59.90868679385071,0.0,0.0,21.505611118595393,2269.428539532815,298.15
3437.0,59.907205037969995,0.0,0.0,23.248924608384737,1887.0096231942384,298.15
3438.0,59.905723282089276,0.0,0.0,21.490239469182352,2193.0151325646298,298.15
3439.0,59.90424152620856,0.0,0.0,22.362341677149796,2003.4569795756129,298.15
3440.0,59.90275977032784,0.0,0.0,24.152747166963454,1757.9828311965891,298.15
3441.0,59.90127801444712,1.0,94.19006474383926,21.000747090127486,2112.240480023152,298.15
3442.0,59.899796258566404,0.0,0.0,23.287921832701183,2031.833964893977,298.15
3443.0,59.89831450268568,0.0,0.0,20.92875445093624,1858.618703506585,298.15
3444.0,59.89683274680496,0.0,0.0,19.771835605535088,1892.0300448350781,298.15
3445.0,59.89535099092424,0.0,0.0,20.348803109233753,1836.4037167798313,298.15
3446.0,59.893869235043525,0.0,0.0,19.607708424450376,1902.3466363586306,298.15
3447.0,59.89238747916281,0.0,0.0,19.5610245399175,2096.5492622429647,298.15
3448.0,59.89090572328209,0.0,0.0,19.291810993367108,1863.459038347637,298.15
3449.0,59.88942396740137,0.0,0.0,19.619350400595398,2012.4113489559827,298.15
3450.0,59.88794221152065,0.0,0.0,21.13719570491848,2047.077767070657,298.15
3451.0,59.886460455639934,0.0,0.0,17.1732561766517,1991.5723059821735,298.15
3452.0,59.884978699759216,0.0,0.0,20.25003318017547,1756.663625439128,298.15
3453.0,59.8834969438785,0.0,0.0,19.87840976819593,2110.1123537672606,298.15
3454.0,59.88201518799778,1.0,97.60953436730597,21.79667490672083,1821.244732478494,298.15
3455.0,59.88053343211706,0.0,0.0,18.89228546355824,1907.5852759760223,298.15
3456.0,59.879051676236344,0.0,0.0,21.18405634971004,1922.121894450142,298.15
3457.0,59.87756992035562,1.0,87.24243384405703,17.893746008745275,1983.1807462327763,298.15
3458.0,59.8760881644749,0.0,0.0,18.43816194346254,1998.7262748020194,298.15
3459.0,59.87460640859418,0.0,0.0,19.729743837071773,2083.0250078756617,298.15
3460.0,59.873124652713464,1.0,84.59214341024943,19.93287080656273,1928.7589117348289,298.15
3461.0,59.871642896832746,1.0,90.82393284109283,18.433981539700277,1787.923527936171,298.15
3462.0,59.87016114095203,0.0,0.0,19.113098215780653,2127.9487627766666,298.15
3463.0,59.86867938507131,0.0,0.0,18.392442853943734,1898.7229965357624,298.15
3464.0,59.86719762919059,0.0,0.0,19.82104836506147,1924.672601479436,298.15
3465.0,59.865715873309874,0.0,0.0,18.22036764042647,1795.3831965991074,298.15
3466.0,59.864234117429156,1.0,114.47081826486999,17.99895724699745,1808.308330001732,298.15
3467.0,59.86275236154844,0.0,0.0,19.843181806200537,2146.736660273098,298.15
3468.0,59.86127060566771,1.0,103.607064357929,18.495785981888115,1715.9017418681883,298.15
3469.0,59.859788849786995,0.0,0.0,19.13174597738287,1729.4531751656973,298.15
3470.0,59.85830709390628,0.0,0.0,21.964024806645888,1835.168710161026,298.15
3471.0,59.85682533802556,0.0,0.0,14.694786777030203,1942.7999027930337,298.15
3472.0,59.85534358214484,0.0,0.0,16.132879555671792,1740.1415657249618,298.15
3473.0,59.85386182626412,1.0,116.16378459402412,16.199068310412063,1638.333472525426,298.15
3474.0,59.852380070383404,0.0,0.0,16.225519778265085,1681.4057950680183,298.15
3475.0,59.850898314502686,0.0,0.0,19.7770135504712,1791.177380215252,298.15
3476.0,59.84941655862197,0.0,0.0,13.142447521148545,1692.1783424553107,298.15
3477.0,59.84793480274125,0.0,0.0,18.091533745912866,2164.15504037952,298.15
3478.0,59.84645304686053,0.0,0.0,14.78069323977903,2116.042171343348,298.15
3479.0,59.844971290979814,1.0,106.14078096197275,17.187348018227496,1981.2921971019941,298.15
3480.0,59.843489535099096,1.0,117.52903085004405,17.47611163274888,1850.3572474927385,298.15
3481.0,59.84200777921838,0.0,0.0,18.427066423584634,1837.7968743213473,298.15
3482.0,59.84052602333765,0.0,0.0,16.46942055068733,1966.2262288718016,298.15
3483.0,59.839044267456934,0.0,0.0,16.535909895583817,1774.1341328118533,298.15
3484.0,59.837562511576216,0.0,0.0,13.453685668667395,1617.353487649443,298.15
3485.0,59.8360807556955,1.0,107.18190967321289,20.30257473878339,2045.477296952597,298.15
3486.0,59.83459899981478,0.0,0.0,17.067547807777586,1799.1738232197642,298.15
3487.0,59.83311724393406,1.0,95.8201630488091,17.20374212976167,1916.5312762509398,298.15
3488.0,59.831635488053344,0.0,0.0,18.144493562556953,1955.8816404105767,298.15
3489.0,59.830153732172626,1.0,121.17988598919554,16.24723483716247,1403.533310055097,298.15
3490.0,59.82867197629191,0.0,0.0,16.962451458018588,1524.9126259136399,298.15
3491.0,59.82719022041119,1.0,98.79952350589437,17.35958024134351,1608.9966965088388,298.15
3492.0,59.82570846453047,0.0,0.0,13.787822548624902,1699.4859586228608,298.15
3493.0,59.824226708649746,0.0,0.0,16.930543280421375,1746.5524061507458,298.15
3494.0,59.82274495276903,0.0,0.0,19.337616596253735,1584.214209851668,298.15
3495.0,59.82126319688831,0.0,0.0,18.749848706963938,1772.1371512684955,298.15
3496.0,59.81978144100759,1.0,81.5447160548253,18.345557010675403,1654.0784514925192,298.15
3497.0,59.818299685126874,0.0,0.0,18.89224077211916,1636.6200034663652,298.15
3498.0,59.816817929246156,0.0,0.0,13.763011278680835,1489.8772632428572,298.15
3499.0,59.81533617336544,0.0,0.0,14.883379690281066,1563.0713527078017,298.15
3500.0,59.81385441748472,0.0,0.0,14.21158279139095,1546.3358422497827,298.15
3501.0,59.812372661604,0.0,0.0,21.210647741459006,1628.7138849133194,298.15
3502.0,59.810890905723284,0.0,0.0,15.959258536422261,1271.0168898911875,298.15
3503.0,59.809409149842566,0.0,0.0,13.258624309966207,1558.2679117494936,298.15
3504.0,59.80792739396185,1.0,87.49737570567004,13.713196418570051,1190.3750144348603,298.15
3505.0,59.80644563808113,0.0,0.0,15.603647274685462,1293.7853689525734,298.15
3506.0,59.80496388220041,0.0,0.0,13.209969520079122,1497.4620026861232,298.15
3507.0,59.803482126319686,0.0,0.0,18.341009927910758,1265.205586220964,298.15
3508.0,59.80200037043897,0.0,0.0,16.57842016706485,1379.7467937962253,298.15
3509.0,59.80051861455825,0.0,0.0,15.779056940113461,1222.3149905373898,298.15
3510.0,59.79903685867753,0.0,0.0,13.558951383996309,1435.3833410061923,298.15
3511.0,59.797555102796814,0.0,0.0,13.099716949715301,1337.7389872390393,298.15
3512.0,59.796073346916096,1.0,121.35218354170917,15.742854134650102,1312.2262167740803,298.15
3513.0,59.79459159103538,1.0,120.62427442663157,15.377008722678328,1466.383317828958,298.15
3514.0,59.79310983515466,0.0,0.0,13.078734909753535,1349.6358403995685,298.15
3515.0,59.79162807927394,0.0,0.0,15.023099787308968,1347.0647228964865,298.15
3516.0,59.79014632339322,0.0,0.0,15.00651831663115,1425.455505408617,298.15
3517.0,59.788664567512505,0.0,0.0,16.25092508673725,1427.2426680955978,298.15
3518.0,59.78718281163178,0.0,0.0,18.42387609311585,1089.5644601807978,298.15
3519.0,59.78570105575106,0.0,0.0,11.712186719614884,1329.502003405508,298.15
3520.0,59.784219299870344,0.0,0.0,16.309270196501608,1271.1194006724133,298.15
3521.0,59.782737543989626,0.0,0.0,13.903145451241029,1390.3411740978538,298.15
3522.0,59.78125578810891,1.0,103.64283618978098,15.684333252784851,988.2614339332353,298.15
3523.0,59.77977403222819,0.0,0.0,15.213520749647282,1065.7505996035002,298.15
3524.0,59.77829227634747,0.0,0.0,15.801311203603715,1128.1612139868723,298.15
3525.0,59.77681052046675,0.0,0.0,13.011045389367919,1356.853138651985,298.15
3526.0,59.775328764586035,1.0,106.47065946538922,16.55249063717247,1092.4801541215836,298.15
3527.0,59.77384700870532,0.0,0.0,15.069758309703118,1118.7215438399683,298.15
3528.0,59.7723652528246,0.0,0.0,17.23663909601875,1012.1382372471264,298.15
3529.0,59.77088349694388,0.0,0.0,17.5654508236357,1222.536854876963,298.15
3530.0,59.76940174106316,0.0,0.0,15.406330100256959,1196.9477345538603,298.15
3531.0,59.767919985182445,0.0,0.0,16.623247723931,1004.8948293660408,298.15
3532.0,59.76643822930172,0.0,0.0,16.499040656365523,921.104085815273,298.15
3533.0,59.764956473421,0.0,0.0,17.211951694886345,1185.4520643399726,298.15
3534.0,59.763474717540284,0.0,0.0,17.114674235290646,1138.1643803724846,298.15
3535.0,59.761992961659566,0.0,0.0,13.24688570838565,954.9441038058486,298.15
3536.0,59.76051120577885,0.0,0.0,15.577280871229014,1151.723269931824,298.15
3537.0,59.75902944989813,0.0,0.0,12.935753730216245,1137.0275419683005,298.15
3538.0,59.75754769401741,0.0,0.0,14.349133576336751,1219.6090285961436,298.15
3539.0,59.75606593813669,0.0,0.0,14.443262523262849,1156.5876659307355,298.15
3540.0,59.754584182255975,1.0,106.85372557607495,16.18088335077678,973.6371455749503,298.15
3541.0,59.75310242637526,1.0,93.14836912950555,14.909858954652087,905.5741747469451,298.15
3542.0,59.75162067049454,0.0,0.0,15.05818313968636,1317.9891421603293,298.15
3543.0,59.750138914613814,1.0,127.15964449523543,16.949758430131595,934.9622422433041,298.15
3544.0,59.748657158733096,1.0,96.56864365999658,16.79776656389412,733.6876095192584,298.15
3545.0,59.74717540285238,0.0,0.0,15.873811785631757,824.9472856927155,298.15
3546.0,59.74569364697166,0.0,0.0,16.674535412397155,699.8411657958768,298.15
3547.0,59.74421189109094,0.0,0.0,16.55494697214011,1185.4124279628322,298.15
3548.0,59.74273013521022,0.0,0.0,18.712745873163833,1274.2090323439938,298.15
3549.0,59.741248379329505,0.0,0.0,15.284417755346173,1037.7253340976624,298.15
3550.0,59.73976662344879,1.0,101.7010842093472,14.466736756308048,759.4459033326727,298.15
3551.0,59.73828486756807,0.0,0.0,16.049412663089655,1180.5028304802167,298.15
3552.0,59.73680311168735,0.0,0.0,14.257764420016144,1070.8505497692643,298.15
3553.0,59.73532135580663,1.0,95.92486303703484,15.246674622723212,1186.8684267211179,298.15
3554.0,59.733839599925915,0.0,0.0,16.614449576339997,1092.4423943124302,298.15
3555.0,59.7323578440452,0.0,0.0,15.143145962950108,798.4417510346341,298.15
3556.0,59.73087608816448,1.0,86.81928718128874,15.652396227255553,1108.0757824058128,298.15
3557.0,59.72939433228375,0.0,0.0,15.64478281584109,778.7915679593096,298.15
3558.0,59.727912576403035,0.0,0.0,15.454183721219751,899.9434122542136,298.15
3559.0,59.72643082052232,0.0,0.0,14.460669480737756,1174.81846818007,298.15
3560.0,59.7249490646416,0.0,0.0,17.90385024104742,1172.0565636993254,298.15
3561.0,59.72346730876088,0.0,0.0,18.547282684009836,887.9798253150051,298.15
3562.0,59.72198555288016,1.0,108.18695651876058,17.950218164396784,864.1551610783488,298.15
3563.0,59.720503796999445,0.0,0.0,18.010057830991176,1045.0842521859006,298.15
3564.0,59.71902204111873,0.0,0.0,15.912148808820382,1348.0663308303083,298.15
3565.0,59.71754028523801,0.0,0.0,16.93469733185918,1138.6253657086932,298.15
3566.0,59.71605852935729,0.0,0.0,15.485899659074239,1414.7539332834724,298.15
3567.0,59.71457677347657,0.0,0.0,16.597194666713637,1044.9454167339993,298.15
3568.0,59.71309501759585,1.0,103.933785268948,16.820793221127264,1210.3285842651858,298.15
3569.0,59.71161326171513,0.0,0.0,14.760809654469206,1039.066567234797,298.15
3570.0,59.71013150583441,1.0,122.27788489681434,17.272509711825638,975.4737825031729,298.15
3571.0,59.70864974995369,0.0,0.0,16.29708603074916,962.1911823280592,298.15
3572.0,59.707167994072975,0.0,0.0,17.65740879011078,1167.772017451391,298.15
3573.0,59.70568623819226,0.0,0.0,16.94471691622555,1319.1621658216316,298.15
3574.0,59.70420448231154,0.0,0.0,17.964133071075395,1086.5204447683172,298.15
3575.0,59.70272272643082,0.0,0.0,18.616464888376274,1359.6490854996016,298.15
3576.0,59.7012409705501,0.0,0.0,15.585826826059957,1432.344418979246,298.15
3577.0,59.699759214669385,1.0,89.3263281273269,17.172141964661602,1299.4965174965264,298.15
3578.0,59.69827745878867,0.0,0.0,16.740049459234918,1230.310526864668,298.15
3579.0,59.69679570290795,0.0,0.0,19.75641390793819,1092.982070753334,298.15
3580.0,59.69531394702723,0.0,0.0,20.68277103484161,1401.5318581989413,298.15
3581.0,59.69383219114651,1.0,121.65709837559612,18.130296101017887,1047.8266910318284,298.15
3582.0,59.69235043526579,0.0,0.0,18.806576604110653,1323.1770404950043,298.15
3583.0,59.69086867938507,0.0,0.0,15.898771232895799,1052.1166064297418,298.15
3584.0,59.68938692350435,0.0,0.0,18.840616596620055,1100.513114724918,298.15
3585.0,59.68790516762363,0.0,0.0,18.040891092626218,1263.7994405335583,298.15
3586.0,59.686423411742915,0.0,0.0,20.728527160487218,1392.7081112708906,298.15
3587.0,59.6849416558622,1.0,103.36689088001452,18.29142212073908,1452.1477563294452,298.15
3588.0,59.68345989998148,1.0,123.56483117116349,17.443597496328756,1316.5425401884654,298.15
3589.0,59.68197814410076,0.0,0.0,16.709761125502574,1268.0006154251776,298.15
3590.0,59.68049638822004,1.0,105.21839093345258,19.250132848025267,1226.978330686281,298.15
3591.0,59.679014632339324,0.0,0.0,18.193591446787234,1465.5072279644116,298.15
3592.0,59.677532876458606,0.0,0.0,21.11382540248388,1474.8700822292967,298.15
3593.0,59.67605112057788,0.0,0.0,20.282773427264136,1417.5552992381965,298.15
3594.0,59.67456936469716,0.0,0.0,19.21178148754272,1451.5589226021996,298.15
3595.0,59.673087608816445,0.0,0.0,20.48099069659647,1662.0278678578654,298.15
3596.0,59.67160585293573,0.0,0.0,22.37073035292452,1589.8303651235253,298.15
3597.0,59.67012409705501,1.0,85.31898042231818,17.83019232668945,1240.6541724699305,298.15
3598.0,59.66864234117429,0.0,0.0,18.774479612855327,1601.7402151687693,298.15
3599.0,59.66716058529357,1.0,94.87625106892611,23.001934892369743,1691.4857782027514,298.15
3600.0,59.665678829412855,0.0,0.0,18.79291002173877,1377.0594498925834,298.15
3601.0,59.66419707353214,0.0,0.0,21.164436082477764,1657.951906633061,298.15
3602.0,59.66271531765142,0.0,0.0,22.108647788246255,1982.2569236624963,298.15
3603.0,59.6612335617707,0.0,0.0,20.28871529223298,1619.4112582626863,298.15
3604.0,59.65975180588998,0.0,0.0,21.521510088573844,1527.3112613113408,298.15
3605.0,59.658270050009264,0.0,0.0,20.05235818103689,1563.0994474039999,298.15
3606.0,59.656788294128546,0.0,0.0,23.533329795864404,1613.367177681913,298.15
3607.0,59.65530653824782,1.0,110.09131291898083,20.02341148284979,1372.4947214982353,298.15
3608.0,59.6538247823671,0.0,0.0,19.306498348019026,1380.8301369140731,298.15
3609.0,59.652343026486385,0.0,0.0,22.358854500551637,1680.0646300964954,298.15
3610.0,59.65086127060567,0.0,0.0,22.175487159817607,1647.1948361677623,298.15
3611.0,59.64937951472495,1.0,114.48549782860655,21.380244720546354,1768.8243607735221,298.15
3612.0,59.64789775884423,1.0,121.75633625703446,21.29632851936895,1641.6898037550811,298.15
3613.0,59.64641600296351,0.0,0.0,20.551005570836125,1710.9595278336842,298.15
3614.0,59.644934247082794,1.0,82.05906380793759,20.269666340862727,1855.478329103357,298.15
3615.0,59.643452491202076,0.0,0.0,20.57591910521162,1385.602593479969,298.15
3616.0,59.64197073532136,0.0,0.0,22.14465882078032,1603.4213005500746,298.15
3617.0,59.64048897944064,0.0,0.0,21.412073802253392,1675.992146543601,298.15
3618.0,59.639007223559915,0.0,0.0,19.454979335748064,1744.1192724356292,298.15
3619.0,59.6375254676792,0.0,0.0,21.26476586981138,1568.4563922775208,298.15
3620.0,59.63604371179848,0.0,0.0,21.693373639349325,1657.6056307983486,298.15
3621.0,59.63456195591776,1.0,86.85473899267554,22.94456932588676,1911.3413871672014,298.15
3622.0,59.63308020003704,0.0,0.0,22.690386488995575,1888.4553520861284,298.15
3623.0,59.631598444156324,0.0,0.0,25.12516508469862,1411.7646585119871,298.15
3624.0,59.630116688275606,1.0,91.46001628982786,20.841544314373973,1808.4909972706112,298.15
3625.0,59.62863493239489,0.0,0.0,23.38487813765589,1832.2148235271848,298.15
3626.0,59.62715317651417,1.0,80.99040353464297,23.60581322767004,1727.5193281639215,298.15
3627.0,59.62567142063345,0.0,0.0,23.125947127397186,1853.7522921207997,298.15
3628.0,59.624189664752734,0.0,0.0,22.291574185926883,1944.1507340861172,298.15
3629.0,59.622707908872016,0.0,0.0,21.759869795410157,2002.3327463822307,298.15
3630.0,59.6212261529913,1.0,110.18882748879236,22.873657552897175,1919.6932229938247,298.15
3631.0,59.61974439711058,0.0,0.0,20.162327197793434,2010.5680377883443,298.15
3632.0,59.618262641229855,0.0,0.0,21.627484240684222,1923.800990326638,298.15
3633.0,59.61678088534914,0.0,0.0,21.627391658823505,1587.655772781623,298.15
3634.0,59.61529912946842,1.0,128.47052221384956,24.0730286476232,1918.0809361598133,298.15
3635.0,59.6138173735877,0.0,0.0,24.346268157960214,1761.1604629363903,298.15
3636.0,59.61233561770698,0.0,0.0,21.70709088207383,1969.4296527445463,298.15
3637.0,59.610853861826264,0.0,0.0,21.406152090555636,1925.877436737968,298.15
3638.0,59.609372105945546,0.0,0.0,21.2313052599416,1930.4741515901455,298.15
3639.0,59.60789035006483,0.0,0.0,25.20926657810261,1844.76853618589,298.15
3640.0,59.60640859418411,0.0,0.0,25.17982269620416,1915.698813362764,298.15
3641.0,59.60492683830339,0.0,0.0,24.824172716661216,2026.1961245286202,298.15
3642.0,59.603445082422674,0.0,0.0,26.257826145752226,1847.279050848157,298.15
3643.0,59.60196332654195,0.0,0.0,26.7630732639435,1894.7741571924512,298.15
3644.0,59.60048157066123,0.0,0.0,22.393225143108502,1728.2531957213241,298.15
3645.0,59.59899981478051,0.0,0.0,23.41403297711797,2035.7143011241712,298.15
3646.0,59.597518058899794,1.0,90.69218046911355,25.354190323165795,1804.6376611492672,298.15
3647.0,59.596036303019076,0.0,0.0,19.747490564497006,2001.9575330896628,298.15
3648.0,59.59455454713836,0.0,0.0,23.820479054925162,2104.964259017347,298.15
3649.0,59.59307279125764,1.0,122.87926208132777,25.81709862766692,2190.447029101599,298.15
3650.0,59.59159103537692,0.0,0.0,23.77233260978106,1951.7783763402635,298.15
3651.0,59.590109279496204,0.0,0.0,25.552309238720408,2093.461169320856,298.15
3652.0,59.588627523615486,0.0,0.0,21.230405723737423,1997.9037629301413,298.15
3653.0,59.58714576773477,0.0,0.0,24.933018691619857,1716.9204495605256,298.15
3654.0,59.58566401185405,0.0,0.0,23.786715802525325,1773.1087504078916,298.15
3655.0,59.58418225597333,0.0,0.0,24.207287170735594,2120.9350969950124,298.15
3656.0,59.58270050009261,0.0,0.0,23.09272785017558,2164.77199191649,298.15
3657.0,59.58121874421189,0.0,0.0,27.207623651501443,1670.114958137272,298.15
3658.0,59.57973698833117,0.0,0.0,24.79670705424585,2034.3509672681987,298.15
3659.0,59.57825523245045,0.0,0.0,24.955044466540222,2020.4943372247692,298.15
3660.0,59.576773476569734,1.0,126.42004851124982,28.05382918100141,1855.146404490355,298.15
3661.0,59.575291720689016,1.0,114.14778657819392,23.306786694973674,1851.6126306838464,298.15
3662.0,59.5738099648083,0.0,0.0,25.03967388161112,1806.4183605792625,298.15
3663.0,59.57232820892758,1.0,89.70815700537801,23.7529741551992,1670.7099742336027,298.15
3664.0,59.57084645304686,0.0,0.0,23.700497430659254,1794.325008605073,298.15
3665.0,59.569364697166144,0.0,0.0,25.383234657616306,2049.95399030467,298.15
3666.0,59.567882941285426,0.0,0.0,24.460467022904748,1885.5700752719204,298.15
3667.0,59.56640118540471,1.0,87.88463035062372,28.095122409988626,2040.4595939693722,298.15
3668.0,59.56491942952398,0.0,0.0,27.797974649389804,1621.9733483079644,298.15
3669.0,59.563437673643264,0.0,0.0,24.70060215422875,1979.4836289032726,298.15
3670.0,59.561955917762546,0.0,0.0,22.50697752455942,2021.1379964653913,298.15
3671.0,59.56047416188183,0.0,0.0,24.516601411369656,1503.0831243190353,298.15
3672.0,59.55899240600111,0.0,0.0,26.66616459259244,1806.2193904111484,298.15
3673.0,59.55751065012039,1.0,111.24422645948135,23.57719268795378,1926.6442164627283,298.15
3674.0,59.556028894239674,0.0,0.0,27.566334998246234,2059.941271763939,298.15
3675.0,59.554547138358956,1.0,107.73614167408888,25.929863468498052,1646.708100609317,298.15
3676.0,59.55306538247824,0.0,0.0,23.125534225950332,2050.3587004162387,298.15
3677.0,59.55158362659752,1.0,120.73285989513909,23.939448003471885,1896.453530896988,298.15
3678.0,59.5501018707168,0.0,0.0,24.160035314581478,1668.299896069123,298.15
3679.0,59.54862011483608,1.0,87.88037821455882,23.69282638754799,1955.3668950889924,298.15
3680.0,59.547138358955365,0.0,0.0,23.13987278745012,2139.31175373415,298.15
3681.0,59.54565660307465,1.0,94.06543979658626,24.040463577475883,1730.7235590157695,298.15
3682.0,59.54417484719392,0.0,0.0,24.33724680976864,1705.211077588862,298.15
3683.0,59.542693091313204,1.0,86.85810575357561,27.008530321313774,1611.717144664441,298.15
3684.0,59.541211335432486,0.0,0.0,25.613315068559658,2016.622448057281,298.15
3685.0,59.53972957955177,0.0,0.0,25.68782805560967,1617.5676333854335,298.15
3686.0,59.53824782367105,1.0,97.42228565246774,25.427252274506607,1567.560052290135,298.15
3687.0,59.53676606779033,0.0,0.0,23.569138397393633,1604.9545704366851,298.15
3688.0,59.535284311909614,0.0,0.0,26.651188733186746,1592.209110668468,298.15
3689.0,59.533802556028895,0.0,0.0,24.091620256813183,1582.6110901780721,298.15
3690.0,59.53232080014818,0.0,0.0,24.21793346731548,1536.1810461500834,298.15
3691.0,59.53083904426746,1.0,106.18460444971139,25.328465731665045,1532.0982296449406,298.15
3692.0,59.52935728838674,0.0,0.0,28.68598894056551,1645.8327028548917,298.15
3693.0,59.527875532506016,0.0,0.0,23.74428501430754,1811.5321442416896,298.15
3694.0,59.5263937766253,1.0,109.32093900837845,22.002137831858594,1444.896292288887,298.15
3695.0,59.52491202074458,0.0,0.0,25.030663992015956,1382.7960918629706,298.15
3696.0,59.52343026486386,0.0,0.0,25.618304538424724,1611.614511331946,298.15
3697.0,59.521948508983144,0.0,0.0,23.7835863811366,1626.997095111316,298.15
3698.0,59.520466753102426,0.0,0.0,23.481019054966968,1762.5371377485958,298.15
3699.0,59.51898499722171,0.0,0.0,22.347397608330738,1727.028502387605,298.15
3700.0,59.51750324134099,0.0,0.0,24.86940166534555,1262.223578977452,298.15
3701.0,59.51602148546027,1.0,87.34484261738766,27.38775334222169,1184.6498922939713,298.15
3702.0,59.51453972957955,0.0,0.0,26.961569032786777,1553.4228442639153,298.15
3703.0,59.513057973698835,0.0,0.0,24.645920712557707,1533.7308550173088,298.15
3704.0,59.51157621781812,1.0,114.9418552623943,23.43983724808453,1659.6099875627365,298.15
3705.0,59.5100944619374,0.0,0.0,24.65624326952388,1480.6700193997242,298.15
3706.0,59.50861270605668,0.0,0.0,23.462838651482933,1321.8842906414986,298.15
3707.0,59.507130950175956,0.0,0.0,22.893470684707744,1546.8430302902498,298.15
3708.0,59.50564919429524,0.0,0.0,24.113140738425145,1218.9744926161316,298.15
3709.0,59.50416743841452,1.0,129.50047078923453,25.829650683346433,1661.535428039675,298.15
3710.0,59.5026856825338,0.0,0.0,23.412833481292672,1386.3488203899215,298.15
3711.0,59.50120392665308,0.0,0.0,23.32311581622068,1220.0315402395634,298.15
3712.0,59.499722170772365,0.0,0.0,23.14874819381915,1182.9610291782142,298.15
3713.0,59.49824041489165,1.0,95.56139485594059,24.766536083892948,1330.699508075765,298.15
3714.0,59.49675865901093,1.0,121.52002276381918,24.78618497601048,1275.140647215287,298.15
3715.0,59.49527690313021,0.0,0.0,21.623427998696652,1252.4857847312821,298.15
3716.0,59.49379514724949,1.0,89.25022514169274,22.98456579524215,1062.5895972680742,298.15
3717.0,59.492313391368775,0.0,0.0,24.957132378466866,1221.2118718659278,298.15
3718.0,59.49083163548805,0.0,0.0,22.57032116955406,1356.0987879245874,298.15
3719.0,59.48934987960733,1.0,100.71402478989731,25.25099356855482,1105.7322431248049,298.15
3720.0,59.487868123726614,0.0,0.0,24.03729634919692,1244.5413592237803,298.15
3721.0,59.486386367845896,0.0,0.0,25.663785151650174,1361.3803563612819,298.15
3722.0,59.48490461196518,1.0,106.57745863292547,22.268962452817043,1275.8037904484027,298.15
3723.0,59.48342285608446,0.0,0.0,23.80193609231784,987.8429921633318,298.15
3724.0,59.48194110020374,0.0,0.0,23.76274004641089,1205.928025095316,298.15
3725.0,59.48045934432302,0.0,0.0,24.223929089919405,1366.1834746958073,298.15
3726.0,59.478977588442305,1.0,88.26517994833961,22.974187542282866,1210.1037507637882,298.15
3727.0,59.47749583256159,1.0,98.01493316098554,24.09792502766956,1301.9773578783663,298.15
3728.0,59.47601407668087,1.0,103.5313681256128,21.21392770414867,1261.764334500077,298.15
3729.0,59.47453232080015,0.0,0.0,22.039603772922536,934.1791091682672,298.15
3730.0,59.47305056491943,1.0,107.41809177912853,19.652799375857143,1362.525627083535,298.15
3731.0,59.471568809038715,0.0,0.0,21.505984296065012,1274.525914386876,298.15
3732.0,59.47008705315799,0.0,0.0,20.478945355647078,1035.3786555159065,298.15
3733.0,59.46860529727727,0.0,0.0,22.272541790910903,1264.005712812852,298.15
3734.0,59.46712354139655,0.0,0.0,23.22203506010762,1042.679170631481,298.15
3735.0,59.465641785515835,0.0,0.0,22.448477923602976,1041.0985164447334,298.15
3736.0,59.46416002963512,0.0,0.0,22.693514931308286,913.5094676804061,298.15
3737.0,59.4626782737544,1.0,106.42362540542138,21.497470690743867,885.9048948574674,298.15
3738.0,59.46119651787368,1.0,98.3360799832424,21.018241424845268,1057.5035647005254,298.15
3739.0,59.45971476199296,0.0,0.0,19.264982117525744,991.5676082344158,298.15
3740.0,59.458233006112245,0.0,0.0,17.96025711296174,801.3946286424531,298.15
3741.0,59.45675125023153,0.0,0.0,18.52420603934212,1072.3764817319857,298.15
3742.0,59.45526949435081,0.0,0.0,19.772880749924493,1092.286743803501,298.15
3743.0,59.45378773847008,0.0,0.0,22.190221069881773,1056.8955837823576,298.15
3744.0,59.452305982589365,0.0,0.0,18.660645317702972,1052.3975065957363,298.15
3745.0,59.45082422670865,0.0,0.0,19.207932796822266,1067.3269466967886,298.15
3746.0,59.44934247082793,0.0,0.0,19.66570881397262,1028.9217574267311,298.15
3747.0,59.44786071494721,0.0,0.0,22.37508860276722,1054.5959698587253,298.15
3748.0,59.44637895906649,0.0,0.0,20.148158275043983,1076.8341858109213,298.15
3749.0,59.444897203185775,0.0,0.0,20.320693930095846,912.4374608619308,298.15
3750.0,59.44341544730506,0.0,0.0,20.65711988281511,810.0911441947427,298.15
3751.0,59.44193369142434,0.0,0.0,22.12715895713361,1048.1345341985163,298.15
3752.0,59.44045193554362,0.0,0.0,19.92457052048171,1023.7031694453814,298.15
3753.0,59.4389701796629,0.0,0.0,16.861601397474825,1070.1734993344294,298.15
3754.0,59.437488423782185,0.0,0.0,19.784697062244568,1174.6794943127136,298.15
3755.0,59.43600666790147,1.0,108.36380726025101,21.782129371214328,1000.9769946019045,298.15
3756.0,59.43452491202075,0.0,0.0,20.398981297898988,988.8927055740995,298.15
3757.0,59.43304315614002,0.0,0.0,19.613629312515553,1082.290887044391,298.15
3758.0,59.431561400259305,0.0,0.0,19.7321428039422,862.6344709760305,298.15
3759.0,59.43007964437859,0.0,0.0,16.123630649256498,1026.1309327251404,298.15
3760.0,59.42859788849787,0.0,0.0,15.797907112478878,1009.1317237253314,298.15
3761.0,59.42711613261715,0.0,0.0,20.288828391932974,1161.0362824140834,298.15
3762.0,59.42563437673643,0.0,0.0,20.813631155735507,966.3318183846106,298.15
3763.0,59.424152620855715,0.0,0.0,17.648211649619107,1054.7586467448557,298.15
3764.0,59.422670864975,0.0,0.0,18.86410812333101,1024.24648266206,298.15
3765.0,59.42118910909428,0.0,0.0,19.448186665891544,681.3832526212866,298.15
3766.0,59.41970735321356,0.0,0.0,21.01177199864496,982.6442912507891,298.15
3767.0,59.41822559733284,0.0,0.0,18.12923481807403,1068.3610525899267,298.15
3768.0,59.41674384145212,0.0,0.0,19.33981565999185,944.1169837197665,298.15
3769.0,59.4152620855714,0.0,0.0,21.2515197007927,1068.1192725888084,298.15
3770.0,59.41378032969068,0.0,0.0,17.517598583388125,1296.322308837059,298.15
3771.0,59.41229857380996,0.0,0.0,17.974774307830803,1249.4105338114202,298.15
3772.0,59.410816817929245,0.0,0.0,16.007900843753024,834.8410498302989,298.15
3773.0,59.40933506204853,0.0,0.0,15.995069414632942,1238.883080971466,298.15
3774.0,59.40785330616781,0.0,0.0,18.991946563225977,1219.7781815689814,298.15
3775.0,59.40637155028709,0.0,0.0,19.410209724660746,1132.457094396125,298.15
3776.0,59.40488979440637,0.0,0.0,19.271667519903986,806.0111743514988,298.15
3777.0,59.403408038525654,1.0,104.2690146042184,15.6678508613454,1286.7467387213462,298.15
3778.0,59.401926282644936,1.0,91.76930843299861,16.90393177230092,1116.9023349913457,298.15
3779.0,59.40044452676422,1.0,113.855737787399,17.911993593407782,1225.1727792940053,298.15
3780.0,59.3989627708835,1.0,100.91203551701523,13.418979830306151,1060.93010741777,298.15
3781.0,59.39748101500278,0.0,0.0,17.708171886242027,1107.6197119258284,298.15
3782.0,59.39599925912206,1.0,127.53926115369717,19.903010689004994,1372.520321444174,298.15
3783.0,59.39451750324134,0.0,0.0,18.631587439861164,1488.8816095669588,298.15
3784.0,59.39303574736062,0.0,0.0,12.876396055233863,1195.0711273275176,298.15
3785.0,59.3915539914799,0.0,0.0,17.290097916337853,1499.9333039098135,298.15
3786.0,59.390072235599185,0.0,0.0,16.922806113099504,1222.7768162654336,298.15
3787.0,59.38859047971847,0.0,0.0,16.936341047996024,1235.2905019170876,298.15
3788.0,59.38710872383775,0.0,0.0,16.5990499099422,1103.265041567994,298.15
3789.0,59.38562696795703,1.0,104.66754359414989,15.83282619654621,1405.2293380964056,298.15
3790.0,59.38414521207631,1.0,106.05750178270551,12.563720400859168,1316.1811640512542,298.15
3791.0,59.382663456195594,1.0,91.81012986025428,16.712499177710548,1339.6509298348294,298.15
3792.0,59.381181700314876,0.0,0.0,17.15124657257978,1318.713696061843,298.15
3793.0,59.37969994443415,1.0,90.71200923018573,15.192955647901996,1242.1691877510282,298.15
3794.0,59.37821818855343,0.0,0.0,18.03106905015478,1500.1574356383048,298.15
3795.0,59.376736432672715,0.0,0.0,13.330616985341909,1412.5806226609882,298.15
3796.0,59.375254676792,0.0,0.0,13.133739699019259,1558.534451277944,298.15
3797.0,59.37377292091128,0.0,0.0,15.971373441411025,1311.322972353929,298.15
3798.0,59.37229116503056,0.0,0.0,14.687628821977036,1504.4648497836006,298.15
3799.0,59.37080940914984,1.0,99.09718087792325,17.278444651686467,1804.853751662843,298.15
3800.0,59.369327653269124,0.0,0.0,14.98576621604711,1393.3148808911421,298.15
3801.0,59.367845897388406,1.0,117.94942872780149,17.791326827256228,1443.0189521064099,298.15
3802.0,59.36636414150769,0.0,0.0,14.413739692035772,1456.9423072639427,298.15
3803.0,59.36488238562697,0.0,0.0,15.75137393789816,1390.6701305225497,298.15
3804.0,59.36340062974625,1.0,124.54397330435651,12.300665285801658,1811.3139603553734,298.15
3805.0,59.361918873865534,1.0,116.04912088764914,15.347065217785149,1232.6775554097062,298.15
3806.0,59.360437117984816,0.0,0.0,15.506995066666732,1410.2910949861284,298.15
3807.0,59.35895536210409,0.0,0.0,17.286444160912858,1679.2789674098917,298.15
3808.0,59.35747360622337,0.0,0.0,12.895855837958646,1514.8053525884955,298.15
3809.0,59.355991850342654,0.0,0.0,14.82534181211226,1634.9230379704807,298.15
3810.0,59.354510094461936,0.0,0.0,17.569250141162463,1650.1900121765766,298.15
3811.0,59.35302833858122,1.0,110.3029750235385,17.75002170433538,1743.928108581306,298.15
3812.0,59.3515465827005,0.0,0.0,13.84919983808277,1696.3441470713417,298.15
3813.0,59.35006482681978,0.0,0.0,14.059980457888264,1640.2677954875048,298.15
3814.0,59.348583070939064,0.0,0.0,12.412634456075716,1732.303879043177,298.15
3815.0,59.347101315058346,0.0,0.0,11.71245691174449,1700.2228531175604,298.15
3816.0,59.34561955917763,0.0,0.0,14.466351162937885,1995.0507681977585,298.15
3817.0,59.34413780329691,0.0,0.0,14.037574307950951,1668.1758856145138,298.15
3818.0,59.342656047416185,0.0,0.0,18.35206951093875,1851.2191228908257,298.15
3819.0,59.34117429153547,1.0,92.73547662762451,15.595761264719751,1918.0793653392961,298.15
3820.0,59.33969253565475,0.0,0.0,14.69356838117782,1595.6725436590816,298.15
3821.0,59.33821077977403,0.0,0.0,16.067134968790803,1639.5288212984353,298.15
3822.0,59.33672902389331,0.0,0.0,16.655397422746255,2108.324786076336,298.15
3823.0,59.335247268012594,0.0,0.0,16.94626637701178,1729.0985669514023,298.15
3824.0,59.333765512131876,0.0,0.0,15.416425212165445,1844.0965851218195,298.15
3825.0,59.33228375625116,1.0,83.14576825424116,14.962192840184045,1827.4804646359673,298.15
3826.0,59.33080200037044,0.0,0.0,15.254199362196958,1858.7489558346463,298.15
3827.0,59.32932024448972,1.0,113.49043625524432,14.910830833688625,1819.2123909845484,298.15
3828.0,59.327838488609004,1.0,122.93627471666,14.163102094538361,1903.4156922076686,298.15
3829.0,59.326356732728286,1.0,101.50245735527984,16.686640508549925,1773.1582836254481,298.15
3830.0,59.32487497684757,0.0,0.0,14.718819162235345,1870.939366837142,298.15
3831.0,59.32339322096685,0.0,0.0,13.416477940412951,1617.85935213446,298.15
3832.0,59.321911465086124,1.0,127.94011573126707,15.0865556361844,1904.711369970677,298.15
3833.0,59.320429709205406,0.0,0.0,16.216682142273136,1980.5998657536345,298.15
3834.0,59.31894795332469,1.0,80.09421724754152,12.759061324363737,2082.0446290041114,298.15
3835.0,59.31746619744397,0.0,0.0,14.679066496376464,2117.6468190102055,298.15
3836.0,59.31598444156325,0.0,0.0,13.848727948429222,1895.819295996483,298.15
3837.0,59.314502685682534,1.0,115.0200270464305,18.64939179649885,2084.967856039896,298.15
3838.0,59.313020929801816,0.0,0.0,15.331003219029828,1792.2193928878885,298.15
3839.0,59.3115391739211,0.0,0.0,17.696914127617873,1892.8376278374265,298.15
3840.0,59.31005741804038,0.0,0.0,15.63530913120844,2218.6520561755756,298.15
3841.0,59.30857566215966,0.0,0.0,15.811636835423922,2007.5097458098114,298.15
3842.0,59.30709390627894,0.0,0.0,15.215324663953753,2019.2256916705649,298.15
3843.0,59.30561215039822,0.0,0.0,14.994297693610452,1961.2009261803237,298.15
3844.0,59.3041303945175,1.0,89.01346236457755,15.272489412077318,2271.4590340005366,298.15
3845.0,59.30264863863678,0.0,0.0,14.380455888815158,2073.468988847803,298.15
3846.0,59.301166882756064,0.0,0.0,15.458169463536708,2218.8054321216955,298.15
3847.0,59.299685126875346,0.0,0.0,12.923534453794929,1909.0204026835013,298.15
3848.0,59.29820337099463,0.0,0.0,15.846494932694302,1853.177606459944,298.15
3849.0,59.29672161511391,0.0,0.0,13.690735365662913,1884.9734955655817,298.15
3850.0,59.29523985923319,0.0,0.0,15.820962625844784,2094.3589892865693,298.15
3851.0,59.293758103352474,0.0,0.0,16.236711793290056,2246.865869734867,298.15
3852.0,59.292276347471756,0.0,0.0,18.045671057268155,2111.5052756637947,298.15
3853.0,59.29079459159104,1.0,125.79166911206889,16.342226472330527,2129.370822053664,298.15
3854.0,59.28931283571032,0.0,0.0,15.468089230173975,2021.9900124177268,298.15
3855.0,59.2878310798296,0.0,0.0,14.948728299393288,1802.8824913522678,298.15
3856.0,59.28634932394888,0.0,0.0,17.163465472196965,2294.6352340526064,298.15
3857.0,59.28486756806816,1.0,126.16796360203637,15.922938399559643,2087.607961358004,298.15
3858.0,59.28338581218744,1.0,103.9078271433433,14.943586120560596,2062.79967833308,298.15
3859.0,59.28190405630672,1.0,123.73575552395226,16.46044190062417,2111.21556359305,298.15
3860.0,59.280422300426004,0.0,0.0,13.313166909891578,1718.438207477355,298.15
3861.0,59.278940544545286,1.0,125.6979199304648,16.48315304751648,1895.271897240375,298.15
3862.0,59.27745878866457,0.0,0.0,15.178947579903255,2058.176375633824,298.15
3863.0,59.27597703278385,0.0,0.0,15.979526907937121,1937.142695503758,298.15
3864.0,59.27449527690313,0.0,0.0,19.767974629147922,1940.9344969271908,298.15
3865.0,59.27301352102241,0.0,0.0,15.877884694565928,2137.7175868414474,298.15
3866.0,59.271531765141695,0.0,0.0,17.996634817634018,1955.7446706708893,298.15
3867.0,59.27005000926098,0.0,0.0,18.49162234142594,2287.0833051630702,298.15
3868.0,59.26856825338025,0.0,0.0,18.26027862382447,1916.0445071533259,298.15
3869.0,59.267086497499534,1.0,107.47477859458522,17.570866740709715,2034.2808792312392,298.15
3870.0,59.265604741618816,0.0,0.0,15.288870839337509,1977.1143972328591,298.15
3871.0,59.2641229857381,0.0,0.0,16.10555555939272,1808.9354931672942,298.15
3872.0,59.26264122985738,0.0,0.0,15.367816722536842,1730.600095438092,298.15
3873.0,59.26115947397666,1.0,80.2652831895729,16.757736560340643,1880.618733273919,298.15
3874.0,59.25967771809594,0.0,0.0,16.865353254115643,2152.559622880527,298.15
3875.0,59.258195962215225,0.0,0.0,16.037985816742893,1794.5105748418537,298.15
3876.0,59.25671420633451,1.0,128.06155337099193,18.46699692480653,1920.1078115793186,298.15
3877.0,59.25523245045379,0.0,0.0,16.894037628066375,1792.0835282664366,298.15
3878.0,59.25375069457307,0.0,0.0,17.1964065167417,1851.9460431273951,298.15
3879.0,59.25226893869235,1.0,107.50034842203333,15.360933614366708,1977.7553730638647,298.15
3880.0,59.250787182811635,1.0,125.16062484052624,18.07716088338535,1811.1388213858197,298.15
3881.0,59.24930542693092,0.0,0.0,17.911666277732532,1688.7407147089887,298.15
3882.0,59.24782367105019,0.0,0.0,17.200215001719506,2008.8199320640645,298.15
3883.0,59.246341915169474,0.0,0.0,18.86693363376682,1663.7835382840751,298.15
3884.0,59.244860159288756,1.0,128.4081135658542,18.545853752371013,1842.3865211027342,298.15
3885.0,59.24337840340804,0.0,0.0,19.39503404418846,1503.396390481677,298.15
3886.0,59.24189664752732,0.0,0.0,19.567092384989788,1905.5974494334753,298.15
3887.0,59.2404148916466,0.0,0.0,19.799492899733423,2089.272181324721,298.15
3888.0,59.23893313576588,0.0,0.0,21.426463553990256,1680.0092107902167,298.15
3889.0,59.237451379885165,0.0,0.0,19.064002683753166,1515.4582431298297,298.15
3890.0,59.23596962400445,1.0,83.41939889931145,17.446734210747763,1769.6335806486875,298.15
3891.0,59.23448786812373,1.0,116.6015567991659,18.37517262269394,1653.1230460439897,298.15
3892.0,59.23300611224301,1.0,98.39993119741268,18.520961703041763,1945.565904321757,298.15
3893.0,59.231524356362286,0.0,0.0,17.797882433054312,1519.1898721834955,298.15
3894.0,59.23004260048157,1.0,100.27187648177438,15.351979415016542,1393.1477815125006,298.15
3895.0,59.22856084460085,1.0,129.9073315095436,19.847315817873643,1623.7842075222964,298.15
3896.0,59.22707908872013,0.0,0.0,19.635477423009384,1650.16510291556,298.15
3897.0,59.22559733283941,1.0,93.86997442322786,22.74829735189612,1431.707758295874,298.15
3898.0,59.224115576958695,1.0,122.30856872999559,22.7512792247709,1675.4688557165186,298.15
3899.0,59.22263382107798,0.0,0.0,20.983007201628077,1524.0958548445517,298.15
3900.0,59.22115206519726,1.0,96.94345774159827,20.90028924799305,1459.376623526768,298.15
3901.0,59.21967030931654,0.0,0.0,18.777296146264007,1566.0031682504564,298.15
3902.0,59.21818855343582,0.0,0.0,20.511190756117255,1425.464459995663,298.15
3903.0,59.216706797555105,1.0,90.2589241860305,20.127497599465308,1342.695041785623,298.15
3904.0,59.21522504167439,0.0,0.0,20.651628686816913,1195.2506928935816,298.15
3905.0,59.21374328579367,0.0,0.0,19.292350648644952,1329.1984460159663,298.15
3906.0,59.21226152991295,0.0,0.0,21.297250442939813,1780.4990149672135,298.15
3907.0,59.210779774032225,0.0,0.0,18.539467773222793,1396.3166756578235,298.15
3908.0,59.20929801815151,0.0,0.0,25.690633191447446,1223.0867812250226,298.15
3909.0,59.20781626227079,0.0,0.0,23.2522140111697,1550.527710671006,298.15
3910.0,59.20633450639007,0.0,0.0,23.163119238082075,1338.4432803274567,298.15
3911.0,59.20485275050935,0.0,0.0,19.10115381615751,1374.434495267495,298.15
3912.0,59.203370994628635,0.0,0.0,18.650314499349214,1357.086837650124,298.15
3913.0,59.20188923874792,0.0,0.0,21.784232858061575,1524.2221073036985,298.15
3914.0,59.2004074828672,0.0,0.0,20.958038194635854,1087.8092330017537,298.15
3915.0,59.19892572698648,0.0,0.0,24.501446498608047,1491.910287559186,298.15
3916.0,59.19744397110576,0.0,0.0,22.64876439946865,1370.9010154682192,298.15
3917.0,59.195962215225045,0.0,0.0,21.676872866786983,1257.0756580619015,298.15
3918.0,59.19448045934432,0.0,0.0,24.208435991470324,1103.9962208104437,298.15
3919.0,59.1929987034636,1.0,93.99091377726688,22.228980599360064,1181.930568756483,298.15
3920.0,59.19151694758288,0.0,0.0,22.400077430180314,1212.461158858359,298.15
3921.0,59.190035191702165,1.0,97.20232628258799,23.796291395257402,1464.864978579351,298.15
3922.0,59.18855343582145,1.0,90.39174486624239,21.139179527561677,1396.5441612386305,298.15
3923.0,59.18707167994073,0.0,0.0,23.94639087171914,1111.1879275545607,298.15
3924.0,59.18558992406001,1.0,97.4002073641593,23.31441307941658,1459.1307969549814,298.15
3925.0,59.18410816817929,0.0,0.0,21.02683021770362,1289.088314571321,298.15
3926.0,59.182626412298575,0.0,0.0,25.72302159957935,1206.215271354457,298.15
3927.0,59.18114465641786,1.0,101.12228454579315,21.947182864211193,1082.7581717267951,298.15
3928.0,59.17966290053714,1.0,127.61992898745861,20.15178702494774,1028.1563454123445,298.15
3929.0,59.17818114465642,1.0,107.61814259167632,21.609428310346786,1186.3172492630592,298.15
3930.0,59.1766993887757,0.0,0.0,21.281758964447775,1153.057770848108,298.15
3931.0,59.175217632894984,0.0,0.0,23.336105179541757,1027.8762578817827,298.15
3932.0,59.17373587701426,0.0,0.0,25.701767336558095,1244.9326929471824,298.15
3933.0,59.17225412113354,1.0,129.2283637198589,23.585038597147946,1094.142995204186,298.15
3934.0,59.17077236525282,1.0,92.69034527294647,25.804483342025534,1124.551246933871,298.15
3935.0,59.169290609372105,1.0,127.0963947424655,25.052230559640247,1215.4103379165545,298.15
3936.0,59.16780885349139,0.0,0.0,19.156352118571252,1171.576097784597,298.15
3937.0,59.16632709761067,1.0,85.55526817732779,24.937467217371456,798.1605636026165,298.15
3938.0,59.16484534172995,1.0,112.7334747871582,22.642789683392607,1149.4033385398914,298.15
3939.0,59.16336358584923,0.0,0.0,24.465169944690317,1033.7576218455913,298.15
3940.0,59.161881829968515,0.0,0.0,23.62312234667667,957.403744205469,298.15
3941.0,59.160400074087796,0.0,0.0,28.242795229677448,1027.670854201042,298.15
3942.0,59.15891831820708,0.0,0.0,24.5502757287247,969.7855017162941,298.15
3943.0,59.15743656232635,0.0,0.0,24.85255227569473,1031.0556467456615,298.15
3944.0,59.155954806445635,0.0,0.0,25.707856058484747,1005.7416289481235,298.15
3945.0,59.15447305056492,0.0,0.0,21.662503539931954,1109.3044745025375,298.15
3946.0,59.1529912946842,1.0,126.30572750278515,25.839278263710032,774.1651203944486,298.15
3947.0,59.15150953880348,0.0,0.0,23.819638881820012,1029.7878302435586,298.15
3948.0,59.15002778292276,1.0,129.19208418382055,23.115318958762888,996.6919383708041,298.15
3949.0,59.148546027042045,0.0,0.0,25.588870839609264,1337.9830834418638,298.15
3950.0,59.14706427116133,0.0,0.0,21.94880986062203,706.4232352849806,298.15
3951.0,59.14558251528061,0.0,0.0,25.883835657478123,1138.553850876044,298.15
3952.0,59.14410075939989,0.0,0.0,24.179041495520437,1065.9922806524214,298.15
3953.0,59.14261900351917,0.0,0.0,24.31833375341192,1117.1679565885888,298.15
3954.0,59.141137247638454,0.0,0.0,20.9334087958024,936.8459835342387,298.15
3955.0,59.139655491757736,0.0,0.0,26.008400010746247,1054.0599372405386,298.15
3956.0,59.13817373587702,0.0,0.0,25.005518137553743,1030.66990689336,298.15
3957.0,59.13669197999629,0.0,0.0,23.901398057467855,1542.4488302046602,298.15
3958.0,59.135210224115575,0.0,0.0,23.20250889218556,969.318777284199,298.15
3959.0,59.13372846823486,0.0,0.0,25.972411668446814,902.0923924191868,298.15
3960.0,59.13224671235414,0.0,0.0,25.31237502490517,1324.630332141529,298.15
3961.0,59.13076495647342,0.0,0.0,24.794890972012677,1081.1437115634353,298.15
3962.0,59.1292832005927,0.0,0.0,23.23460753616717,1112.210796674908,298.15
3963.0,59.127801444711984,0.0,0.0,25.32737434834244,1210.164302503002,298.15
3964.0,59.126319688831266,0.0,0.0,25.257078674720976,1059.1022063959667,298.15
3965.0,59.12483793295055,0.0,0.0,26.996162163080715,991.629431367955,298.15
3966.0,59.12335617706983,0.0,0.0,22.995518769074636,1081.7139077973386,298.15
3967.0,59.12187442118911,0.0,0.0,23.784648781228093,943.5027668846867,298.15
3968.0,59.12039266530839,1.0,101.06499392971378,28.05614273537333,859.9735977146056,298.15
3969.0,59.11891090942767,0.0,0.0,25.267042276087246,960.0093775534275,298.15
3970.0,59.11742915354695,0.0,0.0,25.37697644975821,741.2165521468087,298.15
3971.0,59.11594739766623,0.0,0.0,26.527998337029047,1050.2698679399714,298.15
3972.0,59.114465641785515,1.0,110.38981810838895,27.889936685414703,1039.757758698208,298.15
3973.0,59.1129838859048,0.0,0.0,23.136648469328794,1215.492378570677,298.15
3974.0,59.11150213002408,0.0,0.0,28.48983800178112,1154.8812269880639,298.15
3975.0,59.11002037414336,1.0,81.65815917348009,24.930165342736633,1125.5689786168364,298.15
3976.0,59.10853861826264,0.0,0.0,25.42106261101937,1334.3624233444984,298.15
3977.0,59.107056862381924,1.0,125.05133508036238,25.091717838459825,1106.7734956397665,298.15
3978.0,59.105575106501206,0.0,0.0,27.386636064034434,1014.8176955395078,298.15
3979.0,59.10409335062049,0.0,0.0,26.5159972726368,814.41381850424,298.15
3980.0,59.10261159473977,0.0,0.0,24.74067526739505,1209.815066982542,298.15
3981.0,59.10112983885905,0.0,0.0,23.15750412395212,1211.0035502407736,298.15
3982.0,59.09964808297833,0.0,0.0,24.55772690950831,1422.4487719316799,298.15
3983.0,59.09816632709761,0.0,0.0,22.79012879263245,1115.340289731399,298.15
3984.0,59.09668457121689,0.0,0.0,26.337219443413062,1371.6291253457512,298.15
3985.0,59.09520281533617,0.0,0.0,23.805229771381406,900.5520995799928,298.15
3986.0,59.093721059455454,1.0,81.37272301801787,24.703973354985656,1092.236386533253,298.15
3987.0,59.092239303574736,0.0,0.0,26.719979066213202,1358.9579193420795,298.15
3988.0,59.09075754769402,1.0,105.55647775771284,26.107117672330872,1419.3382835930308,298.15
3989.0,59.0892757918133,0.0,0.0,25.39970907817478,1081.720007335172,298.15
3990.0,59.08779403593258,0.0,0.0,23.482261536125883,1226.3007977443187,298.15
3991.0,59.086312280051864,0.0,0.0,25.498198950767797,1367.2655861856688,298.15
3992.0,59.084830524171146,0.0,0.0,23.41390470843087,1361.3847874171172,298.15
3993.0,59.08334876829042,0.0,0.0,25.439848826368717,1473.0607472855866,298.15
3994.0,59.0818670124097,1.0,107.87739000269482,22.518034005321695,1543.3198524009551,298.15
3995.0,59.080385256528984,0.0,0.0,26.499199288142243,1230.0440342255783,298.15
3996.0,59.078903500648266,0.0,0.0,24.84341515909727,1503.9293710023444,298.15
3997.0,59.07742174476755,0.0,0.0,24.458124404580392,1345.0031075902393,298.15
3998.0,59.07593998888683,1.0,96.19148009643638,25.05691500897704,1518.9375828984994,298.15
3999.0,59.07445823300611,0.0,0.0,24.19678813933482,1414.277947431592,298.15
4000.0,59.072976477125394,0.0,0.0,24.438937733555203,1661.5096626732616,298.15
4001.0,59.071494721244676,0.0,0.0,26.342898985999064,1603.7220469866452,298.15
4002.0,59.07001296536396,0.0,0.0,25.913050412309484,1383.0670802902248,298.15
4003.0,59.06853120948324,0.0,0.0,25.305384044586038,1295.257588743672,298.15
4004.0,59.06704945360252,0.0,0.0,24.508924469674202,1741.0787875744272,298.15
4005.0,59.065567697721804,0.0,0.0,23.53875177168204,1472.3228265415262,298.15
4006.0,59.064085941841086,0.0,0.0,25.69928113767627,1503.4207482181369,298.15
4007.0,59.06260418596036,0.0,0.0,22.461609118894664,1720.3719890901448,298.15
4008.0,59.06112243007964,0.0,0.0,26.706941406179556,1470.8557614626725,298.15
4009.0,59.059640674198924,0.0,0.0,24.923522417037702,1669.3652917645504,298.15
4010.0,59.058158918318206,0.0,0.0,25.60665813452148,1657.276210871748,298.15
4011.0,59.05667716243749,0.0,0.0,24.393360325157268,1657.1278694272225,298.15
4012.0,59.05519540655677,0.0,0.0,23.376624685270748,1863.360758072571,298.15
4013.0,59.05371365067605,0.0,0.0,25.015680951681514,1768.483899583411,298.15
4014.0,59.052231894795334,1.0,112.58901616492956,21.17097102566831,1859.752438141713,298.15
4015.0,59.050750138914616,0.0,0.0,22.40385122607784,1689.5255104073185,298.15
4016.0,59.0492683830339,0.0,0.0,22.961381541566293,1632.2646168020433,298.15
4017.0,59.04778662715318,0.0,0.0,20.97763268360648,1910.3537883622994,298.15
4018.0,59.046304871272454,0.0,0.0,24.12499576252861,1682.3173325576872,298.15
4019.0,59.044823115391736,1.0,104.22574679637688,25.048409923641856,1799.5854800864133,298.15
4020.0,59.04334135951102,0.0,0.0,20.204784226791304,1857.4226464410833,298.15
4021.0,59.0418596036303,0.0,0.0,22.188773830067532,1691.0102639409683,298.15
4022.0,59.04037784774958,1.0,93.30138816617463,22.49562616833787,1703.7398179851452,298.15
4023.0,59.038896091868864,0.0,0.0,23.195829252262655,1789.9164429026207,298.15
4024.0,59.037414335988146,0.0,0.0,23.958066347618043,1953.879255217195,298.15
4025.0,59.03593258010743,1.0,125.04805973628578,22.053828206648866,1905.465538334018,298.15
4026.0,59.03445082422671,0.0,0.0,23.914142328746205,1661.4842721698017,298.15
4027.0,59.03296906834599,1.0,109.02808533506808,22.457891497221933,2167.972362247655,298.15
4028.0,59.03148731246527,1.0,84.70683041305968,21.258622320867314,1942.2603519154857,298.15
4029.0,59.030005556584555,0.0,0.0,22.497860875882377,1831.528374799248,298.15
4030.0,59.02852380070384,0.0,0.0,20.012458939694877,1881.6249913071679,298.15
4031.0,59.02704204482312,1.0,92.57055271075902,21.53026625318931,1877.2188309346702,298.15
4032.0,59.025560288942394,1.0,120.17724704519247,21.559832356295395,1866.341819068538,298.15
4033.0,59.024078533061676,1.0,103.60039740350186,20.77515246041699,2105.2334676631563,298.15
4034.0,59.02259677718096,0.0,0.0,25.69649434954919,2294.618540389036,298.15
4035.0,59.02111502130024,0.0,0.0,23.62756527000533,1868.583246712757,298.15
4036.0,59.01963326541952,1.0,120.04529603136618,21.76485127901171,1883.7747245970368,298.15
4037.0,59.018151509538804,0.0,0.0,22.02885313184799,1945.3526884552875,298.15
4038.0,59.016669753658086,0.0,0.0,22.070545393486682,1758.4059131166275,298.15
4039.0,59.01518799777737,0.0,0.0,22.141059694302072,2049.6320764894263,298.15
4040.0,59.01370624189665,0.0,0.0,23.538889141672055,2003.5515446106083,298.15
4041.0,59.01222448601593,0.0,0.0,22.42082726225156,2002.5793036989578,298.15
4042.0,59.01074273013521,0.0,0.0,17.656726488770254,1706.34358315392,298.15
4043.0,59.00926097425449,1.0,95.20389551226941,22.06414221931545,1648.6667984340052,298.15
4044.0,59.00777921837377,0.0,0.0,19.287938182890077,1936.000865692275,298.15
4045.0,59.00629746249305,0.0,0.0,19.635897728489557,2093.0753646995363,298.15
4046.0,59.004815706612334,0.0,0.0,21.988502762202366,1729.3478356296312,298.15
4047.0,59.003333950731616,0.0,0.0,17.33287929258119,2132.0779990950978,298.15
4048.0,59.0018521948509,1.0,86.8897570099004,22.94949502085379,1953.5120381224883,298.15
4049.0,59.00037043897018,0.0,0.0,21.412439293977513,1875.417226391669,298.15
4050.0,58.99888868308946,0.0,0.0,20.533941493210726,2012.4891017305688,298.15
4051.0,58.99740692720874,0.0,0.0,21.229455325500155,1805.109009398493,298.15
4052.0,58.995925171328025,1.0,114.50146494638375,21.62820589565272,1618.267525941882,298.15
4053.0,58.99444341544731,1.0,120.48858544537143,20.04266995394983,2178.727142794423,298.15
4054.0,58.99296165956659,0.0,0.0,20.820079037356546,1988.7511414830199,298.15
4055.0,58.99147990368587,0.0,0.0,17.90955888766341,1885.6330172637627,298.15
4056.0,58.98999814780515,0.0,0.0,20.67242543058163,1904.4568276972425,298.15
4057.0,58.98851639192443,0.0,0.0,20.241900771182102,1871.711204970083,298.15
4058.0,58.98703463604371,0.0,0.0,21.46891711194866,1931.3696770317974,298.15
4059.0,58.98555288016299,0.0,0.0,19.34172164062297,1963.284730883638,298.15
4060.0,58.98407112428227,0.0,0.0,19.450722110896496,2078.6626403954137,298.15
4061.0,58.982589368401555,0.0,0.0,17.38093439865115,1866.079377787408,298.15
4062.0,58.98110761252084,0.0,0.0,18.75567420152716,1806.2791886402192,298.15
4063.0,58.97962585664012,0.0,0.0,19.633601365241567,1878.4696212631775,298.15
4064.0,58.9781441007594,0.0,0.0,19.684580892000803,2322.010945410241,298.15
4065.0,58.97666234487868,0.0,0.0,21.195949193677166,1969.0186358955855,298.15
4066.0,58.975180588997965,0.0,0.0,19.09404345867236,1998.1050042664674,298.15
4067.0,58.97369883311725,0.0,0.0,18.108721902197075,1892.1585537168744,298.15
4068.0,58.97221707723652,0.0,0.0,19.050043075481362,2182.1597058704074,298.15
4069.0,58.970735321355804,0.0,0.0,17.17054696415341,2042.495522758586,298.15
4070.0,58.969253565475086,0.0,0.0,20.086411874801954,1748.4055724045843,298.15
4071.0,58.96777180959437,0.0,0.0,16.761460373274293,1918.7204589901467,298.15
4072.0,58.96629005371365,0.0,0.0,17.12856486481739,1827.2151057933977,298.15
4073.0,58.96480829783293,1.0,111.79771701747505,15.9627228135881,1936.7308624321095,298.15
4074.0,58.96332654195221,0.0,0.0,17.7238016802547,2013.965195391383,298.15
4075.0,58.961844786071495,1.0,114.85346386859908,18.532295960116677,1670.093949436725,298.15
4076.0,58.96036303019078,0.0,0.0,20.055104374449606,1896.1221712068689,298.15
4077.0,58.95888127431006,1.0,123.61232113739474,17.229045646766284,1709.5701398293247,298.15
4078.0,58.95739951842934,0.0,0.0,16.87397849954501,2031.1733292481456,298.15
4079.0,58.95591776254862,0.0,0.0,12.876739710500502,1951.4222232535394,298.15
4080.0,58.954436006667905,1.0,105.48309340761986,17.418087873342728,1495.4089738612456,298.15
4081.0,58.95295425078719,0.0,0.0,17.021163872543987,1612.0324316235785,298.15
4082.0,58.95147249490646,1.0,91.29627947915876,16.91953823514085,1566.3538512255486,298.15
4083.0,58.94999073902574,0.0,0.0,19.222170131066804,1745.286607999497,298.15
4084.0,58.948508983145025,0.0,0.0,17.60670502084141,1786.0925097698635,298.15
4085.0,58.94702722726431,0.0,0.0,15.988590401852885,1845.712628234179,298.15
4086.0,58.94554547138359,1.0,121.08018966785308,15.128054675123476,1676.0335171173112,298.15
4087.0,58.94406371550287,0.0,0.0,14.649967235334548,1656.2130488384719,298.15
4088.0,58.94258195962215,1.0,126.08395373820028,15.714722840777036,1726.7060522277714,298.15
4089.0,58.941100203741435,0.0,0.0,16.953574544030484,2141.9216860188517,298.15
4090.0,58.93961844786072,1.0,88.12146898493582,12.908762657397393,1427.2868012634847,298.15
4091.0,58.93813669198,0.0,0.0,15.998949366162133,1357.6114910081221,298.15
4092.0,58.93665493609928,0.0,0.0,17.43035997363673,1543.924172232654,298.15
4093.0,58.935173180218555,0.0,0.0,14.425032122509677,1501.2676705512745,298.15
4094.0,58.93369142433784,1.0,126.84963669391095,15.732285251634638,1483.0109828554885,298.15
4095.0,58.93220966845712,0.0,0.0,14.368386276100685,1576.3675022393934,298.15
4096.0,58.9307279125764,1.0,99.56252776713296,11.56117549667133,1387.1254559288598,298.15
4097.0,58.92924615669568,0.0,0.0,14.554817060439957,1457.7655339682149,298.15
4098.0,58.927764400814965,1.0,127.41891602463586,14.076699338456756,1487.218519239194,298.15
4099.0,58.92628264493425,0.0,0.0,16.96334415035947,1475.035605052336,298.15
4100.0,58.92480088905353,0.0,0.0,16.438731106558066,1478.8204880787437,298.15
4101.0,58.92331913317281,1.0,111.80885468482212,13.95158252005942,1461.8520822469595,298.15
4102.0,58.92183737729209,1.0,100.38194009090755,17.63722068039261,1347.4872334733097,298.15
4103.0,58.920355621411375,0.0,0.0,16.681768806833045,1414.6949370678967,298.15
4104.0,58.91887386553066,0.0,0.0,15.065555860318602,1436.5773566482271,298.15
4105.0,58.91739210964994,0.0,0.0,15.960361716641577,1565.8288011582208,298.15
4106.0,58.91591035376922,0.0,0.0,13.878089188047358,1184.1848339928054,298.15
4107.0,58.914428597888495,0.0,0.0,11.411993852553326,1394.599976357388,298.15
4108.0,58.91294684200778,0.0,0.0,15.45899179317531,1400.3708896213368,298.15
4109.0,58.91146508612706,1.0,105.54076127192329,13.095547702915548,1388.159696962771,298.15
4110.0,58.90998333024634,1.0,110.97158599254905,14.881781996171963,1380.187633114923,298.15
4111.0,58.90850157436562,0.0,0.0,15.871015962190715,1133.664838191291,298.15
4112.0,58.907019818484905,0.0,0.0,12.074337798947365,1340.0536687684214,298.15
4113.0,58.90553806260419,0.0,0.0,15.487728561425644,1317.2960528669857,298.15
4114.0,58.90405630672347,0.0,0.0,16.454418680357847,1369.2897297828572,298.15
4115.0,58.90257455084275,1.0,119.7215479424951,11.782925248532312,1248.048905470741,298.15
4116.0,58.90109279496203,0.0,0.0,16.2172641613202,1178.1761569581608,298.15
4117.0,58.899611039081314,1.0,121.40144472308376,18.108389242044233,1395.6619581394461,298.15
4118.0,58.89812928320059,0.0,0.0,14.645514984747269,1049.3836756441303,298.15
4119.0,58.89664752731987,0.0,0.0,16.224096232684737,1012.8631677351337,298.15
4120.0,58.89516577143915,0.0,0.0,13.419903219966466,1020.021338466806,298.15
4121.0,58.893684015558435,0.0,0.0,16.489907598085615,1245.4859093364958,298.15
4122.0,58.89220225967772,1.0,94.93038440235628,15.826087860274901,1072.8658770720556,298.15
4123.0,58.890720503797,1.0,97.48426700146773,15.35279202678199,1152.667163285018,298.15
4124.0,58.88923874791628,0.0,0.0,15.258472973398911,1365.5509923308796,298.15
4125.0,58.88775699203556,0.0,0.0,15.631117964216612,969.8438181403657,298.15
4126.0,58.886275236154844,1.0,95.46484797104158,14.898696539364353,880.2892146780769,298.15
4127.0,58.884793480274126,0.0,0.0,13.447697634204815,1249.4097709791827,298.15
4128.0,58.88331172439341,0.0,0.0,14.773304274330258,989.5819251478841,298.15
4129.0,58.88182996851269,0.0,0.0,14.941240772334554,929.1672506970942,298.15
4130.0,58.88034821263197,0.0,0.0,13.149140296465397,1079.346593988135,298.15
4131.0,58.878866456751254,1.0,106.93307249917837,14.862653074467081,1057.7923455570547,298.15
4132.0,58.87738470087053,0.0,0.0,14.95483597177487,947.6595211646747,298.15
4133.0,58.87590294498981,1.0,123.075336340888,14.237026458944186,1153.9348069181592,298.15
4134.0,58.87442118910909,0.0,0.0,15.652228878451009,944.9775954864465,298.15
4135.0,58.872939433228375,1.0,85.33618978865101,16.052505863899878,930.7949084531771,298.15
4136.0,58.87145767734766,1.0,94.70491956715372,14.070211141127915,767.7467507670635,298.15
4137.0,58.86997592146694,1.0,95.75486630545436,15.39569237125312,672.8790342304128,298.15
4138.0,58.86849416558622,0.0,0.0,16.638894625827103,1070.5569537325598,298.15
4139.0,58.8670124097055,1.0,88.47709793621908,13.59681200721618,831.4351740426251,298.15
4140.0,58.865530653824784,0.0,0.0,12.583565954533384,1001.5656170126339,298.15
4141.0,58.864048897944066,1.0,83.82932122522342,13.77227938903734,1308.984665643426,298.15
4142.0,58.86256714206335,1.0,122.42005781568082,16.156617681945306,1085.5059472213811,298.15
4143.0,58.86108538618262,0.0,0.0,14.620376459266078,1016.2662036484039,298.15
4144.0,58.859603630301905,0.0,0.0,13.40901757094839,1072.494512893471,298.15
4145.0,58.85812187442119,0.0,0.0,17.463309606624584,1329.7795015856273,298.15
4146.0,58.85664011854047,0.0,0.0,13.587315234684915,721.0096154466172,298.15
4147.0,58.85515836265975,1.0,99.22365625777473,15.248517656529414,981.828063066811,298.15
4148.0,58.85367660677903,1.0,125.34125872261659,16.74749994242838,1222.1732600846235,298.15
4149.0,58.852194850898314,0.0,0.0,16.69068318985595,1046.4564136508668,298.15
4150.0,58.850713095017596,0.0,0.0,16.33757698555254,1180.6855670732,298.15
4151.0,58.84923133913688,0.0,0.0,14.654455618855726,906.4040298673601,298.15
4152.0,58.84774958325616,0.0,0.0,16.67099963346795,813.4128080225436,298.15
4153.0,58.84626782737544,0.0,0.0,15.859021760623545,1288.9118669910422,298.15
4154.0,58.844786071494724,1.0,102.24918587003881,16.544748409618574,1015.2154022155273,298.15
4155.0,58.843304315614006,0.0,0.0,18.14794075861673,1130.0550620951497,298.15
4156.0,58.84182255973329,1.0,85.17708793163,14.107354390304796,1142.1206541403135,298.15
4157.0,58.84034080385256,0.0,0.0,16.69790516132713,1203.9696628619367,298.15
4158.0,58.838859047971845,0.0,0.0,16.374860193109487,1059.8751005592896,298.15
4159.0,58.837377292091126,0.0,0.0,17.725990045508816,1070.5420247901823,298.15
4160.0,58.83589553621041,1.0,101.94348759609893,19.129581624621657,1099.0833969823793,298.15
4161.0,58.83441378032969,0.0,0.0,19.150612171257276,933.3211594096005,298.15
4162.0,58.83293202444897,0.0,0.0,17.763645146864437,1192.6771248032921,298.15
4163.0,58.831450268568254,0.0,0.0,15.543785365582053,955.4021140617139,298.15
4164.0,58.829968512687536,0.0,0.0,15.901577285676856,1213.55028709073,298.15
4165.0,58.82848675680682,1.0,90.51202566401778,17.808569833054502,1173.7432583074476,298.15
4166.0,58.8270050009261,1.0,117.71810979139562,14.674413412026425,730.8736985405704,298.15
4167.0,58.82552324504538,0.0,0.0,16.439292448323105,1190.6327967387804,298.15
4168.0,58.82404148916466,0.0,0.0,15.713148477549911,1112.8801739552284,298.15
4169.0,58.82255973328394,1.0,91.82851417446174,15.0942089170956,1286.5407369664074,298.15
4170.0,58.82107797740322,0.0,0.0,17.457556430742386,1355.3990047242391,298.15
4171.0,58.8195962215225,0.0,0.0,18.409766500570974,1121.5413095203958,298.15
4172.0,58.818114465641784,1.0,83.40629647367133,18.193521453513778,1168.2963693899794,298.15
4173.0,58.816632709761066,0.0,0.0,17.50994665215739,932.454104100164,298.15
4174.0,58.81515095388035,0.0,0.0,16.846242164815088,1110.2513178736074,298.15
4175.0,58.81366919799963,1.0,91.7020972996151,16.660607672466266,1394.8218038811945,298.15
4176.0,58.81218744211891,0.0,0.0,18.98554876749342,1157.7838054796664,298.15
4177.0,58.810705686238194,1.0,114.84383992519719,16.86511864270997,1308.4669885700519,298.15
4178.0,58.809223930357476,1.0,110.1072217883057,16.91266655091529,1178.0238949275424,298.15
4179.0,58.80774217447676,1.0,117.30065329921237,18.528956744626434,1176.0259369582927,298.15
4180.0,58.80626041859604,0.0,0.0,16.39658391312712,1292.2954645281047,298.15
4181.0,58.80477866271532,0.0,0.0,18.19869097878493,782.1231969399366,298.15
4182.0,58.803296906834596,1.0,105.04530208132607,17.312666829238584,1287.838831639718,298.15
4183.0,58.80181515095388,0.0,0.0,17.182821783784718,908.0608465027324,298.15
4184.0,58.80033339507316,0.0,0.0,17.955736437971535,1246.7293584607517,298.15
4185.0,58.79885163919244,0.0,0.0,19.662034697088345,1147.703531793069,298.15
4186.0,58.797369883311724,0.0,0.0,18.83765093329523,1113.8305547949926,298.15
4187.0,58.795888127431006,0.0,0.0,19.12440048296924,1523.127856566631,298.15
4188.0,58.79440637155029,0.0,0.0,19.97086170352055,1483.8780369091653,298.15
4189.0,58.79292461566957,0.0,0.0,19.856152932333828,1277.2095198570432,298.15
4190.0,58.79144285978885,0.0,0.0,18.674700920848824,1702.2146733657842,298.15
4191.0,58.789961103908134,0.0,0.0,19.9535275812916,1509.5709488651355,298.15
4192.0,58.788479348027415,0.0,0.0,18.896652818884014,1351.9371400553534,298.15
4193.0,58.78699759214669,0.0,0.0,19.970750892498014,1107.7893189460806,298.15
4194.0,58.78551583626597,1.0,111.82527350025629,21.03992346599505,1391.5062305374565,298.15
4195.0,58.784034080385254,1.0,107.65936033132913,20.31037875215981,1327.0556519973416,298.15
4196.0,58.782552324504536,1.0,122.46566023064746,17.58735733143743,1367.9610208020931,298.15
4197.0,58.78107056862382,1.0,95.59053623140127,18.8911934352497,1514.972636839055,298.15
4198.0,58.7795888127431,0.0,0.0,20.826728051944585,1374.369342105676,298.15
4199.0,58.77810705686238,0.0,0.0,16.447157807283894,1682.4365697845744,298.15
4200.0,58.776625300981664,0.0,0.0,20.517736113898607,1420.4906343717282,298.15
4201.0,58.775143545100946,0.0,0.0,20.532479690594936,1362.3748317620636,298.15
4202.0,58.77366178922023,0.0,0.0,24.573134570712302,1628.8311327651531,298.15
4203.0,58.77218003333951,1.0,123.78477062994773,21.00559992561987,1542.8760941084017,298.15
4204.0,58.77069827745879,1.0,121.9531771120659,20.244803068851585,1690.9630197246192,298.15
4205.0,58.76921652157807,0.0,0.0,22.38452009277991,1603.9079991216588,298.15
4206.0,58.767734765697355,1.0,104.57356398979245,20.075626919544383,1385.306720925594,298.15
4207.0,58.76625300981663,1.0,81.69196105884112,20.798045193344834,1654.6701330844348,298.15
4208.0,58.76477125393591,0.0,0.0,20.976002901968116,1488.1523751264956,298.15
4209.0,58.763289498055194,0.0,0.0,21.897259391765065,1661.4372910251475,298.15
4210.0,58.761807742174476,0.0,0.0,19.56230136209533,1564.8072917287973,298.15
4211.0,58.76032598629376,0.0,0.0,22.475364276343555,1638.547568300411,298.15
4212.0,58.75884423041304,0.0,0.0,20.402267951058484,1690.5343947119454,298.15
4213.0,58.75736247453232,0.0,0.0,24.639697982369967,1808.6547072087956,298.15
4214.0,58.7558807186516,1.0,117.4661394723156,19.024180125208723,1630.1851066076897,298.15
4215.0,58.754398962770885,0.0,0.0,20.333309986257937,1308.5600801552982,298.15
4216.0,58.75291720689017,0.0,0.0,18.397470443557047,1597.3854733589242,298.15
4217.0,58.75143545100945,0.0,0.0,26.486622364262075,1774.5747101464874,298.15
4218.0,58.749953695128724,1.0,96.00988890174492,19.87756889909324,1945.1877964437008,298.15
4219.0,58.748471939248006,0.0,0.0,23.153659009928198,1825.9971329579605,298.15
4220.0,58.74699018336729,0.0,0.0,23.196940085427855,1943.2484139649937,298.15
4221.0,58.74550842748657,0.0,0.0,20.679293012678677,1830.1000058332475,298.15
4222.0,58.74402667160585,1.0,84.67847628516213,23.46003124203564,1851.418563087292,298.15
4223.0,58.742544915725134,0.0,0.0,20.60609631695955,1794.348033603629,298.15
4224.0,58.741063159844416,1.0,113.22662127492387,21.10708333802882,1999.6858477736507,298.15
4225.0,58.7395814039637,0.0,0.0,20.000959354415563,2100.4617536418345,298.15
4226.0,58.73809964808298,1.0,101.87470937361694,23.661589057774307,1719.7934767236272,298.15
4227.0,58.73661789220226,0.0,0.0,19.54496188022525,1908.7638527068457,298.15
4228.0,58.73513613632154,1.0,90.00214384110032,23.39649058837934,1706.467225096937,298.15
4229.0,58.733654380440825,0.0,0.0,22.655800218852075,2145.7972297628053,298.15
4230.0,58.73217262456011,0.0,0.0,25.727766708116654,1930.1511070378906,298.15
4231.0,58.73069086867939,0.0,0.0,23.075174254172858,1910.5534390299833,298.15
4232.0,58.729209112798664,1.0,87.2328574244099,24.4624870337937,1751.3701983535525,298.15
4233.0,58.727727356917946,1.0,100.50660415295899,24.005257811556895,1896.5587036971237,298.15
4234.0,58.72624560103723,1.0,113.48255779427664,23.10199187336247,1926.812753026769,298.15
4235.0,58.72476384515651,0.0,0.0,25.129528089104593,1784.3953611359848,298.15
4236.0,58.72328208927579,1.0,123.79819476028393,24.030574217185663,1975.0559985890566,298.15
4237.0,58.72180033339507,1.0,98.1223973483166,24.936227289958595,1830.073653893117,298.15
4238.0,58.720318577514355,1.0,126.70241311569728,22.087930946409102,2030.089581928606,298.15
4239.0,58.71883682163364,0.0,0.0,24.49008765742522,1822.5256239640744,298.15
4240.0,58.71735506575292,0.0,0.0,24.998530617606182,1999.0927784532987,298.15
4241.0,58.7158733098722,0.0,0.0,22.04256922875909,1951.093523112345,298.15
4242.0,58.71439155399148,0.0,0.0,23.734365857077176,2029.4989648642133,298.15
4243.0,58.71290979811076,0.0,0.0,21.137124180526513,2012.8073817392753,298.15
4244.0,58.71142804223004,0.0,0.0,21.443449625393008,2005.3585478328396,298.15
4245.0,58.70994628634932,0.0,0.0,23.94928188186755,1882.8994655080007,298.15
4246.0,58.7084645304686,1.0,119.70316951157895,26.986120665404606,2079.160599779812,298.15
4247.0,58.706982774587885,1.0,92.0634862353117,27.168677440906215,2040.884886595626,298.15
4248.0,58.70550101870717,0.0,0.0,23.733783210182423,2094.5861141332844,298.15
4249.0,58.70401926282645,0.0,0.0,22.754454068932205,1995.9529377092406,298.15
4250.0,58.70253750694573,0.0,0.0,25.81355285425316,1973.0736720057466,298.15
4251.0,58.70105575106501,0.0,0.0,21.17584430734995,1847.5123383158032,298.15
4252.0,58.699573995184295,0.0,0.0,23.78593692566308,1899.9020483527152,298.15
4253.0,58.69809223930358,0.0,0.0,23.281479615593053,1926.792575247693,298.15
4254.0,58.69661048342286,0.0,0.0,24.386026265681764,2140.271670548738,298.15
4255.0,58.69512872754214,1.0,115.9783037245167,26.76823690866925,1807.1671518699666,298.15
4256.0,58.69364697166142,1.0,97.94181545746628,20.468037750679606,1790.2328086689215,298.15
4257.0,58.6921652157807,1.0,80.00650056353983,25.145452013671417,1977.360823615494,298.15
4258.0,58.69068345989998,1.0,105.10423551260573,25.23558747701431,1869.3381540619444,298.15
4259.0,58.68920170401926,1.0,100.96390802910776,24.624300583240927,1922.7761563246463,298.15
4260.0,58.68771994813854,1.0,106.63515308365113,25.221487763085943,1909.5834222129618,298.15
4261.0,58.686238192257825,1.0,115.76561406411759,25.60941861864218,1875.8045832534074,298.15
4262.0,58.68475643637711,0.0,0.0,25.069143566742238,1850.4329454540884,298.15
4263.0,58.68327468049639,0.0,0.0,21.586906305990155,1819.1177171280121,298.15
4264.0,58.68179292461567,0.0,0.0,23.445174894291377,1896.9911318544782,298.15
4265.0,58.68031116873495,1.0,102.9673318271573,27.44688881050738,1726.1496774235127,298.15
4266.0,58.678829412854235,0.0,0.0,23.04418741334582,2029.0021338997908,298.15
4267.0,58.67734765697352,1.0,98.4520650400434,25.058962847053774,1797.715608607931,298.15
4268.0,58.67586590109279,0.0,0.0,23.792237425717726,1990.1421305340327,298.15
4269.0,58.67438414521207,1.0,114.48054959615845,25.91226371783536,1814.6361804396597,298.15
4270.0,58.672902389331355,0.0,0.0,24.6483838131123,2060.1152545770256,298.15
4271.0,58.67142063345064,1.0,123.83206197513718,26.030044846815013,1901.1162340657688,298.15
4272.0,58.66993887756992,0.0,0.0,25.602992503835367,1723.7655873990516,298.15
4273.0,58.6684571216892,0.0,0.0,24.37197130946532,2249.762826437828,298.15
4274.0,58.66697536580848,0.0,0.0,21.432352331103154,1801.819183723598,298.15
4275.0,58.665493609927765,0.0,0.0,23.613761544206316,1770.0710561618864,298.15
4276.0,58.66401185404705,1.0,113.9229765283215,23.06883822163457,1769.0245993600747,298.15
4277.0,58.66253009816633,1.0,87.87190228881434,23.05348608518071,1890.3480242574299,298.15
4278.0,58.66104834228561,1.0,125.60774018796019,25.795774620107633,1600.8005655308843,298.15
4279.0,58.65956658640489,0.0,0.0,28.221844057381453,1826.835969002764,298.15
4280.0,58.658084830524174,1.0,106.69597802863078,21.02832599808925,1541.1123150537867,298.15
4281.0,58.656603074643456,0.0,0.0,22.55056190862801,1769.984543477009,298.15
4282.0,58.65512131876273,0.0,0.0,25.31770843166459,1936.9049935560747,298.15
4283.0,58.65363956288201,0.0,0.0,24.524518091442037,1671.328872595159,298.15
4284.0,58.652157807001295,1.0,85.75857790058178,25.636744968346363,1874.0298950302988,298.15
4285.0,58.65067605112058,0.0,0.0,24.8158821693564,1476.585284387384,298.15
4286.0,58.64919429523986,1.0,92.69304257712291,26.97596587735438,1619.6412793318855,298.15
4287.0,58.64771253935914,0.0,0.0,25.75545317891198,1514.905150696433,298.15
4288.0,58.64623078347842,0.0,0.0,26.218944943427537,1970.2919469050232,298.15
4289.0,58.644749027597705,0.0,0.0,26.41530987036659,1608.2024314055466,298.15
4290.0,58.64326727171699,0.0,0.0,22.847098001154492,1556.9427943480905,298.15
4291.0,58.64178551583627,0.0,0.0,25.661367468208862,1600.8308396392554,298.15
4292.0,58.64030375995555,0.0,0.0,25.714983686724306,1625.3487195470068,298.15
4293.0,58.638822004074825,0.0,0.0,24.102179746925533,1553.4169752646962,298.15
4294.0,58.63734024819411,1.0,123.26453928454517,24.05240867034127,1415.0179139400766,298.15
4295.0,58.63585849231339,1.0,106.81869126948368,24.055620628314212,1780.61823323874,298.15
4296.0,58.63437673643267,0.0,0.0,23.11703099942155,1725.8908789058742,298.15
4297.0,58.63289498055195,0.0,0.0,22.269881970130776,1597.0312406443843,298.15
4298.0,58.631413224671235,1.0,81.83740585280425,27.864008792474515,1573.3753781246094,298.15
4299.0,58.62993146879052,0.0,0.0,26.109755468273907,1548.0129811774916,298.15
4300.0,58.6284497129098,0.0,0.0,24.371665478193396,1431.5046306882039,298.15
4301.0,58.62696795702908,0.0,0.0,21.92894702041157,1399.512891350654,298.15
4302.0,58.62548620114836,1.0,111.74801347723616,25.0949071199934,1707.7078484703836,298.15
4303.0,58.624004445267644,0.0,0.0,23.5819666510061,1546.7115762066933,298.15
4304.0,58.622522689386926,0.0,0.0,23.85515548592153,1237.862911849801,298.15
4305.0,58.62104093350621,0.0,0.0,27.641652629029124,1354.0332651532742,298.15
4306.0,58.61955917762549,0.0,0.0,27.019347320145624,1479.4562531612091,298.15
4307.0,58.618077421744765,0.0,0.0,20.13438350204312,1446.1171183681154,298.15
4308.0,58.61659566586405,0.0,0.0,24.43706892939682,1454.843468947683,298.15
4309.0,58.61511390998333,1.0,121.00175731022182,24.049894192869072,1137.598730215001,298.15
4310.0,58.61363215410261,0.0,0.0,24.28397097106852,1393.5143639884561,298.15
4311.0,58.61215039822189,0.0,0.0,22.752331803879812,1497.9502799715904,298.15
4312.0,58.610668642341174,0.0,0.0,23.576994862473494,1090.151995206312,298.15
4313.0,58.609186886460456,0.0,0.0,21.748090512744174,1562.3669045553609,298.15
4314.0,58.60770513057974,0.0,0.0,25.08273966657035,1336.6233718589103,298.15
4315.0,58.60622337469902,1.0,88.64356663065463,24.956761849508418,1289.4637114651637,298.15
4316.0,58.6047416188183,0.0,0.0,25.892673973804712,1116.3854430858185,298.15
4317.0,58.603259862937584,1.0,126.93351102014469,21.949154669789987,1149.9533247675154,298.15
4318.0,58.60177810705686,0.0,0.0,23.537234684846528,1175.4551278117056,298.15
4319.0,58.60029635117614,0.0,0.0,26.292493073010355,1005.0802262142904,298.15
4320.0,58.59881459529542,1.0,87.13500872960932,21.858409835190585,1158.882696525669,298.15
4321.0,58.597332839414705,0.0,0.0,21.23852613699519,1059.7274473692232,298.15
4322.0,58.59585108353399,0.0,0.0,23.247438382516133,1283.7316386578555,298.15
4323.0,58.59436932765327,1.0,98.61247778102857,24.54332141438917,712.416579843685,298.15
4324.0,58.59288757177255,1.0,83.15618079718128,21.52276023252611,1120.6709353655776,298.15
4325.0,58.59140581589183,0.0,0.0,25.592563541999006,1001.293141735664,298.15
4326.0,58.589924060011114,0.0,0.0,20.943563726434903,1135.918236870254,298.15
4327.0,58.588442304130396,0.0,0.0,23.36955837593792,1478.0197129321234,298.15
4328.0,58.58696054824968,0.0,0.0,21.14051800795427,1365.867432212318,298.15
4329.0,58.58547879236896,1.0,126.9053955481948,21.383419333916727,1030.676335426199,298.15
4330.0,58.58399703648824,0.0,0.0,23.349889646964957,1067.6728907765448,298.15
4331.0,58.582515280607524,0.0,0.0,21.60282860164404,960.7849021367455,298.15
4332.0,58.5810335247268,1.0,129.6512872440633,19.410002248099858,1055.2065641265665,298.15
4333.0,58.57955176884608,0.0,0.0,20.465011219639354,1180.0508894181555,298.15
4334.0,58.57807001296536,0.0,0.0,22.799043173876367,864.7943508612524,298.15
4335.0,58.576588257084644,0.0,0.0,22.18105256789321,1289.502637461884,298.15
4336.0,58.575106501203926,0.0,0.0,22.606066039956275,1184.7507447417975,298.15
4337.0,58.57362474532321,0.0,0.0,20.380319204931812,1171.7563006286566,298.15
4338.0,58.57214298944249,1.0,114.21949534231472,19.547516501174332,1092.4825022984262,298.15
4339.0,58.57066123356177,0.0,0.0,19.831667002090818,894.0193831122455,298.15
4340.0,58.569179477681054,0.0,0.0,19.83899813119735,1176.286863024324,298.15
4341.0,58.567697721800336,1.0,87.97334297156372,20.861971651699744,971.8935347947358,298.15
4342.0,58.56621596591962,0.0,0.0,18.93948748508253,762.4292233937647,298.15
4343.0,58.56473421003889,1.0,116.9404910747985,22.43508176942511,1023.9785188896677,298.15
4344.0,58.563252454158174,1.0,88.17949979909254,21.45185762799705,835.0028166016793,298.15
4345.0,58.561770698277456,1.0,106.5841524056759,19.139229969704033,915.3933955471256,298.15
4346.0,58.56028894239674,1.0,109.45876531073563,20.10064928824251,1109.9493674888488,298.15
4347.0,58.55880718651602,1.0,88.21789365816869,18.895208357488436,984.2749110405413,298.15
4348.0,58.5573254306353,0.0,0.0,19.970479424623708,995.3694661898468,298.15
4349.0,58.555843674754584,0.0,0.0,18.768993668476583,1175.50667133728,298.15
4350.0,58.554361918873866,1.0,103.05992537905618,23.427737028250785,661.5825395536879,298.15
4351.0,58.55288016299315,0.0,0.0,17.35004552490613,1168.9800919407053,298.15
4352.0,58.55139840711243,0.0,0.0,17.759331380765797,1023.10978440925,298.15
4353.0,58.54991665123171,0.0,0.0,19.30557857366574,991.8468254888323,298.15
4354.0,58.548434895350994,1.0,83.53163569974242,19.731584748128938,998.2845915140065,298.15
4355.0,58.546953139470276,0.0,0.0,19.63757447716884,1102.1238918708284,298.15
4356.0,58.54547138358956,1.0,118.53218235097057,20.841772380954993,1162.7496606091918,298.15
4357.0,58.54398962770883,1.0,102.4653494308239,19.977599290551044,976.5803109115715,298.15
4358.0,58.542507871828114,0.0,0.0,17.69143026558594,995.5827498089196,298.15
4359.0,58.541026115947396,0.0,0.0,20.76249050283246,1111.195056471257,298.15
4360.0,58.53954436006668,1.0,107.57269761332226,19.965660334557693,709.7602378289935,298.15
4361.0,58.53806260418596,0.0,0.0,21.07719916650572,1014.7548680499289,298.15
4362.0,58.53658084830524,1.0,120.93525641187563,18.83873028793139,1109.8241087501701,298.15
4363.0,58.535099092424524,1.0,88.67502300158927,20.39956941093461,967.1256526104366,298.15
4364.0,58.533617336543806,0.0,0.0,14.198571286270402,927.7949367582851,298.15
4365.0,58.53213558066309,0.0,0.0,17.6778591023445,1031.6464433464519,298.15
4366.0,58.53065382478237,0.0,0.0,16.895445784039207,974.1064671397585,298.15
4367.0,58.52917206890165,0.0,0.0,19.380145504025062,1032.7812071255237,298.15
4368.0,58.527690313020926,0.0,0.0,16.976055583232167,1007.0189474478916,298.15
4369.0,58.52620855714021,1.0,101.68200080886199,19.623423823825476,1320.705151235004,298.15
4370.0,58.52472680125949,0.0,0.0,19.22614061026198,924.562374458785,298.15
4371.0,58.52324504537877,1.0,116.62896313803469,16.899268226976357,1230.1395790025756,298.15
4372.0,58.521763289498054,0.0,0.0,18.158834956226567,1026.6590853390849,298.15
4373.0,58.520281533617336,0.0,0.0,17.340387499504736,1173.8167985633975,298.15
4374.0,58.51879977773662,0.0,0.0,17.777407408770042,1232.5696556523292,298.15
4375.0,58.5173180218559,0.0,0.0,18.69942915691479,1376.0066003601141,298.15
4376.0,58.51583626597518,0.0,0.0,16.88835147814845,1216.6644155084368,298.15
4377.0,58.51435451009446,0.0,0.0,14.671129759071075,1109.8801962817936,298.15
4378.0,58.512872754213745,1.0,94.714016185288,18.18600699241148,1191.154117470515,298.15
4379.0,58.51139099833303,0.0,0.0,18.86238355057881,1481.317990398997,298.15
4380.0,58.50990924245231,0.0,0.0,14.341477920673055,1230.6253224474522,298.15
4381.0,58.50842748657159,0.0,0.0,16.918534443663233,1022.784677206731,298.15
4382.0,58.506945730690866,0.0,0.0,15.403494583867902,1174.5929586528011,298.15
4383.0,58.50546397481015,1.0,108.02036718547313,18.61598043795358,1184.1213649548772,298.15
4384.0,58.50398221892943,0.0,0.0,18.624830948019405,1368.6184302027002,298.15
4385.0,58.50250046304871,0.0,0.0,15.358855787833964,1089.7068063813417,298.15
4386.0,58.501018707167994,0.0,0.0,14.472278383375226,1210.9442302617922,298.15
4387.0,58.499536951287276,0.0,0.0,16.893197877171207,1333.4541800531706,298.15
4388.0,58.49805519540656,0.0,0.0,14.653014234745713,1273.8747400046034,298.15
4389.0,58.49657343952584,1.0,93.91403718110561,17.727573250958073,1344.2690034113978,298.15
4390.0,58.49509168364512,0.0,0.0,16.07439545377921,1367.6296307514083,298.15
4391.0,58.4936099277644,0.0,0.0,18.78382717254013,1392.6780310155602,298.15
4392.0,58.492128171883685,1.0,81.05162825324774,18.78734818135333,1236.6104978232545,298.15
4393.0,58.49064641600296,1.0,87.34872513546507,18.564808888051505,1510.566008901952,298.15
4394.0,58.48916466012224,1.0,80.9327583795181,16.66205047494974,1326.01666853275,298.15
4395.0,58.487682904241524,1.0,109.66983294628857,14.441702821215923,1420.0440716788326,298.15
4396.0,58.486201148360806,1.0,80.64684376190364,13.52125665047013,1255.5509406313142,298.15
4397.0,58.48471939248009,0.0,0.0,16.786775038194037,1458.929939980576,298.15
4398.0,58.48323763659937,0.0,0.0,16.849346817124207,1497.1313624692782,298.15
4399.0,58.48175588071865,0.0,0.0,16.142418508529747,1489.7291129746545,298.15
4400.0,58.48027412483793,1.0,98.25870277465455,13.5436872744435,1382.9530689403334,298.15
4401.0,58.478792368957215,1.0,98.89989605688054,14.342237085513712,1684.8959194885479,298.15
4402.0,58.4773106130765,0.0,0.0,15.702296554195028,1618.9113115742525,298.15
4403.0,58.47582885719578,0.0,0.0,14.54043003477404,1526.2190785659677,298.15
4404.0,58.47434710131506,0.0,0.0,14.234455089879216,1540.4560020102333,298.15
4405.0,58.47286534543434,0.0,0.0,13.885812093273465,1467.4954436542494,298.15
4406.0,58.471383589553625,0.0,0.0,15.174179696369217,1500.2672822380318,298.15
4407.0,58.4699018336729,1.0,101.57317821023005,15.019192263490817,1827.5998412517206,298.15
4408.0,58.46842007779218,1.0,124.35784978778213,13.990957539397483,1570.5966394594402,298.15
4409.0,58.466938321911464,1.0,99.05195066877383,15.29452240015685,2054.082635449448,298.15
4410.0,58.465456566030745,1.0,114.73613909774156,15.643816120790413,1480.5614898792985,298.15
4411.0,58.46397481015003,0.0,0.0,15.778125042132402,1724.6852013380383,298.15
4412.0,58.46249305426931,0.0,0.0,13.65231124943999,1717.993294378519,298.15
4413.0,58.46101129838859,0.0,0.0,14.665676660447135,1704.0119071457361,298.15
4414.0,58.45952954250787,0.0,0.0,15.15777346316774,1474.0779856818776,298.15
4415.0,58.458047786627155,1.0,129.50480466110227,15.309545585546793,1521.3112010234604,298.15
4416.0,58.45656603074644,0.0,0.0,12.95257110242822,1770.212709030019,298.15
4417.0,58.45508427486572,0.0,0.0,14.524081939479705,1600.9112507312127,298.15
4418.0,58.453602518984994,1.0,125.96970935901321,16.001990298826477,1949.270924589459,298.15
4419.0,58.452120763104276,0.0,0.0,14.089235998023758,1747.4454491710965,298.15
4420.0,58.45063900722356,1.0,103.09127437233121,15.596440588103537,1832.1436283160272,298.15
4421.0,58.44915725134284,0.0,0.0,15.040910367461226,1800.3856142131294,298.15
4422.0,58.44767549546212,0.0,0.0,14.274020089279007,1808.482410672801,298.15
4423.0,58.4461937395814,0.0,0.0,17.023117566743316,2058.772606416004,298.15
4424.0,58.444711983700685,0.0,0.0,14.516814933980578,2004.9240614207836,298.15
4425.0,58.44323022781997,0.0,0.0,14.66336262364655,1876.7013146041643,298.15
4426.0,58.44174847193925,1.0,123.92070755695747,14.225459494514775,1965.7277017801316,298.15
4427.0,58.44026671605853,0.0,0.0,17.373148623842514,2051.0226628043106,298.15
4428.0,58.43878496017781,0.0,0.0,17.235042542727136,1795.582769630216,298.15
4429.0,58.437303204297095,0.0,0.0,16.852371631701683,1661.833232555142,298.15
4430.0,58.43582144841638,0.0,0.0,16.418548535163065,1987.4615849503077,298.15
4431.0,58.43433969253566,1.0,124.49476288842827,13.624712456850977,2100.437180021083,298.15
4432.0,58.43285793665493,0.0,0.0,14.333952350373302,1664.9614727291591,298.15
4433.0,58.431376180774215,1.0,91.35006984325125,13.836941683506653,1839.423714746331,298.15
4434.0,58.4298944248935,1.0,112.51092971829917,16.73708930095458,1901.9415763459454,298.15
4435.0,58.42841266901278,0.0,0.0,18.846200190390398,1798.130310048999,298.15
4436.0,58.42693091313206,0.0,0.0,16.218923233270782,1930.7206934877163,298.15
4437.0,58.42544915725134,0.0,0.0,17.8386992766219,1791.8543042180975,298.15
4438.0,58.423967401370625,0.0,0.0,15.915970753095444,1917.0251790454133,298.15
4439.0,58.42248564548991,0.0,0.0,15.720240268735994,2075.3454535596807,298.15
4440.0,58.42100388960919,0.0,0.0,14.316548286028175,1665.1051136243223,298.15
4441.0,58.41952213372847,0.0,0.0,16.25896150992876,1822.481792282381,298.15
4442.0,58.41804037784775,0.0,0.0,16.77435319451202,2194.3953661606424,298.15
4443.0,58.41655862196703,0.0,0.0,17.037063795436865,1864.3102182474274,298.15
4444.0,58.41507686608631,1.0,125.33749935082281,15.55616721842478,1601.3566918452068,298.15
4445.0,58.41359511020559,0.0,0.0,15.748920837725661,2019.521192283756,298.15
4446.0,58.41211335432487,0.0,0.0,15.378263932651647,1984.8444257971255,298.15
4447.0,58.410631598444155,0.0,0.0,14.618065237129088,2020.0012020552276,298.15
4448.0,58.40914984256344,0.0,0.0,16.978962023025286,2007.6213696499242,298.15
4449.0,58.40766808668272,0.0,0.0,12.586056956012992,2190.690535390796,298.15
4450.0,58.406186330802,1.0,84.78350782523262,12.99406407952741,1894.5407305987692,298.15
4451.0,58.40470457492128,0.0,0.0,14.84802851987049,1985.68240885398,298.15
4452.0,58.403222819040565,0.0,0.0,13.740609212892128,1934.1101728630094,298.15
4453.0,58.40174106315985,1.0,113.1399705181116,17.57298947065175,2099.235377239198,298.15
4454.0,58.40025930727913,0.0,0.0,15.185895988134673,2112.6888093245343,298.15
4455.0,58.39877755139841,1.0,107.4810058487804,17.358204256039194,2049.704702443083,298.15
4456.0,58.39729579551769,1.0,85.4467236544657,18.10496157930998,2314.2140132381787,298.15
4457.0,58.39581403963697,0.0,0.0,16.179722436528454,2070.9540726509754,298.15
4458.0,58.39433228375625,0.0,0.0,16.67076592835214,2172.5414357751283,298.15
4459.0,58.39285052787553,1.0,102.59189267623273,18.177785371505983,1847.3410398278952,298.15
4460.0,58.39136877199481,0.0,0.0,17.88306643703426,1870.796721092065,298.15
4461.0,58.389887016114095,0.0,0.0,13.041674854349324,2267.4909007165415,298.15
4462.0,58.38840526023338,0.0,0.0,15.768049605181872,1761.798985397305,298.15
4463.0,58.38692350435266,0.0,0.0,17.32185157188342,2074.0547342123914,298.15
4464.0,58.38544174847194,1.0,127.1782778309664,16.922354805664444,2145.4168691880886,298.15
4465.0,58.38395999259122,0.0,0.0,15.066230298166747,2121.835349533034,298.15
4466.0,58.382478236710504,0.0,0.0,14.000824067028734,1698.8544431271412,298.15
4467.0,58.380996480829786,0.0,0.0,17.790830574993304,1877.7496595930932,298.15
4468.0,58.37951472494906,1.0,124.1952161841931,15.544824923677485,2015.493067937029,298.15
4469.0,58.37803296906834,0.0,0.0,16.7620662088958,2024.8423348510103,298.15
4470.0,58.376551213187625,0.0,0.0,17.292645656816394,1903.1572213280263,298.15
4471.0,58.37506945730691,1.0,124.35781899727786,16.886007982194478,1790.661267710723,298.15
4472.0,58.37358770142619,1.0,104.57257699314631,15.74223829154838,1844.2336945688864,298.15
4473.0,58.37210594554547,0.0,0.0,17.188519020987183,1782.3207856534566,298.15
4474.0,58.37062418966475,0.0,0.0,16.5387319936401,1678.0756860562044,298.15
4475.0,58.369142433784035,0.0,0.0,20.14926061712648,1808.6921230511462,298.15
4476.0,58.36766067790332,0.0,0.0,17.932615546056176,2119.6679950696816,298.15
4477.0,58.3661789220226,1.0,101.54371500255331,21.78982130914911,1788.8255868205613,298.15
4478.0,58.36469716614188,0.0,0.0,15.66736799024241,1591.794247816852,298.15
4479.0,58.36321541026116,0.0,0.0,17.389690918197342,1752.6521353705787,298.15
4480.0,58.361733654380444,1.0,102.21083437678222,17.479397324557837,2053.098571397712,298.15
4481.0,58.360251898499726,0.0,0.0,16.819450895293457,1542.1024233749138,298.15
4482.0,58.358770142619,0.0,0.0,17.59738903237598,1767.7726068816187,298.15
4483.0,58.35728838673828,1.0,128.70732508970957,17.48918994137334,1865.181847483688,298.15
4484.0,58.355806630857565,0.0,0.0,16.789739308940053,1569.7335667521832,298.15
4485.0,58.35432487497685,0.0,0.0,21.326329816394058,1755.6144542950678,298.15
4486.0,58.35284311909613,0.0,0.0,18.42133778055671,1575.900000632396,298.15
4487.0,58.35136136321541,0.0,0.0,20.13856015579544,1514.7105281189042,298.15
4488.0,58.34987960733469,1.0,128.82496494301307,20.340927526403714,1777.4624653674855,298.15
4489.0,58.348397851453974,1.0,106.19997447766565,21.143223956844558,1942.8271587345919,298.15
4490.0,58.346916095573256,0.0,0.0,17.38874254939779,1596.4533719055146,298.15
4491.0,58.34543433969254,1.0,126.9462967767002,21.089297218094593,1726.608639808377,298.15
4492.0,58.34395258381182,0.0,0.0,19.04770903929647,1696.9063846840845,298.15
4493.0,58.342470827931095,0.0,0.0,22.526683142822254,1635.170983282085,298.15
4494.0,58.34098907205038,0.0,0.0,20.213070056623526,1490.3801729968443,298.15
4495.0,58.33950731616966,0.0,0.0,17.632900505538636,1426.221778403563,298.15
4496.0,58.33802556028894,0.0,0.0,21.59417325877325,1443.0888979471213,298.15
4497.0,58.33654380440822,1.0,126.25881224479039,21.54086041162162,1520.242274992992,298.15
4498.0,58.335062048527504,0.0,0.0,17.723804476515085,1468.5017194481122,298.15
4499.0,58.333580292646786,0.0,0.0,21.087124813845282,1343.341427526495,298.15
4500.0,58.33209853676607,0.0,0.0,22.56563108833295,1469.2259656924705,298.15
4501.0,58.33061678088535,0.0,0.0,20.87089510494494,1388.9387902295073,298.15
4502.0,58.32913502500463,0.0,0.0,18.65128994345946,1552.1489473503443,298.15
4503.0,58.327653269123914,1.0,84.08480343211117,21.93042713193347,1394.3042814856847,298.15
4504.0,58.326171513243196,0.0,0.0,21.48317722100373,1563.8960040506486,298.15
4505.0,58.32468975736248,1.0,114.8595093580632,20.153447092389957,1456.240911877977,298.15
4506.0,58.32320800148176,1.0,124.00563812498095,19.89027890286369,1331.8108011967136,298.15
4507.0,58.321726245601035,0.0,0.0,21.787711625786994,1366.4155554552842,298.15
4508.0,58.32024448972032,0.0,0.0,19.376725700967306,1355.3884197041016,298.15
4509.0,58.3187627338396,1.0,111.32804311838224,21.259841696354563,1385.428579234155,298.15
4510.0,58.31728097795888,0.0,0.0,22.95741048210141,1399.6443960051238,298.15
4511.0,58.31579922207816,0.0,0.0,23.573524394369436,1263.0904466796137,298.15
4512.0,58.314317466197444,0.0,0.0,20.402933177993688,1280.1588584914919,298.15
4513.0,58.312835710316726,1.0,93.18015701859717,18.805823765883076,1318.5794021059755,298.15
4514.0,58.31135395443601,0.0,0.0,20.313575058350796,843.5357353213902,298.15
4515.0,58.30987219855529,1.0,117.53270533967643,22.85131242295045,1355.9547086978987,298.15
4516.0,58.30839044267457,1.0,106.53512987607837,20.45906981983234,1116.0653030909427,298.15
4517.0,58.306908686793854,0.0,0.0,23.47521401369831,1202.1202806137567,298.15
4518.0,58.30542693091313,0.0,0.0,20.651953479086863,1130.4821783487673,298.15
4519.0,58.30394517503241,0.0,0.0,21.045818149297048,1331.23243989788,298.15
4520.0,58.30246341915169,1.0,121.48950387502788,21.75708583906181,1359.8163947402231,298.15
4521.0,58.300981663270974,0.0,0.0,23.640228746365985,1176.6999471244985,298.15
4522.0,58.299499907390256,1.0,83.34411096199528,19.68939233010084,1166.3815532385593,298.15
4523.0,58.29801815150954,0.0,0.0,22.76445223756519,1163.5082971950305,298.15
4524.0,58.29653639562882,0.0,0.0,22.82808991741005,1155.3690902487544,298.15
4525.0,58.2950546397481,0.0,0.0,20.913733077569205,1296.5975442010956,298.15
4526.0,58.293572883867384,0.0,0.0,23.159834342820947,1587.0771152972184,298.15
4527.0,58.292091127986666,0.0,0.0,22.3912656729236,1099.1493662468522,298.15
4528.0,58.29060937210595,0.0,0.0,20.957027058367668,1200.0167455437754,298.15
4529.0,58.28912761622523,0.0,0.0,22.735269282106604,977.9105373768688,298.15
4530.0,58.28764586034451,0.0,0.0,21.271309104711538,982.2020545309382,298.15
4531.0,58.28616410446379,1.0,120.32327464217514,21.998196704175815,933.4228482293172,298.15
4532.0,58.28468234858307,0.0,0.0,24.51367443949921,1278.7552797271126,298.15
4533.0,58.28320059270235,0.0,0.0,22.687800086893454,1175.1654684261453,298.15
4534.0,58.28171883682163,0.0,0.0,24.642256430437335,1004.1142062036712,298.15
4535.0,58.280237080940914,0.0,0.0,23.094561205890205,1086.4364227937665,298.15
4536.0,58.278755325060196,1.0,85.18523740960615,21.88252077991137,1162.2590920721138,298.15
4537.0,58.27727356917948,0.0,0.0,24.266165090874157,1220.523175993817,298.15
4538.0,58.27579181329876,0.0,0.0,24.468621391279637,1096.3873896951861,298.15
4539.0,58.27431005741804,0.0,0.0,21.6761480493832,1043.35309931212,298.15
4540.0,58.272828301537324,0.0,0.0,25.532891712416614,1222.3193728998217,298.15
4541.0,58.271346545656606,0.0,0.0,26.218350376349296,854.3290758870174,298.15
4542.0,58.26986478977588,0.0,0.0,24.855247224892395,727.4317283646953,298.15
4543.0,58.26838303389516,0.0,0.0,24.04226672420101,1200.4709014280745,298.15
4544.0,58.266901278014444,1.0,96.80739877925893,27.201362395316615,941.4702668522636,298.15
4545.0,58.265419522133726,0.0,0.0,24.907573180622325,1206.7019406826214,298.15
4546.0,58.26393776625301,0.0,0.0,24.421303649933762,1291.867789060115,298.15
4547.0,58.26245601037229,1.0,83.59518584907951,26.884443332561446,1280.3062674715695,298.15
4548.0,58.26097425449157,0.0,0.0,26.785909612557024,549.1656764082742,298.15
4549.0,58.259492498610854,1.0,95.1755849813757,21.974141840625652,1120.3953783280867,298.15
4550.0,58.258010742730136,0.0,0.0,23.523454363593583,923.6625212168069,298.15
4551.0,58.25652898684942,0.0,0.0,25.318599473649215,902.3864447591261,298.15
4552.0,58.2550472309687,0.0,0.0,26.39477736408738,1056.7849022749901,298.15
4553.0,58.25356547508798,0.0,0.0,22.61371458991508,908.220300058777,298.15
4554.0,58.25208371920726,0.0,0.0,25.976716419834403,1116.3330160658584,298.15
4555.0,58.250601963326545,0.0,0.0,23.920413227540806,1204.3552717902041,298.15
4556.0,58.24912020744583,0.0,0.0,25.757260989390048,978.5552199638657,298.15
4557.0,58.2476384515651,0.0,0.0,23.741730390611895,1065.8847600538033,298.15
4558.0,58.246156695684384,0.0,0.0,20.953770809788665,947.007601627525,298.15
4559.0,58.244674939803666,1.0,116.43171462179876,21.88802470159967,1090.0535677392713,298.15
4560.0,58.24319318392295,1.0,101.84359142550585,22.95355370823555,1237.0544417931358,298.15
4561.0,58.24171142804223,0.0,0.0,23.840109588017743,1091.055057521596,298.15
4562.0,58.24022967216151,1.0,108.95159609956306,24.80431902769952,1017.2517945828699,298.15
4563.0,58.23874791628079,1.0,93.78300444566668,24.014771542688983,1237.695547836764,298.15
4564.0,58.237266160400075,0.0,0.0,24.792098023647643,986.549347970082,298.15
4565.0,58.23578440451936,1.0,80.9329676261839,24.096523330023324,997.1677645926858,298.15
4566.0,58.23430264863864,0.0,0.0,24.903931320774994,962.2221109889736,298.15
4567.0,58.232820892757914,0.0,0.0,26.41905099724505,834.3255885023946,298.15
4568.0,58.231339136877196,1.0,111.64650394439691,24.922404819118537,948.8284939540717,298.15
4569.0,58.22985738099648,0.0,0.0,25.825935277896477,1094.7115119428047,298.15
4570.0,58.22837562511576,0.0,0.0,26.115590227586743,1129.871723031673,298.15
4571.0,58.22689386923504,0.0,0.0,24.729924423703906,959.7724868070583,298.15
4572.0,58.225412113354324,0.0,0.0,22.12477281721853,1038.2038302166654,298.15
4573.0,58.223930357473606,1.0,80.22890255571438,25.399927311257386,841.0606535948501,298.15
4574.0,58.22244860159289,1.0,122.08509619090844,23.920349709847095,1463.5833115811645,298.15
4575.0,58.22096684571217,0.0,0.0,26.37985497882258,1366.4570442761928,298.15
4576.0,58.21948508983145,0.0,0.0,27.183957760151667,1050.3593007886095,298.15
4577.0,58.21800333395073,0.0,0.0,24.5835483467384,1189.9736396126634,298.15
4578.0,58.216521578070015,0.0,0.0,25.25241928948521,1049.3409010635273,298.15
4579.0,58.2150398221893,1.0,96.27938821376276,26.05104403701542,1347.207905983762,298.15
4580.0,58.21355806630858,0.0,0.0,23.671986296698016,1302.5673823561883,298.15
4581.0,58.21207631042786,1.0,82.26764090164389,24.97533715825946,1021.822068608401,298.15
4582.0,58.210594554547136,0.0,0.0,22.470348983434597,1085.9680383245707,298.15
4583.0,58.20911279866642,0.0,0.0,26.600887059593425,1235.0381947520314,298.15
4584.0,58.2076310427857,1.0,115.91107490876445,27.60919120728286,1466.7694634506224,298.15
4585.0,58.20614928690498,1.0,86.4215208048031,25.05064552649038,1216.1398465897148,298.15
4586.0,58.20466753102426,0.0,0.0,23.665010154836153,1483.241673621554,298.15
4587.0,58.203185775143545,0.0,0.0,25.26132750628242,1348.0585038404636,298.15
4588.0,58.20170401926283,1.0,127.86331730177267,22.775974460495096,1191.0478286013317,298.15
4589.0,58.20022226338211,0.0,0.0,24.089096470622298,1267.9145660205438,298.15
4590.0,58.19874050750139,0.0,0.0,24.08617678540357,1440.3483841963505,298.15
4591.0,58.19725875162067,0.0,0.0,23.887121131342155,1486.6524886158247,298.15
4592.0,58.19577699573995,0.0,0.0,25.037136793983283,1515.414555389928,298.15
4593.0,58.19429523985923,0.0,0.0,25.343182076660092,1423.0451146343166,298.15
4594.0,58.19281348397851,0.0,0.0,24.63212827225409,1473.176435628581,298.15
4595.0,58.19133172809779,0.0,0.0,26.00918113869043,1760.2692261149323,298.15
4596.0,58.189849972217075,1.0,128.96761141292168,25.14868883497722,1798.3917201485904,298.15
4597.0,58.18836821633636,0.0,0.0,23.688065627640704,1460.0518111573099,298.15
4598.0,58.18688646045564,0.0,0.0,24.258173008541537,1203.398201423144,298.15
4599.0,58.18540470457492,0.0,0.0,24.252099531657073,1503.692651856282,298.15
4600.0,58.1839229486942,0.0,0.0,23.716933198941696,1517.3903307360663,298.15
4601.0,58.182441192813485,0.0,0.0,25.0922593662364,1326.338104235011,298.15
4602.0,58.18095943693277,0.0,0.0,20.811326498891553,1550.0857275761193,298.15
4603.0,58.17947768105205,1.0,96.79365576190378,24.21598154910192,1390.3306198957014,298.15
4604.0,58.17799592517133,0.0,0.0,24.600636986013658,1619.1820660295448,298.15
4605.0,58.17651416929061,1.0,118.06002929421098,25.003569480132843,1667.4626624995506,298.15
4606.0,58.175032413409895,1.0,119.39662118338708,25.755985854112346,1672.7296433064334,298.15
4607.0,58.17355065752917,1.0,83.72186244848268,23.693384124702195,1757.4534668952836,298.15
4608.0,58.17206890164845,1.0,110.68698303485964,25.183392157287198,1694.7476604376166,298.15
4609.0,58.17058714576773,1.0,128.36850260538824,24.761871705163372,1757.790558242285,298.15
4610.0,58.169105389887015,0.0,0.0,24.138512916876152,1848.298154147934,298.15
4611.0,58.1676236340063,0.0,0.0,21.418630081202416,1603.0796874621217,298.15
4612.0,58.16614187812558,0.0,0.0,25.317120058406097,1662.4774285661326,298.15
4613.0,58.16466012224486,0.0,0.0,23.65245038474842,1645.2758546347804,298.15
4614.0,58.16317836636414,0.0,0.0,23.01946967263189,1601.0968709086026,298.15
4615.0,58.161696610483425,0.0,0.0,21.494484586727747,1682.2497641745722,298.15
4616.0,58.16021485460271,0.0,0.0,19.356453232748365,1866.1190642612821,298.15
4617.0,58.15873309872198,1.0,116.91342914441728,26.230771144136025,1863.5934426174188,298.15
4618.0,58.15725134284126,0.0,0.0,23.596707774284734,1513.7755902828455,298.15
4619.0,58.155769586960545,0.0,0.0,21.25180993360823,2038.360695294786,298.15
4620.0,58.15428783107983,0.0,0.0,20.92184446120853,1920.9531385063308,298.15
4621.0,58.15280607519911,0.0,0.0,22.407703881220332,1840.5969456988714,298.15
4622.0,58.15132431931839,0.0,0.0,24.05981170442562,1611.533045871083,298.15
4623.0,58.14984256343767,1.0,120.17520129483268,23.68900767006859,1652.8563108686094,298.15
4624.0,58.148360807556955,0.0,0.0,23.681274326386433,2067.726118591035,298.15
4625.0,58.14687905167624,0.0,0.0,21.080182855594867,2004.2271951316045,298.15
4626.0,58.14539729579552,0.0,0.0,22.12261968407605,2033.781362264658,298.15
4627.0,58.1439155399148,0.0,0.0,22.51981834640171,1855.1619922885675,298.15
4628.0,58.14243378403408,0.0,0.0,22.13242389881344,2081.2479297021287,298.15
4629.0,58.140952028153364,1.0,125.37590431863833,23.00227235941049,1689.6363743724312,298.15
4630.0,58.139470272272646,0.0,0.0,24.551601559398314,1719.4991257975041,298.15
4631.0,58.13798851639193,0.0,0.0,22.27417257404052,2064.8403504284884,298.15
4632.0,58.1365067605112,0.0,0.0,20.90479566325495,1784.5217541761622,298.15
4633.0,58.135025004630485,0.0,0.0,19.418376471298867,1924.3889714578838,298.15
4634.0,58.13354324874977,1.0,90.71745012880089,21.925692951382473,1671.910670011866,298.15
4635.0,58.13206149286905,0.0,0.0,20.489589921708134,1518.849337885364,298.15
4636.0,58.13057973698833,1.0,97.82967901289192,22.130931681058094,1799.1753586251175,298.15
4637.0,58.12909798110761,0.0,0.0,21.928025595289697,1902.0535727364754,298.15
4638.0,58.127616225226895,1.0,115.99899241672081,23.745078908319588,1826.1599661387775,298.15
4639.0,58.12613446934618,0.0,0.0,21.483875036740123,2063.510088621299,298.15
4640.0,58.12465271346546,0.0,0.0,21.768507194250756,2127.1627792613544,298.15
4641.0,58.12317095758474,1.0,108.91417574577454,19.888481418333203,2071.6600310812305,298.15
4642.0,58.121689201704015,0.0,0.0,18.54237094674273,1810.809889344534,298.15
4643.0,58.1202074458233,1.0,102.92369326600574,22.449563598382394,2066.670152741355,298.15
4644.0,58.11872568994258,0.0,0.0,22.557094104482346,1806.9088968635365,298.15
4645.0,58.11724393406186,0.0,0.0,19.99342000312148,2273.3368921937363,298.15
4646.0,58.11576217818114,0.0,0.0,17.324089165079528,2003.3781120673766,298.15
4647.0,58.114280422300425,1.0,125.16654991869166,22.491338362709307,1869.4005644060962,298.15
4648.0,58.11279866641971,0.0,0.0,22.11050038656716,2006.9466301975133,298.15
4649.0,58.11131691053899,0.0,0.0,19.917906255868985,2024.984742954146,298.15
4650.0,58.10983515465827,0.0,0.0,21.7101107885694,2106.1282996058826,298.15
4651.0,58.10835339877755,0.0,0.0,19.829641952186133,1716.5479685543053,298.15
4652.0,58.106871642896834,0.0,0.0,20.13789339466576,1894.5891036804308,298.15
4653.0,58.105389887016116,0.0,0.0,17.084378221359618,2070.018486962102,298.15
4654.0,58.1039081311354,0.0,0.0,21.53685538778218,2112.8765352306636,298.15
4655.0,58.10242637525468,0.0,0.0,16.672502428915827,2484.4180239110788,298.15
4656.0,58.10094461937396,0.0,0.0,22.127659176913237,2197.896489816538,298.15
4657.0,58.09946286349324,0.0,0.0,22.1861791528497,1884.6581468846402,298.15
4658.0,58.09798110761252,0.0,0.0,15.078882135072451,2250.4295864109217,298.15
4659.0,58.0964993517318,0.0,0.0,21.554230753836197,2067.1361724245976,298.15
4660.0,58.09501759585108,1.0,83.83186240602987,18.57842242399124,2180.5022960044985,298.15
4661.0,58.093535839970365,1.0,82.79129792822717,19.533843730963596,2040.4538539171604,298.15
4662.0,58.092054084089646,0.0,0.0,16.49970909340033,2180.449912729234,298.15
4663.0,58.09057232820893,1.0,81.15848173222558,18.139264844001076,2121.306609177205,298.15
4664.0,58.08909057232821,1.0,87.98126129717653,16.665093614670305,2035.2576502271356,298.15
4665.0,58.08760881644749,1.0,116.30633713163911,17.192064829710365,1879.7532568569627,298.15
4666.0,58.086127060566774,0.0,0.0,20.31124069826353,1871.921628401253,298.15
4667.0,58.08464530468605,0.0,0.0,19.855779919979796,1787.8771075896261,298.15
4668.0,58.08316354880533,0.0,0.0,19.472143269432856,1911.0059054615704,298.15
4669.0,58.08168179292461,0.0,0.0,17.19985634113373,2079.6239645730357,298.15
4670.0,58.080200037043895,0.0,0.0,16.861776904686188,1991.6635377435118,298.15
4671.0,58.07871828116318,1.0,86.96544769210365,15.232118419244989,1778.8137288132439,298.15
4672.0,58.07723652528246,0.0,0.0,18.86162506741487,2030.4746327850971,298.15
4673.0,58.07575476940174,0.0,0.0,20.782138805928255,1698.649527816985,298.15
4674.0,58.07427301352102,0.0,0.0,19.920483526648965,1914.3488379210646,298.15
4675.0,58.072791257640304,0.0,0.0,17.54909903362709,2062.7790879179192,298.15
4676.0,58.071309501759586,0.0,0.0,18.199208367627506,1665.860608986926,298.15
4677.0,58.06982774587887,1.0,121.25833639930487,17.716752568964203,1856.233370386409,298.15
4678.0,58.06834598999815,0.0,0.0,18.68817250394178,1713.9177060148995,298.15
4679.0,58.06686423411743,1.0,107.55621335446037,19.93379218940315,2050.709440968328,298.15
4680.0,58.065382478236714,0.0,0.0,16.149731671575978,2131.338021901942,298.15
4681.0,58.063900722355996,1.0,97.01401535487263,16.125161887899036,1864.3358914383643,298.15
4682.0,58.06241896647527,1.0,97.40656103213789,16.434845910784762,1899.6456617288297,298.15
4683.0,58.06093721059455,0.0,0.0,16.760320330654345,1959.4728587098043,298.15
4684.0,58.059455454713834,1.0,93.40562611516634,17.89821958520857,1855.6153983642462,298.15
4685.0,58.057973698833116,0.0,0.0,16.546813659150317,1603.4888348899192,298.15
4686.0,58.0564919429524,0.0,0.0,15.211792116106013,1646.1653813346888,298.15
4687.0,58.05501018707168,0.0,0.0,15.157338386407192,1630.7782768103295,298.15
4688.0,58.05352843119096,1.0,105.9493279424586,14.547263871958489,1424.127391446802,298.15
4689.0,58.052046675310244,1.0,111.06163695122176,16.183908095611727,1816.0489435750649,298.15
4690.0,58.050564919429526,0.0,0.0,17.93835680804304,1466.7486334344196,298.15
4691.0,58.04908316354881,0.0,0.0,16.887564097077245,1763.786401425658,298.15
4692.0,58.04760140766808,1.0,103.29259003626206,17.048850412067246,1515.3143066749963,298.15
4693.0,58.046119651787365,0.0,0.0,14.346798520379174,1575.7277430315057,298.15
4694.0,58.04463789590665,1.0,120.84651092373635,14.140878743535241,1677.4061868368265,298.15
4695.0,58.04315614002593,1.0,118.27260854303167,16.24031293680264,1807.3493448610018,298.15
4696.0,58.04167438414521,0.0,0.0,17.888373114057597,1693.0859226547698,298.15
4697.0,58.04019262826449,0.0,0.0,17.187133655445614,1529.369867064073,298.15
4698.0,58.038710872383774,1.0,90.42480533398006,14.700654898872886,1526.2653632889353,298.15
4699.0,58.037229116503056,0.0,0.0,19.389140158568644,1339.1456171647972,298.15
4700.0,58.03574736062234,0.0,0.0,12.422318119029455,1595.5093171978515,298.15
4701.0,58.03426560474162,0.0,0.0,15.664888578039967,1471.9870451844818,298.15
4702.0,58.0327838488609,1.0,122.6280466060785,15.733344086193839,1329.0437960270322,298.15
4703.0,58.031302092980184,0.0,0.0,15.186820376260757,1569.6807391261614,298.15
4704.0,58.029820337099466,1.0,101.93099392089722,16.316926220869473,1650.2217095668595,298.15
4705.0,58.02833858121875,0.0,0.0,15.108633578010215,1395.0317593440623,298.15
4706.0,58.02685682533803,0.0,0.0,12.99808647694739,1321.937554732999,298.15
4707.0,58.025375069457304,0.0,0.0,15.209436925908562,1304.1980299621102,298.15
4708.0,58.023893313576586,0.0,0.0,15.576934600818461,1435.9021519639543,298.15
4709.0,58.02241155769587,0.0,0.0,16.73661303742746,1181.6470241065263,298.15
4710.0,58.02092980181515,0.0,0.0,17.512807660769496,1356.8201160421281,298.15
4711.0,58.01944804593443,1.0,113.33757686541344,13.84462194358465,1269.7288237175494,298.15
4712.0,58.017966290053714,1.0,104.71291793582887,17.85969934112129,1391.7564148465117,298.15
4713.0,58.016484534172996,0.0,0.0,14.472107932709225,1388.7033248652897,298.15
4714.0,58.01500277829228,1.0,97.74910144909558,14.315305293162858,1118.705414063946,298.15
4715.0,58.01352102241156,1.0,90.53365245679824,14.451690495706845,1373.163211279487,298.15
4716.0,58.01203926653084,1.0,90.6727154016214,11.96651180934755,1327.7886613157318,298.15
4717.0,58.010557510650116,1.0,99.34851200449621,14.393997743650399,1216.8906363423962,298.15
4718.0,58.0090757547694,1.0,114.09178904348106,17.151247957443555,1167.5113157136077,298.15
4719.0,58.00759399888868,0.0,0.0,15.803191390258517,1155.246032302236,298.15
4720.0,58.00611224300796,0.0,0.0,15.391490082173291,1180.4337133344627,298.15
4721.0,58.004630487127244,0.0,0.0,15.578656561674736,1053.8491988155163,298.15
4722.0,58.003148731246526,0.0,0.0,17.028181770193452,1078.6358489544014,298.15
4723.0,58.00166697536581,1.0,84.56178203247512,13.599601822168522,1199.9947866446005,298.15
4724.0,58.00018521948509,0.0,0.0,16.447302348685614,1071.9924169241758,298.15
4725.0,57.99870346360437,1.0,94.60010514710368,15.106436002527271,1278.172577355674,298.15
4726.0,57.997221707723654,1.0,128.7250389151153,13.746914169037726,1115.82232956513,298.15
4727.0,57.995739951842936,1.0,100.3589000009218,15.746221548292167,1053.711161976167,298.15
4728.0,57.99425819596222,0.0,0.0,15.143983961549653,1164.4703476567825,298.15
4729.0,57.9927764400815,1.0,89.90654803774952,13.72676738945581,1044.033081009354,298.15
4730.0,57.99129468420078,0.0,0.0,13.31613411234241,978.5343905080236,298.15
4731.0,57.98981292832006,0.0,0.0,14.343598304117032,1035.7683263616386,298.15
4732.0,57.98833117243934,0.0,0.0,14.236021778443401,771.4766618983924,298.15
4733.0,57.98684941655862,0.0,0.0,17.023558779309283,774.0074461958495,298.15
4734.0,57.9853676606779,0.0,0.0,14.745764119764843,923.7991287638904,298.15
4735.0,57.983885904797184,0.0,0.0,14.512316618759485,875.445205740636,298.15
4736.0,57.982404148916466,0.0,0.0,16.938193704379877,1145.1009709209497,298.15
4737.0,57.98092239303575,0.0,0.0,17.316542608791504,1230.099272743729,298.15
4738.0,57.97944063715503,0.0,0.0,13.853832814416013,1083.8309893264322,298.15
4739.0,57.97795888127431,0.0,0.0,13.223366219655746,745.05406590295,298.15
4740.0,57.97647712539359,1.0,127.35583633358328,16.069079093835025,813.0061688207844,298.15
4741.0,57.974995369512875,1.0,127.17423532259659,14.946302154414512,1072.3777246915906,298.15
4742.0,57.97351361363215,1.0,87.08260528615041,14.44124131901698,989.9555178167686,298.15
4743.0,57.97203185775143,0.0,0.0,17.012407691934335,733.5539877711082,298.15
4744.0,57.970550101870714,0.0,0.0,14.973750071806206,880.2575758590958,298.15
4745.0,57.969068345989996,0.0,0.0,18.501388095641037,844.9349617038813,298.15
4746.0,57.96758659010928,1.0,122.0855021903799,15.552162222554546,1222.4957705855716,298.15
4747.0,57.96610483422856,0.0,0.0,15.784044739251557,1108.0105761475318,298.15
4748.0,57.96462307834784,0.0,0.0,19.152604584677647,957.8634327975587,298.15
4749.0,57.96314132246712,0.0,0.0,16.11390206354055,1034.5579162660872,298.15
4750.0,57.961659566586405,0.0,0.0,14.539876838387089,1021.8691397851388,298.15
4751.0,57.96017781070569,0.0,0.0,14.090429488743586,1012.1242146006548,298.15
4752.0,57.95869605482497,1.0,114.83495245047483,15.03927952110122,1274.9827803415446,298.15
4753.0,57.95721429894425,1.0,113.01787030414886,16.21302146107082,1213.5360521232626,298.15
4754.0,57.95573254306353,0.0,0.0,17.351862892823753,1232.6778773092642,298.15
4755.0,57.954250787182815,1.0,99.19080041108042,13.548336117013891,1055.7740310520885,298.15
4756.0,57.9527690313021,1.0,93.26397994503895,16.022406020494863,958.184424417095,298.15
4757.0,57.95128727542137,0.0,0.0,18.12752914620882,825.9420884829377,298.15
4758.0,57.949805519540654,1.0,127.07876801619973,16.566925164559333,866.41216901386,298.15
4759.0,57.948323763659936,0.0,0.0,18.384416774980867,1171.9684039296797,298.15
4760.0,57.94684200777922,1.0,88.91220805722573,13.871539118140761,833.3324004412968,298.15
4761.0,57.9453602518985,0.0,0.0,15.992636627585728,1002.6340778484596,298.15
4762.0,57.94387849601778,0.0,0.0,16.620383960212862,827.3318836187591,298.15
4763.0,57.94239674013706,0.0,0.0,17.386754637183785,1026.523381389069,298.15
4764.0,57.940914984256345,0.0,0.0,15.215044286833454,888.3808605700692,298.15
4765.0,57.93943322837563,0.0,0.0,17.319885765037846,1154.0950533237722,298.15
4766.0,57.93795147249491,1.0,128.27722882374968,17.523194346331763,1025.2553762217424,298.15
4767.0,57.936469716614184,1.0,124.6265299373238,16.695271647008276,948.2848798408527,298.15
4768.0,57.934987960733466,0.0,0.0,17.646165048626116,934.3864834647921,298.15
4769.0,57.93350620485275,0.0,0.0,17.48310561689171,1106.5299538416468,298.15
4770.0,57.93202444897203,0.0,0.0,16.00767286084069,1103.0983211955847,298.15
4771.0,57.93054269309131,0.0,0.0,16.893436927799755,1022.0849043914843,298.15
4772.0,57.92906093721059,0.0,0.0,15.23467320415619,1067.0181032129003,298.15
4773.0,57.927579181329875,0.0,0.0,14.927428543060413,1051.0176782354554,298.15
4774.0,57.92609742544916,0.0,0.0,17.816796240647605,808.6822313193626,298.15
4775.0,57.92461566956844,0.0,0.0,14.469588729500199,1140.6023091530626,298.15
4776.0,57.92313391368772,0.0,0.0,17.204291700293094,924.355256605483,298.15
4777.0,57.921652157807,0.0,0.0,18.344963706284222,1036.2346182289796,298.15
4778.0,57.920170401926285,1.0,111.72159005464007,17.80312804093454,1229.4155766007018,298.15
4779.0,57.91868864604557,1.0,105.74176763613508,21.36779536788353,1157.606325310563,298.15
4780.0,57.91720689016485,1.0,86.03466372754964,18.649132483009407,1435.3112249349706,298.15
4781.0,57.91572513428413,0.0,0.0,17.63266178474812,1099.365451174646,298.15
4782.0,57.914243378403405,0.0,0.0,19.132249619980083,1170.4081870558875,298.15
4783.0,57.91276162252269,0.0,0.0,16.157679152729305,1269.8174163040196,298.15
4784.0,57.91127986664197,1.0,124.3656580177898,19.955990667045135,1253.549599947458,298.15
4785.0,57.90979811076125,0.0,0.0,17.646949473682504,1430.1528080110797,298.15
4786.0,57.90831635488053,0.0,0.0,20.325321534637215,1383.1275880826977,298.15
4787.0,57.906834598999815,1.0,117.09670505311729,19.295954533885713,1509.6550345688618,298.15
4788.0,57.9053528431191,1.0,100.34846305355559,19.757564825540964,1073.5774658707778,298.15
4789.0,57.90387108723838,0.0,0.0,17.972070731838635,1448.5711300650578,298.15
4790.0,57.90238933135766,1.0,89.09729877566092,17.12885649297,1198.2884995312197,298.15
4791.0,57.90090757547694,0.0,0.0,17.203096933009512,1427.1948299565918,298.15
4792.0,57.89942581959622,0.0,0.0,16.420998823287235,1339.0834077792929,298.15
4793.0,57.8979440637155,0.0,0.0,18.656066458025638,1287.6229422316849,298.15
4794.0,57.89646230783478,1.0,87.31581160812033,18.433471469791815,1582.4059597024934,298.15
4795.0,57.89498055195406,1.0,119.93206864973048,21.09625739556062,1170.1687474407336,298.15
4796.0,57.893498796073345,0.0,0.0,17.927859793681748,1709.267534773081,298.15
4797.0,57.89201704019263,1.0,105.81038039016327,23.196365482833876,1547.6205452263137,298.15
4798.0,57.89053528431191,1.0,117.80985761012948,18.188111626977665,1493.9692558167005,298.15
4799.0,57.88905352843119,1.0,113.8537225340917,18.44331629931991,1462.0058249178965,298.15
4800.0,57.88757177255047,0.0,0.0,17.631997347503464,1444.4095897668237,298.15
4801.0,57.886090016669755,0.0,0.0,20.12022347761074,1585.9799373229132,298.15
4802.0,57.88460826078904,0.0,0.0,19.69432209772038,1322.3324816549064,298.15
4803.0,57.88312650490832,1.0,111.099686937677,20.141348909524,1086.0775619643352,298.15
4804.0,57.8816447490276,0.0,0.0,21.06938806039503,1575.522031603166,298.15
4805.0,57.88016299314688,1.0,99.30070231019802,22.094887902302883,1466.332688390902,298.15
4806.0,57.878681237266164,0.0,0.0,18.754942493275863,1456.28617624976,298.15
4807.0,57.87719948138544,0.0,0.0,20.761781226599233,1372.7300004817016,298.15
4808.0,57.87571772550472,1.0,83.89409338747221,22.202378317391226,1804.9789408640697,298.15
4809.0,57.874235969624,0.0,0.0,19.18630202402802,1912.5875668058666,298.15
4810.0,57.872754213743285,0.0,0.0,25.46249703230638,1646.7495156647792,298.15
4811.0,57.87127245786257,1.0,118.08169952238309,24.887751994948385,1646.0206636797977,298.15
4812.0,57.86979070198185,0.0,0.0,21.12322824752785,1747.5339223108672,298.15
4813.0,57.86830894610113,1.0,108.89545716796086,19.573945876311377,1753.082476647268,298.15
4814.0,57.86682719022041,1.0,110.01878300682965,19.880460417109955,1634.8575767735679,298.15
4815.0,57.865345434339694,1.0,119.20795318864735,21.91906265287703,1908.9400656565733,298.15
4816.0,57.863863678458976,0.0,0.0,22.66788841650715,1910.7303381464283,298.15
4817.0,57.86238192257825,1.0,114.07660557969878,18.79533489070542,1865.957019119804,298.15
4818.0,57.86090016669753,1.0,107.63528313407792,20.32703577264522,2034.6312341923858,298.15
4819.0,57.859418410816815,1.0,104.75538762591734,22.16446145262069,1897.1846065652603,298.15
4820.0,57.8579366549361,1.0,107.04532768623963,19.786626434260185,1695.462097291456,298.15
4821.0,57.85645489905538,1.0,93.61000652399153,21.653583525073575,1818.3136162896192,298.15
4822.0,57.85497314317466,0.0,0.0,22.913091410117815,1959.702128280848,298.15
4823.0,57.85349138729394,0.0,0.0,22.05725015318899,1672.9242885113483,298.15
4824.0,57.852009631413225,0.0,0.0,21.23395766712298,1801.3557125867594,298.15
4825.0,57.85052787553251,0.0,0.0,22.639219495295368,1616.0768050297318,298.15
4826.0,57.84904611965179,0.0,0.0,23.40115411973449,2166.2150371281186,298.15
4827.0,57.84756436377107,0.0,0.0,21.205785251451083,1936.1405398014067,298.15
4828.0,57.84608260789035,0.0,0.0,23.31792060017295,1974.7082208305067,298.15
4829.0,57.844600852009634,0.0,0.0,23.37281904083124,1668.801101790127,298.15
4830.0,57.843119096128916,0.0,0.0,23.7696142159388,2071.309678719522,298.15
4831.0,57.84163734024819,1.0,123.50575565724894,23.443596631364485,1960.1976050780875,298.15
4832.0,57.84015558436747,0.0,0.0,23.313851069497893,1652.4046720455924,298.15
4833.0,57.838673828486755,0.0,0.0,22.937574870219393,1998.8862079655196,298.15
4834.0,57.83719207260604,0.0,0.0,22.78853426372284,1791.479535721996,298.15
4835.0,57.83571031672532,0.0,0.0,24.5024418695699,1953.9823899705877,298.15
4836.0,57.8342285608446,0.0,0.0,23.27000578302332,2065.328336795572,298.15
4837.0,57.83274680496388,0.0,0.0,24.35445617265689,1988.114339647073,298.15
4838.0,57.831265049083164,0.0,0.0,24.403442982267325,1688.2685432903913,298.15
4839.0,57.829783293202446,1.0,119.57929139607293,22.14121304724437,2010.1172902712265,298.15
4840.0,57.82830153732173,0.0,0.0,23.205885165165274,2103.363590205171,298.15
4841.0,57.82681978144101,0.0,0.0,23.700436919217857,1950.0936786888137,298.15
4842.0,57.825338025560285,0.0,0.0,23.996745720961293,2061.6550956702945,298.15
4843.0,57.82385626967957,0.0,0.0,24.605289952633278,2067.845970302009,298.15
4844.0,57.82237451379885,0.0,0.0,24.26857132115585,1687.9592840807975,298.15
4845.0,57.82089275791813,0.0,0.0,24.11221877865342,2181.3966747438426,298.15
4846.0,57.81941100203741,0.0,0.0,23.409369544959123,1912.111531291187,298.15
4847.0,57.817929246156694,0.0,0.0,25.855692087760488,1889.1082873769037,298.15
4848.0,57.816447490275976,0.0,0.0,24.777653297210666,1894.773153350879,298.15
4849.0,57.81496573439526,1.0,127.04605337368542,24.097457993161864,2184.3226105644017,298.15
4850.0,57.81348397851454,0.0,0.0,23.70672678701022,2221.0537162915334,298.15
4851.0,57.81200222263382,0.0,0.0,24.82927810376088,2070.6115100414213,298.15
4852.0,57.810520466753104,1.0,110.97919698399362,24.478377134398844,1926.8528946351657,298.15
4853.0,57.809038710872386,0.0,0.0,22.04036793228845,2434.14892809105,298.15
4854.0,57.80755695499167,0.0,0.0,22.939245470413507,1993.3682672131374,298.15
4855.0,57.80607519911095,0.0,0.0,26.655049396015933,1895.9572704352456,298.15
4856.0,57.804593443230225,0.0,0.0,25.20203528681868,2144.8441972355536,298.15
4857.0,57.80311168734951,0.0,0.0,23.625333739807168,1969.7922418889716,298.15
4858.0,57.80162993146879,0.0,0.0,24.089794522809942,2297.8672584976557,298.15
4859.0,57.80014817558807,1.0,108.37414074596364,23.342733729022093,1853.1961434070768,298.15
4860.0,57.79866641970735,1.0,117.30246659707194,23.915846832939813,1948.4105827230253,298.15
4861.0,57.797184663826634,0.0,0.0,26.425798621400773,2200.3615847607866,298.15
4862.0,57.795702907945916,1.0,105.48301643103602,24.526125399142796,2038.108504943125,298.15
4863.0,57.7942211520652,0.0,0.0,26.17603080944929,1914.4298483006526,298.15
4864.0,57.79273939618448,0.0,0.0,27.472163180223237,1814.0279713969203,298.15
4865.0,57.79125764030376,0.0,0.0,24.258502091562093,1775.1094787408742,298.15
4866.0,57.789775884423044,0.0,0.0,22.83926692800269,1743.9434685266715,298.15
4867.0,57.78829412854232,0.0,0.0,25.62266348994638,2076.140306715875,298.15
4868.0,57.7868123726616,0.0,0.0,23.633870291665563,2040.0073026349924,298.15
4869.0,57.78533061678088,0.0,0.0,24.961544609835023,1991.7011095360103,298.15
4870.0,57.783848860900164,0.0,0.0,25.24224423926711,1738.7548379117998,298.15
4871.0,57.782367105019446,1.0,122.44903657812304,27.953976815334595,1851.4181363880668,298.15
4872.0,57.78088534913873,0.0,0.0,25.506779015406675,1934.1759241769514,298.15
4873.0,57.77940359325801,0.0,0.0,24.26425218778352,2064.1591970345107,298.15
4874.0,57.77792183737729,0.0,0.0,26.000251628788163,1918.6365732283666,298.15
4875.0,57.776440081496574,0.0,0.0,26.304249822001324,1873.3398562816,298.15
4876.0,57.774958325615856,1.0,107.6195948822097,26.92665651945695,1703.031951248821,298.15
4877.0,57.77347656973514,0.0,0.0,23.51899013302598,1965.9074588804633,298.15
4878.0,57.77199481385442,0.0,0.0,27.055600927447582,1776.961918966488,298.15
4879.0,57.7705130579737,0.0,0.0,28.64033369707297,1594.991911163004,298.15
4880.0,57.76903130209298,0.0,0.0,27.002377795154345,1661.210543806422,298.15
4881.0,57.76754954621226,1.0,102.53571529141104,27.281402264764782,1883.573563998788,298.15
4882.0,57.76606779033154,0.0,0.0,24.250786153929127,1875.3211807685404,298.15
4883.0,57.76458603445082,0.0,0.0,27.633060130801425,1352.3637916945527,298.15
4884.0,57.763104278570104,1.0,106.03888095653781,24.14970683539712,1727.1464716248524,298.15
4885.0,57.761622522689386,0.0,0.0,24.82870838960389,1533.1097002263923,298.15
4886.0,57.76014076680867,1.0,129.78587215616523,24.124652824012966,1772.2558679686333,298.15
4887.0,57.75865901092795,0.0,0.0,23.9130287951729,1786.8459923270775,298.15
4888.0,57.75717725504723,1.0,93.91730973781445,24.8074286203543,1522.962599555413,298.15
4889.0,57.755695499166514,1.0,123.2778303463918,22.94058909684871,1670.8511536765786,298.15
4890.0,57.754213743285796,0.0,0.0,23.655841976172724,1779.9232270675184,298.15
4891.0,57.75273198740508,0.0,0.0,23.16568356347537,1793.0426348991227,298.15
4892.0,57.75125023152435,1.0,83.69685108485803,27.141118417952,1497.5406129253947,298.15
4893.0,57.749768475643634,1.0,83.92813486249231,27.240945182804968,1770.9166250450937,298.15
4894.0,57.748286719762916,0.0,0.0,28.681897092913974,1632.3791754495737,298.15
4895.0,57.7468049638822,0.0,0.0,24.46066270653291,1504.1957802127527,298.15
4896.0,57.74532320800148,1.0,85.43440907619069,24.57122784647615,1549.0831506067805,298.15
4897.0,57.74384145212076,0.0,0.0,25.712895211603794,1667.0864953458704,298.15
4898.0,57.742359696240044,0.0,0.0,22.388797887042408,1648.8597568536243,298.15
4899.0,57.740877940359326,0.0,0.0,22.816050202339504,1651.8351297395434,298.15
4900.0,57.73939618447861,1.0,95.4640033579886,21.774659934544474,1399.1216303589304,298.15
4901.0,57.73791442859789,1.0,104.40328647494172,25.615684733363842,1517.9289909597728,298.15
4902.0,57.73643267271717,1.0,81.0600071810348,22.843847890976832,1432.630730477937,298.15
4903.0,57.73495091683645,0.0,0.0,25.767240249130268,1484.749428975512,298.15
4904.0,57.733469160955735,0.0,0.0,23.366868542823067,1361.2882621297126,298.15
4905.0,57.73198740507502,0.0,0.0,24.05106699051826,1659.894451492241,298.15
4906.0,57.73050564919429,0.0,0.0,23.70881794329317,1403.5947788337871,298.15
4907.0,57.729023893313574,1.0,112.74112449295922,24.222996216659705,1370.0734412315157,298.15
4908.0,57.727542137432856,1.0,103.05561065696384,23.070137667520868,1442.2850478039359,298.15
4909.0,57.72606038155214,0.0,0.0,25.448461084814845,1526.858654832984,298.15
4910.0,57.72457862567142,0.0,0.0,23.44751848793496,1352.2682003396599,298.15
4911.0,57.7230968697907,0.0,0.0,24.227224105428554,1283.7837919574458,298.15
4912.0,57.721615113909984,0.0,0.0,23.7476514622819,1449.4628990143713,298.15
4913.0,57.720133358029265,1.0,122.45996690300072,21.876568088652636,1562.665431765284,298.15
4914.0,57.71865160214855,0.0,0.0,25.58151908056187,1500.2345160974658,298.15
4915.0,57.71716984626783,0.0,0.0,22.303031895835627,1125.4059647018141,298.15
4916.0,57.71568809038711,0.0,0.0,24.56109973979727,1375.0592747971814,298.15
4917.0,57.714206334506386,0.0,0.0,24.3534779709911,1234.9631836740837,298.15
4918.0,57.71272457862567,0.0,0.0,20.707452676027135,1423.150079220439,298.15
4919.0,57.71124282274495,0.0,0.0,22.73543742064269,1493.9632771714887,298.15
4920.0,57.70976106686423,1.0,100.90345611775771,23.86663981542547,850.0808419661155,298.15
4921.0,57.708279310983514,1.0,89.49951452145685,22.390326026491067,1195.5768471563224,298.15
4922.0,57.706797555102796,1.0,120.07891322097515,22.56220724161524,1112.8012114839428,298.15
4923.0,57.70531579922208,0.0,0.0,23.02640913595896,1062.7244497214083,298.15
4924.0,57.70383404334136,0.0,0.0,21.988608804852657,1019.2669304119281,298.15
4925.0,57.70235228746064,0.0,0.0,23.071517306025967,1079.4147458081,298.15
4926.0,57.70087053157992,0.0,0.0,22.47690020063683,1092.100116855662,298.15
4927.0,57.699388775699205,0.0,0.0,22.001293255620542,1072.3382925861506,298.15
4928.0,57.69790701981849,0.0,0.0,20.67033317323508,811.4390057570763,298.15
4929.0,57.69642526393777,0.0,0.0,22.777817209931495,1124.1291382608526,298.15
4930.0,57.69494350805705,0.0,0.0,18.179219167322202,1253.7919055597883,298.15
4931.0,57.693461752176326,1.0,80.30122690232231,22.357247790804898,1002.7847072110454,298.15
4932.0,57.69197999629561,1.0,104.18940291274168,21.864391364481243,831.5696411860025,298.15
4933.0,57.69049824041489,0.0,0.0,20.44198413475503,1083.926320751722,298.15
4934.0,57.68901648453417,0.0,0.0,19.421163828185538,1220.9519416324415,298.15
4935.0,57.68753472865345,0.0,0.0,22.214301189953456,1078.045331544076,298.15
4936.0,57.686052972772735,0.0,0.0,21.049791053021504,938.5228946699226,298.15
4937.0,57.68457121689202,0.0,0.0,21.566408885504742,883.7380828927543,298.15
4938.0,57.6830894610113,0.0,0.0,18.303538463820495,1141.012035023885,298.15
4939.0,57.68160770513058,1.0,85.52701003545793,21.904286573382844,994.7648140102572,298.15
4940.0,57.68012594924986,1.0,113.47866226976024,22.543016607475614,946.6047406475063,298.15
4941.0,57.678644193369145,0.0,0.0,20.692642476740073,928.7694635607763,298.15
4942.0,57.67716243748842,0.0,0.0,19.398790319597175,1048.7020439363978,298.15
4943.0,57.6756806816077,0.0,0.0,21.425027953711552,1029.5827387850409,298.15
4944.0,57.674198925726984,1.0,105.16746080190732,20.171941995934514,1017.0027797958759,298.15
4945.0,57.672717169846266,1.0,109.63065635898548,21.90400196223887,861.4288967852556,298.15
4946.0,57.67123541396555,1.0,115.53064624314025,20.451570061675174,850.1400028614173,298.15
4947.0,57.66975365808483,0.0,0.0,16.886305038908343,904.6154052543109,298.15
4948.0,57.66827190220411,0.0,0.0,16.45082837960114,1044.5034659538599,298.15
4949.0,57.66679014632339,0.0,0.0,18.968021992205042,1082.674287638323,298.15
4950.0,57.665308390442675,0.0,0.0,20.724639107990097,1219.9902501216748,298.15
4951.0,57.66382663456196,0.0,0.0,19.10756327498381,874.7443351904027,298.15
4952.0,57.66234487868124,0.0,0.0,20.578034236885706,1109.819744347546,298.15
4953.0,57.66086312280052,0.0,0.0,18.62672656320087,744.2542820291324,298.15
4954.0,57.6593813669198,0.0,0.0,22.881806470959432,1056.4681694260842,298.15
4955.0,57.657899611039085,0.0,0.0,19.17658183373998,779.2944435904748,298.15
4956.0,57.65641785515836,0.0,0.0,19.804069073489796,825.0412859607932,298.15
4957.0,57.65493609927764,1.0,114.3141086552912,17.735902261295227,1124.9891343682214,298.15
4958.0,57.65345434339692,0.0,0.0,18.49703526727199,1038.6400415530097,298.15
4959.0,57.651972587516205,0.0,0.0,19.853295062031954,972.3027688462412,298.15
4960.0,57.65049083163549,1.0,125.49955841176308,18.88652624688059,815.3720264900073,298.15
4961.0,57.64900907575477,1.0,110.34142066222503,14.40765701341195,1084.925843631705,298.15
4962.0,57.64752731987405,0.0,0.0,19.55511541798609,1048.0952720213859,298.15
4963.0,57.64604556399333,0.0,0.0,19.630039278899645,1149.6349020096432,298.15
4964.0,57.644563808112615,1.0,90.1362694277744,19.724174995460263,787.0918229452067,298.15
4965.0,57.6430820522319,0.0,0.0,20.213945858249698,1147.514313839925,298.15
4966.0,57.64160029635118,1.0,80.49441592763218,18.644872490718196,980.5134571360798,298.15
4967.0,57.64011854047045,0.0,0.0,22.090073941206338,1113.2962779239926,298.15
4968.0,57.638636784589735,0.0,0.0,18.533131893691248,1068.428689455036,298.15
4969.0,57.63715502870902,0.0,0.0,14.378413747565846,958.7708581344463,298.15
4970.0,57.6356732728283,0.0,0.0,18.324197069305182,1033.7061325200373,298.15
4971.0,57.63419151694758,0.0,0.0,19.664444676695272,973.3637187270715,298.15
4972.0,57.63270976106686,0.0,0.0,15.572405338937322,1035.9583599213934,298.15
4973.0,57.631228005186145,1.0,84.90410227030263,17.250717007877327,988.58166328928,298.15
4974.0,57.62974624930543,1.0,124.16216772523231,19.531784062277815,1195.7516100907887,298.15
4975.0,57.62826449342471,0.0,0.0,16.596573888275522,1017.4649753320493,298.15
4976.0,57.62678273754399,0.0,0.0,17.02974313873768,1241.3919541053162,298.15
4977.0,57.62530098166327,0.0,0.0,18.570152506370057,1659.2078109389365,298.15
4978.0,57.623819225782555,1.0,84.67067297441496,15.181760296639958,1142.7526348121485,298.15
4979.0,57.62233746990184,0.0,0.0,17.127619947473107,956.2424194042064,298.15
4980.0,57.62085571402112,0.0,0.0,15.506288929390262,1521.7125454585744,298.15
4981.0,57.61937395814039,1.0,102.04685414628972,16.54795065237652,1271.3085929467502,298.15
4982.0,57.617892202259675,0.0,0.0,17.273127408801365,1212.5629837846766,298.15
4983.0,57.61641044637896,0.0,0.0,18.509381269518357,1189.3066536979147,298.15
4984.0,57.61492869049824,1.0,104.37190361266431,17.232840627049736,1101.447004835626,298.15
4985.0,57.61344693461752,0.0,0.0,15.750105438911008,1222.2198898122886,298.15
4986.0,57.6119651787368,0.0,0.0,18.49281359935012,1170.1253997163176,298.15
4987.0,57.610483422856085,0.0,0.0,17.486264491287344,1185.8241719669952,298.15
4988.0,57.60900166697537,0.0,0.0,13.320995735721706,1403.8210751766385,298.15
4989.0,57.60751991109465,0.0,0.0,17.695903128154956,1476.3232190105384,298.15
4990.0,57.60603815521393,1.0,107.52857194022035,16.388141032680462,1311.628981114697,298.15
4991.0,57.60455639933321,0.0,0.0,16.16242442336617,1435.8065445203088,298.15
4992.0,57.60307464345249,1.0,108.75235029022633,18.052121249944086,1689.9942931270457,298.15
4993.0,57.60159288757177,0.0,0.0,15.754636306683311,1264.8291299391262,298.15
4994.0,57.60011113169105,0.0,0.0,17.447988840430597,1161.2345179343197,298.15
4995.0,57.59862937581033,1.0,101.03319880675235,17.998738333054213,1546.7015093426335,298.15
4996.0,57.597147619929615,0.0,0.0,15.993800813353568,1327.2669939697805,298.15
4997.0,57.5956658640489,0.0,0.0,16.551176386807033,1373.8378944439048,298.15
4998.0,57.59418410816818,0.0,0.0,16.888769821447255,1487.0610842533251,298.15
4999.0,57.59270235228746,0.0,0.0,16.46314790337103,1670.1645102908087,298.15
5000.0,57.59122059640674,0.0,0.0,17.092819793040416,1519.654750802251,298.15
5001.0,57.589738840526024,0.0,0.0,13.947428442248189,1197.7801328077635,298.15
5002.0,57.588257084645306,0.0,0.0,14.542723890373646,1585.1302991059315,298.15
5003.0,57.58677532876459,0.0,0.0,13.506114708595044,1581.7869033150284,298.15
5004.0,57.58529357288387,1.0,92.70747143871465,18.173508036638175,1433.631551286553,298.15
5005.0,57.58381181700315,0.0,0.0,12.751078216003021,1322.8775297587106,298.15
5006.0,57.58233006112243,0.0,0.0,17.50382760212268,1536.3561746481384,298.15
5007.0,57.58084830524171,0.0,0.0,16.106736711442423,1263.6098942851436,298.15
5008.0,57.57936654936099,0.0,0.0,13.911656715565128,1356.333084169802,298.15
5009.0,57.57788479348027,1.0,82.31947918317951,13.24393804047276,1436.8460192362136,298.15
5010.0,57.576403037599555,1.0,107.34058768623191,15.183901954513768,1466.617160871344,298.15
5011.0,57.57492128171884,1.0,86.75727229661922,14.85430776712356,1801.243890585647,298.15
5012.0,57.57343952583812,1.0,104.97770636501409,15.816981832582474,1661.4404529856472,298.15
5013.0,57.5719577699574,0.0,0.0,11.637948401793263,1750.855722235023,298.15
5014.0,57.57047601407668,1.0,90.09080968719594,14.830405786714124,1744.1036388816494,298.15
5015.0,57.568994258195964,1.0,127.40298511549736,13.70676201772147,1496.1934556189076,298.15
5016.0,57.567512502315246,0.0,0.0,17.130991686760474,1656.3270869821586,298.15
5017.0,57.56603074643452,1.0,108.19852605405792,15.724908176326933,1720.2863329667064,298.15
5018.0,57.5645489905538,0.0,0.0,14.241625546656623,1747.965744869714,298.15
5019.0,57.563067234673085,1.0,109.16329721337549,17.313496124980897,1852.8943635546798,298.15
5020.0,57.56158547879237,0.0,0.0,14.33028242956389,1932.6541023145319,298.15
5021.0,57.56010372291165,1.0,98.88803900334845,14.851042559625785,1861.9267993357373,298.15
5022.0,57.55862196703093,1.0,86.8868398678729,15.442791815272553,2082.961790869817,298.15
5023.0,57.55714021115021,0.0,0.0,16.45918358994908,1896.4338870431543,298.15
5024.0,57.555658455269494,0.0,0.0,15.020115918299682,1762.1069221449231,298.15
5025.0,57.554176699388776,0.0,0.0,17.272627718810785,2046.1650089738405,298.15
5026.0,57.55269494350806,1.0,122.68027939931866,14.358214734461802,1681.5496752655577,298.15
5027.0,57.55121318762734,0.0,0.0,13.434916587880117,1955.1723089893906,298.15
5028.0,57.54973143174662,0.0,0.0,17.55796102273997,1862.7349868213005,298.15
5029.0,57.548249675865904,0.0,0.0,14.516060509286836,1766.3525318637694,298.15
5030.0,57.546767919985186,0.0,0.0,15.976602941332068,1935.9018959857137,298.15
5031.0,57.54528616410446,1.0,117.73398680303389,16.268700033466622,1870.71827542308,298.15
5032.0,57.54380440822374,0.0,0.0,18.385978506224113,1645.3019822468275,298.15
5033.0,57.542322652343024,0.0,0.0,14.594650313707493,1958.0008129469215,298.15
5034.0,57.540840896462306,1.0,106.94302558939415,15.932836284014758,1783.3252617117657,298.15
5035.0,57.53935914058159,0.0,0.0,13.85648216454276,1963.8758130724118,298.15
5036.0,57.53787738470087,0.0,0.0,14.362139445727308,1933.3400417429798,298.15
5037.0,57.53639562882015,1.0,89.78645250485886,13.944620995272084,2023.4564851524115,298.15
5038.0,57.534913872939434,0.0,0.0,16.539306810988094,1624.0248821383975,298.15
5039.0,57.533432117058716,1.0,129.2897118991554,16.685098802493947,1821.8055582464563,298.15
5040.0,57.531950361178,0.0,0.0,15.834894453510607,1991.6450693283796,298.15
5041.0,57.53046860529728,0.0,0.0,14.036926961033421,2412.5964611790914,298.15
5042.0,57.528986849416555,1.0,101.51368228264306,14.272093119661205,2005.1150142861256,298.15
5043.0,57.52750509353584,0.0,0.0,14.22815210279796,1921.9533288469447,298.15
5044.0,57.52602333765512,0.0,0.0,15.961752905662529,2122.11291142837,298.15
5045.0,57.5245415817744,0.0,0.0,12.902642852929649,1905.4832654088036,298.15
5046.0,57.52305982589368,0.0,0.0,14.841176335345171,2060.9467547666527,298.15
5047.0,57.521578070012964,0.0,0.0,13.378883525888416,2005.5803278479232,298.15
5048.0,57.520096314132246,0.0,0.0,16.379174604474606,2159.8130219499703,298.15
5049.0,57.51861455825153,0.0,0.0,14.032692021911231,2098.9966420384867,298.15
5050.0,57.51713280237081,0.0,0.0,18.802870277044768,1928.125096035194,298.15
5051.0,57.51565104649009,0.0,0.0,17.395758245606636,1774.4440682819588,298.15
5052.0,57.514169290609374,0.0,0.0,15.635840639464277,1838.6332788872687,298.15
5053.0,57.512687534728656,0.0,0.0,16.49692506161453,2042.2410494375893,298.15
5054.0,57.51120577884794,0.0,0.0,16.64367934335905,1988.2896177945383,298.15
5055.0,57.50972402296722,1.0,84.83774365150444,14.418530840221688,1997.9366364999853,298.15
5056.0,57.508242267086494,1.0,112.46060659394647,17.998418912771175,2029.2672268845797,298.15
5057.0,57.506760511205776,0.0,0.0,15.928413175635745,1865.1305569139518,298.15
5058.0,57.50527875532506,0.0,0.0,14.918768122009396,1968.6223145181996,298.15
5059.0,57.50379699944434,1.0,102.59838052879421,17.081563649883613,1978.6467896409374,298.15
5060.0,57.50231524356362,0.0,0.0,14.487754933419133,1759.871172383484,298.15
5061.0,57.500833487682904,0.0,0.0,17.404491032679,1878.6805051342872,298.15
5062.0,57.499351731802186,1.0,126.7133375610315,16.9764666157788,2023.6023707380762,298.15
5063.0,57.49786997592147,0.0,0.0,15.461660216668633,2063.723513764963,298.15
5064.0,57.49638822004075,0.0,0.0,18.10764842848416,1831.2465966028938,298.15
5065.0,57.49490646416003,0.0,0.0,17.78283579030902,2020.417561240353,298.15
5066.0,57.49342470827931,1.0,93.6853108824791,16.217920313554174,1845.986260395622,298.15
5067.0,57.49194295239859,1.0,113.30701712322846,17.67537436118097,1798.5082162385545,298.15
5068.0,57.49046119651787,1.0,86.46439391299413,14.762774069378157,2208.691014167165,298.15
5069.0,57.48897944063715,0.0,0.0,17.763408162803632,1851.2803259796099,298.15
5070.0,57.487497684756434,0.0,0.0,14.72667868446339,1683.281384516544,298.15
5071.0,57.486015928875716,0.0,0.0,17.351861759568298,1829.3722399557253,298.15
5072.0,57.484534172995,0.0,0.0,18.33585317717359,1845.318203779636,298.15
5073.0,57.48305241711428,0.0,0.0,17.86233762148494,2011.9640420218022,298.15
5074.0,57.48157066123356,0.0,0.0,19.895268137153426,1810.6357712152796,298.15
5075.0,57.480088905352844,0.0,0.0,16.23056097636339,1910.313039492064,298.15
5076.0,57.478607149472126,1.0,99.3575182697614,18.245201559440364,2001.6927725340418,298.15
5077.0,57.47712539359141,1.0,110.42318526467014,14.271689219257194,1743.1392287743834,298.15
5078.0,57.47564363771069,0.0,0.0,16.957334696768193,1862.349143027578,298.15
5079.0,57.47416188182997,0.0,0.0,17.386859589096133,1797.0096633708827,298.15
5080.0,57.47268012594925,0.0,0.0,20.474095338558627,1827.6796229115814,298.15
5081.0,57.47119837006853,0.0,0.0,18.024644420168624,1796.1806705309325,298.15
5082.0,57.46971661418781,0.0,0.0,19.620344416172774,1789.8344606028743,298.15
5083.0,57.46823485830709,0.0,0.0,16.81009269807893,1711.6895226538438,298.15
5084.0,57.466753102426374,0.0,0.0,17.823002502191528,1744.6513868918626,298.15
5085.0,57.465271346545656,0.0,0.0,17.116152176055785,1686.0745489598805,298.15
5086.0,57.46378959066494,1.0,112.39501865094402,16.96472600252773,2062.571236273987,298.15
5087.0,57.46230783478422,0.0,0.0,17.17501717540459,1789.3485091627826,298.15
5088.0,57.4608260789035,1.0,91.81057032609452,17.77425381180286,1684.406160124328,298.15
5089.0,57.45934432302278,0.0,0.0,22.126625731838804,1618.6820207440996,298.15
5090.0,57.457862567142065,1.0,98.14990304651535,18.866857469545042,1801.3126559969005,298.15
5091.0,57.45638081126135,0.0,0.0,16.89864381379443,1517.1972232963863,298.15
5092.0,57.45489905538062,1.0,108.0142396590989,18.327298186302887,1431.8370892690386,298.15
5093.0,57.453417299499904,1.0,112.27294391364836,20.896052540772978,1405.3013034257085,298.15
5094.0,57.451935543619186,0.0,0.0,18.250585811843717,1788.3144474320238,298.15
5095.0,57.45045378773847,0.0,0.0,21.857550123938715,1765.0498579106634,298.15
5096.0,57.44897203185775,0.0,0.0,21.22902596087621,1586.6408322350655,298.15
5097.0,57.44749027597703,0.0,0.0,19.375117332355494,1463.0143975930623,298.15
5098.0,57.44600852009631,0.0,0.0,18.741041648200717,1448.9705720411807,298.15
5099.0,57.444526764215595,0.0,0.0,18.374022980707416,1822.0151829873264,298.15
5100.0,57.44304500833488,0.0,0.0,20.307838015790956,1486.3798131073606,298.15
5101.0,57.44156325245416,1.0,119.16638719306108,20.76868011562643,1535.751352822428,298.15
5102.0,57.44008149657344,0.0,0.0,22.353400518540727,1402.6083335110309,298.15
5103.0,57.43859974069272,0.0,0.0,20.884832414256135,1466.508420012413,298.15
5104.0,57.437117984812005,1.0,84.71230849451281,19.854583096558,1494.0120793460271,298.15
5105.0,57.43563622893129,0.0,0.0,22.721623430447544,1692.721291807748,298.15
5106.0,57.43415447305056,0.0,0.0,21.937492780664282,1393.267774395619,298.15
5107.0,57.432672717169844,0.0,0.0,19.630159240778468,1468.4285414297071,298.15
5108.0,57.431190961289126,1.0,113.63622088157896,20.700893392309116,1322.0591490214438,298.15
5109.0,57.42970920540841,0.0,0.0,21.993641120387963,1388.433683773368,298.15
5110.0,57.42822744952769,0.0,0.0,21.527385124579816,1396.7735250504031,298.15
5111.0,57.42674569364697,1.0,103.31676254860962,19.529184142961256,1299.954043111691,298.15
5112.0,57.42526393776625,1.0,89.77739745804628,21.524832879402105,1351.4722128666028,298.15
5113.0,57.423782181885535,0.0,0.0,20.263575207131222,1195.039546645786,298.15
5114.0,57.42230042600482,0.0,0.0,21.54675656944003,1362.5179323448265,298.15
5115.0,57.4208186701241,0.0,0.0,19.46562124250988,1281.348781507735,298.15
5116.0,57.41933691424338,0.0,0.0,20.21888288081799,1176.2635097452348,298.15
5117.0,57.417855158362656,0.0,0.0,25.100683717214345,1227.8673196740926,298.15
5118.0,57.41637340248194,0.0,0.0,21.158642541996866,1428.208013864624,298.15
5119.0,57.41489164660122,0.0,0.0,23.71910847370445,1203.2767526916452,298.15
5120.0,57.4134098907205,0.0,0.0,21.83229704836335,1270.2488965336606,298.15
5121.0,57.41192813483978,0.0,0.0,20.204225513064568,1257.247701782639,298.15
5122.0,57.410446378959065,1.0,127.34075200406242,20.495218703452192,1268.2573118394619,298.15
5123.0,57.40896462307835,1.0,92.17632697884808,21.04774152022702,1003.6515739095338,298.15
5124.0,57.40748286719763,0.0,0.0,25.84194266652137,1002.4474106081723,298.15
5125.0,57.40600111131691,1.0,107.84443981784571,22.130217792926015,1034.2009144368133,298.15
5126.0,57.40451935543619,1.0,106.88097731267418,22.87984014364578,1226.5486785308926,298.15
5127.0,57.403037599555475,0.0,0.0,23.769991963577997,1164.2376144328107,298.15
5128.0,57.40155584367476,1.0,128.33512826860135,23.574304178542917,1146.5030247564666,298.15
5129.0,57.40007408779404,1.0,96.17435922682373,24.237551193012283,1086.7878359096135,298.15
5130.0,57.39859233191332,0.0,0.0,22.09825838872168,896.7825817429448,298.15
5131.0,57.397110576032595,0.0,0.0,21.128855824732405,996.402814666657,298.15
5132.0,57.39562882015188,1.0,111.43148303232056,21.594458201543468,1109.5110825731736,298.15
5133.0,57.39414706427116,0.0,0.0,20.736137656434085,1044.058699728803,298.15
5134.0,57.39266530839044,0.0,0.0,22.43482611291493,1088.6469073451262,298.15
5135.0,57.39118355250972,1.0,98.21629797266324,17.38382699176391,820.9193861390416,298.15
5136.0,57.389701796629005,0.0,0.0,24.582093325022722,1045.6057257003324,298.15
5137.0,57.38822004074829,1.0,119.62536007128222,24.41366501419804,728.0529112959312,298.15
5138.0,57.38673828486757,0.0,0.0,22.01161352542876,839.5181057275759,298.15
5139.0,57.38525652898685,0.0,0.0,21.441864298277252,883.8614509990222,298.15
5140.0,57.38377477310613,1.0,93.83648614255716,26.16039630617206,748.0662032450707,298.15
5141.0,57.382293017225415,1.0,125.57460466672643,25.331352208163725,899.6173977202328,298.15
5142.0,57.38081126134469,0.0,0.0,23.440759081275647,1057.2424064117818,298.15
5143.0,57.37932950546397,0.0,0.0,22.83828112827797,1186.9650897696433,298.15
5144.0,57.37784774958325,0.0,0.0,24.04351231745862,928.5337566080568,298.15
5145.0,57.376365993702535,0.0,0.0,21.73965340842541,907.6491508986614,298.15
5146.0,57.37488423782182,1.0,95.9775865583629,24.57449284168836,985.9015229008622,298.15
5147.0,57.3734024819411,0.0,0.0,22.24122066812309,962.0096279980582,298.15
5148.0,57.37192072606038,0.0,0.0,20.396240698320657,849.0449341723358,298.15
5149.0,57.37043897017966,0.0,0.0,22.97468890018652,1081.488029844335,298.15
5150.0,57.368957214298945,0.0,0.0,22.705993187177548,955.8550877856635,298.15
5151.0,57.36747545841823,0.0,0.0,27.27259718594623,901.3936598710177,298.15
5152.0,57.36599370253751,1.0,129.54045049975372,27.110534978798157,915.6675213245506,298.15
5153.0,57.36451194665679,0.0,0.0,22.692439509499557,1354.9123851791583,298.15
5154.0,57.36303019077607,0.0,0.0,24.363987963054512,1120.155369418948,298.15
5155.0,57.361548434895354,0.0,0.0,23.517639964503392,955.231331340312,298.15
5156.0,57.36006667901463,0.0,0.0,27.5498048555936,643.40991321199,298.15
5157.0,57.35858492313391,1.0,114.2392828537195,21.73659316523516,756.4325615843621,298.15
5158.0,57.35710316725319,0.0,0.0,25.430601865789736,1028.6820382582737,298.15
5159.0,57.355621411372475,0.0,0.0,26.766652351758726,976.2477083969092,298.15
5160.0,57.35413965549176,0.0,0.0,23.88220491586323,851.6561473767126,298.15
5161.0,57.35265789961104,0.0,0.0,24.824364715534113,1009.7642213075059,298.15
5162.0,57.35117614373032,0.0,0.0,26.500766575169788,923.4069466164949,298.15
5163.0,57.3496943878496,1.0,125.8735441366826,23.07182129587094,944.9463499506116,298.15
5164.0,57.348212631968885,0.0,0.0,25.886363204823137,1021.5885904012845,298.15
5165.0,57.346730876088166,0.0,0.0,22.41327195793249,902.0788860428612,298.15
5166.0,57.34524912020745,0.0,0.0,22.3588756047904,853.9950360997102,298.15
5167.0,57.34376736432672,1.0,116.16818000805256,26.29094298351504,866.4789561380246,298.15
5168.0,57.342285608446005,0.0,0.0,23.39922892846809,1017.0784686355166,298.15
5169.0,57.34080385256529,1.0,103.8373327177652,25.24751388201548,848.9935934494597,298.15
5170.0,57.33932209668457,0.0,0.0,23.087606101465703,1424.0237115189982,298.15
5171.0,57.33784034080385,0.0,0.0,25.431434897285627,1244.94571759269,298.15
5172.0,57.33635858492313,1.0,129.37555911806095,22.335541711454173,1222.7132082033568,298.15
5173.0,57.334876829042415,0.0,0.0,27.06863449409713,992.1761902593432,298.15
5174.0,57.3333950731617,0.0,0.0,26.300380009507723,1008.2765521810184,298.15
5175.0,57.33191331728098,0.0,0.0,24.037944550220374,934.022011452975,298.15
5176.0,57.33043156140026,1.0,121.41732591471582,22.018084919312642,1433.4857823185012,298.15
5177.0,57.32894980551954,0.0,0.0,24.668107388417337,1370.8526408319583,298.15
5178.0,57.327468049638824,0.0,0.0,24.416794539993273,1282.1361850768103,298.15
5179.0,57.325986293758106,0.0,0.0,24.111454668620887,1175.3883813595182,298.15
5180.0,57.32450453787739,0.0,0.0,26.653618198860936,1147.874810827595,298.15
5181.0,57.32302278199666,0.0,0.0,26.902220384770956,1294.845518910252,298.15
5182.0,57.321541026115945,0.0,0.0,25.63045617255159,1471.7469231685386,298.15
5183.0,57.32005927023523,1.0,116.77162815899496,27.314925232566658,1341.9032343915073,298.15
5184.0,57.31857751435451,1.0,125.82266895904192,20.42637715397326,1092.1881630448277,298.15
5185.0,57.31709575847379,0.0,0.0,24.40419779383512,1158.048971872837,298.15
5186.0,57.31561400259307,0.0,0.0,24.305078462775768,1357.3071038828734,298.15
5187.0,57.314132246712354,0.0,0.0,26.190277469639565,1171.8750162924923,298.15
5188.0,57.312650490831636,0.0,0.0,24.306324184807572,1245.2958472972637,298.15
5189.0,57.31116873495092,0.0,0.0,25.67528871361566,1557.1989569319185,298.15
5190.0,57.3096869790702,1.0,96.37667905030165,23.984692300473295,1298.3721584555194,298.15
5191.0,57.30820522318948,0.0,0.0,23.643432382523685,1124.1638494260965,298.15
5192.0,57.30672346730876,0.0,0.0,25.968124732562927,1808.517416885783,298.15
5193.0,57.30524171142804,0.0,0.0,24.645951328275206,1554.0785164928438,298.15
5194.0,57.30375995554732,0.0,0.0,25.100692721409843,1396.7611151234257,298.15
5195.0,57.3022781996666,0.0,0.0,22.583255092341272,1420.6931498890729,298.15
5196.0,57.300796443785885,0.0,0.0,25.60866803130574,1118.3505211042643,298.15
5197.0,57.29931468790517,0.0,0.0,22.755232138509847,1394.001860227486,298.15
5198.0,57.29783293202445,0.0,0.0,27.172081338559487,1356.9831493671977,298.15
5199.0,57.29635117614373,0.0,0.0,23.9711450051245,1498.9560839433593,298.15
5200.0,57.29486942026301,1.0,87.47765604767825,23.66768007121707,1744.1522148218733,298.15
5201.0,57.293387664382294,0.0,0.0,25.704321115074826,1581.7223609698926,298.15
5202.0,57.291905908501576,0.0,0.0,24.13891022530337,1835.9409980956793,298.15
5203.0,57.29042415262086,1.0,115.92235444933063,25.312599400577184,1337.6279797885074,298.15
5204.0,57.28894239674014,0.0,0.0,23.62750146469822,1331.3362867912206,298.15
5205.0,57.28746064085942,0.0,0.0,25.186723923711547,1764.5244209289046,298.15
5206.0,57.2859788849787,0.0,0.0,23.860344414043663,1609.2961237079096,298.15
5207.0,57.28449712909798,0.0,0.0,25.305429963946885,1679.1677818236988,298.15
5208.0,57.28301537321726,0.0,0.0,25.69376034495135,1620.3087609705,298.15
5209.0,57.28153361733654,0.0,0.0,21.249680216055964,1668.7709820294497,298.15
5210.0,57.280051861455824,0.0,0.0,24.288189837768556,1757.6961587858505,298.15
5211.0,57.278570105575106,0.0,0.0,26.57225769035617,1707.287030143136,298.15
5212.0,57.27708834969439,1.0,84.95598259926334,24.560815194403805,1598.363436068607,298.15
5213.0,57.27560659381367,0.0,0.0,27.399890355119503,2048.103808407369,298.15
5214.0,57.27412483793295,0.0,0.0,21.937635401153525,1727.040144844003,298.15
5215.0,57.272643082052234,0.0,0.0,23.758251950462274,1697.0749948657594,298.15
5216.0,57.271161326171516,1.0,102.6219846483875,24.047351374312928,1689.0540577486877,298.15
5217.0,57.26967957029079,1.0,102.70977009822928,22.344128770916136,1805.6532114411596,298.15
5218.0,57.26819781441007,0.0,0.0,21.128715844910765,1731.5279251062511,298.15
5219.0,57.266716058529354,1.0,117.27315669867322,26.494686818881675,1476.6716313524362,298.15
5220.0,57.265234302648636,0.0,0.0,24.734452965210167,1755.7715611310937,298.15
5221.0,57.26375254676792,1.0,106.56478914072056,23.74615990568302,1643.9720940082254,298.15
5222.0,57.2622707908872,0.0,0.0,22.84355410193984,1858.8366233621857,298.15
5223.0,57.26078903500648,0.0,0.0,22.903752212871126,1826.1456442725976,298.15
5224.0,57.259307279125764,0.0,0.0,23.594984210597577,1742.7035012891465,298.15
5225.0,57.257825523245046,0.0,0.0,24.807755279682603,1994.7107887940954,298.15
5226.0,57.25634376736433,0.0,0.0,21.277736944084094,1853.8971808255985,298.15
5227.0,57.25486201148361,0.0,0.0,22.48551771040649,1818.51999128761,298.15
5228.0,57.25338025560289,1.0,124.68740424342379,21.63120116737652,1830.9407186102346,298.15
5229.0,57.251898499722174,0.0,0.0,20.437864491728558,1837.407444248426,298.15
5230.0,57.250416743841456,0.0,0.0,21.051772563259313,1980.536993458998,298.15
5231.0,57.24893498796073,0.0,0.0,22.283634381301866,1796.6274110065183,298.15
5232.0,57.24745323208001,1.0,80.61988395335665,21.36174437100063,1932.7082561453376,298.15
5233.0,57.245971476199294,0.0,0.0,21.786513791941992,1854.7645317089234,298.15
5234.0,57.244489720318576,1.0,108.85055009634655,22.803753845105856,1841.6958269332927,298.15
5235.0,57.24300796443786,0.0,0.0,23.3932128394825,2016.3943666358916,298.15
5236.0,57.24152620855714,0.0,0.0,25.69125492419109,1812.1551050048706,298.15
5237.0,57.24004445267642,0.0,0.0,22.578587893319327,2036.9970682374678,298.15
5238.0,57.238562696795704,0.0,0.0,20.25641392587323,2011.3382451846692,298.15
5239.0,57.237080940914986,0.0,0.0,22.90611652548166,2169.538630723029,298.15
5240.0,57.23559918503427,1.0,84.46007882233083,20.53093782753273,1711.6842313020868,298.15
5241.0,57.23411742915355,1.0,127.90628900300518,19.818218462986703,2133.0031447621213,298.15
5242.0,57.232635673272824,1.0,123.83402395549447,21.83035022653708,1938.9123888561935,298.15
5243.0,57.231153917392106,0.0,0.0,22.992400254598955,1719.8109216552407,298.15
5244.0,57.22967216151139,0.0,0.0,19.657823456504083,1892.2911334961398,298.15
5245.0,57.22819040563067,0.0,0.0,21.027282589293385,2070.6288885026593,298.15
5246.0,57.22670864974995,0.0,0.0,21.148549712365142,1983.1690803633967,298.15
5247.0,57.225226893869234,0.0,0.0,18.796249779423263,2199.9507041366733,298.15
5248.0,57.223745137988516,1.0,117.34636408396207,17.91906762091114,1948.2626377161428,298.15
5249.0,57.2222633821078,0.0,0.0,17.860145608009677,1994.7363843265907,298.15
5250.0,57.22078162622708,0.0,0.0,22.046158919817177,1972.263352653826,298.15
5251.0,57.21929987034636,0.0,0.0,19.153124356041275,1846.5271656887896,298.15
5252.0,57.21781811446564,0.0,0.0,18.78217647283976,1994.706435589061,298.15
5253.0,57.216336358584925,0.0,0.0,20.19557342450056,1964.9028719832831,298.15
5254.0,57.21485460270421,0.0,0.0,21.662912787984183,2009.1981928845482,298.15
5255.0,57.21337284682349,0.0,0.0,17.613838871677725,2002.742667270145,298.15
5256.0,57.211891090942764,0.0,0.0,16.35223763726359,1991.39839733481,298.15
5257.0,57.210409335062046,0.0,0.0,21.630508007915218,2002.4284368554304,298.15
5258.0,57.20892757918133,0.0,0.0,19.98822690191746,2149.2211662207683,298.15
5259.0,57.20744582330061,1.0,98.20851529784665,17.346769402409418,1833.4896729209738,298.15
5260.0,57.20596406741989,0.0,0.0,18.259153216255516,1866.946837941933,298.15
5261.0,57.204482311539174,0.0,0.0,17.254460230767723,2182.9651425780717,298.15
5262.0,57.203000555658456,1.0,119.4908267492326,19.7804587109088,2155.4879412306914,298.15
5263.0,57.20151879977774,1.0,118.06220707667309,20.291926418420907,1997.7265365484375,298.15
5264.0,57.20003704389702,1.0,83.87159717035159,19.625692510307083,2256.0351754321205,298.15
5265.0,57.1985552880163,1.0,89.60118031119579,18.721175964763965,2018.8201080098206,298.15
5266.0,57.19707353213558,0.0,0.0,18.960624526053174,2219.2385853656406,298.15
5267.0,57.19559177625486,0.0,0.0,17.070456568800854,2149.3325985486536,298.15
5268.0,57.19411002037414,1.0,93.91214806462435,17.448705425042302,2166.2945227292366,298.15
5269.0,57.19262826449342,1.0,86.6111912730048,18.07201839780775,1741.2616938390393,298.15
5270.0,57.191146508612704,1.0,89.09456018161961,17.523633305552917,2004.7420692690512,298.15
5271.0,57.189664752731986,1.0,112.05659717920346,17.872004500682344,1882.5894601375305,298.15
5272.0,57.18818299685127,0.0,0.0,15.188721829095737,1684.521478423049,298.15
5273.0,57.18670124097055,1.0,127.0698194621977,19.093491098251807,2075.4722956579694,298.15
5274.0,57.18521948508983,0.0,0.0,15.875833128885924,2043.6341451236267,298.15
5275.0,57.18373772920911,1.0,121.69371654562448,14.126965293469405,1831.7627415520762,298.15
5276.0,57.182255973328395,1.0,107.32325057560374,16.26537278636905,1749.6141219527888,298.15
5277.0,57.18077421744768,1.0,115.26737470962192,16.97584052615673,1839.3595979564875,298.15
5278.0,57.17929246156696,1.0,88.43303807615209,20.46131354053496,1546.5372143965624,298.15
5279.0,57.17781070568624,1.0,117.44922630285032,16.364278552889697,1604.3725882775318,298.15
5280.0,57.17632894980552,0.0,0.0,17.396633687946622,1748.961872141579,298.15
5281.0,57.1748471939248,0.0,0.0,17.490102699001948,1873.3769759157758,298.15
5282.0,57.17336543804408,0.0,0.0,14.4704582072017,1740.107832296234,298.15
5283.0,57.17188368216336,0.0,0.0,16.644474178747107,1671.1479514794264,298.15
5284.0,57.17040192628264,1.0,104.01935637356445,16.3097860931501,1616.6996122937094,298.15
5285.0,57.168920170401925,1.0,122.78390647380299,16.788198546050392,2092.777568881427,298.15
5286.0,57.16743841452121,1.0,87.73595890422112,17.25415862849919,1551.8040211449984,298.15
5287.0,57.16595665864049,1.0,88.48132083816253,17.862961076676584,1424.3929953655945,298.15
5288.0,57.16447490275977,0.0,0.0,15.057296492705545,1597.7096451931457,298.15
5289.0,57.16299314687905,1.0,111.26272751559105,17.12828165036871,1747.047008640487,298.15
5290.0,57.161511390998335,0.0,0.0,15.118748956429348,1670.7323530202984,298.15
5291.0,57.16002963511762,0.0,0.0,14.7586666015812,1526.8520870918474,298.15
5292.0,57.15854787923689,0.0,0.0,18.951557938688914,1653.1919810439124,298.15
5293.0,57.157066123356174,0.0,0.0,13.180339745438506,1775.4262896410005,298.15
5294.0,57.155584367475456,1.0,82.04100514873909,15.190726688094985,1624.2993840522681,298.15
5295.0,57.15410261159474,0.0,0.0,16.31060478353653,1601.2973565029004,298.15
5296.0,57.15262085571402,0.0,0.0,14.935107454233572,1586.2461431422485,298.15
5297.0,57.1511390998333,0.0,0.0,16.075930939781898,1435.1819246679067,298.15
5298.0,57.14965734395258,0.0,0.0,13.629763455683467,1598.8093056418945,298.15
5299.0,57.148175588071865,0.0,0.0,12.770803730942202,1671.9860849389286,298.15
5300.0,57.14669383219115,0.0,0.0,14.270882903670568,1702.83455745135,298.15
5301.0,57.14521207631043,0.0,0.0,15.861869231596058,1548.7471318254902,298.15
5302.0,57.14373032042971,0.0,0.0,15.294501968802464,1470.8088694927935,298.15
5303.0,57.14224856454899,0.0,0.0,16.539292194831106,1734.4555357048014,298.15
5304.0,57.140766808668275,0.0,0.0,13.196374215922466,1455.3836301825936,298.15
5305.0,57.13928505278756,0.0,0.0,14.511279721101358,1349.1647976695717,298.15
5306.0,57.13780329690683,0.0,0.0,15.275573386520566,1302.9450003531676,298.15
5307.0,57.13632154102611,0.0,0.0,13.80074277089073,1270.3679416366022,298.15
5308.0,57.134839785145395,0.0,0.0,15.534351481810484,1300.1616347269348,298.15
5309.0,57.13335802926468,1.0,116.82710276901703,14.828147806767884,1649.4797537847394,298.15
5310.0,57.13187627338396,1.0,119.48861670589258,16.023657390137995,1231.986600211664,298.15
5311.0,57.13039451750324,0.0,0.0,15.67543582304442,1559.6454632034706,298.15
5312.0,57.12891276162252,0.0,0.0,12.218683911285236,1285.1328347218616,298.15
5313.0,57.127431005741805,0.0,0.0,17.51317929523699,1457.7200386093043,298.15
5314.0,57.12594924986109,0.0,0.0,11.656421417343214,1125.3163645013851,298.15
5315.0,57.12446749398037,1.0,81.95674990817356,12.626230373253948,1270.3307972663517,298.15
5316.0,57.12298573809965,0.0,0.0,14.968650189018183,1016.7086472201208,298.15
5317.0,57.121503982218925,1.0,104.8403305224564,15.5435614324381,1248.8006720053456,298.15
5318.0,57.12002222633821,1.0,129.00483493792322,14.601991458464587,1350.1058094656648,298.15
5319.0,57.11854047045749,0.0,0.0,14.172234096572906,1363.9598281941821,298.15
5320.0,57.11705871457677,1.0,109.50999898033915,14.89583966031576,1205.4202858664241,298.15
5321.0,57.11557695869605,0.0,0.0,15.861048967890836,1139.7867706187935,298.15
5322.0,57.114095202815335,0.0,0.0,13.175430081259387,1194.3638888645694,298.15
5323.0,57.11261344693462,0.0,0.0,13.221517515399595,1083.5433259091205,298.15
5324.0,57.1111316910539,0.0,0.0,13.61621720446278,1071.7161617465908,298.15
5325.0,57.10964993517318,0.0,0.0,17.112133393860603,1085.2202047636083,298.15
5326.0,57.10816817929246,1.0,122.18551337278421,15.597788266580837,1169.6970313539452,298.15
5327.0,57.106686423411745,0.0,0.0,15.920194662137485,1340.3706754567388,298.15
5328.0,57.10520466753103,1.0,91.55773048087761,17.555516501086768,1309.587747924958,298.15
5329.0,57.10372291165031,0.0,0.0,16.277386335404277,1057.1235840855286,298.15
5330.0,57.10224115576959,0.0,0.0,15.27768845798904,973.192533079049,298.15
5331.0,57.100759399888865,0.0,0.0,17.532725359967163,976.5522887992198,298.15
5332.0,57.09927764400815,0.0,0.0,13.498967289900817,855.9811813367438,298.15
5333.0,57.09779588812743,0.0,0.0,14.645515915528275,1178.8243112071723,298.15
5334.0,57.09631413224671,1.0,104.16512356925949,16.938576553133018,852.8177381673888,298.15
5335.0,57.09483237636599,0.0,0.0,11.598924135538216,715.8264827306623,298.15
5336.0,57.093350620485275,1.0,128.46528904990384,13.85727779780125,1156.9277834361988,298.15
5337.0,57.09186886460456,0.0,0.0,16.42041972609939,1143.944335367024,298.15
5338.0,57.09038710872384,0.0,0.0,15.354737079057019,872.9744632602831,298.15
5339.0,57.08890535284312,0.0,0.0,16.03551241066486,1074.9489463329862,298.15
5340.0,57.0874235969624,0.0,0.0,12.178446969936845,826.6868142931538,298.15
5341.0,57.085941841081684,0.0,0.0,13.932558671154023,1005.2469628645475,298.15
5342.0,57.08446008520096,0.0,0.0,16.35229119510691,1069.5429104870761,298.15
5343.0,57.08297832932024,0.0,0.0,13.907973363883306,1116.0803735028894,298.15
5344.0,57.08149657343952,0.0,0.0,16.710442276922123,1068.2844774765806,298.15
5345.0,57.080014817558805,0.0,0.0,15.89220522551401,722.0250388319489,298.15
5346.0,57.07853306167809,0.0,0.0,13.600617952263793,1049.274375662018,298.15
5347.0,57.07705130579737,0.0,0.0,16.074244137494983,1329.3510358260723,298.15
5348.0,57.07556954991665,0.0,0.0,16.76730337969879,1059.899297366289,298.15
5349.0,57.07408779403593,1.0,108.74857530819796,16.19686451961419,792.4751076669278,298.15
5350.0,57.072606038155214,0.0,0.0,16.529135299266272,893.4791484642794,298.15
5351.0,57.071124282274496,1.0,105.08090831392163,12.95721276749956,923.505524311178,298.15
5352.0,57.06964252639378,0.0,0.0,19.386434888429907,651.2444023464845,298.15
5353.0,57.06816077051306,0.0,0.0,20.348698412006335,1017.3126070038911,298.15
5354.0,57.06667901463234,0.0,0.0,18.18019790852201,951.3816204843318,298.15
5355.0,57.065197258751624,1.0,90.91522211328639,16.139795425707142,960.6208868609474,298.15
5356.0,57.0637155028709,0.0,0.0,15.369465752859742,990.1783929404768,298.15
5357.0,57.06223374699018,1.0,89.08856218120708,15.467429881659708,903.7285592361861,298.15
5358.0,57.06075199110946,1.0,106.3202139394758,17.40169613227924,1143.9618120676766,298.15
5359.0,57.059270235228745,0.0,0.0,17.925441075655087,1047.4465505105127,298.15
5360.0,57.05778847934803,0.0,0.0,15.244885369227083,944.4044912207655,298.15
5361.0,57.05630672346731,0.0,0.0,16.32073264729987,1096.3062143788568,298.15
5362.0,57.05482496758659,0.0,0.0,18.43873822211565,1088.4354006194574,298.15
5363.0,57.05334321170587,1.0,108.14644269388121,16.337610655478766,897.8742076260695,298.15
5364.0,57.051861455825154,1.0,120.24926099148578,16.756352494001657,1021.6440875429981,298.15
5365.0,57.050379699944436,0.0,0.0,18.85689751638107,1028.333780980897,298.15
5366.0,57.04889794406372,0.0,0.0,18.67775500031352,974.061851273547,298.15
5367.0,57.04741618818299,0.0,0.0,18.100714654002946,866.1197582073844,298.15
5368.0,57.045934432302275,0.0,0.0,15.183716544828815,985.3967439665873,298.15
5369.0,57.04445267642156,0.0,0.0,15.286200056881018,1276.4107622564136,298.15
5370.0,57.04297092054084,0.0,0.0,15.883904100365799,998.1391170278605,298.15
5371.0,57.04148916466012,0.0,0.0,16.311366540179545,1239.7702578968378,298.15
5372.0,57.0400074087794,1.0,125.96595014762501,17.578595625913206,1109.4476648035604,298.15
5373.0,57.038525652898684,0.0,0.0,17.171866653374803,1150.095045753743,298.15
5374.0,57.037043897017966,0.0,0.0,17.15134563927543,951.8870756167486,298.15
5375.0,57.03556214113725,0.0,0.0,17.08732445602581,1321.0388202741392,298.15
5376.0,57.03408038525653,1.0,113.85260759574535,16.18739974503699,1466.7503750863902,298.15
5377.0,57.03259862937581,1.0,119.20081340044622,16.94555121836337,1064.6157217398386,298.15
5378.0,57.031116873495094,1.0,117.39006956057696,21.67053496485098,1376.8155919730978,298.15
5379.0,57.029635117614376,0.0,0.0,18.989849431632866,1003.1599800545896,298.15
5380.0,57.02815336173366,0.0,0.0,17.998386890459482,1198.0362628602238,298.15
5381.0,57.02667160585293,0.0,0.0,15.661725298438368,1043.1120025099924,298.15
5382.0,57.025189849972215,0.0,0.0,16.574667657155974,1288.6966198178839,298.15
5383.0,57.023708094091496,1.0,93.71052725154317,18.18949389988205,1214.866008108633,298.15
5384.0,57.02222633821078,0.0,0.0,20.53100643557122,1251.498599048083,298.15
5385.0,57.02074458233006,0.0,0.0,18.821397891978847,1469.7963177191652,298.15
5386.0,57.01926282644934,0.0,0.0,18.89972415897356,1473.6391978577938,298.15
5387.0,57.017781070568624,0.0,0.0,20.431407769252605,1275.5960368597825,298.15
5388.0,57.016299314687906,1.0,113.45563827605662,17.202506122818235,1482.0320164074483,298.15
5389.0,57.01481755880719,1.0,93.82178542908702,21.10812660594362,1503.184904768311,298.15
5390.0,57.01333580292647,0.0,0.0,18.346976705293308,1511.9104171573604,298.15
5391.0,57.01185404704575,1.0,92.13744000026126,20.91607052089034,1382.6660423040864,298.15
5392.0,57.01037229116503,1.0,115.77651960000179,21.83835628026277,1425.2436048602392,298.15
5393.0,57.00889053528431,1.0,102.85937111547081,17.81796813621408,1348.3811147008937,298.15
5394.0,57.00740877940359,0.0,0.0,19.373392192054283,1756.4121332596317,298.15
5395.0,57.00592702352287,0.0,0.0,20.739938792350678,1481.6334420247176,298.15
5396.0,57.004445267642154,0.0,0.0,19.12291966765723,1425.0112941612315,298.15
5397.0,57.002963511761436,0.0,0.0,19.2719472372135,1528.4192720882022,298.15
5398.0,57.00148175588072,0.0,0.0,19.153186447717225,1509.3485400852599,298.15
5399.0,57.0,0.0,0.0,16.918339055219665,1793.6599367219083,298.15
