timestamp,soc,screen_on,brightness_raw,cpu_load_raw,x_net,t_env
0.0,80.0,1.0,142.40717561757333,27.313977302152956,304.47660042372985,298.15
1.0,79.99861098249838,1.0,139.18932909577157,24.247173808509174,632.163913413118,298.15
2.0,79.99722196499675,1.0,138.40139290415007,26.07234904520501,353.52049007137555,298.15
3.0,79.99583294749515,1.0,137.31666605615806,24.36202283141872,1148.676479718171,298.15
4.0,79.99444392999352,1.0,142.14874203139078,27.878963378734717,0.0,298.15
5.0,79.9930549124919,1.0,144.5514511945111,24.82154572851148,721.0732973696304,298.15
6.0,79.99166589499028,1.0,144.5239377853369,29.890993789068997,470.2998659798185,298.15
7.0,79.99027687748865,1.0,143.4490941959319,24.58743620140344,482.3764185004721,298.15
8.0,79.98888785998703,1.0,143.52956413735112,24.09878494856448,605.8211499439224,298.15
9.0,79.98749884248542,1.0,146.30309896317493,29.080235653774977,849.4719547371851,298.15
10.0,79.9861098249838,1.0,143.29984974907555,26.123677222088432,592.8442413636936,298.15
11.0,79.98472080748218,1.0,144.297861610272,27.563978049485534,3369.533009473419,298.15
12.0,79.98333178998055,1.0,142.24374691215579,27.144694993237632,3426.1576061392725,298.15
13.0,79.98194277247893,1.0,140.0121769839423,25.3288426026271,3105.150028332821,298.15
14.0,79.98055375497731,1.0,141.87675861692048,28.113014123642955,3050.4192758989166,298.15
15.0,79.9791647374757,1.0,143.73260623297227,31.11607421779893,3007.1714250472683,298.15
16.0,79.97777571997408,1.0,144.14726787684586,30.80368388041605,2929.5009816002394,298.15
17.0,79.97638670247245,1.0,148.83930858884233,29.437177050159846,2718.3806481924066,298.15
18.0,79.97499768497083,1.0,144.69079013065627,31.48376037180415,3506.1626931222295,298.15
19.0,79.97360866746921,1.0,147.5523087252274,27.220736929637948,2666.1305066601813,298.15
20.0,79.97221964996758,1.0,143.95333191526345,28.962589033233694,2696.3098625907783,298.15
21.0,79.97083063246598,1.0,144.49288637452403,30.676831447692585,3341.1397041041837,298.15
22.0,79.96944161496435,1.0,142.31413002749437,29.811520677363486,3427.6671877151643,298.15
23.0,79.96805259746273,1.0,143.9562455011993,29.79197539901314,2693.6180096094895,298.15
24.0,79.96666357996111,1.0,147.22406276354377,28.040315568707996,3597.064499711721,298.15
25.0,79.96527456245948,1.0,146.22966881495537,26.438427182024252,2504.324441068447,298.15
26.0,79.96388554495786,1.0,148.70057740441538,32.64762709449632,3585.7408347274186,298.15
27.0,79.96249652745625,1.0,147.1276145518187,31.675418338163315,2590.4182729755807,298.15
28.0,79.96110750995463,1.0,146.09706063279484,33.250986391846986,4043.2645579939835,298.15
29.0,79.959718492453,1.0,152.29518339722352,30.695385631092503,3786.6828552906254,298.15
30.0,79.95832947495138,1.0,147.19268754725528,30.336651204878244,2599.1465149211363,298.15
31.0,79.95694045744976,1.0,150.42581211674985,32.032480890877395,2351.730112334865,298.15
32.0,79.95555143994814,1.0,146.93693967103098,33.991809237112335,3077.863690792068,298.15
33.0,79.95416242244653,0.0,1.6905834695528448,21.953502587323666,3271.118352396224,298.15
34.0,79.9527734049449,0.0,2.2109485398875033,24.29279242927228,3589.0177981010893,298.15
35.0,79.95138438744328,1.0,149.09755195254658,30.75758890584581,3025.608020370036,298.15
36.0,79.94999536994166,1.0,143.22555743126185,32.703714618516635,3288.398327441937,298.15
37.0,79.94860635244004,1.0,149.11166441244998,33.09042672144329,3160.602469488946,298.15
38.0,79.94721733493841,1.0,152.23188047687785,35.96601699446947,3585.6968220896215,298.15
39.0,79.9458283174368,1.0,150.7882447403403,34.05421385273354,2821.480187573707,298.15
40.0,79.94443929993518,1.0,150.82386712482676,37.42566233655034,2675.4357273626297,298.15
41.0,79.94305028243356,1.0,145.88755237521676,31.22083855540421,60.1522079227621,298.15
42.0,79.94166126493194,1.0,148.5022566522278,34.46212893296766,2641.488469689806,298.15
43.0,79.94027224743031,0.0,0.9800379390119724,24.74942901453427,3461.702908054771,298.15
44.0,79.93888322992869,1.0,151.6489608913799,35.8430006199835,3054.40588854593,298.15
45.0,79.93749421242708,1.0,153.78965176560513,33.06062623408126,2999.558780722495,298.15
46.0,79.93610519492546,1.0,150.77396741161687,38.40117901581114,3005.733304966805,298.15
47.0,79.93471617742384,1.0,152.30807291694398,35.1219822490848,2639.153977308366,298.15
48.0,79.93332715992221,1.0,151.6010989493616,33.021399086732806,3051.978819292348,298.15
49.0,79.93193814242059,1.0,149.4303508817597,35.40557066777242,3227.7130224131183,298.15
50.0,79.93054912491897,0.0,0.0,24.959343244304705,2594.037482791271,298.15
51.0,79.92916010741736,0.0,1.0268579415604393,31.524429174340877,2889.5318786122384,298.15
52.0,79.92777108991574,0.0,0.414420082964301,28.104607284339444,2428.028278274853,298.15
53.0,79.92638207241411,0.0,0.0,26.19710908969015,2872.7502945343144,298.15
54.0,79.92499305491249,1.0,149.0022483613191,36.02035083639979,3110.708569108657,298.15
55.0,79.92360403741087,0.0,1.5003212997119113,28.371783121436692,2602.297188936279,298.15
56.0,79.92221501990925,1.0,152.6478565794038,38.622198747455954,2708.668204491245,298.15
57.0,79.92082600240764,1.0,154.8167258302354,30.688713767567954,2486.7629755787575,298.15
58.0,79.91943698490601,1.0,158.138123290738,38.18129677822402,3136.225041186568,298.15
59.0,79.91804796740439,1.0,148.8009015979441,37.053072580518474,3115.4034230104794,298.15
60.0,79.91665894990277,1.0,152.44008389292551,34.42531487951968,2760.6170820230973,298.15
61.0,79.91526993240115,1.0,153.8105706033323,39.09151798588377,2432.9443885946985,298.15
62.0,79.91388091489952,0.0,3.4660469075057994,32.04874646954876,2486.22660507996,298.15
63.0,79.91249189739791,1.0,150.81112508883393,38.68792515432866,2581.375659121399,298.15
64.0,79.91110287989629,1.0,159.51963388915917,39.93934144623928,2556.038201117387,298.15
65.0,79.90971386239467,1.0,155.42735893133033,41.51844935149929,3688.9579255354424,298.15
66.0,79.90832484489304,1.0,155.0694592223071,36.195101541320916,3731.4510799177665,298.15
67.0,79.90693582739142,0.0,0.0,24.190147735182506,2988.5785451121355,298.15
68.0,79.9055468098898,1.0,154.64272074760072,39.50224504002784,2335.937838113,298.15
69.0,79.90415779238819,0.0,2.497083099498631,27.744708088696505,1996.8971694581755,298.15
70.0,79.90276877488657,0.0,0.0,25.524884918025737,3057.8859840105156,298.15
71.0,79.90137975738494,1.0,157.06795440833045,38.308847959147826,3190.658194540887,298.15
72.0,79.89999073988332,1.0,155.51383791282703,40.07613842381939,330.00675813334107,298.15
73.0,79.8986017223817,0.0,0.0,28.363146788340007,535.6621023468426,298.15
74.0,79.89721270488008,0.0,6.160949960790591,27.140063239586798,0.0,298.15
75.0,79.89582368737847,0.0,0.998366354064408,28.396237006193495,509.87955586772273,298.15
76.0,79.89443466987684,0.0,1.4610729325099079,28.906392319948157,456.2218940207789,298.15
77.0,79.89304565237522,1.0,160.03293886313045,35.04370647482399,0.0,298.15
78.0,79.8916566348736,1.0,154.1089555065857,38.81811685795447,136.66352673410108,298.15
79.0,79.89026761737198,1.0,161.84107347987154,36.41272778804112,108.85513752164889,298.15
80.0,79.88887859987035,0.0,0.0,30.627956753780538,0.0,298.15
81.0,79.88748958236874,0.0,0.0,26.110451483803836,246.11306955520553,298.15
82.0,79.88610056486712,1.0,157.0742624968127,41.49749004348618,678.2014376445475,298.15
83.0,79.8847115473655,1.0,159.71703003419773,38.62267769584905,278.22209833454104,298.15
84.0,79.88332252986388,1.0,159.01340260186325,38.40649707187716,902.2687885373732,298.15
85.0,79.88193351236225,1.0,158.25407572151514,40.19414283568502,372.9401362363819,298.15
86.0,79.88054449486063,0.0,0.0,27.84878653220375,614.2608736377241,298.15
87.0,79.87915547735902,0.0,0.0,30.264468337446054,674.2467729010068,298.15
88.0,79.8777664598574,0.0,0.0,28.22114838420868,1037.2553752619315,298.15
89.0,79.87637744235577,1.0,160.9984951659759,38.62595213453332,249.17599355986317,298.15
90.0,79.87498842485415,1.0,161.06912622324816,40.65313212446086,654.9404315878601,298.15
91.0,79.87359940735253,0.0,3.774974582234767,27.497077167746614,168.4353899691905,298.15
92.0,79.8722103898509,0.0,0.0,27.268522626204266,1103.179641518124,298.15
93.0,79.8708213723493,0.0,1.6505958304915895,30.422459681495628,135.83951289532865,298.15
94.0,79.86943235484767,0.0,0.0,29.877831459113974,634.3860808442167,298.15
95.0,79.86804333734605,0.0,2.8362440917130103,30.302422918000183,3911.068638556566,298.15
96.0,79.86665431984443,0.0,2.4347726103903953,30.647582689581068,2527.3501043271835,298.15
97.0,79.8652653023428,1.0,160.90061992609677,40.10193489406654,3606.1984203511975,298.15
98.0,79.86387628484118,1.0,159.71982948820462,41.249435771429766,2243.870306775748,298.15
99.0,79.86248726733957,1.0,162.94717906579532,40.199535857404314,3490.8434075569385,298.15
100.0,79.86109824983795,1.0,162.32582572208204,35.85120021772666,2687.4844641898744,298.15
101.0,79.85970923233633,0.0,0.0,26.385530975924727,2787.848958043424,298.15
102.0,79.8583202148347,1.0,157.86794975847937,43.97738373894559,2412.610691996693,298.15
103.0,79.85693119733308,0.0,0.0,29.98349666299325,2715.254226379796,298.15
104.0,79.85554217983146,0.0,3.610393778734529,31.934409643982317,3065.1391542368,298.15
105.0,79.85415316232985,1.0,164.11560198729092,39.23924124845918,3140.671695653364,298.15
106.0,79.85276414482823,0.0,0.0,29.813520863762744,2930.6985707214117,298.15
107.0,79.8513751273266,0.0,0.0,28.97237675658383,2636.1827639099674,298.15
108.0,79.84998610982498,1.0,164.7527165452853,44.97842699128019,3097.4286504940274,298.15
109.0,79.84859709232336,1.0,159.11607375271254,40.37376943537914,2566.8438414030106,298.15
110.0,79.84720807482174,1.0,163.13846032808107,38.70985305645398,2780.9251619522465,298.15
111.0,79.84581905732013,1.0,160.5583537209625,36.363151977211544,3367.9956746082535,298.15
112.0,79.8444300398185,0.0,3.8525245555359047,33.81372338211086,2687.661555675282,298.15
113.0,79.84304102231688,0.0,0.0,29.350869926449988,2914.473041022934,298.15
114.0,79.84165200481526,0.0,2.7239987610585383,31.176962763049172,2973.208809158672,298.15
115.0,79.84026298731364,0.0,0.4404160288135041,31.354768390615398,2672.750536019028,298.15
116.0,79.83887396981201,0.0,0.6008409871511643,28.572145292483842,2715.9099941945165,298.15
117.0,79.8374849523104,1.0,157.88698180128543,40.85822154095676,2865.082640880821,298.15
118.0,79.83609593480878,0.0,0.0,28.15574094840696,2739.9715708493322,298.15
119.0,79.83470691730716,0.0,0.0,27.289830661470894,3216.61428676451,298.15
120.0,79.83331789980554,0.0,0.5882407209586759,31.67262375056227,3214.027827904303,298.15
121.0,79.83192888230391,0.0,0.0,28.864326369784372,4107.181636648913,298.15
122.0,79.83053986480229,0.0,0.0,30.184900744653984,3037.5212446143187,298.15
123.0,79.82915084730068,1.0,164.38472749092546,39.88097327961735,2842.2943600219924,298.15
124.0,79.82776182979906,1.0,164.45687282433354,40.26515814131953,2665.6679452835383,298.15
125.0,79.82637281229744,0.0,0.0,25.641061742738874,21.977372891473465,298.15
126.0,79.82498379479581,0.0,1.858789600437244,27.556610566737124,0.0,298.15
127.0,79.82359477729419,0.0,0.0,28.000407069380273,1268.9899754101775,298.15
128.0,79.82220575979257,1.0,162.51789743368994,36.85386255212852,1018.4872830601333,298.15
129.0,79.82081674229096,0.0,3.925981798358003,29.357107234689032,279.4054636093838,298.15
130.0,79.81942772478934,0.0,0.1627738841934274,30.818230018204744,935.503775400261,298.15
131.0,79.81803870728771,0.0,0.3009329281694778,31.03678184731559,987.4626683513,298.15
132.0,79.81664968978609,1.0,169.06869057902975,37.443514203526924,0.0,298.15
133.0,79.81526067228447,0.0,0.0,28.632922900071517,797.9316494784368,298.15
134.0,79.81387165478284,0.0,1.897453495406616,28.832209507580266,3114.740893013589,298.15
135.0,79.81248263728124,0.0,3.9643598676961713,29.073646774090196,3470.077507777366,298.15
136.0,79.81109361977961,0.0,0.0,25.849943780573966,4138.127751186441,298.15
137.0,79.80970460227799,0.0,2.048025175325634,31.29998011943244,3562.52638936142,298.15
138.0,79.80831558477637,0.0,0.0,29.321188572912995,2717.644983853995,298.15
139.0,79.80692656727474,0.0,0.0,29.241230821551525,3653.112012715725,298.15
140.0,79.80553754977312,0.0,0.9171622559087883,29.622628562858534,2271.32661759,298.15
141.0,79.80414853227151,0.0,1.9025431333029799,28.099249738719443,3647.1573597183515,298.15
142.0,79.80275951476989,0.0,2.670572334605497,24.729020534770186,3652.933005682006,298.15
143.0,79.80137049726827,0.0,3.739557623016699,26.419220062503364,3652.3805196769113,298.15
144.0,79.79998147976664,0.0,0.0,23.14521587454683,2681.987041131286,298.15
145.0,79.79859246226502,1.0,166.81082611545796,37.263982869324806,3001.7622344726815,298.15
146.0,79.7972034447634,0.0,0.0,25.901926481718807,3652.485368424232,298.15
147.0,79.79581442726179,0.0,2.1491851441649876,26.010712661245055,2415.496454675631,298.15
148.0,79.79442540976017,1.0,164.4890675605598,38.42302137667042,3093.6171863056475,298.15
149.0,79.79303639225854,0.0,1.0618041928555824,24.82735549157216,2463.2176925445838,298.15
150.0,79.79164737475692,0.0,1.008985254145194,25.08550050019541,3565.268997548635,298.15
151.0,79.7902583572553,0.0,0.0,25.48410749633758,3562.020946547883,298.15
152.0,79.78886933975367,0.0,0.0,21.465215200836713,2732.5586154117955,298.15
153.0,79.78748032225207,0.0,0.24429959172214402,24.54527354302443,2984.097334330732,298.15
154.0,79.78609130475044,1.0,159.9590941831313,29.781908162072163,2935.2474988478803,298.15
155.0,79.78470228724882,0.0,1.9803167724968238,23.53153440044936,2750.003190437853,298.15
156.0,79.7833132697472,0.0,2.0764362886467644,26.328908924918743,2886.594977090859,298.15
157.0,79.78192425224557,0.0,0.7794666491302197,25.303073559228206,2976.49304572227,298.15
158.0,79.78053523474395,0.0,0.0,22.96420034461354,2743.7327226552816,298.15
159.0,79.77914621724234,0.0,3.288108494335728,24.0906272527764,3071.515276907065,298.15
160.0,79.77775719974072,0.0,4.853547291913067,21.594934606842198,3113.0220410369666,298.15
161.0,79.7763681822391,0.0,0.3504028123730301,23.62023531350996,3566.0410795543075,298.15
162.0,79.77497916473747,0.0,1.216323710075645,29.4877885763712,3441.885586968043,298.15
163.0,79.77359014723585,0.0,0.48063174350733323,27.0503401471333,2664.7725021352862,298.15
164.0,79.77220112973423,0.0,1.263576721420976,23.14616407155952,396.6068797565805,298.15
165.0,79.77081211223262,0.0,0.0,23.168472734557852,232.2953256548971,298.15
166.0,79.769423094731,0.0,0.0,20.611004851693302,143.21339651362,298.15
167.0,79.76803407722937,0.0,2.1578245869262314,20.77470072392284,13.370209955362611,298.15
168.0,79.76664505972775,0.0,5.588326301099741,22.974886448379525,897.275206791698,298.15
169.0,79.76525604222613,0.0,0.0,20.93407204259956,248.40643507236487,298.15
170.0,79.7638670247245,0.0,0.0,23.678600760563295,610.6522618820902,298.15
171.0,79.7624780072229,0.0,0.0,24.843395304392942,394.9691304900934,298.15
172.0,79.76108898972127,0.0,3.792915658544946,22.074167258465202,489.76403047516743,298.15
173.0,79.75969997221965,0.0,0.0,21.382991111369122,904.1293115059784,298.15
174.0,79.75831095471803,0.0,0.0,17.48329587922027,561.8755170621225,298.15
175.0,79.7569219372164,0.0,1.520446987467061,22.285451105380307,176.82479625416266,298.15
176.0,79.75553291971478,0.0,4.155729565787914,18.158069142774348,302.4144643797737,298.15
177.0,79.75414390221317,0.0,1.5809870491927365,19.43815971508189,801.203899674025,298.15
178.0,79.75275488471155,1.0,163.46358812108468,32.06437001384798,2825.456528010117,298.15
179.0,79.75136586720993,0.0,0.9747567477974547,21.98711884183393,3349.015130201652,298.15
180.0,79.7499768497083,0.0,3.370783528057175,18.671052968817794,2967.1948543815497,298.15
181.0,79.74858783220668,0.0,0.0,18.5654370478842,2720.6899351554293,298.15
182.0,79.74719881470507,1.0,162.39856303787786,27.73947808236294,3555.7362134234722,298.15
183.0,79.74580979720345,1.0,161.502627965344,26.482309517706064,3056.731931873061,298.15
184.0,79.74442077970183,0.0,0.0,17.41832008973849,2831.0857646108284,298.15
185.0,79.7430317622002,0.0,0.0,15.167579690966944,2349.603412756914,298.15
186.0,79.74164274469858,1.0,164.95372296077565,29.683937782469204,3122.848186142639,298.15
187.0,79.74025372719696,0.0,1.349899843103032,18.857231274275776,2317.19149017873,298.15
188.0,79.73886470969535,0.0,1.5350359074227304,18.96925070923768,3267.1378690421934,298.15
189.0,79.73747569219373,0.0,0.348970447341448,15.606324724845003,2665.0261947034282,298.15
190.0,79.7360866746921,0.0,1.2467914112245129,14.876483168308734,2730.4372999292505,298.15
191.0,79.73469765719048,1.0,159.91430219821387,27.22412455602923,3430.313825333634,298.15
192.0,79.73330863968886,1.0,160.97845822098034,27.012489008540392,3478.547324837932,298.15
193.0,79.73191962218723,0.0,0.45744000458587347,16.34162975064865,3117.2106885029725,298.15
194.0,79.73053060468563,0.0,0.6611669500829525,15.81330566877668,3395.6107681710123,298.15
195.0,79.729141587184,0.0,0.7628307381971833,19.71280652014861,2544.9032087981427,298.15
196.0,79.72775256968238,1.0,160.93930936178623,26.82238837749923,2526.7170319045376,298.15
197.0,79.72636355218076,1.0,160.2520914302994,29.77969704345159,3538.130166097868,298.15
198.0,79.72497453467913,1.0,168.5545844592397,28.093924098920525,2731.9049943807017,298.15
199.0,79.72358551717751,1.0,163.06950449217504,28.756018427321678,2758.7395893385124,298.15
200.0,79.7221964996759,1.0,161.7689118410194,22.779244641611232,3772.588174313144,298.15
201.0,79.72080748217428,0.0,0.0,15.99038680153177,3348.9799984297315,298.15
202.0,79.71941846467266,0.0,0.0,13.636443313336407,2550.2602458130586,298.15
203.0,79.71802944717103,1.0,160.0857990908168,20.85542933463615,2778.058759473516,298.15
204.0,79.71664042966941,1.0,160.96151954347965,27.150159128432378,3079.2997433998466,298.15
205.0,79.71525141216779,0.0,0.0,13.2160946234526,3058.1923618397414,298.15
206.0,79.71386239466618,0.0,0.0,11.407636541813684,2996.674024193166,298.15
207.0,79.71247337716456,1.0,158.33259495967368,22.49714324516791,3453.246031713871,298.15
208.0,79.71108435966293,0.0,0.4934988227648415,11.47432419389125,627.8529785648407,298.15
209.0,79.70969534216131,0.0,0.0,11.452710591941885,602.0446708455563,298.15
210.0,79.70830632465969,0.0,3.521546144607899,12.195461647020881,389.0420366875928,298.15
211.0,79.70691730715807,1.0,155.73588696082794,25.998402082766706,0.0,298.15
212.0,79.70552828965646,1.0,157.32667693511777,20.812101308278095,3204.2851436190654,298.15
213.0,79.70413927215483,0.0,3.621538690749601,15.3876572147172,3194.3864811935005,298.15
214.0,79.70275025465321,1.0,159.12102787642254,23.48227128274213,2876.863385766625,298.15
215.0,79.70136123715159,0.0,2.10809095426561,12.31735415719555,2556.798621763759,298.15
216.0,79.69997221964996,0.0,4.886988047503445,12.815904966594436,3591.2540782102833,298.15
217.0,79.69858320214834,1.0,156.6781521216144,21.070128484610127,3321.128280390781,298.15
218.0,79.69719418464673,1.0,157.9312701449087,23.473208448155955,2500.4906515438947,298.15
219.0,79.69580516714511,1.0,157.35362289593712,21.7612593286125,2882.794224440476,298.15
220.0,79.69441614964349,1.0,153.1787606938624,16.924127110511023,2567.5862842796223,298.15
221.0,79.69302713214186,1.0,156.92682601755084,20.753547581069217,2816.9278066612087,298.15
222.0,79.69163811464024,0.0,2.099084360839399,11.539287538717032,2693.943730049488,298.15
223.0,79.69024909713862,0.0,1.287926174910446,9.100554639457775,2643.363738438619,298.15
224.0,79.68886007963701,0.0,1.4749331177003566,9.739083894055796,3657.065287112948,298.15
225.0,79.68747106213539,0.0,0.0,7.993061833308643,3051.9921860736204,298.15
226.0,79.68608204463376,1.0,155.22880298602576,16.195433502084704,2894.2656916130136,298.15
227.0,79.68469302713214,0.0,3.023934937793432,5.622885314170858,3095.842860460405,298.15
228.0,79.68330400963052,1.0,155.24429857554605,15.436418811028435,2190.260897632886,298.15
229.0,79.6819149921289,1.0,156.94565827553816,19.783728817108244,3240.266856289592,298.15
230.0,79.68052597462729,1.0,156.4482708459453,13.043099143316383,2573.98090267997,298.15
231.0,79.67913695712566,1.0,159.35394874448178,16.603537514824836,3026.683498206701,298.15
232.0,79.67774793962404,1.0,157.99643338934075,16.191202977988404,2451.704607320522,298.15
233.0,79.67635892212242,1.0,152.4050989086183,16.984938014040537,3280.93454568569,298.15
234.0,79.6749699046208,0.0,0.0,3.5274097769225867,3208.4036517547293,298.15
235.0,79.67358088711917,1.0,156.48291160452428,17.997298385816332,2467.3308833003052,298.15
236.0,79.67219186961756,0.0,0.0,4.33116209008938,2981.598761186551,298.15
237.0,79.67080285211594,0.0,0.0,9.10517221889028,3376.391198512596,298.15
238.0,79.66941383461432,1.0,156.93005881817274,15.283651769407129,2305.3557982557218,298.15
239.0,79.6680248171127,0.0,0.44661212667096367,6.177303264850746,2359.9177182818967,298.15
240.0,79.66663579961107,1.0,154.2318230226015,16.191021218022662,3467.6476468856076,298.15
241.0,79.66524678210945,1.0,155.76064889214032,16.498506692514855,2342.137103064937,298.15
242.0,79.66385776460784,1.0,152.80344815628183,15.882897429878396,3082.0774977938468,298.15
243.0,79.66246874710622,1.0,157.22691512428338,14.738585926370922,3184.2782769389037,298.15
244.0,79.6610797296046,0.0,0.0,6.147670644709696,3224.3037877038,298.15
245.0,79.65969071210297,1.0,154.63643581871884,16.221736334946172,3160.9150391291814,298.15
246.0,79.65830169460135,1.0,156.2758744684227,13.498902016513656,2695.3359893332604,298.15
247.0,79.65691267709973,1.0,149.36560496682222,15.786051413568936,3013.9096414427268,298.15
248.0,79.65552365959812,1.0,151.61467021105298,17.194902724978068,2247.155304705961,298.15
249.0,79.6541346420965,1.0,154.93824306755286,16.020286777545458,3817.519577638617,298.15
250.0,79.65274562459487,1.0,154.7570743207475,16.3204797770211,2567.0613195823726,298.15
251.0,79.65135660709325,1.0,151.37311083108347,14.583440458488461,3309.573847089659,298.15
252.0,79.64996758959163,1.0,149.81177290537,12.130586305597024,3768.13475961865,298.15
253.0,79.64857857209,1.0,153.61868521828976,12.232118424440783,3001.8829031152814,298.15
254.0,79.6471895545884,0.0,2.8197435403514524,4.409494994288124,3269.608419070853,298.15
255.0,79.64580053708677,1.0,148.12102277000452,15.542463467189336,2890.5183115210616,298.15
256.0,79.64441151958515,1.0,147.80298329849998,19.200368556897914,3360.1261565729733,298.15
257.0,79.64302250208353,1.0,150.9822085923245,15.322824393976767,3151.452131877232,298.15
258.0,79.6416334845819,1.0,151.71812163324972,10.728557501507307,2866.2747132296904,298.15
259.0,79.64024446708028,0.0,0.0,1.4188913856362784,3213.968814769424,298.15
260.0,79.63885544957867,1.0,151.38006126243778,17.57410281833596,2222.012985379461,298.15
261.0,79.63746643207705,1.0,147.83968622774972,12.284644077551905,3295.6374875930082,298.15
262.0,79.63607741457542,0.0,0.0,2.6919970967280085,2422.1792534870433,298.15
263.0,79.6346883970738,1.0,148.05825685518604,10.477850088978276,2488.1613700022654,298.15
264.0,79.63329937957218,1.0,148.98563653059466,15.569917989620537,3073.8777225244776,298.15
265.0,79.63191036207056,1.0,147.9436565802671,13.244512150782224,2518.678763919977,298.15
266.0,79.63052134456895,1.0,145.60541774567824,10.487883364617147,2641.913101574905,298.15
267.0,79.62913232706732,1.0,143.80402181481077,9.916437644735279,2926.637730111491,298.15
268.0,79.6277433095657,1.0,146.66800996113957,12.49034484381726,2252.1865379869837,298.15
269.0,79.62635429206408,1.0,149.79364112650669,11.83488316308455,3265.9860423858518,298.15
270.0,79.62496527456246,1.0,150.40923225011844,13.354750680582818,3334.080259062278,298.15
271.0,79.62357625706083,1.0,150.00664373647007,12.660089165178299,3291.6574116166544,298.15
272.0,79.62218723955922,1.0,144.99290153594157,10.880952514378851,1271.3248486423777,298.15
273.0,79.6207982220576,1.0,143.947141857177,10.204993515849,950.5880820458764,298.15
274.0,79.61940920455598,1.0,147.63728156636893,10.903103889339674,573.7397848392527,298.15
275.0,79.61802018705436,1.0,147.7247494850268,10.003631284638821,19.06983113529492,298.15
276.0,79.61663116955273,1.0,146.921940347081,10.784257833595866,24.93136896987653,298.15
277.0,79.61524215205111,1.0,140.9264030718159,11.002320501315122,907.016573917411,298.15
278.0,79.6138531345495,1.0,143.41511391472042,9.030898335869058,359.2603883160971,298.15
279.0,79.61246411704788,1.0,145.16470581083277,12.112241458489496,441.0111677917399,298.15
280.0,79.61107509954626,1.0,146.15065232458738,9.96853304794381,98.78927474424324,298.15
281.0,79.60968608204463,1.0,146.5718456378208,8.923054549592694,656.1634383359769,298.15
282.0,79.60829706454301,1.0,144.84082798624453,9.86887425057661,899.7901978436237,298.15
283.0,79.60690804704139,1.0,145.03810880376656,11.03235044276988,1033.637256675729,298.15
284.0,79.60551902953978,1.0,144.2046374159771,10.642880240129102,343.031459181561,298.15
285.0,79.60413001203815,0.0,1.63345212917271,1.2869068015253506,725.8745344761646,298.15
286.0,79.60274099453653,1.0,144.25137865880902,12.217996923135082,466.6949788764855,298.15
287.0,79.60135197703491,1.0,143.41379025891396,13.008775917883451,808.3255562744197,298.15
288.0,79.59996295953329,1.0,142.36862304461562,10.855748843099551,498.6104519925811,298.15
289.0,79.59857394203166,1.0,142.9521641600564,8.013063803245913,211.3423564683727,298.15
290.0,79.59718492453005,1.0,143.6631966128039,9.628462730509845,962.3971764140736,298.15
291.0,79.59579590702843,1.0,142.89584557762637,8.073867821640757,534.5142329569451,298.15
292.0,79.59440688952681,1.0,142.91556716891895,13.625425464857422,376.89803236049966,298.15
293.0,79.59301787202519,1.0,144.95668100451428,14.19824886259558,562.2691051207703,298.15
294.0,79.59162885452356,1.0,142.13871158004923,11.410667433779112,241.98504874165252,298.15
295.0,79.59023983702194,1.0,139.70985808024804,11.820547242650159,645.4458254355656,298.15
296.0,79.58885081952033,1.0,143.11016242281596,10.548261477226733,431.24423380842666,298.15
297.0,79.58746180201871,1.0,137.49896247330648,10.773235222321912,221.6158717793852,298.15
298.0,79.58607278451709,1.0,137.92620752681617,6.705700385111925,3552.7465693410695,298.15
299.0,79.58468376701546,1.0,141.05146127791548,9.849043266732059,2264.8256556590964,298.15
300.0,79.58329474951384,1.0,141.2302879239012,8.178787161324703,3167.3131166477065,298.15
301.0,79.58190573201222,1.0,136.78240806975174,10.583372793416897,2640.036729978323,298.15
302.0,79.58051671451061,1.0,138.58533939174478,9.88419687518413,2486.8639712718787,298.15
303.0,79.57912769700899,1.0,137.80217890210153,14.040444453671373,2567.9301964050483,298.15
304.0,79.57773867950736,1.0,137.83550354650382,11.924132709471415,2736.675242248497,298.15
305.0,79.57634966200574,1.0,140.99200916524424,10.634284111951985,4095.8154546671735,298.15
306.0,79.57496064450412,1.0,140.1762396707126,9.51484574425651,2984.060020232977,298.15
307.0,79.5735716270025,1.0,138.1967256803228,13.554673723953707,2846.1237949331558,298.15
308.0,79.57218260950089,1.0,136.69100615945393,10.056367664464647,4177.967642121654,298.15
309.0,79.57079359199926,1.0,134.5259310663367,10.835166076068552,2232.6037650007124,298.15
310.0,79.56940457449764,1.0,140.8748328662532,10.271998564222546,3257.71959017414,298.15
311.0,79.56801555699602,1.0,138.65218863949232,9.388033859234051,2986.2109286356254,298.15
312.0,79.5666265394944,1.0,135.30840039008714,10.341144192411297,2163.0460658264437,298.15
313.0,79.56523752199277,1.0,138.45723424907973,6.256563022077088,2600.6178478027437,298.15
314.0,79.56384850449116,1.0,136.3267032287963,7.162368729390473,2917.1880457527877,298.15
315.0,79.56245948698954,1.0,135.56154953155766,11.137085726548687,2770.1364655243165,298.15
316.0,79.56107046948792,1.0,137.03441867421387,13.712489017510771,3019.1449852721107,298.15
317.0,79.5596814519863,1.0,133.98338561829996,11.2513601570873,2678.3903165343554,298.15
318.0,79.55829243448467,1.0,134.68386660691806,9.106699013086306,2889.5900424224396,298.15
319.0,79.55690341698305,1.0,135.54559843347033,7.680939824479578,2906.3789062754627,298.15
320.0,79.55551439948144,1.0,133.82020319992546,12.35565387671503,3370.388262810357,298.15
321.0,79.55412538197982,1.0,136.35862255892744,9.636411269349866,2992.1233737703674,298.15
322.0,79.55273636447819,1.0,138.97253184126447,12.216260781698677,2803.2982832550065,298.15
323.0,79.55134734697657,1.0,132.4781213562097,11.77413306147263,2663.3352555458296,298.15
324.0,79.54995832947495,0.0,0.0,2.041928763149298,2154.39699647396,298.15
325.0,79.54856931197332,1.0,129.01930216173864,11.211256763399776,3448.2621952486697,298.15
326.0,79.54718029447172,1.0,133.18744186535537,12.026616722267345,2751.8578766161672,298.15
327.0,79.54579127697009,1.0,131.724258668967,11.082056300019811,2625.7115019774437,298.15
328.0,79.54440225946847,1.0,133.55845359387234,10.114509725957198,102.36692011462242,298.15
329.0,79.54301324196685,1.0,133.1389279713315,9.538176546105644,0.0,298.15
330.0,79.54162422446522,1.0,128.7640122484025,6.705442286405197,944.243374542963,298.15
331.0,79.5402352069636,1.0,128.02111122685284,11.369188914225756,682.6911975594237,298.15
332.0,79.53884618946199,1.0,132.8122458718458,14.995729410439596,823.0744979686112,298.15
333.0,79.53745717196037,1.0,132.1929419959286,13.479494674688633,791.1574208974064,298.15
334.0,79.53606815445875,1.0,130.61978186027952,12.559510608146436,441.11787901390556,298.15
335.0,79.53467913695712,1.0,127.45111170369209,10.693317952973572,489.66005068037384,298.15
336.0,79.5332901194555,1.0,132.2880756470787,14.396433543154416,3505.2396484028636,298.15
337.0,79.53190110195388,1.0,133.96205494388641,12.216294907432689,3234.3116299563,298.15
338.0,79.53051208445227,1.0,131.36190448074868,15.848947288881515,2540.881889940134,298.15
339.0,79.52912306695065,1.0,128.44938861599442,10.699992211655763,4081.5951161445114,298.15
340.0,79.52773404944902,1.0,130.34446375939845,11.314669176653043,2347.4061305579853,298.15
341.0,79.5263450319474,1.0,126.75456597842573,11.253548669464877,3007.3019420330897,298.15
342.0,79.52495601444578,1.0,132.30183280639056,10.084355715769451,3107.0151529576633,298.15
343.0,79.52356699694415,1.0,129.74944344108877,11.356811347068527,2997.048738598679,298.15
344.0,79.52217797944255,1.0,125.11621477551489,13.655634076001565,4085.095487609566,298.15
345.0,79.52078896194092,1.0,128.38788714319665,12.121896508896231,3546.488522785404,298.15
346.0,79.5193999444393,1.0,129.98468665835338,5.777777464866375,3005.1961998511483,298.15
347.0,79.51801092693768,1.0,127.86531318811475,16.12589732948863,3666.9554612437196,298.15
348.0,79.51662190943605,1.0,127.78060476379112,10.584698345485041,3359.205084167925,298.15
349.0,79.51523289193443,1.0,125.30123599836239,15.445953105333603,3055.113696255281,298.15
350.0,79.51384387443282,1.0,129.34975412949348,14.45791421466511,3311.055263101401,298.15
351.0,79.5124548569312,0.0,0.0,8.937603977794438,2903.0317578074732,298.15
352.0,79.51106583942958,1.0,122.42973398743693,16.79235682797225,2553.36062412107,298.15
353.0,79.50967682192795,1.0,126.46855973235981,13.861869354722321,3596.4551011682192,298.15
354.0,79.50828780442633,1.0,129.47769455756753,13.629260646173442,2611.826459844679,298.15
355.0,79.50689878692472,1.0,126.00682408659867,18.36419476493628,2927.4488228203268,298.15
356.0,79.5055097694231,1.0,130.85926071257268,12.388233243630978,2533.1566894660236,298.15
357.0,79.50412075192148,1.0,127.53199252632167,16.015880703999358,3317.759205453513,298.15
358.0,79.50273173441985,0.0,0.8070735195927624,5.535387622922096,3366.6370973416633,298.15
359.0,79.50134271691823,1.0,125.79134974266913,15.284299184405636,3188.029575193854,298.15
360.0,79.49995369941661,1.0,125.73046564348266,16.913882249025654,3408.3131126747294,298.15
361.0,79.498564681915,1.0,125.06301003329737,16.76671336807995,2842.84691752559,298.15
362.0,79.49717566441338,1.0,124.76948030118955,17.514128904495564,2782.8426448410382,298.15
363.0,79.49578664691175,1.0,126.55499382841596,17.0518998144774,2458.6017999650726,298.15
364.0,79.49439762941013,0.0,0.0,7.8258836607590245,3271.945393783468,298.15
365.0,79.49300861190851,1.0,122.33305010703798,17.35549355116994,3345.7378224016707,298.15
366.0,79.49161959440688,0.0,0.0,6.001441080740478,268.8515175008696,298.15
367.0,79.49023057690528,0.0,4.873664458890089,7.576389985643636,763.278034383059,298.15
368.0,79.48884155940365,1.0,125.58141959748039,16.297163704611933,146.54798616072458,298.15
369.0,79.48745254190203,1.0,124.85395190140154,16.368129955461576,45.14377576416922,298.15
370.0,79.48606352440041,1.0,121.42139231874195,17.495370248289603,224.97562547718542,298.15
371.0,79.48467450689878,1.0,125.24005700178624,18.15408247124039,809.417152051609,298.15
372.0,79.48328548939716,1.0,123.29314435071349,18.686116116180926,2800.63191393825,298.15
373.0,79.48189647189555,0.0,0.5102462474796422,10.72130389725709,2605.27251759854,298.15
374.0,79.48050745439393,1.0,120.88133324739327,18.012530228397118,3597.220373047053,298.15
375.0,79.4791184368923,1.0,123.41126938205043,19.66661228329873,2876.3770156051773,298.15
376.0,79.47772941939068,0.0,0.0,9.722077508864455,2489.8878367105435,298.15
377.0,79.47634040188906,1.0,120.85372617755644,18.439932840272473,3000.9662985665577,298.15
378.0,79.47495138438744,0.0,1.7489697671253477,10.071342476848637,2242.8193200476794,298.15
379.0,79.47356236688583,1.0,118.67016186320524,22.213715340878494,2624.830609577248,298.15
380.0,79.4721733493842,1.0,123.51007395878018,20.750225804123122,2942.259961324228,298.15
381.0,79.47078433188258,0.0,1.6307522428399839,11.057710534825397,3248.248488064978,298.15
382.0,79.46939531438096,0.0,0.0,9.357324242439127,3353.771185655847,298.15
383.0,79.46800629687934,0.0,0.0,15.111243813167109,3243.672517363105,298.15
384.0,79.46661727937772,0.0,0.0,9.929595127866163,2807.9219821381994,298.15
385.0,79.4652282618761,0.0,0.6719364501746271,8.051258208240977,3517.0635139796273,298.15
386.0,79.46383924437448,1.0,120.8271880388471,23.505724520858138,2261.6752369643023,298.15
387.0,79.46245022687286,1.0,122.0692194803009,21.720880758630816,2705.534096564721,298.15
388.0,79.46106120937124,0.0,4.2002063760346795,11.56293773240111,2941.4307732772086,298.15
389.0,79.45967219186961,0.0,0.0,11.293484654480512,3886.745956586233,298.15
390.0,79.45828317436799,0.0,0.0,16.522039861801918,2830.812864225227,298.15
391.0,79.45689415686638,1.0,122.40465243607248,23.619367094919006,2339.1439562455766,298.15
392.0,79.45550513936476,1.0,124.30282749827282,24.256255827050392,2769.8272278759678,298.15
393.0,79.45411612186314,0.0,0.9357499846454072,13.690087736375366,3907.2900297841097,298.15
394.0,79.45272710436151,1.0,117.41838616607977,24.146527843863357,3402.4063228289915,298.15
395.0,79.45133808685989,0.0,0.0,16.713863430462617,2782.2207645123135,298.15
396.0,79.44994906935827,0.0,0.0,13.539662785956171,2314.1626867035507,298.15
397.0,79.44856005185666,1.0,121.13414480005879,21.282129175363348,3027.5143009509407,298.15
398.0,79.44717103435504,0.0,0.0,16.322978983427376,3227.9704043304882,298.15
399.0,79.44578201685341,0.0,0.0,15.790998887403676,3354.634441492842,298.15
400.0,79.44439299935179,1.0,116.82260821686683,25.223178276224065,2291.4694382473026,298.15
401.0,79.44300398185017,0.0,0.30215314758498446,16.20858696873561,3401.2274874529503,298.15
402.0,79.44161496434855,0.0,0.0,14.704888007893533,377.8577209308743,298.15
403.0,79.44022594684694,0.0,0.42112642198932504,15.749365263836557,684.5743318355625,298.15
404.0,79.43883692934531,1.0,118.78436312111685,25.66965287935998,0.0,298.15
405.0,79.43744791184369,0.0,0.0,14.954367836442014,3756.901438592256,298.15
406.0,79.43605889434207,0.0,1.4935016609153058,18.869468668710113,2514.8753067320818,298.15
407.0,79.43466987684045,1.0,118.27616788350915,23.727085306993445,3388.0926207749058,298.15
408.0,79.43328085933882,0.0,0.0,21.759592192280216,3122.404530376668,298.15
409.0,79.43189184183721,1.0,123.51722314036365,28.926896185906976,2865.8658233730625,298.15
410.0,79.43050282433559,1.0,119.20997885195565,23.67170494915662,3343.795435368794,298.15
411.0,79.42911380683397,0.0,0.0,17.115617910959976,3137.7911149745146,298.15
412.0,79.42772478933234,0.0,3.3716504146210173,17.462360280378526,2357.6614797685193,298.15
413.0,79.42633577183072,0.0,4.388028900328852,18.851781035092664,3632.040814521928,298.15
414.0,79.4249467543291,0.0,0.0,16.227250309887758,3062.825701287162,298.15
415.0,79.42355773682749,0.0,0.8276562553865066,18.567872098085378,3245.0566866269332,298.15
416.0,79.42216871932587,1.0,115.15136745872209,28.48001245516785,3348.48227433484,298.15
417.0,79.42077970182424,0.0,0.0,17.433547870835753,2585.2114796565284,298.15
418.0,79.41939068432262,0.0,0.0,17.372749617356877,4117.539866144229,298.15
419.0,79.418001666821,0.0,0.44034069477995796,21.309637964011408,2776.7800716547267,298.15
420.0,79.41661264931938,0.0,0.7927843534960328,16.128670150917657,2535.8070472014615,298.15
421.0,79.41522363181777,0.0,1.333761859854103,20.846466237003355,2959.786893874034,298.15
422.0,79.41383461431614,1.0,117.59050319953384,31.729404458321355,2811.306850687327,298.15
423.0,79.41244559681452,0.0,0.0,19.85039495035643,2753.9234759287656,298.15
424.0,79.4110565793129,1.0,114.6482498347022,30.63011519104252,3654.9925404288983,298.15
425.0,79.40966756181128,0.0,0.0,23.14502328022124,2800.85119734696,298.15
426.0,79.40827854430965,0.0,0.0,19.50039470930112,2232.2293777408568,298.15
427.0,79.40688952680804,0.0,2.503414527934072,19.92918894225598,3039.0625391017093,298.15
428.0,79.40550050930642,0.0,0.0,20.36259800963361,3469.651077221229,298.15
429.0,79.4041114918048,1.0,115.7264751436794,34.007642920603736,2835.7108171598356,298.15
430.0,79.40272247430318,1.0,118.79495263039396,34.480837219978426,2804.705833235679,298.15
431.0,79.40133345680155,0.0,0.0,19.13384889782555,2201.2951356327703,298.15
432.0,79.39994443929993,0.0,1.0969160905020463,24.306055663515572,3180.409616247383,298.15
433.0,79.39855542179832,1.0,116.04685382451989,34.124442175956865,2775.364461753172,298.15
434.0,79.3971664042967,1.0,116.94786772669738,35.84667154726121,3480.9854713983514,298.15
435.0,79.39577738679507,0.0,0.0,23.633439720102665,161.43635513889768,298.15
436.0,79.39438836929345,1.0,117.84671244278465,32.94592281312398,296.32643351348906,298.15
437.0,79.39299935179183,0.0,0.0,25.602335499384253,285.02686673838684,298.15
438.0,79.3916103342902,0.0,0.0,24.875781263513662,403.0590982650398,298.15
439.0,79.3902213167886,1.0,116.86562244265895,38.264951225151755,0.0,298.15
440.0,79.38883229928697,1.0,117.4029753933802,35.79828586913135,881.6685450032157,298.15
441.0,79.38744328178535,0.0,3.5568811677338967,24.32366429930813,2817.6399995820266,298.15
442.0,79.38605426428373,0.0,0.0,21.76690599194679,2603.516697327037,298.15
443.0,79.3846652467821,0.0,3.524787549562053,23.17797010157936,2936.591038381737,298.15
444.0,79.38327622928048,0.0,0.0,21.593453640717257,3344.313490292388,298.15
445.0,79.38188721177887,0.0,3.165430253964332,24.297219357457323,2994.1775917765426,298.15
446.0,79.38049819427725,0.0,1.947572470740365,26.833722499868074,3116.269212856723,298.15
447.0,79.37910917677563,0.0,0.0,25.087600106622325,3439.5982761414466,298.15
448.0,79.377720159274,0.0,0.731504847569742,27.379961352750918,2774.008077110713,298.15
449.0,79.37633114177238,0.0,0.0,26.136406844979682,2993.7250940136346,298.15
450.0,79.37494212427076,0.0,1.4904224194085305,24.773469672252933,3619.497110528678,298.15
451.0,79.37355310676915,0.0,0.0,25.953002680679685,3093.981155883122,298.15
452.0,79.37216408926753,0.0,0.0,26.910283331481526,3410.4500242013332,298.15
453.0,79.3707750717659,0.0,3.261795896304639,26.38222056361478,3457.6198373299594,298.15
454.0,79.36938605426428,0.0,0.0,26.563108021904334,2944.3464091478118,298.15
455.0,79.36799703676266,0.0,1.9689077581648493,24.81657684496802,2790.4235717834554,298.15
456.0,79.36660801926104,1.0,115.51047044702297,35.66280084601306,3375.4668679841807,298.15
457.0,79.36521900175943,0.0,3.9707376304853184,31.374359988941983,2682.8060908939333,298.15
458.0,79.3638299842578,0.0,0.0,29.39138342630519,2966.103616881936,298.15
459.0,79.36244096675618,0.0,0.0,23.9490590904002,2024.476503735319,298.15
460.0,79.36105194925456,0.0,3.63208206928616,22.243080742526345,3179.801543401236,298.15
461.0,79.35966293175294,0.0,0.0,27.429724208743718,2504.84582642695,298.15
462.0,79.35827391425131,0.0,3.8144753965697418,29.252884720542223,2663.5882897036036,298.15
463.0,79.3568848967497,0.0,2.124763313875588,26.46246767099271,3561.5853394285205,298.15
464.0,79.35549587924808,1.0,115.88901920998559,39.776536116866744,3722.0388072233563,298.15
465.0,79.35410686174646,0.0,0.0,27.912899613467683,2998.061695517266,298.15
466.0,79.35271784424484,0.0,0.0,27.57410689709012,2592.8269381453974,298.15
467.0,79.35132882674321,1.0,116.62143367053262,39.592250768663824,2732.352526827732,298.15
468.0,79.34993980924159,0.0,2.780834911276307,27.04529173314273,2490.020591754101,298.15
469.0,79.34855079173998,1.0,120.25788373217063,37.66390495917288,3801.96306197616,298.15
470.0,79.34716177423836,0.0,0.0,29.75023430961035,3506.406240907981,298.15
471.0,79.34577275673674,1.0,118.48677116336358,38.40552288574371,41.54065679431994,298.15
472.0,79.34438373923511,0.0,1.8235304141434283,32.51756356239194,505.56303919918423,298.15
473.0,79.34299472173349,1.0,119.25012663687737,40.10508348895502,791.6369658874787,298.15
474.0,79.34160570423187,0.0,1.1881025090682116,30.065984410819333,381.61301251789854,298.15
475.0,79.34021668673026,1.0,112.18988150031286,38.75587421827445,1111.445416451735,298.15
476.0,79.33882766922864,0.0,0.0,30.754635611797084,359.38164842758977,298.15
477.0,79.33743865172701,0.0,0.0,28.364877989811124,394.8516176239908,298.15
478.0,79.33604963422539,1.0,116.54163445236513,39.69684451230186,124.06432417479056,298.15
479.0,79.33466061672377,0.0,2.334808592502038,27.297438401372826,553.912105314319,298.15
480.0,79.33327159922214,0.0,0.7270058305265565,31.414219110850564,0.0,298.15
481.0,79.33188258172054,0.0,2.735266156004248,29.93753207866733,413.21828900077566,298.15
482.0,79.33049356421891,0.0,0.8142107566300499,33.50196608217859,944.4680774184492,298.15
483.0,79.32910454671729,0.0,0.0,34.412887621337006,10.769911530483,298.15
484.0,79.32771552921567,0.0,0.0,31.106415638678612,0.0,298.15
485.0,79.32632651171404,1.0,117.94859881873711,39.726973787148744,890.9673564058282,298.15
486.0,79.32493749421242,0.0,0.0,27.68337624022316,938.4202835626792,298.15
487.0,79.32354847671081,0.0,0.0,31.558325965654586,25.158143656101004,298.15
488.0,79.32215945920919,1.0,113.8236293090435,40.16893580123305,1106.9100186860333,298.15
489.0,79.32077044170757,1.0,116.22340188888963,40.88867819598882,651.4701548218654,298.15
490.0,79.31938142420594,0.0,0.0,33.39053937400098,867.332054773725,298.15
491.0,79.31799240670432,0.0,1.58641892251354,28.146394064864733,222.64040582957574,298.15
492.0,79.3166033892027,0.0,0.449403639106005,27.97132073741713,1021.5564203048629,298.15
493.0,79.31521437170109,0.0,3.8311357110368855,29.420756943280445,3054.512355254297,298.15
494.0,79.31382535419947,0.0,0.0,31.630730586153625,3278.549090948922,298.15
495.0,79.31243633669784,0.0,2.099076509904971,31.10058838896616,2998.471463323477,298.15
496.0,79.31104731919622,0.0,0.11268676991352576,28.119145467343237,2981.8755817299107,298.15
497.0,79.3096583016946,0.0,1.655012682737363,31.547030888270367,2299.3078036607776,298.15
498.0,79.30826928419297,1.0,117.92866595645818,37.509869466288244,3338.8718716919348,298.15
499.0,79.30688026669137,1.0,121.64409070616092,38.2666615562235,2863.492226235203,298.15
500.0,79.30549124918974,1.0,119.91874778160958,39.76136683015768,2570.5011279812165,298.15
501.0,79.30410223168812,0.0,0.0,28.854289091608347,3354.5547471117698,298.15
502.0,79.3027132141865,0.0,0.0,31.831806137492098,3429.161649976198,298.15
503.0,79.30132419668487,1.0,119.0318461232693,40.57525002235089,3044.185215422284,298.15
504.0,79.29993517918325,1.0,120.9015715015924,43.61955431596072,3527.2245869116464,298.15
505.0,79.29854616168164,0.0,0.0,29.442864475863473,2837.8570960182087,298.15
506.0,79.29715714418002,1.0,119.9399613351248,39.680855726867364,3522.869855078704,298.15
507.0,79.2957681266784,1.0,121.09186497310276,42.411095868816275,3336.8907698049265,298.15
508.0,79.29437910917677,1.0,120.37109527477458,39.693800689408896,3277.0561292706407,298.15
509.0,79.29299009167515,1.0,123.64594963432108,42.93824237864909,3166.2476582502,298.15
510.0,79.29160107417353,1.0,122.42766071864608,40.93313689709397,2584.0207121980575,298.15
511.0,79.29021205667192,0.0,0.0,24.913778820027076,3324.4219954154546,298.15
512.0,79.2888230391703,1.0,121.3995323550043,42.1681723521011,3828.7541784554514,298.15
513.0,79.28743402166867,1.0,121.7406873419038,41.57481326325801,3601.4685201716215,298.15
514.0,79.28604500416705,0.0,0.9608401131775524,31.60501498774784,2643.555752238415,298.15
515.0,79.28465598666543,0.0,0.0,25.63583960542004,2999.593790062867,298.15
516.0,79.2832669691638,0.0,0.0,28.158445387717215,2944.7457040324457,298.15
517.0,79.2818779516622,1.0,118.13229724138004,38.25159560143602,3280.8021151419525,298.15
518.0,79.28048893416057,1.0,124.87755584688884,37.66593202897979,3858.830437251419,298.15
519.0,79.27909991665895,0.0,0.0,32.9371910328024,4252.419910166662,298.15
520.0,79.27771089915733,1.0,121.70389953616827,39.24152536702923,3151.052548053632,298.15
521.0,79.2763218816557,0.0,2.1365725160784166,29.115714330434624,3325.3005790615343,298.15
522.0,79.27493286415408,1.0,123.51091957826985,40.254130932727165,3107.333666083769,298.15
523.0,79.27354384665247,1.0,119.98884210587003,40.20832266898753,436.131772190673,298.15
524.0,79.27215482915085,1.0,122.6837273887306,32.05391811363953,3679.31600355885,298.15
525.0,79.27076581164923,1.0,122.23091955113107,37.52226771505374,2977.011708070828,298.15
526.0,79.2693767941476,0.0,0.0,25.846294696976667,3142.620600115554,298.15
527.0,79.26798777664598,0.0,0.0,29.498422539476298,3087.2115080898825,298.15
528.0,79.26659875914436,0.0,0.0,27.97530796543801,3679.1941788370855,298.15
529.0,79.26520974164275,1.0,123.48111217410965,38.502217452594174,2686.2727689497424,298.15
530.0,79.26382072414113,1.0,120.40952697304485,34.06910547072049,2639.478815262609,298.15
531.0,79.2624317066395,1.0,126.8722979628008,37.61606580692843,2415.944103431547,298.15
532.0,79.26104268913788,1.0,124.07465033203441,40.44940922671462,3486.0778377993706,298.15
533.0,79.25965367163626,1.0,124.59848372632166,40.94259599081422,3856.4830401166982,298.15
534.0,79.25826465413465,1.0,125.65633189530465,39.3969145949654,2908.3012787962566,298.15
535.0,79.25687563663303,1.0,123.01876035398062,35.029393550464256,3220.6103754198684,298.15
536.0,79.2554866191314,1.0,126.1796973974003,40.26791583127006,3484.7424469715525,298.15
537.0,79.25409760162978,0.0,0.0,29.033515822015747,3182.4171416981753,298.15
538.0,79.25270858412816,1.0,123.353553309072,37.16399624204541,3231.6785282823407,298.15
539.0,79.25131956662653,0.0,1.3662085177476861,23.08679570466363,2577.949575816231,298.15
540.0,79.24993054912493,1.0,129.44698852479902,39.106194405317616,2469.996287221728,298.15
541.0,79.2485415316233,1.0,127.82411975568283,35.771349801575894,2701.5514348552806,298.15
542.0,79.24715251412168,0.0,2.19894554566197,27.56779865393025,3218.3236971021165,298.15
543.0,79.24576349662006,1.0,125.26962387101176,36.84781608758713,3023.0530482887852,298.15
544.0,79.24437447911843,1.0,122.91235776974175,39.73733316410269,2734.870264158667,298.15
545.0,79.24298546161681,1.0,130.47883749800116,36.146974496830424,3290.7331679328345,298.15
546.0,79.2415964441152,0.0,4.894773757437337,26.220428492799613,3322.6270172441496,298.15
547.0,79.24020742661358,1.0,131.02871697072928,39.35723056785174,2945.73448075493,298.15
548.0,79.23881840911196,1.0,126.76735942127287,34.57408154789601,2286.4957902258393,298.15
549.0,79.23742939161033,1.0,125.03215038702248,37.454979159885276,2467.010169597854,298.15
550.0,79.23604037410871,1.0,125.46106697501058,35.196092443159955,3340.707623759736,298.15
551.0,79.23465135660709,1.0,124.20690555252762,33.36658623815565,2436.514395603962,298.15
552.0,79.23326233910548,1.0,128.182087906038,35.270606176484335,3198.1179748916006,298.15
553.0,79.23187332160386,1.0,132.48422499848127,36.52483969764267,2555.8155048514745,298.15
554.0,79.23048430410223,1.0,128.54339138118394,37.7175956694803,774.7451200400126,298.15
555.0,79.22909528660061,1.0,129.8244964289956,37.78969471947926,167.93211118080012,298.15
556.0,79.22770626909899,0.0,3.2772874786210373,23.952126173557907,2437.149329050862,298.15
557.0,79.22631725159737,0.0,0.0,22.33814194157047,3107.0047071934478,298.15
558.0,79.22492823409576,1.0,134.6308437290993,33.534819719945716,3610.2047451345798,298.15
559.0,79.22353921659413,1.0,134.75532122529492,31.564254354347906,2984.644700580068,298.15
560.0,79.22215019909251,1.0,129.92595469179102,33.36747371555606,2849.5962798891283,298.15
561.0,79.22076118159089,1.0,129.09250559067445,32.91890725648619,3580.948662733865,298.15
562.0,79.21937216408926,0.0,1.6611330050506246,24.93486514344746,3219.712083492399,298.15
563.0,79.21798314658764,0.0,0.0,18.67600105830079,3691.08059341271,298.15
564.0,79.21659412908603,1.0,128.4095787089015,31.521142982782553,3309.6808181086353,298.15
565.0,79.21520511158441,1.0,134.45165297271,31.33793961965104,3009.617398910038,298.15
566.0,79.21381609408279,1.0,134.53239283908098,35.08923739627889,3062.5127375356474,298.15
567.0,79.21242707658116,1.0,132.24078813780775,30.129728712380047,3559.3487038394574,298.15
568.0,79.21103805907954,1.0,129.09849156717326,32.69477229505209,2947.27694424425,298.15
569.0,79.20964904157792,1.0,129.41569489600982,31.754124763290235,2669.08101833658,298.15
570.0,79.20826002407631,1.0,132.8390602796662,33.9656718742452,2356.0035560526944,298.15
571.0,79.20687100657469,1.0,131.63210451480944,32.8305837403947,3524.3373840753106,298.15
572.0,79.20548198907306,1.0,132.25060088723976,31.637282205114467,2899.9412864628594,298.15
573.0,79.20409297157144,1.0,135.7389869669238,30.02630112217341,2974.1066673560317,298.15
574.0,79.20270395406982,1.0,135.29268549977309,27.128700826705163,3491.570772259299,298.15
575.0,79.2013149365682,1.0,137.07169543121165,31.2509409304999,3428.5110787992426,298.15
576.0,79.19992591906659,1.0,131.67133493647125,31.618312112750154,1819.9568541099957,298.15
577.0,79.19853690156496,1.0,133.4575611407376,27.047104615424104,2965.872519179449,298.15
578.0,79.19714788406334,1.0,136.32781312162047,27.531205735518085,3540.8428363173343,298.15
579.0,79.19575886656172,1.0,135.8320853070342,30.38028994571321,3569.6444607854764,298.15
580.0,79.1943698490601,1.0,138.66093515394812,30.33621053780311,2902.5801345451337,298.15
581.0,79.19298083155847,1.0,136.2581304331426,27.363083651088726,2615.2771057962414,298.15
582.0,79.19159181405686,1.0,139.90587127071063,27.998359874267546,2941.3009360682995,298.15
583.0,79.19020279655524,1.0,137.0365302665236,25.162345392576047,2974.2494821712417,298.15
584.0,79.18881377905362,1.0,138.52810820485732,31.576948757557922,3941.3852844605835,298.15
585.0,79.187424761552,1.0,135.47481547931628,25.815032631794267,3768.526868313455,298.15
586.0,79.18603574405037,1.0,136.52804584601012,29.392918447934278,0.0,298.15
587.0,79.18464672654875,1.0,138.91310343279235,27.969550850761046,396.4034263496263,298.15
588.0,79.18325770904714,1.0,140.83483812246917,30.476118679643623,199.81126046784215,298.15
589.0,79.18186869154552,1.0,138.97887709785923,25.941464665402435,547.9680877401771,298.15
590.0,79.1804796740439,1.0,137.29316450569206,27.47311725340143,33.78387210612971,298.15
591.0,79.17909065654227,1.0,141.02282880803634,23.60312167647151,308.82216048944656,298.15
592.0,79.17770163904065,1.0,132.7694578018493,22.873350720671116,196.2339236920037,298.15
593.0,79.17631262153903,1.0,134.85388430877416,27.878547838499493,683.3972575484813,298.15
594.0,79.17492360403742,1.0,140.11698524870678,22.722240738693092,319.6660083361746,298.15
595.0,79.1735345865358,1.0,138.77754946753583,25.705194602246614,369.99164424396497,298.15
596.0,79.17214556903417,1.0,140.43758876402612,28.03205566235188,678.953829829888,298.15
597.0,79.17075655153255,1.0,139.39958931964688,27.249883738213676,1075.3078282323754,298.15
598.0,79.16936753403093,1.0,140.85763003649333,24.09756163969151,1241.0695696456164,298.15
599.0,79.1679785165293,1.0,137.80840525778035,21.952409110519596,659.722577534767,298.15
600.0,79.1665894990277,1.0,141.35915312053788,26.05305039832174,468.9761556243904,298.15
601.0,79.16520048152607,1.0,142.62046317488395,27.538636157637956,961.0275631882739,298.15
602.0,79.16381146402445,1.0,143.41051575005596,23.160090614571228,908.8099737582651,298.15
603.0,79.16242244652283,1.0,145.55104551082147,22.633074570340202,808.8622809026558,298.15
604.0,79.1610334290212,1.0,141.58656740355673,22.973247613063847,0.0,298.15
605.0,79.15964441151958,1.0,141.90864171997487,25.004544086548663,923.174398271387,298.15
606.0,79.15825539401797,1.0,137.87809411686573,26.127539190073566,625.4632762697386,298.15
607.0,79.15686637651635,1.0,140.49165699398867,20.79190169996432,2332.2732888347055,298.15
608.0,79.15547735901472,1.0,141.5482603452881,20.02327496433685,2464.757924966372,298.15
609.0,79.1540883415131,1.0,144.76093065772392,27.722907252248866,2971.047479813641,298.15
610.0,79.15269932401148,1.0,141.0530050489281,22.286983091870468,2489.0255902641566,298.15
611.0,79.15131030650986,1.0,144.65572986050998,22.943755438901373,3226.0562988544557,298.15
612.0,79.14992128900825,1.0,143.0041339501007,20.75916174193015,2272.402711349494,298.15
613.0,79.14853227150662,1.0,142.8350800145031,22.97087007628228,3108.9937191373697,298.15
614.0,79.147143254005,1.0,144.09896948736025,23.71215497581921,2418.676258791377,298.15
615.0,79.14575423650338,1.0,142.82251765968547,22.117953814555037,2637.0922129781793,298.15
616.0,79.14436521900176,1.0,142.98029122389147,24.867747432815715,3020.1154540525345,298.15
617.0,79.14297620150013,1.0,140.18847093512798,20.366571589717104,1816.9613320863614,298.15
618.0,79.14158718399852,1.0,143.90641368131097,20.271794283199004,3319.065195197975,298.15
619.0,79.1401981664969,1.0,143.6002772836491,21.067677767183437,2670.338275865424,298.15
620.0,79.13880914899528,1.0,143.76058298775814,21.325751922430154,3793.8289455119216,298.15
621.0,79.13742013149366,1.0,146.22861595809067,20.612371947746418,2933.299149739431,298.15
622.0,79.13603111399203,1.0,147.04957689848908,17.26423561931216,1823.4552779828214,298.15
623.0,79.13464209649041,1.0,146.27799418717026,20.343799893294225,3431.1472103402893,298.15
624.0,79.1332530789888,1.0,148.34008167325618,18.70477034306481,2937.666213788284,298.15
625.0,79.13186406148718,1.0,147.5829031244645,18.05895509710011,2886.386873884548,298.15
626.0,79.13047504398556,1.0,145.75111982801744,19.109917235496997,3092.0801659699023,298.15
627.0,79.12908602648393,1.0,145.59305576773303,16.839959674019415,3573.106472760312,298.15
628.0,79.12769700898231,1.0,147.68204566667987,16.266624966200013,3170.6929905168545,298.15
629.0,79.12630799148069,1.0,148.54394900151968,12.995125588716284,3365.067239014003,298.15
630.0,79.12491897397908,1.0,150.74669846855008,21.801423211962145,3207.915685158889,298.15
631.0,79.12352995647746,1.0,150.49293060552935,19.129667092111518,3260.284611698997,298.15
632.0,79.12214093897583,1.0,146.60276853860674,17.532360748122475,3263.8768569427775,298.15
633.0,79.12075192147421,1.0,147.88668548400378,16.189068390756137,2625.635390393886,298.15
634.0,79.11936290397259,1.0,149.96439379336266,11.420046115611086,3186.3616959619053,298.15
635.0,79.11797388647096,1.0,151.14527937108747,15.656760272314855,2893.278571103984,298.15
636.0,79.11658486896935,1.0,151.07203467994768,18.442187739961025,3181.7021183510114,298.15
637.0,79.11519585146773,1.0,148.915993303759,18.71199243417825,168.41651365396308,298.15
638.0,79.11380683396611,1.0,146.31273100543595,17.896271728626644,356.8026745753355,298.15
639.0,79.11241781646449,1.0,147.15163595381722,16.702293926416264,515.3811025734045,298.15
640.0,79.11102879896286,1.0,150.41121445455357,18.878135908712935,1021.0884989705321,298.15
641.0,79.10963978146124,1.0,150.80607347297212,15.314658854235772,313.48133121879425,298.15
642.0,79.10825076395963,1.0,147.60115712692442,18.04931891612677,359.58391295264863,298.15
643.0,79.10686174645801,1.0,150.5517311407072,14.826485218971586,27.780123183158025,298.15
644.0,79.10547272895639,1.0,152.17510315952683,13.617451607772493,155.6971640329798,298.15
645.0,79.10408371145476,0.0,0.0,3.179619539029512,644.6504311622972,298.15
646.0,79.10269469395314,1.0,153.7517026075981,12.880165620754244,2664.511424105641,298.15
647.0,79.10130567645152,1.0,150.44177023500836,16.267008273180167,2976.3132286625496,298.15
648.0,79.09991665894991,0.0,2.996197152035601,3.1966483519929243,3220.8276397766795,298.15
649.0,79.09852764144829,1.0,150.51076766809882,12.426190469738435,2731.55393584494,298.15
650.0,79.09713862394666,1.0,149.55411873710304,15.868583242690772,3602.881269613862,298.15
651.0,79.09574960644504,1.0,151.1255066752139,14.905971742452282,3679.56726309723,298.15
652.0,79.09436058894342,1.0,152.2059628218412,16.055005611001434,3200.466936618713,298.15
653.0,79.0929715714418,0.0,0.0,4.965000824453382,3529.5289311585198,298.15
654.0,79.09158255394019,1.0,152.3452310436632,12.191763891361218,3014.657391408968,298.15
655.0,79.09019353643856,1.0,153.866991259301,13.751202936408045,3176.543328923306,298.15
656.0,79.08880451893694,1.0,152.8735713289272,13.700932712063247,3851.1870733384176,298.15
657.0,79.08741550143532,1.0,153.33249176412508,11.393779114512391,2594.2139672879634,298.15
658.0,79.0860264839337,1.0,149.62498354968096,10.864578641056674,2595.7341218301926,298.15
659.0,79.08463746643207,1.0,154.835948075293,11.597779404293153,2365.5719689575617,298.15
660.0,79.08324844893046,1.0,153.8943238859809,17.074059099712308,2473.229319349815,298.15
661.0,79.08185943142884,0.0,3.8364384036840504,1.8746733431419225,3292.9046487727546,298.15
662.0,79.08047041392722,1.0,152.27191412069266,15.14194439674586,2280.939641479023,298.15
663.0,79.0790813964256,1.0,150.40160069503577,11.494237737567806,3131.4049264396667,298.15
664.0,79.07769237892397,1.0,156.38006243342332,14.172179277633813,2703.6239320804293,298.15
665.0,79.07630336142235,1.0,155.92927179602637,14.075714084259197,3334.082857591109,298.15
666.0,79.07491434392074,1.0,152.89563707659775,14.057733050358033,2061.3055267985906,298.15
667.0,79.07352532641912,1.0,151.84643800973436,12.772108943457143,2858.085251701825,298.15
668.0,79.0721363089175,1.0,159.3448614150637,14.702212463374714,2887.954264205559,298.15
669.0,79.07074729141587,1.0,159.24052846064004,12.525517150881786,3981.0903815218458,298.15
670.0,79.06935827391425,1.0,150.13289954304182,15.176514231464651,2727.684024845644,298.15
671.0,79.06796925641262,0.0,0.0,0.0,3658.7222475718117,298.15
672.0,79.06658023891102,1.0,160.39398065805088,12.147450288974401,3007.9536686758242,298.15
673.0,79.06519122140939,1.0,155.47724214649128,11.914538742373988,3174.9775098963155,298.15
674.0,79.06380220390777,1.0,155.6230623068579,9.298032837141202,2234.572737446649,298.15
675.0,79.06241318640615,0.0,0.0,2.339721734387192,3451.8695915396925,298.15
676.0,79.06102416890452,1.0,154.47686617530923,7.973572574248333,794.345600427098,298.15
677.0,79.0596351514029,1.0,153.26070685120632,9.616237452401805,742.9418394267697,298.15
678.0,79.05824613390129,0.0,2.507638655536022,0.0,1258.013109097705,298.15
679.0,79.05685711639967,0.0,0.0,4.030169720516813,295.3209757261577,298.15
680.0,79.05546809889805,0.0,0.5891112403162112,0.2555737552165057,3687.358827200517,298.15
681.0,79.05407908139642,1.0,160.1148947220918,15.141733058133362,3562.4776054289305,298.15
682.0,79.0526900638948,1.0,154.7104109417321,12.255173257416992,2833.3558727747654,298.15
683.0,79.05130104639318,0.0,0.0,1.4577913452090976,4019.7413924774314,298.15
684.0,79.04991202889157,0.0,2.8903356627065993,0.0,3218.4719934130867,298.15
685.0,79.04852301138995,0.0,1.2695865195110185,0.0,3018.0229180626375,298.15
686.0,79.04713399388832,0.0,0.0,1.4421533368935666,3101.3723339516782,298.15
687.0,79.0457449763867,1.0,161.82801536827904,10.1638489781743,2620.426385405571,298.15
688.0,79.04435595888508,0.0,2.8745079566134533,0.0,3713.425778030349,298.15
689.0,79.04296694138345,1.0,159.90862330674037,7.0882384805211105,3608.459429500544,298.15
690.0,79.04157792388185,1.0,157.27182342630365,8.203176313115241,2698.8324035048468,298.15
691.0,79.04018890638022,1.0,158.5780472885578,13.913314615954675,3380.1034966817147,298.15
692.0,79.0387998888786,0.0,0.6823013675977315,4.69279704378731,3328.2977795764577,298.15
693.0,79.03741087137698,1.0,159.40061651297017,10.514267866897258,2130.683460834728,298.15
694.0,79.03602185387535,1.0,162.22712591115905,10.374413225185101,4119.744227098573,298.15
695.0,79.03463283637373,0.0,0.0,0.0,3503.9039150245103,298.15
696.0,79.03324381887212,1.0,156.7038658789144,8.098156300894011,2769.386212186472,298.15
697.0,79.0318548013705,0.0,0.43091591817046,2.8589432574138662,2716.833379479637,298.15
698.0,79.03046578386888,1.0,159.35766350904967,13.879806433826236,3095.97475941969,298.15
699.0,79.02907676636725,0.0,0.0,0.0,2891.6339570869354,298.15
700.0,79.02768774886563,0.0,0.0,0.0,2749.7270400078673,298.15
701.0,79.02629873136401,1.0,160.95569841496484,9.072043516066538,2494.050047226567,298.15
702.0,79.0249097138624,1.0,160.90567404856836,9.138829684408838,3511.989548026188,298.15
703.0,79.02352069636078,1.0,162.70816218316295,12.46774854943206,2902.487552795906,298.15
704.0,79.02213167885915,1.0,161.4330511426318,7.31796892397754,2684.5809868223078,298.15
705.0,79.02074266135753,0.0,0.0,1.0103637385475464,3258.1465143413993,298.15
706.0,79.01935364385591,1.0,164.30122441047732,11.571730811628015,2627.2984009931447,298.15
707.0,79.01796462635428,0.0,0.0,0.0,2827.284722645536,298.15
708.0,79.01657560885268,1.0,162.99376838536227,11.964118372319755,2797.1260108970596,298.15
709.0,79.01518659135105,0.0,0.0,0.4548196142957984,2880.74900255541,298.15
710.0,79.01379757384943,0.0,0.0,2.7003021225587416,256.28743679468806,298.15
711.0,79.01240855634781,0.0,0.0,0.0,0.0,298.15
712.0,79.01101953884618,0.0,1.8629369989442905,0.0,2682.1438062611587,298.15
713.0,79.00963052134458,0.0,0.0,0.1632307133845473,2870.37159969283,298.15
714.0,79.00824150384295,0.0,0.0,0.0,2314.8590318256497,298.15
715.0,79.00685248634133,0.0,0.0,0.0,3172.7906860156763,298.15
716.0,79.00546346883971,0.0,0.0,0.0,2718.4730484216725,298.15
717.0,79.00407445133808,0.0,0.0,2.4914400394706924,3241.405240146191,298.15
718.0,79.00268543383646,1.0,163.57859430769048,9.134654235546353,3699.7923169910105,298.15
719.0,79.00129641633485,0.0,0.0,0.0,2704.848243325661,298.15
720.0,78.99990739883323,0.0,3.168165193234334,2.4237742551845005,4152.046534498885,298.15
721.0,78.9985183813316,1.0,158.9097855163917,7.464738003204813,4257.743167483537,298.15
722.0,78.99712936382998,1.0,161.05417682327038,6.605833829253706,3692.726323089098,298.15
723.0,78.99574034632836,0.0,3.995842076628149,0.22098182253829135,3148.5420713686067,298.15
724.0,78.99435132882674,0.0,0.0,0.0,3192.81094343548,298.15
725.0,78.99296231132513,0.0,0.0,0.0,1904.0802573229848,298.15
726.0,78.9915732938235,1.0,163.7679223524293,12.418883309005023,3311.546368352597,298.15
727.0,78.99018427632188,0.0,0.0,3.1394589995317093,1754.3877635992844,298.15
728.0,78.98879525882026,1.0,161.3744767106644,13.058059678403325,2936.751631303418,298.15
729.0,78.98740624131864,1.0,160.81114766877965,13.82126345723688,3822.28579043181,298.15
730.0,78.98601722381702,1.0,170.07104705254048,14.200142904893967,3323.146620740571,298.15
731.0,78.9846282063154,0.0,0.0,0.0,2117.914544733765,298.15
732.0,78.98323918881378,0.0,0.0,2.786334592818475,2675.738683429914,298.15
733.0,78.98185017131216,0.0,3.55868500506541,0.8759055953908581,3546.518088167281,298.15
734.0,78.98046115381054,0.0,1.4558443191109116,0.5440544079965388,3059.337510907454,298.15
735.0,78.97907213630891,0.0,0.0,3.3686915550740455,3281.0194566192245,298.15
736.0,78.97768311880729,0.0,0.0,0.0,3535.7177524425306,298.15
737.0,78.97629410130568,0.0,1.6045135452575492,0.0,3894.364133334398,298.15
738.0,78.97490508380406,0.0,0.0,3.9032923852697285,3317.2212721771207,298.15
739.0,78.97351606630244,0.0,0.0,3.7359356722244765,3446.4850876213436,298.15
740.0,78.97212704880081,0.0,4.258005294634152,3.1473512273724387,3203.4960896991465,298.15
741.0,78.97073803129919,0.0,0.0,1.1860794726723602,2799.6662446772184,298.15
742.0,78.96934901379757,0.0,3.5631210685555468,4.685060472062988,975.2700500742476,298.15
743.0,78.96795999629596,0.0,3.0458041044687056,4.699629182200404,962.490145674193,298.15
744.0,78.96657097879434,0.0,0.0,3.618613153260308,282.8012655201152,298.15
745.0,78.96518196129271,0.0,2.461520556806563,1.1605623416269575,231.96392970829402,298.15
746.0,78.96379294379109,0.0,0.0,2.86940862467513,1117.9918217817865,298.15
747.0,78.96240392628947,0.0,0.0,5.637211663256094,464.0417164284938,298.15
748.0,78.96101490878785,0.0,0.0,6.80857822528823,501.15085829487833,298.15
749.0,78.95962589128624,0.0,0.9473504517805533,3.553202750166385,411.64804610726594,298.15
750.0,78.95823687378461,0.0,0.0,3.877361246329918,962.9061883996849,298.15
751.0,78.95684785628299,0.0,0.0,4.2271206187694075,1251.0155238005982,298.15
752.0,78.95545883878137,0.0,2.7244860066381436,5.299956535598443,524.5134519885992,298.15
753.0,78.95406982127975,0.0,0.25371631168855274,3.7038322721737753,1346.8290894423708,298.15
754.0,78.95268080377812,0.0,0.0,0.0,305.7786991344119,298.15
755.0,78.95129178627651,0.0,1.6725503538247117,7.723556094933022,400.94602051842674,298.15
756.0,78.94990276877489,0.0,0.47095165024309743,9.14799632771062,735.7550374097098,298.15
757.0,78.94851375127327,0.0,0.0,4.3556203710645285,2920.5683445470927,298.15
758.0,78.94712473377164,0.0,1.020528306737054,3.6017797043715647,2789.540930888232,298.15
759.0,78.94573571627002,0.0,0.9335113051894319,5.710330151519658,2669.2895808155076,298.15
760.0,78.9443466987684,0.0,0.04793753384329277,5.79567846629867,2688.9088935523905,298.15
761.0,78.94295768126679,0.0,2.124429774746255,8.432510634112987,2574.291531192415,298.15
762.0,78.94156866376517,0.0,0.0,6.68168096336623,2439.937225140359,298.15
763.0,78.94017964626354,0.0,0.8016930635051037,5.12642376525529,2884.090784360005,298.15
764.0,78.93879062876192,0.0,0.0,4.237641060930153,2703.1881543284962,298.15
765.0,78.9374016112603,0.0,0.9698714454890188,8.951659147181577,2833.969308671991,298.15
766.0,78.93601259375868,0.0,4.65306208961422,8.603479682750748,3377.9548976587153,298.15
767.0,78.93462357625707,1.0,161.25050161208668,19.760140121547735,2470.7867044385303,298.15
768.0,78.93323455875544,0.0,0.0,5.772596309807934,2365.920618898664,298.15
769.0,78.93184554125382,0.0,0.0,11.780829496394299,2865.458142709173,298.15
770.0,78.9304565237522,0.0,0.30971394145087755,4.586184282931651,3375.4354158336446,298.15
771.0,78.92906750625058,1.0,160.88937422994968,19.867552637320877,3640.183470242183,298.15
772.0,78.92767848874895,0.0,1.0035997428099732,4.666485947878588,2931.327871599764,298.15
773.0,78.92628947124734,0.0,2.017551667894246,7.193786741083247,2980.396399218989,298.15
774.0,78.92490045374572,0.0,1.2730541556362844,12.269184775057862,2877.087510297694,298.15
775.0,78.9235114362441,0.0,0.0,10.978055263450774,3270.4562554709605,298.15
776.0,78.92212241874248,0.0,2.3709346653018453,8.34917503246086,2516.3951208962335,298.15
777.0,78.92073340124085,0.0,2.233228604975023,8.625518040545781,3173.1764726951274,298.15
778.0,78.91934438373923,0.0,1.977815843902758,10.1269021924381,3349.891480473994,298.15
779.0,78.91795536623762,0.0,0.8882770642334925,11.203891985894487,3275.981224647145,298.15
780.0,78.916566348736,0.0,0.5245894699510623,12.951574249213111,3880.2202832769635,298.15
781.0,78.91517733123437,0.0,2.45961348806271,9.646427024212592,3689.216810267023,298.15
782.0,78.91378831373275,0.0,4.582669801884934,7.483812466155873,3725.7156612530953,298.15
783.0,78.91239929623113,0.0,0.0,11.36633514801778,3194.757017661667,298.15
784.0,78.9110102787295,0.0,2.5685770990405974,10.324209918928796,3328.959548085469,298.15
785.0,78.9096212612279,1.0,162.2005225307146,18.810102360921157,3169.9078544234226,298.15
786.0,78.90823224372627,0.0,0.0,12.343088927904828,3129.802701340446,298.15
787.0,78.90684322622465,0.0,0.0,11.517716012350528,1242.3292525068168,298.15
788.0,78.90545420872303,0.0,0.0,12.822795602771405,169.98888216077444,298.15
789.0,78.9040651912214,1.0,159.6501796612089,20.57237984427383,2954.4316581893477,298.15
790.0,78.90267617371978,0.0,0.0,13.65944158531557,2424.7330861534697,298.15
791.0,78.90128715621817,0.0,0.0,10.16423467390249,2617.14851320692,298.15
792.0,78.89989813871655,0.0,0.0,11.409203340905151,1939.970745252056,298.15
793.0,78.89850912121493,0.0,0.0,12.851917605270401,2721.042413790001,298.15
794.0,78.8971201037133,0.0,0.23051350862414074,17.188455916771428,3443.2527889646253,298.15
795.0,78.89573108621168,1.0,157.53709989014118,25.44523133044708,3074.2741376588347,298.15
796.0,78.89434206871006,1.0,157.8250148777995,26.284539529307114,2212.121802236666,298.15
797.0,78.89295305120845,0.0,0.8622417311013472,17.22229152993735,2578.955293339099,298.15
798.0,78.89156403370683,1.0,159.13150591320962,31.97535888564014,3138.82029188207,298.15
799.0,78.8901750162052,1.0,163.46914222461916,24.85034868162261,3096.6510555672216,298.15
800.0,78.88878599870358,1.0,161.3213029654048,27.935758278343016,2830.0762854089658,298.15
801.0,78.88739698120196,0.0,1.445578936980613,17.32857681048844,2039.3545660097657,298.15
802.0,78.88600796370034,0.0,3.3609003202771244,17.52981301013771,3111.8693178410927,298.15
803.0,78.88461894619873,0.0,0.0,19.373687200819912,2516.580629789121,298.15
804.0,78.8832299286971,0.0,0.0,15.07519987834381,3141.506697146745,298.15
805.0,78.88184091119548,1.0,162.20487923213966,25.146178370703982,2790.2190532459895,298.15
806.0,78.88045189369386,1.0,161.2039990677177,27.072532643476045,3398.9831363487256,298.15
807.0,78.87906287619224,1.0,159.40362916381324,26.26840130443601,2645.065568212387,298.15
808.0,78.87767385869061,0.0,3.315075483929114,17.538292581300215,3407.058115118816,298.15
809.0,78.876284841189,0.0,0.0,20.343488699429784,2610.578614382266,298.15
810.0,78.87489582368738,1.0,159.49448933419183,26.358258536321078,3246.542270048599,298.15
811.0,78.87350680618576,1.0,159.31818125493035,26.94921022613398,2267.1187101027626,298.15
812.0,78.87211778868414,0.0,0.0,18.170994739222934,3043.594231347577,298.15
813.0,78.87072877118251,1.0,159.14856341028727,27.569909068705655,2904.335134303192,298.15
814.0,78.86933975368089,1.0,162.1363506974928,24.316182130863222,2579.7296901849886,298.15
815.0,78.86795073617928,0.0,1.0601136279063075,17.302642565215816,3255.7928619026975,298.15
816.0,78.86656171867766,1.0,158.56632480760393,30.15104696610482,3736.4908665898674,298.15
817.0,78.86517270117604,0.0,0.0,21.92929191376933,2684.0607594381395,298.15
818.0,78.86378368367441,0.0,0.7882733078239672,16.79844106609055,3032.643037079133,298.15
819.0,78.86239466617279,0.0,1.7862795914778684,17.014539904815038,601.7356445534634,298.15
820.0,78.86100564867117,1.0,159.2869553100144,29.697743706759056,1148.7172896501215,298.15
821.0,78.85961663116956,0.0,0.0,15.568813769434898,0.0,298.15
822.0,78.85822761366794,0.0,0.7737750804081228,19.161381315616524,668.8841314498311,298.15
823.0,78.85683859616631,0.0,1.1434312120290737,16.713980911012357,0.0,298.15
824.0,78.85544957866469,1.0,154.7477551823892,33.35151517314826,479.66064122098936,298.15
825.0,78.85406056116307,1.0,157.37136317218398,29.15015796441989,857.6118775135316,298.15
826.0,78.85267154366144,0.0,0.0,24.373381758360566,1006.3404296842689,298.15
827.0,78.85128252615984,0.0,1.1496112060769315,23.474199050548577,3206.3310791544395,298.15
828.0,78.84989350865821,1.0,158.0023631681742,30.050847269846283,3397.337930773782,298.15
829.0,78.84850449115659,1.0,158.02601263286186,29.383505787312966,3076.6111989472993,298.15
830.0,78.84711547365497,0.0,0.0,21.409827106008123,3729.236033894065,298.15
831.0,78.84572645615334,1.0,156.60777261152865,31.802658144770476,3440.9743986538488,298.15
832.0,78.84433743865172,0.0,3.392495206971331,22.941739563646614,3166.0775861269385,298.15
833.0,78.84294842115011,0.0,3.3682318922119734,20.826880090477527,2781.621011854576,298.15
834.0,78.84155940364849,1.0,155.22867333111236,34.17830886280767,2953.037488314184,298.15
835.0,78.84017038614687,1.0,155.4356110840398,33.38587225256401,3772.816709243236,298.15
836.0,78.83878136864524,1.0,157.55423414964875,32.333855564665356,2371.313289131368,298.15
837.0,78.83739235114362,0.0,0.0,21.763659722727436,3543.443456113422,298.15
838.0,78.836003333642,1.0,153.74066777768422,33.049120798084836,3327.503436397769,298.15
839.0,78.83461431614039,1.0,157.49132342408572,31.936664915529253,2820.5767948612947,298.15
840.0,78.83322529863877,0.0,2.323364042915371,23.93756290912704,2487.29208856563,298.15
841.0,78.83183628113714,1.0,154.782499681338,34.18289248465482,3866.054354939535,298.15
842.0,78.83044726363552,0.0,0.0,24.73451598829083,2914.7073319675155,298.15
843.0,78.8290582461339,1.0,153.3710925610573,38.029201240285126,3189.850585416046,298.15
844.0,78.82766922863227,0.0,0.0,24.287616232051278,2977.5762701387903,298.15
845.0,78.82628021113067,1.0,153.86001962993635,36.818075686985416,3148.8977891513414,298.15
846.0,78.82489119362904,0.0,0.0,25.394201116455843,2841.346356467483,298.15
847.0,78.82350217612742,1.0,150.20320700606234,34.602772026074625,3192.7468301834556,298.15
848.0,78.8221131586258,1.0,147.51321521136538,35.02192203116632,3053.8980786033353,298.15
849.0,78.82072414112417,1.0,155.1278794330521,35.31710647615793,2904.1293086933993,298.15
850.0,78.81933512362255,0.0,0.0,26.184840122604612,3624.3280665160255,298.15
851.0,78.81794610612094,1.0,152.15608165828513,33.789120566335065,2119.2282288188576,298.15
852.0,78.81655708861932,0.0,0.0,22.90588792620464,3022.4502635339018,298.15
853.0,78.8151680711177,1.0,148.79811310617356,37.44680220404329,3566.7276577235943,298.15
854.0,78.81377905361607,0.0,0.0,28.10795495101975,2846.975388015358,298.15
855.0,78.81239003611445,0.0,0.0,27.94720828583604,2706.832956437131,298.15
856.0,78.81100101861283,0.0,0.0,26.8780028451755,3785.3086311691363,298.15
857.0,78.80961200111122,1.0,151.31896650296466,38.292195752113116,645.6555639737869,298.15
858.0,78.8082229836096,1.0,148.3229474798889,38.326877289223745,162.0421142528333,298.15
859.0,78.80683396610797,0.0,4.160922150151105,28.6231830764353,2876.6739005680233,298.15
860.0,78.80544494860635,1.0,152.20881279914178,35.358711377291,2961.9509984815563,298.15
861.0,78.80405593110473,1.0,151.45742352230602,35.00500890803407,2876.206478342012,298.15
862.0,78.8026669136031,1.0,149.01529302788907,36.603093546895806,2852.3700943044805,298.15
863.0,78.8012778961015,1.0,152.67587315970906,37.50118004152303,2874.0702399541588,298.15
864.0,78.79988887859987,1.0,148.31560230467437,37.16490375291475,2833.455431787812,298.15
865.0,78.79849986109825,1.0,148.52635211267958,33.91076157863323,3273.9097518971325,298.15
866.0,78.79711084359663,0.0,0.40495540864065444,31.469613968770332,2760.5546008392985,298.15
867.0,78.795721826095,1.0,149.80176659856173,37.46306025695181,3348.7223270316404,298.15
868.0,78.79433280859338,1.0,149.41019954986933,38.50155464388302,3358.2101330741975,298.15
869.0,78.79294379109177,1.0,146.52306241551184,40.82878283760938,3029.3563587364256,298.15
870.0,78.79155477359015,1.0,146.14657833775647,33.51838758502438,3160.948742898419,298.15
871.0,78.79016575608853,1.0,148.70151418209616,37.412818209667265,2712.054808248545,298.15
872.0,78.7887767385869,1.0,148.6407767014749,37.77229173320802,2487.726642855468,298.15
873.0,78.78738772108528,1.0,145.75864816099957,37.975946109295634,3441.70266089778,298.15
874.0,78.78599870358366,0.0,0.0,28.40774830397112,2409.4621745896957,298.15
875.0,78.78460968608205,1.0,145.71773737836455,41.84920622571428,2826.082814756899,298.15
876.0,78.78322066858043,1.0,147.45407474082845,40.33858701276665,3140.7441014365945,298.15
877.0,78.7818316510788,1.0,150.02611374223343,41.0117774315529,2089.1593485639114,298.15
878.0,78.78044263357718,0.0,0.0,29.21060215536555,3411.05743932634,298.15
879.0,78.77905361607556,1.0,144.21915420034375,36.29898361055577,3154.0180093346867,298.15
880.0,78.77766459857393,1.0,144.06214705779263,34.967422076044976,2061.028782068614,298.15
881.0,78.77627558107233,1.0,147.97391114152822,36.17583603697713,3279.2903001204872,298.15
882.0,78.7748865635707,0.0,0.0,30.147987697042463,3333.6765488936458,298.15
883.0,78.77349754606908,1.0,142.08837592077657,39.53402456638887,3250.723066934203,298.15
884.0,78.77210852856746,1.0,145.33351207281783,39.094370292786394,3394.567433595428,298.15
885.0,78.77071951106583,1.0,142.79039715107908,38.823754943719464,2531.6201048919256,298.15
886.0,78.76933049356421,1.0,140.58895434935368,43.796681892695375,3288.909656845674,298.15
887.0,78.7679414760626,1.0,141.13018824986256,37.98752234842122,3104.6695213648914,298.15
888.0,78.76655245856098,1.0,147.13926143652108,41.65197412198799,3004.0968874419546,298.15
889.0,78.76516344105936,1.0,143.67384989187516,39.780593647679076,3555.6236757324255,298.15
890.0,78.76377442355773,1.0,142.76541578765344,39.689372166141226,3168.0122880915005,298.15
891.0,78.76238540605611,1.0,141.66324082620838,42.282290362065304,2609.5110334058104,298.15
892.0,78.7609963885545,1.0,142.7042975036443,42.90455414957258,1970.9790178571252,298.15
893.0,78.75960737105288,1.0,142.425364145768,39.414301093255155,2810.2679367583214,298.15
894.0,78.75821835355126,1.0,142.2030493481779,41.585263089316854,2403.7032602228724,298.15
895.0,78.75682933604963,1.0,141.52967534220662,40.70586954172965,3101.0321202917867,298.15
896.0,78.75544031854801,1.0,143.07488207439482,39.985772390545826,2643.909343131455,298.15
897.0,78.75405130104639,1.0,140.80890310806805,40.40551283091011,2846.280040323552,298.15
898.0,78.75266228354477,1.0,138.1727301930447,38.570586112433524,3002.7519702600994,298.15
899.0,78.75127326604316,1.0,138.79225746458164,39.36548738926783,1997.227347351261,298.15
900.0,78.74988424854153,1.0,135.28509196193858,38.7999128967926,3763.2146881960944,298.15
901.0,78.74849523103991,1.0,144.57746244915404,41.86116162279216,3374.408772824151,298.15
902.0,78.74710621353829,1.0,141.55284939961197,39.79583180353156,3098.204568879989,298.15
903.0,78.74571719603667,1.0,137.26854244841616,37.30116548947984,2746.3060377913657,298.15
904.0,78.74432817853506,1.0,138.32350376800608,38.475163362030884,2959.4881717960943,298.15
905.0,78.74293916103343,1.0,137.226612318793,33.341353949475966,3397.8747858068946,298.15
906.0,78.74155014353181,1.0,142.16806520017886,38.91138651911904,2641.4112207129706,298.15
907.0,78.74016112603019,1.0,134.85950054085865,39.987221104336825,3401.2626485458914,298.15
908.0,78.73877210852856,1.0,138.26446495434232,39.60034788838304,1886.0160091129808,298.15
909.0,78.73738309102694,1.0,137.48283859867874,43.94304055416352,2707.917465812301,298.15
910.0,78.73599407352533,1.0,139.4612164681415,41.00357072423312,3226.8662478100987,298.15
911.0,78.73460505602371,1.0,136.99371186889377,40.87300528719717,2740.136757055615,298.15
912.0,78.73321603852209,1.0,132.80316214125236,36.33791511373795,2900.940298681732,298.15
913.0,78.73182702102046,1.0,136.14455121700476,38.93468105451142,1894.4179631335496,298.15
914.0,78.73043800351884,1.0,134.17788191823416,38.63289150453681,2788.3766954213525,298.15
915.0,78.72904898601722,1.0,136.43516692673012,37.960835424502896,3185.9412056604347,298.15
916.0,78.72765996851561,1.0,139.41440150105507,37.87551258215272,3630.444839767423,298.15
917.0,78.72627095101399,1.0,131.60587699627737,35.731239001136885,2653.4826027209033,298.15
918.0,78.72488193351236,1.0,133.59635983526286,36.76740572636742,1905.8111773052478,298.15
919.0,78.72349291601074,1.0,133.939461913014,41.14351679017118,65.13273636913306,298.15
920.0,78.72210389850912,1.0,134.10090339060244,38.97046424862435,3250.27833298355,298.15
921.0,78.7207148810075,1.0,136.5278727069573,38.144621606420614,3373.8372255315426,298.15
922.0,78.71932586350589,1.0,134.1061186624165,39.10202710726545,2934.7178323507483,298.15
923.0,78.71793684600426,1.0,135.2658251613431,41.44448404855608,3246.334592827397,298.15
924.0,78.71654782850264,1.0,132.5405713162779,38.955349811193145,3054.357911425632,298.15
925.0,78.71515881100102,1.0,134.33612558777062,39.97506626087696,3152.5702369162727,298.15
926.0,78.7137697934994,1.0,135.3989862868483,37.01651259898281,3069.291424438802,298.15
927.0,78.71238077599777,1.0,131.55954826079716,37.39243269021981,3602.4255194671186,298.15
928.0,78.71099175849616,1.0,134.92478153271338,39.3040235673969,2408.5001895701153,298.15
929.0,78.70960274099454,1.0,132.94779635511216,42.38224845840008,2551.2441839036037,298.15
930.0,78.70821372349292,1.0,135.0743462180925,41.320230678945066,3759.1876539524596,298.15
931.0,78.7068247059913,1.0,131.86510424970632,39.461103725997056,2869.423899304301,298.15
932.0,78.70543568848967,0.0,0.908295356180817,28.45759134827902,2975.1814413078655,298.15
933.0,78.70404667098805,1.0,131.77354770103221,40.92527550882377,2566.675434209502,298.15
934.0,78.70265765348644,1.0,131.405050206004,39.553612768671506,2762.089683603219,298.15
935.0,78.70126863598482,1.0,132.01605734913812,33.04894286685231,2666.710415410746,298.15
936.0,78.6998796184832,1.0,132.4439263212901,35.48659995791687,3555.2385928932626,298.15
937.0,78.69849060098157,0.0,0.0,28.235996378175894,3085.4405143505146,298.15
938.0,78.69710158347995,1.0,134.11518265944753,33.712811392060225,3603.7882189019538,298.15
939.0,78.69571256597833,1.0,126.03790115758834,35.417062264691765,3468.0167294003645,298.15
940.0,78.69432354847672,1.0,128.60679170220823,35.68884110337113,2804.2112415703173,298.15
941.0,78.6929345309751,1.0,129.7846698785758,36.46581289960086,2585.184266323341,298.15
942.0,78.69154551347347,1.0,130.76371342911563,36.25824952748484,2649.260734480342,298.15
943.0,78.69015649597185,0.0,3.75514821808733,26.10888701977699,3704.516651009218,298.15
944.0,78.68876747847023,1.0,124.90147388372213,38.26348701199225,2877.858733242331,298.15
945.0,78.6873784609686,1.0,127.89467342513665,35.85791104653874,3694.6409813488685,298.15
946.0,78.685989443467,1.0,123.8138261394172,35.45669254370743,3176.6428120835963,298.15
947.0,78.68460042596537,0.0,0.075337691078546,23.30592756276326,3753.7014489977155,298.15
948.0,78.68321140846375,0.0,0.6472718628593349,28.051701255833,3447.3716007123367,298.15
949.0,78.68182239096213,1.0,132.00829717124032,34.38400858623158,3780.4264284384144,298.15
950.0,78.6804333734605,1.0,128.28740597836557,33.35987107134965,0.0,298.15
951.0,78.67904435595888,1.0,130.27034102844618,35.87911859816483,2622.545946663866,298.15
952.0,78.67765533845727,1.0,128.95831294065812,33.68305262051231,2923.298681827405,298.15
953.0,78.67626632095565,0.0,0.0,24.0081213084162,2963.5006852162746,298.15
954.0,78.67487730345402,1.0,123.78338198340198,35.4538768697761,3560.3230482809895,298.15
955.0,78.6734882859524,1.0,127.58384168370628,34.066929509396545,3041.613745972065,298.15
956.0,78.67209926845078,1.0,123.16374817358796,39.33911396432859,2765.8160832287263,298.15
957.0,78.67071025094916,1.0,129.59576171791025,34.22398033170491,2915.0784721477617,298.15
958.0,78.66932123344755,1.0,125.91676993397732,35.47058587163002,4030.270806630137,298.15
959.0,78.66793221594592,0.0,2.847447375298838,19.993109442097765,2861.707492445249,298.15
960.0,78.6665431984443,1.0,124.74906829135227,32.037944532294475,3259.3939541182776,298.15
961.0,78.66515418094268,1.0,126.33112587107962,31.37858919750743,4324.872889245691,298.15
962.0,78.66376516344106,1.0,125.9883838944358,31.45868916930407,3099.5900599188426,298.15
963.0,78.66237614593943,1.0,125.18291546827567,34.094197742048806,2573.6669288914345,298.15
964.0,78.66098712843782,1.0,124.0616647192922,35.177761502733766,3215.5884019391833,298.15
965.0,78.6595981109362,1.0,125.83131645489999,33.54977866744771,3037.0198957809066,298.15
966.0,78.65820909343458,0.0,0.0,22.16718037632529,3867.629203725009,298.15
967.0,78.65682007593296,1.0,121.62759938027351,31.127996121473306,2638.386834710569,298.15
968.0,78.65543105843133,1.0,127.27887526593923,34.527950819487316,3283.358679355968,298.15
969.0,78.65404204092971,1.0,125.86095475244863,36.29992538498683,2794.583656283129,298.15
970.0,78.6526530234281,0.0,0.15698329483268877,22.08899762962855,2545.5342203780583,298.15
971.0,78.65126400592648,0.0,3.9671142217097146,23.54061183637627,2164.319263987909,298.15
972.0,78.64987498842486,0.0,0.0,22.096385016821884,3202.6217514414734,298.15
973.0,78.64848597092323,1.0,126.53983473951315,32.734232094088206,2706.566460684079,298.15
974.0,78.64709695342161,1.0,123.62637585844199,28.55027269461673,3397.6453460905714,298.15
975.0,78.64570793591999,1.0,120.5880224410216,29.73134611090851,3008.2112246337447,298.15
976.0,78.64431891841838,0.0,4.402858640752016,21.339245034779204,3747.2104073782757,298.15
977.0,78.64292990091676,1.0,125.03807105499243,32.808161809818316,3633.412577329708,298.15
978.0,78.64154088341513,1.0,122.21642669526778,28.390106572624198,2715.7691118098965,298.15
979.0,78.64015186591351,0.0,1.7324473123485864,15.656233239950227,2049.90330837953,298.15
980.0,78.63876284841189,1.0,121.20272197201406,28.60541616312222,3005.1058474739784,298.15
981.0,78.63737383091026,0.0,1.9754040035162637,21.498395416047696,2948.909824167283,298.15
982.0,78.63598481340865,1.0,116.13549963585633,25.911189055008517,2772.083948433675,298.15
983.0,78.63459579590703,1.0,119.23927222670076,26.525576690947144,3642.4485695664516,298.15
984.0,78.63320677840541,0.0,2.3330348798004277,19.0526089257907,3060.900966905378,298.15
985.0,78.63181776090379,1.0,120.75370572484486,28.261985059306998,2374.568546842741,298.15
986.0,78.63042874340216,0.0,0.49445861104178057,19.500822769210274,2905.9465220567813,298.15
987.0,78.62903972590054,1.0,117.8276336377678,25.50221325010082,2792.1889773744424,298.15
988.0,78.62765070839893,1.0,125.28572797763914,27.13903710961617,3289.0777871574505,298.15
989.0,78.62626169089731,0.0,2.8363743127745495,20.049207666454322,2493.2386560715554,298.15
990.0,78.62487267339569,0.0,0.0,14.880977268718244,3297.3881974845945,298.15
991.0,78.62348365589406,0.0,0.0,20.1660773937154,2966.919385340772,298.15
992.0,78.62209463839244,1.0,122.74539726525622,24.673805729482428,2265.69902555192,298.15
993.0,78.62070562089082,0.0,4.7231316669567915,18.40156055249743,2395.104637958663,298.15
994.0,78.61931660338921,1.0,122.2821739114855,25.640774712279807,3245.7461692671773,298.15
995.0,78.61792758588759,1.0,125.04611209423655,23.810530683416093,3435.829869914274,298.15
996.0,78.61653856838596,0.0,0.0,14.914841077148962,3098.34121106321,298.15
997.0,78.61514955088434,1.0,117.65042930415252,26.83288466236051,3269.9189080617266,298.15
998.0,78.61376053338272,0.0,0.0,15.456995194117201,3486.9979263555574,298.15
999.0,78.6123715158811,0.0,1.0524715328781162,17.54732033395866,2497.295930943703,298.15
1000.0,78.61098249837949,1.0,119.63375653846099,27.967462003721188,3055.317521525329,298.15
1001.0,78.60959348087786,0.0,0.0,12.31924111891296,3272.092140476073,298.15
1002.0,78.60820446337624,0.0,1.9280161542490917,11.932316405245798,3294.2530422680034,298.15
1003.0,78.60681544587462,0.0,2.9359581419688294,11.596587812062383,2933.150074210598,298.15
1004.0,78.605426428373,0.0,0.0,12.199637090765483,2533.254485559389,298.15
1005.0,78.60403741087137,0.0,0.0,16.105361391280322,2430.740353610301,298.15
1006.0,78.60264839336976,0.0,1.9539490137289592,14.746560435665161,2784.7788253302583,298.15
1007.0,78.60125937586814,0.0,0.0,12.227494085229303,3214.145777022118,298.15
1008.0,78.59987035836652,1.0,116.38246671032556,23.097054086546272,3411.176874547215,298.15
1009.0,78.5984813408649,0.0,2.4266118963369006,15.78897295485424,2463.8821902018385,298.15
1010.0,78.59709232336327,1.0,115.00274286482619,26.59705878509618,2959.1018691074055,298.15
1011.0,78.59570330586165,0.0,0.0,12.957172485726506,936.2364422133412,298.15
1012.0,78.59431428836004,0.0,0.782977120946539,6.692940041370977,581.3193595491258,298.15
1013.0,78.59292527085842,1.0,116.41201017441185,22.57263895198863,511.94549852044804,298.15
1014.0,78.5915362533568,0.0,1.8658271949309286,13.659837281609477,503.6893462049283,298.15
1015.0,78.59014723585517,0.0,0.0,11.962601260174306,2890.364021267982,298.15
1016.0,78.58875821835355,1.0,120.86119417113274,22.77125039771217,3307.5669432837312,298.15
1017.0,78.58736920085192,0.0,0.0,11.779905480955044,3118.4327035684064,298.15
1018.0,78.58598018335032,0.0,1.5992658248627662,8.263304241908797,3528.9876957813785,298.15
1019.0,78.58459116584869,1.0,119.03092102353479,18.75767157433588,2722.4127430198637,298.15
1020.0,78.58320214834707,0.0,0.0,9.700971091679538,3270.9374306743916,298.15
1021.0,78.58181313084545,0.0,0.0,12.343293234420049,2897.1694662779605,298.15
1022.0,78.58042411334382,0.0,0.8594816274534953,8.335962291408336,3296.9868838908405,298.15
1023.0,78.5790350958422,0.0,0.17222318820860244,10.64016054493783,2489.1836480091542,298.15
1024.0,78.57764607834059,0.0,1.324226301549758,10.105819309869538,3240.756471113216,298.15
1025.0,78.57625706083897,0.0,0.0,12.538183269254825,3055.4553757087556,298.15
1026.0,78.57486804333735,0.0,0.0,8.956635713866751,3262.917510901055,298.15
1027.0,78.57347902583572,0.0,4.785081401635715,5.200458934556462,2992.4209143649528,298.15
1028.0,78.5720900083341,0.0,0.0,9.95029604480408,3948.269300641649,298.15
1029.0,78.57070099083248,0.0,1.7485984449578218,12.819955825688549,3756.2335464176026,298.15
1030.0,78.56931197333087,1.0,115.15549885110117,19.66253333947247,3157.550070347473,298.15
1031.0,78.56792295582925,0.0,0.0,6.353072966425492,2277.964632114195,298.15
1032.0,78.56653393832762,0.0,0.0,5.537473044489746,3216.471089393591,298.15
1033.0,78.565144920826,1.0,114.46516547170492,15.598474575222044,3073.1026103504423,298.15
1034.0,78.56375590332438,1.0,117.69700677285965,21.504927633548856,3201.801947468084,298.15
1035.0,78.56236688582275,0.0,3.3131352878032696,6.485984202657124,3949.1517802477924,298.15
1036.0,78.56097786832115,0.0,1.1197828482877243,5.5930123496642,2746.132646754212,298.15
1037.0,78.55958885081952,0.0,0.24630217316023365,6.437192658712453,2528.535108307417,298.15
1038.0,78.5581998333179,1.0,113.83910451766684,15.913749411942426,2668.087501238793,298.15
1039.0,78.55681081581628,0.0,1.2313090362031995,9.615022268533863,3013.9968465581082,298.15
1040.0,78.55542179831465,0.0,5.137389679520024,4.086446534643845,3006.3321034130704,298.15
1041.0,78.55403278081303,0.0,0.0,8.433911269845488,3464.0448739815474,298.15
1042.0,78.55264376331142,0.0,0.0,6.05874047085174,3478.382247582686,298.15
1043.0,78.5512547458098,0.0,0.0,8.11610513947674,3402.660587530991,298.15
1044.0,78.54986572830818,0.0,0.0,8.709679255087396,2825.5163407499367,298.15
1045.0,78.54847671080655,0.0,0.0,5.433543421733183,380.1334672661261,298.15
1046.0,78.54708769330493,0.0,0.9649755218344711,4.429132215194051,3271.8292290581708,298.15
1047.0,78.54569867580331,1.0,113.99735892557021,15.041594138547204,3352.8831285356623,298.15
1048.0,78.5443096583017,0.0,0.0,4.535916472134636,3153.7782235102013,298.15
1049.0,78.54292064080008,1.0,117.79575140966934,11.1366038636153,2576.437472208016,298.15
1050.0,78.54153162329845,0.0,0.0,7.602145217723119,3161.365443180559,298.15
1051.0,78.54014260579683,0.0,0.0,4.736106751883947,3734.0795813288873,298.15
1052.0,78.53875358829521,0.0,3.4937219341657446,1.6615168841686572,2419.2781690358415,298.15
1053.0,78.53736457079359,0.0,0.0,0.0,2587.665353190455,298.15
1054.0,78.53597555329198,1.0,112.3697173230872,8.937531170592067,3147.5078179472785,298.15
1055.0,78.53458653579035,0.0,0.6416078443544834,5.186379433382754,2423.565803873421,298.15
1056.0,78.53319751828873,0.0,2.7385932381798854,2.1629664248461866,3351.7158723770613,298.15
1057.0,78.53180850078711,0.0,0.0,2.353331601643327,3007.0584162939494,298.15
1058.0,78.53041948328548,0.0,0.9712993735593246,4.156617360016096,2625.9795077887106,298.15
1059.0,78.52903046578386,0.0,1.3842008719204695,1.9381350356099458,2544.600079427158,298.15
1060.0,78.52764144828225,0.0,0.0,3.994330085778234,3155.645311589639,298.15
1061.0,78.52625243078063,1.0,118.06144110120486,12.92465094649661,2857.4837900854045,298.15
1062.0,78.52486341327901,0.0,2.0884674423118477,2.4199080011540555,3775.905227035468,298.15
1063.0,78.52347439577738,0.0,0.0,0.0,2016.4588183245185,298.15
1064.0,78.52208537827576,0.0,2.983649396269107,0.64081784539308,4041.6044589571015,298.15
1065.0,78.52069636077414,0.0,2.7075456840861687,3.455748870858078,2770.2522961453456,298.15
1066.0,78.51930734327253,0.0,0.24567303908329494,0.679231543885729,2847.359321062171,298.15
1067.0,78.5179183257709,0.0,0.0,4.461847581966152,2398.525877611786,298.15
1068.0,78.51652930826928,0.0,0.0,6.705063721025438,2273.8574979340656,298.15
1069.0,78.51514029076766,0.0,0.0,3.1001667232418377,2562.2780852006185,298.15
1070.0,78.51375127326604,0.0,1.3574206848614534,4.720364496346047,3173.1721922342235,298.15
1071.0,78.51236225576443,0.0,0.0,3.01922279074307,2698.3570277438844,298.15
1072.0,78.5109732382628,0.0,0.0,0.32335376207557887,2991.1878326214,298.15
1073.0,78.50958422076118,0.0,3.0226441817945235,1.7426346895267932,2959.2979176662407,298.15
1074.0,78.50819520325956,1.0,117.20720096256024,15.394916740553894,3010.8145544482636,298.15
1075.0,78.50680618575794,0.0,0.0,0.05969898983719002,3414.1364509142663,298.15
1076.0,78.50541716825632,0.0,2.0421348159891664,0.0,0.0,298.15
1077.0,78.5040281507547,0.0,3.632371335017203,0.0,961.8313482900801,298.15
1078.0,78.50263913325308,0.0,0.0,0.4371874558780489,465.42592936555087,298.15
1079.0,78.50125011575146,1.0,118.13284244061087,8.73469147289327,323.37118829098125,298.15
1080.0,78.49986109824984,1.0,113.77572683583499,14.19410240920733,663.9235131675495,298.15
1081.0,78.49847208074821,0.0,1.189104553751134,1.1102816822052999,247.42159776167793,298.15
1082.0,78.49708306324659,0.0,0.3047798369701195,2.6040090376675122,572.9281319635387,298.15
1083.0,78.49569404574498,1.0,118.93344658635353,9.914341607529328,442.06745488056004,298.15
1084.0,78.49430502824336,1.0,116.31580104656355,8.114633893412012,3026.9772030967306,298.15
1085.0,78.49291601074174,0.0,0.0,0.0,2595.169647516082,298.15
1086.0,78.49152699324011,0.0,0.0,0.0,2440.3825632259122,298.15
1087.0,78.49013797573849,0.0,0.9692931105184703,1.029941551568358,2854.03140495323,298.15
1088.0,78.48874895823687,1.0,120.29440322518226,11.340212239340417,3027.933599849214,298.15
1089.0,78.48735994073526,0.0,0.0,1.4700770283095,2447.0783030526613,298.15
1090.0,78.48597092323364,1.0,120.52182651067125,7.107808997797136,3167.668293493657,298.15
1091.0,78.48458190573201,0.0,0.0,0.1487994076200509,2501.058980568227,298.15
1092.0,78.48319288823039,0.0,0.8635177958380038,0.0,3412.9671246836697,298.15
1093.0,78.48180387072877,0.0,0.0,0.9203563467298838,2634.1361315821055,298.15
1094.0,78.48041485322715,0.0,0.434011947296923,1.056751830288442,2549.90513071719,298.15
1095.0,78.47902583572554,0.0,2.1248515954073537,0.0,3910.3110903496704,298.15
1096.0,78.47763681822391,0.0,0.0,2.030372859857118,3077.592017884166,298.15
1097.0,78.47624780072229,0.0,0.0,4.8506524034217,2891.833444233917,298.15
1098.0,78.47485878322067,1.0,119.40930332334267,11.732883384732993,3329.7951027772565,298.15
1099.0,78.47346976571905,0.0,5.72164686706525,0.0,3664.268111066341,298.15
1100.0,78.47208074821742,0.0,0.0,0.0,2623.2119717213272,298.15
1101.0,78.47069173071581,1.0,124.20270312445793,9.569746235099744,2811.7555126006555,298.15
1102.0,78.46930271321419,1.0,124.24669094294144,8.435077434536577,3523.1723721313774,298.15
1103.0,78.46791369571257,1.0,119.37073666555553,10.538321576393324,3273.961851701284,298.15
1104.0,78.46652467821094,1.0,119.0257970624586,7.676565558784596,2994.494084717332,298.15
1105.0,78.46513566070932,0.0,0.0,0.0,3198.5088537836596,298.15
1106.0,78.4637466432077,0.0,0.0,0.5204546736799129,2944.0719693139567,298.15
1107.0,78.46235762570609,1.0,116.79863109368426,10.134471269491552,2806.0961839873876,298.15
1108.0,78.46096860820447,1.0,120.11078352845237,8.937755674087366,3762.6452183854617,298.15
1109.0,78.45957959070284,0.0,3.566238590071038,0.0,3562.1947755896845,298.15
1110.0,78.45819057320122,1.0,119.12771408670947,10.783532869663224,2140.9775655988815,298.15
1111.0,78.4568015556996,0.0,0.0,0.0,3220.56368888012,298.15
1112.0,78.45541253819798,0.0,0.0,0.0,3910.894322619057,298.15
1113.0,78.45402352069637,0.0,0.8911832676795602,3.959593185841145,3165.5897209733866,298.15
1114.0,78.45263450319474,1.0,121.82147073983069,11.707161352072658,844.5699190373443,298.15
1115.0,78.45124548569312,1.0,121.50026444955945,7.584656815360381,273.34856793734764,298.15
1116.0,78.4498564681915,0.0,0.0,0.0,2804.187229704181,298.15
1117.0,78.44846745068988,1.0,120.97141495598004,10.845426296116923,3413.5690424805202,298.15
1118.0,78.44707843318825,0.0,1.1957509314918982,0.0,3273.712350725038,298.15
1119.0,78.44568941568664,0.0,0.0,0.0,2100.429179221804,298.15
1120.0,78.44430039818502,1.0,122.91492812047345,11.834486332995422,2705.954922328443,298.15
1121.0,78.4429113806834,1.0,122.84585517417516,11.472046275730378,3093.4942652876152,298.15
1122.0,78.44152236318178,1.0,125.181259416297,11.818108461132251,2229.4706182231726,298.15
1123.0,78.44013334568015,1.0,124.29065738599844,11.511994290194503,2874.759072445781,298.15
1124.0,78.43874432817853,1.0,123.31213889505808,10.91836514631037,2976.8168053289182,298.15
1125.0,78.43735531067692,1.0,126.64699794513474,9.773161386290102,2446.0123990955703,298.15
1126.0,78.4359662931753,0.0,1.0012676849953823,2.3004551252046452,2801.212777558191,298.15
1127.0,78.43457727567367,0.0,3.109005029102911,4.4909933715960655,2737.2809353646867,298.15
1128.0,78.43318825817205,0.0,1.4460088691117756,0.39162811077332926,2415.8689549343203,298.15
1129.0,78.43179924067043,0.0,0.0,0.0,3353.083586554424,298.15
1130.0,78.4304102231688,1.0,127.04956570077802,9.288778463091365,3030.1619723708786,298.15
1131.0,78.4290212056672,1.0,124.45056552360053,9.9521125608478,3986.5711677306836,298.15
1132.0,78.42763218816557,0.0,0.0,2.2741409348378854,2579.493319159252,298.15
1133.0,78.42624317066395,0.0,0.6702976527901099,0.0,3313.3343922448958,298.15
1134.0,78.42485415316233,1.0,123.87991999183816,12.99656979995736,2513.5284907292375,298.15
1135.0,78.4234651356607,0.0,0.5408843293098111,3.541270332450705,3531.933525292117,298.15
1136.0,78.42207611815908,1.0,123.68233964886745,8.618719529447102,2695.6478521742365,298.15
1137.0,78.42068710065747,1.0,128.3261174046321,10.439068681458476,3296.1076144022736,298.15
1138.0,78.41929808315585,1.0,125.2190035317564,12.758480166632431,3248.323457806897,298.15
1139.0,78.41790906565423,1.0,124.77911710065736,12.43122356086029,2981.592324009418,298.15
1140.0,78.4165200481526,1.0,123.68956679469686,13.938758747958342,2672.2366876894966,298.15
1141.0,78.41513103065098,1.0,126.73759605701754,12.71302122177804,2719.5878350688995,298.15
1142.0,78.41374201314936,1.0,126.74864720897853,15.761766052945264,2876.406664702436,298.15
1143.0,78.41235299564775,1.0,127.43540016157948,12.629734322753471,2922.1339746148033,298.15
1144.0,78.41096397814613,0.0,0.0,1.410517809329987,3218.5689231155475,298.15
1145.0,78.4095749606445,1.0,123.113933096955,11.395933725379615,2785.1049614994436,298.15
1146.0,78.40818594314288,1.0,128.63059532335123,15.268438405930674,673.6376130040144,298.15
1147.0,78.40679692564126,1.0,130.89014212476124,13.966756087428468,798.5752349677393,298.15
1148.0,78.40540790813964,1.0,125.12211820548903,15.375267471640663,0.0,298.15
1149.0,78.40401889063803,1.0,131.5697663535355,15.495338906496018,79.14097087981582,298.15
1150.0,78.4026298731364,1.0,128.67640317766285,10.218667873554134,691.9030453197022,298.15
1151.0,78.40124085563478,1.0,128.20148291430613,12.204926215925898,721.4545197785258,298.15
1152.0,78.39985183813316,1.0,127.49077294357312,12.622312656057977,0.0,298.15
1153.0,78.39846282063154,1.0,125.3602402195057,13.218128518139192,806.2275531831895,298.15
1154.0,78.39707380312991,1.0,131.23410644030903,14.211509834974756,495.10639258842866,298.15
1155.0,78.3956847856283,1.0,127.25638660892416,17.323373464958788,3595.3065898220266,298.15
1156.0,78.39429576812668,0.0,0.0,7.915725623206077,3065.1173799810194,298.15
1157.0,78.39290675062506,1.0,131.91766592176734,15.015998200168895,2143.128263695222,298.15
1158.0,78.39151773312344,1.0,125.29518789318378,15.28703388164139,2636.0323804918557,298.15
1159.0,78.39012871562181,0.0,0.0,4.535669621185171,2437.0323452055136,298.15
1160.0,78.38873969812019,1.0,130.19511668399323,16.367558972812784,3370.6555043917656,298.15
1161.0,78.38735068061858,0.0,0.6987347397486415,6.793501880868089,2599.4679928022383,298.15
1162.0,78.38596166311696,1.0,131.8544807507022,18.23561482654773,3460.043143722751,298.15
1163.0,78.38457264561534,1.0,130.2128020656172,18.414912289415273,2179.5537878763525,298.15
1164.0,78.38318362811371,0.0,6.028472762380972,2.204461118281392,2243.868819989864,298.15
1165.0,78.38179461061209,1.0,130.85622716560817,16.847233721746342,2614.6452707968306,298.15
1166.0,78.38040559311047,1.0,131.08443498490755,20.225108475737855,2606.596653014862,298.15
1167.0,78.37901657560886,1.0,129.97151105801632,16.662601324689753,3143.32215653592,298.15
1168.0,78.37762755810724,0.0,0.2952014789489589,10.128338950465485,3769.9249708327334,298.15
1169.0,78.37623854060561,1.0,133.81008939544262,17.34766231573493,3575.3245356400203,298.15
1170.0,78.37484952310399,1.0,135.45105360083892,18.551683396521568,3375.5345215596803,298.15
1171.0,78.37346050560237,1.0,129.27487948902672,16.05112781922292,2347.2204394407117,298.15
1172.0,78.37207148810074,1.0,132.47716590697217,16.34132670967206,2728.3440614212504,298.15
1173.0,78.37068247059914,1.0,134.36846133314253,20.326768220558076,3810.1328904901875,298.15
1174.0,78.36929345309751,1.0,134.94455803101386,20.865369385907847,3840.749767947913,298.15
1175.0,78.36790443559589,1.0,133.80394475062107,19.314373148246517,2821.762374973006,298.15
1176.0,78.36651541809427,1.0,135.32373931059573,16.94102095563965,3092.337048784738,298.15
1177.0,78.36512640059264,1.0,132.3478830549844,19.788414872254293,2612.116817861026,298.15
1178.0,78.36373738309102,1.0,138.23120694053821,22.517449603003143,2757.561008455507,298.15
1179.0,78.36234836558941,1.0,137.12944649834915,23.743485518184695,2486.5557487399437,298.15
1180.0,78.36095934808779,1.0,131.8058996448324,19.710156707951818,3265.8641747989727,298.15
1181.0,78.35957033058617,1.0,132.69484731637618,17.15869418138075,3852.897343748192,298.15
1182.0,78.35818131308454,1.0,133.00861239697423,22.55204047138023,2435.5069662360665,298.15
1183.0,78.35679229558292,1.0,137.36519406007102,20.471529413568614,3737.0295952878073,298.15
1184.0,78.3554032780813,1.0,132.93675368890115,23.218776988909184,2629.547132470043,298.15
1185.0,78.35401426057969,1.0,135.4569247584044,22.07925419094318,0.0,298.15
1186.0,78.35262524307807,1.0,137.577316643848,19.90190329305036,845.8793446011006,298.15
1187.0,78.35123622557644,1.0,136.58518939959805,22.078573034341076,423.3583725453355,298.15
1188.0,78.34984720807482,1.0,137.60878829587494,24.8934218580092,945.2664124837981,298.15
1189.0,78.3484581905732,1.0,134.70228943725527,22.11278429750078,1015.1937792679195,298.15
1190.0,78.34706917307157,1.0,138.90852616607324,20.51469405602358,402.48508414192725,298.15
1191.0,78.34568015556997,1.0,136.2804553713574,19.602989379138602,970.4036238407203,298.15
1192.0,78.34429113806834,1.0,137.2183424448215,21.524051483554626,193.15382606751507,298.15
1193.0,78.34290212056672,1.0,138.80866661766083,22.506294441481327,187.63926165630028,298.15
1194.0,78.3415131030651,1.0,138.73860597724223,25.283192032809758,875.5738489536232,298.15
1195.0,78.34012408556347,1.0,138.80106818530282,21.506484179259065,0.0,298.15
1196.0,78.33873506806185,1.0,137.20665535324113,27.2695171693989,499.4539915570863,298.15
1197.0,78.33734605056024,1.0,138.5324810515286,21.5297077161704,937.7024584230118,298.15
1198.0,78.33595703305862,1.0,139.50258421321908,29.34767496179603,961.2178266574871,298.15
1199.0,78.334568015557,1.0,136.47260887513133,28.330781464755383,2473.974759161136,298.15
1200.0,78.33317899805537,1.0,138.8980395142737,25.291769723966542,3342.460262553669,298.15
1201.0,78.33178998055375,1.0,141.17494975766607,21.830071326054455,3013.99991471418,298.15
1202.0,78.33040096305213,1.0,137.45919249895925,25.356608061026414,3261.7804795947377,298.15
1203.0,78.32901194555052,1.0,143.50935322341246,24.90705381025806,3524.9560990706655,298.15
1204.0,78.3276229280489,1.0,144.02980256834815,23.308094886185728,3618.0078801990426,298.15
1205.0,78.32623391054727,1.0,138.28955713636668,26.778360222900762,2148.270461387615,298.15
1206.0,78.32484489304565,1.0,144.74142990033633,24.709276371570528,3881.726275793541,298.15
1207.0,78.32345587554403,1.0,141.41564114129562,25.1684101924915,2115.3504151611605,298.15
1208.0,78.3220668580424,1.0,143.00535718385802,26.45902494041601,3384.60337908416,298.15
1209.0,78.3206778405408,1.0,141.07535448739964,25.92526710180737,3382.351868467158,298.15
1210.0,78.31928882303917,1.0,144.70778891247164,31.64175882811551,2311.7861007455554,298.15
1211.0,78.31789980553755,1.0,143.72598927113688,26.47169372291185,3437.0490135894456,298.15
1212.0,78.31651078803593,1.0,141.06832025617118,28.721955453632834,2505.7330911324716,298.15
1213.0,78.3151217705343,1.0,140.4811412058988,28.342582862858755,2823.2888595322056,298.15
1214.0,78.31373275303268,1.0,140.02689887379282,29.001231077265594,3596.0728138290247,298.15
1215.0,78.31234373553107,1.0,144.20218856681043,29.38854261944995,2879.485842497766,298.15
1216.0,78.31095471802945,1.0,145.36633297587403,30.551991928215557,2316.3428086989347,298.15
1217.0,78.30956570052783,1.0,145.80092528854144,29.508800314291623,3322.98935769921,298.15
1218.0,78.3081766830262,1.0,144.2160677921659,29.649692880722917,2585.589862921382,298.15
1219.0,78.30678766552458,1.0,141.98729291466287,29.531468315738802,2544.201925103114,298.15
1220.0,78.30539864802296,1.0,143.3648732169668,29.349165721185994,3301.4590528770136,298.15
1221.0,78.30400963052135,1.0,147.98084786890647,27.97421013274725,3040.573801089881,298.15
1222.0,78.30262061301973,1.0,144.32581879515453,29.955262885089198,3269.729664051126,298.15
1223.0,78.3012315955181,1.0,146.06648795026155,30.80078657804786,2547.821874152068,298.15
1224.0,78.29984257801648,1.0,143.40587654122098,31.353082848771837,2693.5456169126146,298.15
1225.0,78.29845356051486,1.0,147.01354850053073,31.112873402391877,3143.0223924104303,298.15
1226.0,78.29706454301324,1.0,145.36366627829332,30.475734858577415,3104.1620681390887,298.15
1227.0,78.29567552551163,1.0,149.18952457983593,31.05473967545266,2769.8003177541577,298.15
1228.0,78.29428650801,0.0,1.842960583898,20.242384111611024,3037.1841813671404,298.15
1229.0,78.29289749050838,1.0,145.99598564621607,32.246475133695036,991.7543730569462,298.15
1230.0,78.29150847300676,1.0,147.11463747614926,31.35281820873216,1267.267067352705,298.15
1231.0,78.29011945550513,1.0,146.34201794290138,32.39213992339414,102.94508074058444,298.15
1232.0,78.28873043800351,1.0,144.51107452342393,34.294816735079934,366.20791616949543,298.15
1233.0,78.2873414205019,1.0,146.08689855684668,30.96574025046403,760.2641184112954,298.15
1234.0,78.28595240300028,1.0,148.837971502523,33.868902189281826,455.5885104263311,298.15
1235.0,78.28456338549866,1.0,149.37574445094566,32.90611899253563,0.0,298.15
1236.0,78.28317436799703,0.0,0.35390757398611034,27.214909658929535,432.55876739077996,298.15
1237.0,78.28178535049541,1.0,148.34931573892482,32.78828153553101,932.271181342839,298.15
1238.0,78.28039633299379,0.0,2.22298215465716,24.868052873809578,11.479153563309069,298.15
1239.0,78.27900731549218,1.0,149.68293462366802,33.656812090843324,577.2337066929015,298.15
1240.0,78.27761829799056,0.0,1.675465288829664,20.947359040445065,0.0,298.15
1241.0,78.27622928048893,1.0,145.76481297522477,32.93011615857546,804.735776960029,298.15
1242.0,78.27484026298731,1.0,140.87379052367382,36.01340913955138,584.6100815055402,298.15
1243.0,78.27345124548569,0.0,0.6761100630130642,23.484324497841307,301.0235016157301,298.15
1244.0,78.27206222798407,1.0,147.27681500313852,29.97241897031831,353.60938409772746,298.15
1245.0,78.27067321048246,1.0,150.3896169765596,34.6768153412686,0.0,298.15
1246.0,78.26928419298083,1.0,150.39937451810152,32.66198067958974,852.9322747132719,298.15
1247.0,78.26789517547921,1.0,155.12311687281056,35.36763542737102,220.02013166129694,298.15
1248.0,78.26650615797759,0.0,0.9529707672164914,28.474197806612402,675.2341836986177,298.15
1249.0,78.26511714047597,1.0,152.17684050207308,37.02904621663863,163.0821629142386,298.15
1250.0,78.26372812297436,0.0,1.9940874412913323,28.782641663088377,1270.0105178660665,298.15
1251.0,78.26233910547273,1.0,153.09492011377972,34.61133230508818,1046.2867274210128,298.15
1252.0,78.26095008797111,1.0,151.3422568404898,35.63862580952371,1226.3478692924873,298.15
1253.0,78.25956107046949,1.0,155.1996741887466,33.93577153716587,1267.2527401087834,298.15
1254.0,78.25817205296786,1.0,150.2159217181501,34.83784958332865,277.75331106081387,298.15
1255.0,78.25678303546624,1.0,153.84145627773452,34.490355851936386,190.32500023326958,298.15
1256.0,78.25539401796463,1.0,149.59439347346807,33.85689585286374,1209.672001532472,298.15
1257.0,78.25400500046301,1.0,153.9758865915534,39.529479405505136,450.5886119289768,298.15
1258.0,78.25261598296139,1.0,154.15691330417445,32.52855317585944,791.8421435528326,298.15
1259.0,78.25122696545976,1.0,157.89681398379906,39.82714400999592,282.6007486537981,298.15
1260.0,78.24983794795814,1.0,150.37837799465268,39.71067411211212,288.36187666447006,298.15
1261.0,78.24844893045652,0.0,0.0,28.305243178231095,790.7004369804046,298.15
1262.0,78.24705991295491,1.0,156.47037640532275,35.102687203155845,0.0,298.15
1263.0,78.24567089545329,1.0,155.50864502982043,34.266988861483746,774.3141415743144,298.15
1264.0,78.24428187795166,1.0,155.33711403630159,36.53144971834826,683.7017075911915,298.15
1265.0,78.24289286045004,1.0,152.8257463186719,39.08163383812801,314.3086052588238,298.15
1266.0,78.24150384294842,1.0,153.890582087666,37.91746248977681,508.4704013765998,298.15
1267.0,78.2401148254468,1.0,158.4572292794636,35.872713852729795,563.3459410574413,298.15
1268.0,78.23872580794519,1.0,155.55937654849737,40.517769386130375,583.0210860351368,298.15
1269.0,78.23733679044356,1.0,156.76575951834874,41.737855252410775,741.7288686007165,298.15
1270.0,78.23594777294194,0.0,0.0,27.896750961053854,214.54498729292726,298.15
1271.0,78.23455875544032,0.0,0.0,28.696396818085148,1444.90288218436,298.15
1272.0,78.2331697379387,0.0,2.2247542675621763,25.45383909106644,427.98881907222676,298.15
1273.0,78.23178072043707,1.0,157.81036088373278,37.814573197958914,454.22316619947435,298.15
1274.0,78.23039170293546,1.0,162.28497877409873,39.821323199050276,1181.1450630649708,298.15
1275.0,78.22900268543384,1.0,154.55099348115695,39.59162888504283,0.0,298.15
1276.0,78.22761366793222,1.0,159.10708106901492,37.89737305405904,1177.490802741891,298.15
1277.0,78.2262246504306,0.0,0.0,28.46483975909512,532.735250930664,298.15
1278.0,78.22483563292897,1.0,157.87011698689403,38.18889319531824,314.3008852322473,298.15
1279.0,78.22344661542735,1.0,159.99280572303405,38.61573507318893,107.83160793547353,298.15
1280.0,78.22205759792574,0.0,0.0,30.14061137978004,55.48560579035262,298.15
1281.0,78.22066858042412,0.0,0.0,25.270287553492587,380.27319439770736,298.15
1282.0,78.2192795629225,0.0,0.0,29.250735852789106,597.3661652773274,298.15
1283.0,78.21789054542087,1.0,156.65872831251843,40.191708860777766,718.0350616528233,298.15
1284.0,78.21650152791925,1.0,159.41006672736222,38.34964008795908,593.1745818504417,298.15
1285.0,78.21511251041763,1.0,161.32147787749682,38.59483841639255,321.29508692512303,298.15
1286.0,78.21372349291602,1.0,158.49111344070073,38.70785284501802,969.1764001378891,298.15
1287.0,78.2123344754144,1.0,159.4532809121853,38.69821683439162,1436.5238012116115,298.15
1288.0,78.21094545791277,1.0,159.38905262971858,39.74646965807626,1023.505963992198,298.15
1289.0,78.20955644041115,1.0,159.27191616370504,40.04326948161639,374.155035062089,298.15
1290.0,78.20816742290953,1.0,156.82110627656607,35.47387320457791,3662.1123825959216,298.15
1291.0,78.2067784054079,1.0,162.20387811134862,41.19976187056359,3003.0054874179905,298.15
1292.0,78.2053893879063,0.0,0.7032874518614702,29.28233578856968,3170.609249802106,298.15
1293.0,78.20400037040467,0.0,0.9407843985605594,33.90456285060627,2572.9226627490634,298.15
1294.0,78.20261135290305,0.0,0.0,27.47046847966685,2588.2502545538205,298.15
1295.0,78.20122233540143,1.0,159.03402516491775,38.16114940744005,3546.897653555392,298.15
1296.0,78.1998333178998,1.0,159.84423974200985,39.55101812828189,3159.1624851186352,298.15
1297.0,78.19844430039818,1.0,156.74245316914858,40.83742391034544,2487.924465412584,298.15
1298.0,78.19705528289657,0.0,0.0,25.960651342376096,3309.166842343386,298.15
1299.0,78.19566626539495,0.0,0.0,28.284522509138263,3982.6719324499227,298.15
1300.0,78.19427724789333,1.0,162.02948795794836,41.22217116891938,3095.9354539057326,298.15
1301.0,78.1928882303917,0.0,0.0,28.03851775275572,2914.146497953235,298.15
1302.0,78.19149921289008,1.0,158.60411047690457,42.82423995858507,3462.978560081933,298.15
1303.0,78.19011019538846,0.0,0.0,29.045237967623162,3328.4857386223384,298.15
1304.0,78.18872117788685,0.0,0.0,28.11152975972465,2481.4185634197784,298.15
1305.0,78.18733216038522,0.0,0.0,31.21504448029115,3188.2723797428207,298.15
1306.0,78.1859431428836,0.0,5.159241059819836,33.25613644207354,2919.5377988124965,298.15
1307.0,78.18455412538198,0.0,2.512578226126842,30.770043710316703,3401.66695532068,298.15
1308.0,78.18316510788036,1.0,164.15731972891223,42.48684135763027,3152.41407473673,298.15
1309.0,78.18177609037873,0.0,2.7840813079525106,33.31571172442414,2908.0943320891056,298.15
1310.0,78.18038707287712,1.0,159.54545275115169,37.90997978917305,2613.073099059619,298.15
1311.0,78.1789980553755,0.0,0.0,31.716155758884398,2547.7850715694735,298.15
1312.0,78.17760903787388,0.0,0.0,26.58552091753462,3302.518246921092,298.15
1313.0,78.17622002037226,0.0,3.1793907332030686,30.566552744005715,2781.1426977104625,298.15
1314.0,78.17483100287063,0.0,0.0,29.491347915000485,2372.7310042587624,298.15
1315.0,78.17344198536901,0.0,0.0,32.15454273488228,2863.7181283989867,298.15
1316.0,78.1720529678674,0.0,0.0,31.951617627378322,3121.5147292088914,298.15
1317.0,78.17066395036578,0.0,0.0,30.646019050073356,3369.9026375729864,298.15
1318.0,78.16927493286416,1.0,163.30451340492255,40.02121154184448,2832.222677499512,298.15
1319.0,78.16788591536253,1.0,163.344319459379,40.387617962881194,2944.5770396415155,298.15
1320.0,78.16649689786091,1.0,160.85225971927414,39.39351898432244,135.47279133027592,298.15
1321.0,78.16510788035929,1.0,164.53530820770638,39.06479785157887,625.1606288091639,298.15
1322.0,78.16371886285768,0.0,0.0,32.0948069010744,694.659555400526,298.15
1323.0,78.16232984535606,1.0,162.67472829650617,42.26192218049026,492.5855228634344,298.15
1324.0,78.16094082785443,0.0,1.6362031323911095,28.653858713221123,325.55637654256714,298.15
1325.0,78.15955181035281,0.0,0.0,29.349352227299477,101.05776391555202,298.15
1326.0,78.15816279285119,1.0,161.88954602032456,38.93508863779472,1164.9897800016606,298.15
1327.0,78.15677377534956,0.0,1.409618035716027,25.33990724018703,525.4429952122341,298.15
1328.0,78.15538475784795,0.0,0.0,27.877043290374058,389.4736511012789,298.15
1329.0,78.15399574034633,0.0,0.0,31.7767652267607,1243.0921710835223,298.15
1330.0,78.15260672284471,0.0,1.3240265344455753,26.815422207042175,577.8578938338012,298.15
1331.0,78.15121770534309,0.0,4.893767297351721,32.626932522209096,1390.8831716629293,298.15
1332.0,78.14982868784146,0.0,1.442344418056557,30.56721163423706,3.921472279853674,298.15
1333.0,78.14843967033984,0.0,1.126039397687293,28.8593099125444,416.93996006506165,298.15
1334.0,78.14705065283823,0.0,1.2646068790088936,29.070310389278227,20.138326846204734,298.15
1335.0,78.14566163533661,0.0,0.0,25.893872106460414,3393.0636003276577,298.15
1336.0,78.14427261783499,0.0,0.2754031551943078,27.116730344830234,3057.540065013505,298.15
1337.0,78.14288360033336,0.0,0.0,30.516268840950207,2974.146914644729,298.15
1338.0,78.14149458283174,1.0,164.5769110994343,36.13606751143032,3118.6350014542704,298.15
1339.0,78.14010556533012,1.0,164.11852068683237,39.465447898283784,3078.6587435534993,298.15
1340.0,78.13871654782851,0.0,0.9046145278933302,24.28911685001183,2596.750152994751,298.15
1341.0,78.13732753032689,0.0,0.0,24.51885394367052,3129.5532385159268,298.15
1342.0,78.13593851282526,0.0,0.13963266568799568,30.78220560278519,3047.8536370039033,298.15
1343.0,78.13454949532364,0.0,0.0,26.681990482447492,2752.3944186566455,298.15
1344.0,78.13316047782202,0.0,0.0,25.444699152980565,3189.8632612959063,298.15
1345.0,78.1317714603204,0.0,3.3135878390011926,29.222672885877415,2290.386336746243,298.15
1346.0,78.13038244281879,0.0,0.7595441155048859,28.82659463241018,2248.263893732552,298.15
1347.0,78.12899342531716,0.0,0.0,27.99752970298212,2383.75409352901,298.15
1348.0,78.12760440781554,0.0,4.517414062725449,24.756634841217778,2725.514784224343,298.15
1349.0,78.12621539031392,1.0,160.7565662420483,35.17887834329219,3443.548775334129,298.15
1350.0,78.1248263728123,0.0,0.0,26.250692329204064,2968.0931977863193,298.15
1351.0,78.12343735531067,0.0,4.08044493287046,26.87391251512645,2419.021184477305,298.15
1352.0,78.12204833780906,0.0,0.10949951484885831,24.21724637233387,2442.1103332347375,298.15
1353.0,78.12065932030744,0.0,0.0,25.448076015912854,3026.6896016234414,298.15
1354.0,78.11927030280582,0.0,0.0,25.472336185076994,3133.6985758363303,298.15
1355.0,78.1178812853042,0.0,1.0666128278524523,27.40128317882392,3008.409808602259,298.15
1356.0,78.11649226780257,0.0,1.297147027302826,26.120728941923886,2782.999190133781,298.15
1357.0,78.11510325030095,0.0,0.0,21.26430407503434,3833.8788619871398,298.15
1358.0,78.11371423279934,0.0,0.0,23.752063606089934,3339.5271075438263,298.15
1359.0,78.11232521529772,0.0,0.0,22.08664575166885,2785.230238815598,298.15
1360.0,78.1109361977961,1.0,164.47837758835644,34.99093132169209,2749.461511773147,298.15
1361.0,78.10954718029447,0.0,0.0,25.533099992683773,3433.1336424546416,298.15
1362.0,78.10815816279285,0.0,2.9826990194346554,23.64115184470717,2966.4399680412757,298.15
1363.0,78.10676914529122,0.0,2.18190203230882,22.68116342018725,3602.415795447044,298.15
1364.0,78.10538012778962,0.0,0.0,23.180365639513642,2658.6947764037623,298.15
1365.0,78.10399111028799,0.0,0.0,23.269283658014277,850.6449528001837,298.15
1366.0,78.10260209278637,0.0,0.0,21.312630085734753,385.91156399947715,298.15
1367.0,78.10121307528475,1.0,161.76641536452473,29.91298473098857,1163.2142684300045,298.15
1368.0,78.09982405778312,0.0,0.0,17.988971434866436,443.31182450026245,298.15
1369.0,78.0984350402815,0.0,0.0,24.638024949526702,2394.506880958669,298.15
1370.0,78.09704602277989,1.0,167.31811655316565,32.835772985946925,3220.117488733462,298.15
1371.0,78.09565700527827,0.0,2.255268373970253,22.348344102952105,3732.714383706313,298.15
1372.0,78.09426798777665,1.0,165.5926593922561,34.00166803800252,3859.9820023067987,298.15
1373.0,78.09287897027502,0.0,0.8813283330657252,18.577848998303114,2312.559387761836,298.15
1374.0,78.0914899527734,0.0,0.0,17.36992646962952,2161.7021171462984,298.15
1375.0,78.09010093527178,1.0,163.0833694546762,31.534401933674456,2752.8021940410804,298.15
1376.0,78.08871191777017,0.0,2.312137755004362,21.128016775700594,2798.7897143930745,298.15
1377.0,78.08732290026855,0.0,0.0,16.723767970993023,2256.4422181485797,298.15
1378.0,78.08593388276692,0.0,1.5165545639430966,20.824145576744208,2584.0827887375594,298.15
1379.0,78.0845448652653,0.0,5.53349442402523,19.031559722651576,2613.91179574638,298.15
1380.0,78.08315584776368,0.0,2.5297223596692757,17.96712346474806,3019.075484741267,298.15
1381.0,78.08176683026205,0.0,3.3688501069981993,18.721467469569767,2655.7745427424807,298.15
1382.0,78.08037781276045,1.0,163.18521348473408,24.138588742436404,2473.0444240013016,298.15
1383.0,78.07898879525882,0.0,2.3060470022549726,17.735812840725522,2817.983926768422,298.15
1384.0,78.0775997777572,0.0,0.0,17.274675772285235,2705.715854030528,298.15
1385.0,78.07621076025558,0.0,1.896103709557688,19.65312868195972,3402.1671225597374,298.15
1386.0,78.07482174275395,1.0,163.8736810020442,27.945110370281864,2999.0042906613394,298.15
1387.0,78.07343272525233,0.0,0.690698137056837,19.3622567450014,2321.884538740973,298.15
1388.0,78.07204370775072,1.0,165.26003415825275,22.5411996027477,2608.508426047114,298.15
1389.0,78.0706546902491,0.0,0.0,15.844644788984612,2977.6574613835055,298.15
1390.0,78.06926567274748,0.0,0.0,18.495680511268098,2764.5281715440974,298.15
1391.0,78.06787665524585,0.0,0.22743329692167147,16.47514104539209,2688.4310868206976,298.15
1392.0,78.06648763774423,0.0,0.0,18.627440171710344,3063.2897813039012,298.15
1393.0,78.06509862024261,0.0,0.5406534306302917,12.916167801237313,2500.2357356781804,298.15
1394.0,78.063709602741,0.0,0.0,17.922722492698846,3567.2066257781576,298.15
1395.0,78.06232058523938,1.0,163.87847074041184,24.85588036004754,3569.1078372169195,298.15
1396.0,78.06093156773775,0.0,0.11111107500866657,14.420247485755443,2492.6606693620483,298.15
1397.0,78.05954255023613,0.0,0.0,17.754944184859,2928.739381492845,298.15
1398.0,78.05815353273451,0.0,0.0,17.872638888291323,3449.545339599414,298.15
1399.0,78.05676451523289,1.0,160.35025925615176,27.374180742645827,558.3800249128817,298.15
1400.0,78.05537549773128,0.0,1.6397425922604347,19.2135708380489,773.5008516491221,298.15
1401.0,78.05398648022965,0.0,1.3049593326758042,17.382685624366403,90.90558656298793,298.15
1402.0,78.05259746272803,0.0,0.0,12.88478903771025,632.6410930014129,298.15
1403.0,78.05120844522641,1.0,158.3817795717804,24.58614826678539,567.7581022323893,298.15
1404.0,78.04981942772478,1.0,161.82889685924854,23.313666492875065,921.0061333090916,298.15
1405.0,78.04843041022316,0.0,0.0,18.016941698691873,510.6383683811574,298.15
1406.0,78.04704139272155,1.0,160.13284166547535,25.87197781214683,465.8984865788565,298.15
1407.0,78.04565237521993,1.0,160.14477271498797,22.96359807329007,304.8592192641587,298.15
1408.0,78.04426335771831,1.0,160.45105264890762,24.934510987780136,3878.2783983267423,298.15
1409.0,78.04287434021668,1.0,161.60785129452555,20.339709838988018,2537.8598529078163,298.15
1410.0,78.04148532271506,0.0,0.0,13.170736960296743,3147.2815587833343,298.15
1411.0,78.04009630521344,0.0,0.0,10.482516655078708,3119.7060826808706,298.15
1412.0,78.03870728771183,0.0,0.0,8.69921036432481,3095.5922729888416,298.15
1413.0,78.0373182702102,0.0,4.292046759753418,13.57971074503575,2574.374412071602,298.15
1414.0,78.03592925270858,0.0,4.817723526425679,13.605774566716411,2593.021106421803,298.15
1415.0,78.03454023520696,1.0,163.01418637047948,22.443310326006223,2688.288120180522,298.15
1416.0,78.03315121770534,0.0,0.0,10.891485925904433,3134.412154905836,298.15
1417.0,78.03176220020373,0.0,0.0,8.424528519641505,2893.007800766951,298.15
1418.0,78.0303731827021,0.0,0.0,8.414801479027274,2708.6881137927207,298.15
1419.0,78.02898416520048,1.0,156.5397520194865,18.58603700042938,2631.740095936851,298.15
1420.0,78.02759514769886,0.0,0.0,9.88177700864585,2752.110720642472,298.15
1421.0,78.02620613019724,1.0,160.7650017598775,22.365540735502634,2710.9666994293593,298.15
1422.0,78.02481711269562,0.0,2.0675009034175806,12.110629603700062,2709.0406027055383,298.15
1423.0,78.02342809519399,0.0,0.5417806503600656,6.290532347148309,2592.700575106182,298.15
1424.0,78.02203907769238,1.0,155.02733590654756,18.045321103970963,2795.693180666055,298.15
1425.0,78.02065006019076,1.0,154.6815559407719,17.77128237759011,3203.7284666406727,298.15
1426.0,78.01926104268914,0.0,0.6054458598136008,3.810374363218605,3141.671658446419,298.15
1427.0,78.01787202518751,1.0,158.27212349933166,19.99737274849892,3421.231012114586,298.15
1428.0,78.01648300768589,1.0,157.3627670558827,18.10453473777969,3014.942778928049,298.15
1429.0,78.01509399018428,1.0,153.78014800265632,18.16706359080231,2493.324839534715,298.15
1430.0,78.01370497268266,1.0,157.60931598505195,20.971858593264272,3171.435628499934,298.15
1431.0,78.01231595518104,1.0,156.88619526488984,18.163574433733395,2550.0643570724433,298.15
1432.0,78.01092693767941,1.0,153.13128804747842,16.88343882931025,2552.112998668204,298.15
1433.0,78.00953792017779,1.0,153.62238101039324,18.75051966389099,2466.158545581954,298.15
1434.0,78.00814890267617,0.0,1.6403054783222213,9.552910000712949,1528.6088371159433,298.15
1435.0,78.00675988517456,0.0,0.0,7.775276067163591,3204.4606710501166,298.15
1436.0,78.00537086767294,0.0,3.7860599350565436,8.387050873661405,3366.525059330714,298.15
1437.0,78.00398185017131,1.0,155.90368345310983,16.46379096358722,3157.23284307842,298.15
1438.0,78.00259283266969,0.0,0.0,6.39956149756614,1160.3883943783712,298.15
1439.0,78.00120381516807,1.0,154.2850826925567,16.608518283729587,1027.8511402794234,298.15
1440.0,77.99981479766645,1.0,154.25785365712554,14.62663178454274,383.02514446378484,298.15
1441.0,77.99842578016484,0.0,0.0,4.8195974204859775,888.5215044136218,298.15
1442.0,77.99703676266321,1.0,151.52293219958293,18.654267284526863,465.80059425780934,298.15
1443.0,77.99564774516159,1.0,155.16102563179473,19.77150793013466,350.80022401659915,298.15
1444.0,77.99425872765997,1.0,155.29521639218578,18.72947736091414,235.3520379713445,298.15
1445.0,77.99286971015835,0.0,1.4384776219611688,2.523302356733591,406.26228700067423,298.15
1446.0,77.99148069265672,1.0,156.47000880792,12.145686845422462,2858.283407486764,298.15
1447.0,77.99009167515511,1.0,151.35619282778404,12.443792302920103,3276.477545421223,298.15
1448.0,77.98870265765349,1.0,156.42151034071415,15.009552344183927,3561.234977793654,298.15
1449.0,77.98731364015187,1.0,150.070596757253,8.756090426059018,2298.960868027755,298.15
1450.0,77.98592462265024,1.0,149.58732986279412,13.176432673861036,2772.3448853850377,298.15
1451.0,77.98453560514862,1.0,147.5886805374343,17.13637130509423,3339.2726386746212,298.15
1452.0,77.983146587647,1.0,150.5000042701857,16.096026105302023,2998.519356674867,298.15
1453.0,77.98175757014539,1.0,150.1411263604142,12.853310354015141,3634.8470016476595,298.15
1454.0,77.98036855264377,0.0,1.253017931738755,2.852652459449503,3111.273767054753,298.15
1455.0,77.97897953514214,1.0,151.47682934547578,14.76631508816102,3014.4785037813517,298.15
1456.0,77.97759051764052,1.0,147.82904793578803,15.375363317118834,3283.136964905907,298.15
1457.0,77.9762015001389,1.0,149.50989675999654,12.191628140805875,2859.5427890943843,298.15
1458.0,77.97481248263728,0.0,0.0,2.6632749683626797,3120.4452682778847,298.15
1459.0,77.97342346513567,1.0,145.75955464029641,11.834871867135867,3434.9129402992435,298.15
1460.0,77.97203444763404,1.0,147.42462540632556,10.113043026007492,3091.5388856711998,298.15
1461.0,77.97064543013242,1.0,147.69512640723283,12.273576466092912,2621.3518617628592,298.15
1462.0,77.9692564126308,0.0,3.4155362714641675,1.9821530013871342,4412.223609839101,298.15
1463.0,77.96786739512918,1.0,149.52430015350762,9.857324953818653,3707.7182016404076,298.15
1464.0,77.96647837762755,1.0,150.41257152316012,13.670434699872521,2839.737406252922,298.15
1465.0,77.96508936012594,0.0,0.0,3.2093497743448185,3147.333794756073,298.15
1466.0,77.96370034262432,1.0,151.21088238448007,13.52681914700232,3366.100717712742,298.15
1467.0,77.9623113251227,1.0,151.22951737698094,10.383039646883095,2712.7582852879923,298.15
1468.0,77.96092230762108,1.0,143.13184765229445,7.755642735742493,3822.294766334587,298.15
1469.0,77.95953329011945,1.0,145.97464339344015,12.709419759405744,2127.0359297507734,298.15
1470.0,77.95814427261783,1.0,148.59754328979008,10.26227954310371,3021.391015993071,298.15
1471.0,77.95675525511622,1.0,148.71220064151922,9.688707283006439,3217.902134175829,298.15
1472.0,77.9553662376146,1.0,145.32028508677806,8.829451737806869,3169.7703459822205,298.15
1473.0,77.95397722011298,1.0,145.9679501284824,10.75989997343485,2807.6752635812954,298.15
1474.0,77.95258820261135,1.0,145.03084670972797,14.493782459625521,2822.107878386078,298.15
1475.0,77.95119918510973,1.0,146.47472227674388,10.097117733099427,2672.3744238414856,298.15
1476.0,77.9498101676081,1.0,148.82077223037678,8.800891271686018,194.16132537178754,298.15
1477.0,77.9484211501065,1.0,143.88783556144247,12.315789294755,52.64405027660507,298.15
1478.0,77.94703213260487,1.0,147.86482312458912,11.243965846154648,688.835559283257,298.15
1479.0,77.94564311510325,1.0,143.3731451587074,6.4284376611482745,580.21092248918,298.15
1480.0,77.94425409760163,1.0,142.97045328941005,12.10312397312204,446.11995741979194,298.15
1481.0,77.9428650801,1.0,146.69403482943258,15.06233232695956,509.13994100384105,298.15
1482.0,77.94147606259838,1.0,146.6936165220907,5.2206722174319,918.2932458632811,298.15
1483.0,77.94008704509677,0.0,2.0284394319939105,0.0,134.93579468329887,298.15
1484.0,77.93869802759515,1.0,140.86763174242108,4.5837690948408,0.0,298.15
1485.0,77.93730901009353,1.0,142.6443234418437,10.258808112574028,3520.564839364217,298.15
1486.0,77.9359199925919,1.0,145.46671975716941,12.40823019810756,2847.249690873328,298.15
1487.0,77.93453097509028,1.0,143.3561449905064,10.529712260761709,2649.3446806039287,298.15
1488.0,77.93314195758866,1.0,140.44998082298392,13.142740125483657,2951.260362869028,298.15
1489.0,77.93175294008705,1.0,143.85041001678326,11.939984513303324,2243.545097850464,298.15
1490.0,77.93036392258543,1.0,140.8056923876284,13.702761238778082,2630.9712475152473,298.15
1491.0,77.9289749050838,1.0,146.5339606670753,12.547628908852252,1699.4414805114156,298.15
1492.0,77.92758588758218,1.0,145.6887718414057,9.285455852736414,3043.9086540365433,298.15
1493.0,77.92619687008056,1.0,143.1969471035027,10.22849936780879,3530.99367121918,298.15
1494.0,77.92480785257894,1.0,144.7494994207148,8.271144039530997,2965.0221416903455,298.15
1495.0,77.92341883507733,1.0,141.41042493665702,9.569507864237101,2739.2073700557658,298.15
1496.0,77.9220298175757,1.0,142.82863029543384,10.157395979389673,3986.739068621532,298.15
1497.0,77.92064080007408,1.0,144.27444916592742,9.841161016685621,3087.32671518344,298.15
1498.0,77.91925178257246,1.0,141.08750578540327,12.781640781009322,3743.4880079104496,298.15
1499.0,77.91786276507084,1.0,139.6433527929681,9.31944204136051,3127.8051335690902,298.15
1500.0,77.91647374756921,1.0,135.93882776403038,8.073515470053025,2782.10445800886,298.15
1501.0,77.9150847300676,1.0,139.55061592491873,8.204493334894632,3399.562732534209,298.15
1502.0,77.91369571256598,1.0,141.4591443884046,11.361396804065704,3134.109108805324,298.15
1503.0,77.91230669506436,1.0,141.49906372943417,7.11657265840724,2998.3913876731153,298.15
1504.0,77.91091767756274,1.0,140.19660757474426,9.613777065232522,2558.5346558407227,298.15
1505.0,77.90952866006111,1.0,137.45432040216673,12.789986334656403,3723.9470534081147,298.15
1506.0,77.90813964255949,1.0,133.78335402699585,10.671328170382207,2790.6749672045576,298.15
1507.0,77.90675062505788,1.0,137.06245932193073,9.936387381514084,2949.834887719692,298.15
1508.0,77.90536160755626,1.0,137.2666460983298,10.04405799602199,3582.5845680998623,298.15
1509.0,77.90397259005464,1.0,136.99586366071867,8.02168765020581,2729.527698786447,298.15
1510.0,77.90258357255301,1.0,138.96499489639413,8.413104427524798,3192.138230351494,298.15
1511.0,77.90119455505139,1.0,141.97227808836732,9.819948505567352,3443.793702186159,298.15
1512.0,77.89980553754977,1.0,137.28630422627458,10.826372403708525,2577.0343351495953,298.15
1513.0,77.89841652004816,1.0,136.22647416335815,12.271343448400053,2768.9493961209773,298.15
1514.0,77.89702750254654,1.0,135.8764249673548,10.552557653928112,3237.069611428247,298.15
1515.0,77.89563848504491,1.0,136.54191300966286,13.21043500432989,720.8534832161779,298.15
1516.0,77.89424946754329,1.0,134.02418372235118,13.788959073395255,37.37698746457016,298.15
1517.0,77.89286045004167,1.0,136.03633298200222,12.175338233968931,947.6818151931809,298.15
1518.0,77.89147143254004,1.0,136.57688515066724,13.127449806570255,2907.4460363867624,298.15
1519.0,77.89008241503844,1.0,135.7557898581796,8.615446701689388,2935.7098888823484,298.15
1520.0,77.88869339753681,1.0,136.10018903390798,8.358928309266494,2935.843144132449,298.15
1521.0,77.88730438003519,1.0,135.79794309193647,11.879293849582087,2542.953157713031,298.15
1522.0,77.88591536253357,1.0,130.29812838662556,8.114706482307323,3303.450225469498,298.15
1523.0,77.88452634503194,1.0,135.79250670240256,10.36818395402203,3454.5246269305194,298.15
1524.0,77.88313732753032,1.0,132.4327851006747,12.647292129340151,3330.0677309070297,298.15
1525.0,77.88174831002871,1.0,131.17756369899712,14.063039459073583,2930.304497598973,298.15
1526.0,77.88035929252709,1.0,130.91462586528678,10.708254527172674,3088.8811427050355,298.15
1527.0,77.87897027502547,1.0,134.33710355901533,9.98561228011106,3139.952273964685,298.15
1528.0,77.87758125752384,1.0,132.53296380572823,12.089940908878358,2643.340429955985,298.15
1529.0,77.87619224002222,1.0,128.81581874695172,9.310731109300018,3439.300644429316,298.15
1530.0,77.8748032225206,1.0,133.7224921083881,11.276760842062826,3454.8329970853283,298.15
1531.0,77.87341420501899,1.0,128.9151858578951,11.726980634074868,2637.9594821911724,298.15
1532.0,77.87202518751737,1.0,132.440317517208,11.79756103226819,2226.8784188497184,298.15
1533.0,77.87063617001574,1.0,132.43850107120016,12.153450852182933,3876.707723743569,298.15
1534.0,77.86924715251412,1.0,133.74411172355818,10.36405102030368,3229.005712155814,298.15
1535.0,77.8678581350125,1.0,135.64393958556315,10.707810721611898,3180.675801736452,298.15
1536.0,77.86646911751087,1.0,127.91374110405422,10.790902489805852,2849.281147817227,298.15
1537.0,77.86508010000927,1.0,130.80680491183398,9.114394594335955,3222.855885748179,298.15
1538.0,77.86369108250764,1.0,130.04127160637017,13.300304019608305,2818.3343652923772,298.15
1539.0,77.86230206500602,1.0,131.50183645763872,14.576878649427327,2710.4418798049,298.15
1540.0,77.8609130475044,1.0,130.75214007934596,14.51060005376993,2893.237241288366,298.15
1541.0,77.85952403000277,1.0,129.16933808904642,12.462188000545016,2629.692008848361,298.15
1542.0,77.85813501250115,1.0,128.73087070787176,11.471447133317143,2770.752857920229,298.15
1543.0,77.85674599499954,1.0,126.89456812306538,14.831931986852792,3798.361919800778,298.15
1544.0,77.85535697749792,0.0,2.353528307086067,4.762860590348756,3133.824742775381,298.15
1545.0,77.8539679599963,1.0,130.19825783732702,14.043286773449825,2949.7713825723836,298.15
1546.0,77.85257894249467,0.0,2.1865345017186564,7.353566897820158,2689.353042466746,298.15
1547.0,77.85118992499305,1.0,127.91927915958053,13.850915937547185,3392.447685471251,298.15
1548.0,77.84980090749143,1.0,126.87303583467755,13.53451704968148,931.1721815430262,298.15
1549.0,77.84841188998982,1.0,125.6492809334003,13.401742342418135,348.7076821984183,298.15
1550.0,77.8470228724882,0.0,0.8551022818265334,1.1672953040476406,625.619316487237,298.15
1551.0,77.84563385498657,1.0,125.30575330660358,15.928199780706446,581.3352135330957,298.15
1552.0,77.84424483748495,0.0,4.404342612938026,4.5137707846163435,640.7239989335682,298.15
1553.0,77.84285581998333,0.0,0.0,5.958764627868813,229.3459497902761,298.15
1554.0,77.8414668024817,1.0,127.79213777344725,18.887210979652668,900.2678127659915,298.15
1555.0,77.8400777849801,1.0,130.6616121599794,14.450653255805483,697.9728902950823,298.15
1556.0,77.83868876747847,1.0,128.14590268691057,10.606322507823258,921.1533872325178,298.15
1557.0,77.83729974997685,1.0,126.92853231975204,16.61566133905878,109.3406883166474,298.15
1558.0,77.83591073247523,0.0,0.0,6.151267834203869,129.92096455413662,298.15
1559.0,77.8345217149736,0.0,0.0,4.4798229701643715,3899.071945567833,298.15
1560.0,77.83313269747198,1.0,127.7277578626644,17.00431187707058,3467.9425278967465,298.15
1561.0,77.83174367997037,1.0,129.27891965260565,17.999665854292473,3210.32437172603,298.15
1562.0,77.83035466246875,0.0,0.0,4.612246886315996,3021.3941795665937,298.15
1563.0,77.82896564496713,1.0,122.57647652911952,16.141849414264453,2758.5732089325097,298.15
1564.0,77.8275766274655,0.0,0.0,10.01482925658242,2032.7421332293547,298.15
1565.0,77.82618760996388,1.0,122.55968991483547,15.671035366980911,1946.203653830479,298.15
1566.0,77.82479859246226,0.0,0.0,7.502175271183925,3205.2622742647563,298.15
1567.0,77.82340957496065,1.0,128.31884258058196,12.14385089495542,3051.5274470757804,298.15
1568.0,77.82202055745903,1.0,125.92161115221334,14.71093977040604,3922.7006375817255,298.15
1569.0,77.8206315399574,1.0,124.85536517643908,18.306618117152755,3574.5616886432817,298.15
1570.0,77.81924252245578,1.0,122.98760138097857,20.7282113822003,3231.623975530986,298.15
1571.0,77.81785350495416,1.0,122.36561505212663,15.585798881640278,2942.5209594092307,298.15
1572.0,77.81646448745254,0.0,3.348881533041705,8.767423496275217,3029.759924127605,298.15
1573.0,77.81507546995093,0.0,0.47824902436949634,8.05073136482182,2717.2313941369425,298.15
1574.0,77.8136864524493,1.0,118.19874417269828,21.0126734519174,3559.0045252352093,298.15
1575.0,77.81229743494768,1.0,121.42476443551024,16.742729497726366,2443.7507697865053,298.15
1576.0,77.81090841744606,1.0,120.80800109312622,20.367038493698224,2251.2466480236553,298.15
1577.0,77.80951939994443,0.0,0.0,8.346795536354596,3069.4113647756512,298.15
1578.0,77.80813038244281,0.0,1.341105066677535,10.379917750966596,3009.9306454312614,298.15
1579.0,77.8067413649412,1.0,122.07768812457492,20.283709000141574,3072.7174045099096,298.15
1580.0,77.80535234743958,1.0,121.98139639570124,19.844355038726533,3445.9336329899043,298.15
1581.0,77.80396332993796,1.0,125.12661511155325,21.576961420814094,3195.332645731307,298.15
1582.0,77.80257431243633,0.0,0.0,10.905357144144016,3277.034078070129,298.15
1583.0,77.80118529493471,1.0,126.11025271786593,20.76741329913459,2734.5683480802386,298.15
1584.0,77.79979627743309,0.0,0.0,10.532991519151658,3680.81410575961,298.15
1585.0,77.79840725993148,1.0,121.56100694101829,21.658703917707257,3111.998547114221,298.15
1586.0,77.79701824242986,0.0,0.0,12.186782497729304,2481.256138067093,298.15
1587.0,77.79562922492823,1.0,121.33031930276516,19.913780429693027,2925.218723895846,298.15
1588.0,77.79424020742661,1.0,121.94249903197957,21.466975005955643,3007.583714997766,298.15
1589.0,77.79285118992499,0.0,1.0335896610872426,10.240150472099884,776.8806381620909,298.15
1590.0,77.79146217242337,0.0,0.0,12.571128438534222,1014.6160291044595,298.15
1591.0,77.79007315492176,0.0,0.0,11.662218606422204,413.6020357797033,298.15
1592.0,77.78868413742013,1.0,126.25609422873856,24.713096073316688,2568.293842641813,298.15
1593.0,77.78729511991851,1.0,118.99699896211612,24.744412333401392,3297.7437838120577,298.15
1594.0,77.78590610241689,0.0,1.6658368909056562,11.681190722825598,2681.408853583717,298.15
1595.0,77.78451708491527,0.0,0.0,13.818344622972658,2429.9776604313743,298.15
1596.0,77.78312806741366,1.0,119.06996717667383,25.377861381317885,3327.018437637951,298.15
1597.0,77.78173904991203,1.0,119.29952952041693,23.931066913179304,3784.291121371547,298.15
1598.0,77.78035003241041,1.0,120.59771481340196,23.023720874132724,3895.070434719732,298.15
1599.0,77.77896101490879,0.0,0.0,12.506553985413781,3351.3902790573934,298.15
1600.0,77.77757199740716,1.0,119.61121158899681,26.76564449162519,4257.418242093658,298.15
1601.0,77.77618297990554,1.0,116.35166993562902,27.101384101901058,2669.9913408955645,298.15
1602.0,77.77479396240392,1.0,119.74137629121599,25.041364506350963,2380.3679705113373,298.15
1603.0,77.77340494490231,1.0,116.3797172989866,27.29008964599693,2941.792033655929,298.15
1604.0,77.77201592740069,1.0,116.69297153177837,19.81320691811555,2997.0200071091613,298.15
1605.0,77.77062690989906,0.0,0.0,18.920745224170588,2626.956345680145,298.15
1606.0,77.76923789239744,1.0,115.99579809376623,26.087243038352053,2642.861623991992,298.15
1607.0,77.76784887489582,0.0,0.0,16.93904581360325,2088.7330948993467,298.15
1608.0,77.76645985739421,1.0,115.44099568521027,26.21753585275419,2510.1491258808587,298.15
1609.0,77.76507083989259,0.0,0.0,19.998239072605013,2732.5556493745835,298.15
1610.0,77.76368182239096,0.0,2.4252291828720143,15.154141854313142,3531.0102433434904,298.15
1611.0,77.76229280488934,0.0,0.0,20.62642756072058,2497.535664152137,298.15
1612.0,77.76090378738772,0.0,0.0,18.629753005576283,2813.789565219541,298.15
1613.0,77.7595147698861,1.0,119.5728294011287,29.328764118099997,2352.844600810716,298.15
1614.0,77.75812575238447,0.0,0.0,17.59173155959368,2205.176606215156,298.15
1615.0,77.75673673488286,0.0,0.0,15.797785186038277,2852.4994192536988,298.15
1616.0,77.75534771738124,0.0,0.5390003572390321,20.653576206389165,2701.432676254935,298.15
1617.0,77.75395869987962,0.0,2.663418584239047,19.60173067681842,2660.191108333195,298.15
1618.0,77.752569682378,0.0,0.0,21.99914055691893,2901.932459404207,298.15
1619.0,77.75118066487637,0.0,0.0,19.010097932201706,2732.2112918935068,298.15
1620.0,77.74979164737476,0.0,0.0,18.768765763792548,2245.454479544244,298.15
1621.0,77.74840262987314,1.0,116.16145138739608,32.72773401540599,2392.3098614568958,298.15
1622.0,77.74701361237152,0.0,0.08149086342562402,24.032670798115646,24.05138455699796,298.15
1623.0,77.7456245948699,0.0,0.0,20.3214418854699,0.0,298.15
1624.0,77.74423557736827,1.0,115.79533936809152,28.9660300638957,0.0,298.15
1625.0,77.74284655986665,0.0,0.0,22.415498493530837,1362.0188010154711,298.15
1626.0,77.74145754236504,1.0,116.93763987398025,30.432195481923376,477.8472374868056,298.15
1627.0,77.74006852486342,0.0,2.515136070300212,22.411302859502236,1033.984825929435,298.15
1628.0,77.7386795073618,1.0,114.02021871719406,30.850804345690673,437.79709568989995,298.15
1629.0,77.73729048986017,0.0,0.0,24.831672817702035,449.4658261995391,298.15
1630.0,77.73590147235855,0.0,1.1972900229285954,20.364116317228202,607.4141689147561,298.15
1631.0,77.73451245485693,0.0,2.8877424423500644,23.0121308367618,724.190552687234,298.15
1632.0,77.73312343735532,0.0,0.0,21.216230539347812,63.34271149822041,298.15
1633.0,77.7317344198537,0.0,0.0,21.850047668705155,366.980413623946,298.15
1634.0,77.73034540235207,0.0,0.6745443054018364,21.783963243147614,606.7525776328674,298.15
1635.0,77.72895638485045,0.0,0.0,24.364071919937103,0.0,298.15
1636.0,77.72756736734883,0.0,0.0,24.935522429458448,954.4045192958351,298.15
1637.0,77.7261783498472,1.0,117.41587244314155,34.38810580140049,872.2404293132251,298.15
1638.0,77.7247893323456,0.0,3.619739014008168,23.208064839570124,0.0,298.15
1639.0,77.72340031484397,0.0,0.27794049148342326,23.91481013731749,2481.5427670301965,298.15
1640.0,77.72201129734235,0.0,0.0,25.6722362706048,3495.5196686498734,298.15
1641.0,77.72062227984073,0.0,0.0,25.92705275485568,3004.74834994016,298.15
1642.0,77.7192332623391,0.0,4.216724873196696,18.63320463413965,3793.10849357001,298.15
1643.0,77.71784424483748,0.0,2.1679379342661793,23.815996945192023,2951.437563827677,298.15
1644.0,77.71645522733587,1.0,117.57218830205885,34.09785014784957,3622.4431382041125,298.15
1645.0,77.71506620983425,0.0,0.8491342504750332,26.124966626473466,2941.264621642882,298.15
1646.0,77.71367719233263,0.0,0.0,24.781672591619664,2564.4402643670833,298.15
1647.0,77.712288174831,0.0,0.0,26.581633205382722,3617.9577966723327,298.15
1648.0,77.71089915732938,0.0,0.0,23.038774576805867,3576.9770001978627,298.15
1649.0,77.70951013982776,0.0,1.3093319274085087,25.976186105747253,3321.7384218180678,298.15
1650.0,77.70812112232615,1.0,119.59491997057215,37.467193439679875,4048.5938973884276,298.15
1651.0,77.70673210482452,0.0,2.664381841254174,22.724563502658942,2669.2612311628664,298.15
1652.0,77.7053430873229,0.0,0.0,31.129858068484033,2539.2176198011853,298.15
1653.0,77.70395406982128,0.0,0.5336562422735711,28.555851220368584,2536.679346019705,298.15
1654.0,77.70256505231966,0.0,1.7552999522989068,26.254463120164118,3580.7517234944808,298.15
1655.0,77.70117603481803,0.0,1.474402214913415,24.693892653464932,2922.872661091755,298.15
1656.0,77.69978701731642,0.0,0.0,26.195823574561846,2518.25597425517,298.15
1657.0,77.6983979998148,0.0,6.942712067558612,26.879663172227186,2592.015584690632,298.15
1658.0,77.69700898231318,0.0,0.0,27.7631094072241,2641.1286757433504,298.15
1659.0,77.69561996481156,0.0,0.0,30.096913533014366,2847.6513563176204,298.15
1660.0,77.69423094730993,0.0,0.5565280054781563,26.151229912392438,2297.931049937945,298.15
1661.0,77.69284192980831,0.0,5.0431720385838394,28.43528363121747,2672.3975734899336,298.15
1662.0,77.6914529123067,1.0,114.19705687942677,34.734949006011036,2436.906926572462,298.15
1663.0,77.69006389480508,0.0,0.0,26.682259018193623,3301.859711568375,298.15
1664.0,77.68867487730346,1.0,118.82405957211549,38.443536797172804,3452.162651400237,298.15
1665.0,77.68728585980183,0.0,0.0,29.218339624968635,2993.543507803551,298.15
1666.0,77.68589684230021,0.0,0.0,26.35431046578992,3335.2329080642935,298.15
1667.0,77.68450782479859,1.0,117.7268960729754,37.1184215833897,3025.5223207025524,298.15
1668.0,77.68311880729698,0.0,0.6492597906612605,31.163354387648315,2943.173423715973,298.15
1669.0,77.68172978979536,0.0,2.4549662563126318,30.65797743349126,441.1545891713198,298.15
1670.0,77.68034077229373,0.0,3.0768567603690427,28.795948047922074,2803.411055547931,298.15
1671.0,77.67895175479211,1.0,117.30941637065125,33.84759945953952,3062.5416857081636,298.15
1672.0,77.67756273729049,1.0,117.32914421844596,43.76254474342884,3737.501740419831,298.15
1673.0,77.67617371978886,0.0,0.51010816357575,28.629853564410084,2808.7835852290227,298.15
1674.0,77.67478470228725,0.0,1.1653278469747668,28.120289582560464,3656.8858853044667,298.15
1675.0,77.67339568478563,0.0,0.1314411454630826,27.778552407584538,3525.2907514649087,298.15
1676.0,77.67200666728401,0.0,0.0,29.72454219613474,2844.792524714378,298.15
1677.0,77.67061764978239,0.0,2.8509012315602904,29.83066940276963,3174.891412870237,298.15
1678.0,77.66922863228076,0.0,3.612067126453411,31.078018514306887,3579.219795927172,298.15
1679.0,77.66783961477914,0.0,0.0,27.277247083098477,3357.896608784297,298.15
1680.0,77.66645059727753,0.0,0.023874867401543272,28.619967126846813,2874.768116873566,298.15
1681.0,77.66506157977591,1.0,115.61277986358657,43.53373241029074,2596.9661731100273,298.15
1682.0,77.66367256227429,0.0,0.0,29.868600851395474,3001.150941953491,298.15
1683.0,77.66228354477266,1.0,118.37783526221116,39.111778956367004,3087.852177586474,298.15
1684.0,77.66089452727104,0.0,1.5949017406230674,27.582562994396184,2656.0780352259835,298.15
1685.0,77.65950550976942,1.0,117.32693440450663,40.63124006286615,2876.792538718435,298.15
1686.0,77.65811649226781,1.0,113.12693153892705,41.76971334026838,2506.0853579539385,298.15
1687.0,77.65672747476619,0.0,0.0,31.495985254675233,2271.7209498785614,298.15
1688.0,77.65533845726456,0.0,2.135863352403521,29.199405716719376,2368.88447826569,298.15
1689.0,77.65394943976294,1.0,111.44496704491172,40.52329484317723,2208.808653453115,298.15
1690.0,77.65256042226132,0.0,2.8289827885382426,33.270397511229866,2547.2692246920165,298.15
1691.0,77.6511714047597,0.0,1.2418030616148907,32.06370991443832,3640.4638830230806,298.15
1692.0,77.64978238725809,0.0,3.1357203480313367,28.260972303861674,3621.267168277796,298.15
1693.0,77.64839336975646,0.0,0.0,24.647199049190615,4185.238096149311,298.15
1694.0,77.64700435225484,0.0,0.0,30.546814274891968,2699.4965141567814,298.15
1695.0,77.64561533475322,0.0,1.025316377452844,31.60428201759678,3322.086308987631,298.15
1696.0,77.6442263172516,0.0,3.036794083875446,27.71913526831343,3337.5011961461755,298.15
1697.0,77.64283729974997,0.0,2.2031011066892487,29.965181484353195,2994.7666574607238,298.15
1698.0,77.64144828224836,1.0,117.38981204455895,39.44757150285459,3168.7553532485135,298.15
1699.0,77.64005926474674,0.0,0.20670370291871767,30.213693865453347,3461.593571813847,298.15
1700.0,77.63867024724512,1.0,117.94593589982115,38.874193470269795,325.46552687904034,298.15
1701.0,77.6372812297435,0.0,0.0,32.66544453250751,317.40281742737915,298.15
1702.0,77.63589221224187,0.0,2.2761630643239346,30.298428160438245,3024.552853044466,298.15
1703.0,77.63450319474025,0.0,0.0,28.16655044545089,3237.7809510069446,298.15
1704.0,77.63311417723864,0.0,0.0,31.866659277583242,3867.8824978465536,298.15
1705.0,77.63172515973702,0.0,0.0,27.340871532133324,2654.377734224492,298.15
1706.0,77.6303361422354,1.0,116.45945381251937,42.58828905194798,2329.905072339468,298.15
1707.0,77.62894712473377,0.0,0.34882435611483015,31.957787338077335,2620.076492497996,298.15
1708.0,77.62755810723215,1.0,123.05963895578981,42.754180162508895,2703.8671074898693,298.15
1709.0,77.62616908973052,1.0,119.99647374619694,39.52328305781858,2431.3437027027394,298.15
1710.0,77.62478007222892,0.0,0.0,28.7899310110822,3463.069700618683,298.15
1711.0,77.62339105472729,0.0,2.0011237261089927,29.95030042450204,2331.9886829289344,298.15
1712.0,77.62200203722567,1.0,124.89937781129366,39.55979043268698,3064.9896271224966,298.15
1713.0,77.62061301972405,0.0,0.0,28.33923295873864,2015.3123660596602,298.15
1714.0,77.61922400222242,0.0,0.0,28.494494057052275,2907.137105168174,298.15
1715.0,77.6178349847208,1.0,122.57703127778544,38.828310408124224,2139.701242947775,298.15
1716.0,77.61644596721919,0.0,3.8640289732019597,27.110523130937747,3006.7989164172345,298.15
1717.0,77.61505694971757,1.0,120.4304177783211,40.869610957462946,2594.901245619065,298.15
1718.0,77.61366793221595,1.0,118.65762708254081,39.29631484951896,2573.879481965095,298.15
1719.0,77.61227891471432,0.0,1.5043216478393426,28.699522611768142,3384.3024590682508,298.15
1720.0,77.6108898972127,0.0,1.903737692529513,26.970910190673592,2600.1737649065876,298.15
1721.0,77.60950087971108,0.0,0.014607858448799717,26.792961344682336,3168.6590349651574,298.15
1722.0,77.60811186220947,0.0,0.0,33.11445907507503,2932.0549478557723,298.15
1723.0,77.60672284470785,0.0,2.369055071109203,27.735212213744695,2652.702593861989,298.15
1724.0,77.60533382720622,1.0,124.11067372089046,40.20851903050346,2572.2407346176055,298.15
1725.0,77.6039448097046,0.0,0.0,29.19433434295745,2632.7033319333473,298.15
1726.0,77.60255579220298,1.0,123.32504544504353,33.03041597518054,3459.1770284993554,298.15
1727.0,77.60116677470135,1.0,120.16819166548453,42.375779452689045,3036.4972233805565,298.15
1728.0,77.59977775719975,1.0,125.20496742602637,39.986306025345904,2585.202315582857,298.15
1729.0,77.59838873969812,1.0,123.13021902916684,36.88375315637295,3268.432305763142,298.15
1730.0,77.5969997221965,0.0,0.0,28.306468500614645,2818.9985766342616,298.15
1731.0,77.59561070469488,1.0,124.05019349893983,35.881292680294806,2587.485098896349,298.15
1732.0,77.59422168719325,1.0,124.41393647968665,41.919127378455116,918.5958192169096,298.15
1733.0,77.59283266969163,1.0,126.64113933694102,36.153478701446396,528.948559512854,298.15
1734.0,77.59144365219002,0.0,1.408242128553582,26.829993277816733,443.5478188899913,298.15
1735.0,77.5900546346884,1.0,124.52367372752558,36.281707799903,475.9752084006514,298.15
1736.0,77.58866561718678,1.0,126.91185250859122,37.831051194703306,557.8338314623342,298.15
1737.0,77.58727659968515,0.0,0.9547354478241397,30.369351616460154,178.74235508703435,298.15
1738.0,77.58588758218353,1.0,124.47327002803868,41.10458050788715,0.0,298.15
1739.0,77.58449856468191,1.0,125.39346854287601,36.44757984180778,598.5878202939349,298.15
1740.0,77.5831095471803,1.0,125.54002070155545,37.9170601937076,792.1286112437201,298.15
1741.0,77.58172052967868,1.0,127.30101046195905,37.16455623102376,149.4052238040057,298.15
1742.0,77.58033151217705,1.0,125.4284622833614,34.82348425962423,875.8534740031309,298.15
1743.0,77.57894249467543,0.0,0.0,31.713519585642608,0.0,298.15
1744.0,77.57755347717381,1.0,131.40906364795305,39.374320766597705,304.27933687705047,298.15
1745.0,77.57616445967219,1.0,129.16753356097342,36.79696392819028,1097.5475225816729,298.15
1746.0,77.57477544217058,0.0,0.0,29.521169577705432,624.6699840405364,298.15
1747.0,77.57338642466895,0.0,1.3602369146144906,28.599711428502047,394.0544960168537,298.15
1748.0,77.57199740716733,1.0,127.84931458706795,36.10372467573107,3285.6434969432316,298.15
1749.0,77.57060838966571,0.0,0.9328500986975687,26.445612947756295,3107.5891636803713,298.15
1750.0,77.56921937216408,1.0,128.32720848836863,38.73194243540302,2084.924502795049,298.15
1751.0,77.56783035466246,0.0,2.834261086098299,23.483132667590585,3058.2074046913604,298.15
1752.0,77.56644133716085,0.0,0.8234223084781241,28.72747730611616,3096.753751485321,298.15
1753.0,77.56505231965923,0.0,0.0,24.629913389719487,2776.8555501802084,298.15
1754.0,77.56366330215761,1.0,131.36385943875138,38.070958929284714,2574.319329592534,298.15
1755.0,77.56227428465598,1.0,129.66001735730802,34.730918122307855,3218.925781880629,298.15
1756.0,77.56088526715436,1.0,129.6181720310067,35.259141892345326,3243.9950221590443,298.15
1757.0,77.55949624965274,1.0,130.30259596332257,34.3077295547198,2538.0629613419883,298.15
1758.0,77.55810723215113,0.0,0.0,23.094363828091694,2870.140947939085,298.15
1759.0,77.5567182146495,1.0,130.0312438116754,33.44813991355704,3706.178507488089,298.15
1760.0,77.55532919714788,1.0,128.8405515397737,36.66719774193607,3666.5664689344744,298.15
1761.0,77.55394017964626,1.0,128.67883419851128,28.842044667573777,3055.7720001725284,298.15
1762.0,77.55255116214464,0.0,0.0,20.870491610380697,3060.2865381225283,298.15
1763.0,77.55116214464302,1.0,127.61549408551225,31.735899724019035,2938.6190541555297,298.15
1764.0,77.5497731271414,0.0,0.0,20.808622993503775,3640.546402496566,298.15
1765.0,77.54838410963978,1.0,130.98398715918174,35.95838262478503,2678.7149037628915,298.15
1766.0,77.54699509213816,1.0,131.87994308553317,35.235053226962954,1752.8566507340236,298.15
1767.0,77.54560607463654,1.0,131.2239401092874,33.655522068088615,2434.4980364916673,298.15
1768.0,77.54421705713492,1.0,126.49486070734166,30.908058593541117,3204.6111211578714,298.15
1769.0,77.54282803963329,1.0,136.0963458283132,34.77830163711035,3208.9552986665276,298.15
1770.0,77.54143902213168,1.0,135.1720739322989,28.52742821756797,2696.1307398548283,298.15
1771.0,77.54005000463006,1.0,133.8850204063054,36.026248334263,2747.4048688514918,298.15
1772.0,77.53866098712844,1.0,137.60773316037358,29.97166100934674,3851.2092388331744,298.15
1773.0,77.53727196962681,1.0,130.97569480649994,30.63112739556326,3380.333338145394,298.15
1774.0,77.53588295212519,1.0,138.04309195876016,30.069828227045512,2617.246211285296,298.15
1775.0,77.53449393462358,1.0,131.48877110253233,28.52229743941059,4011.8659644845343,298.15
1776.0,77.53310491712196,1.0,134.60022326916163,34.500791915503484,2234.3329068270273,298.15
1777.0,77.53171589962034,1.0,131.24034653225667,31.93265098524178,2957.5057859455446,298.15
1778.0,77.53032688211871,1.0,134.55458702779103,32.59326634444837,0.0,298.15
1779.0,77.52893786461709,1.0,135.68458359457404,27.32961817195923,998.5727685788365,298.15
1780.0,77.52754884711547,0.0,0.0,20.009226598437518,402.62831147067914,298.15
1781.0,77.52615982961385,1.0,136.9569993265564,30.487493989897146,634.5967010683665,298.15
1782.0,77.52477081211224,1.0,135.7387451725494,29.74448021268837,0.0,298.15
1783.0,77.52338179461061,1.0,134.50534059532532,26.55977573330103,2824.39853809043,298.15
1784.0,77.52199277710899,1.0,134.64714713568924,30.95324751781338,2838.917388888706,298.15
1785.0,77.52060375960737,1.0,138.17753228805742,28.752906471535805,3324.16594696702,298.15
1786.0,77.51921474210575,1.0,134.9365012832072,26.298379435427503,3716.3699053831256,298.15
1787.0,77.51782572460414,1.0,138.92372573352358,24.207281417024127,3480.4670032497556,298.15
1788.0,77.51643670710251,1.0,139.90504898629555,29.064609525648986,2984.8905129653645,298.15
1789.0,77.51504768960089,1.0,133.2658853035168,32.643665476161864,2250.5337374243663,298.15
1790.0,77.51365867209927,1.0,140.1904544630401,25.24813680063717,2707.6762611814793,298.15
1791.0,77.51226965459765,1.0,142.65024928237,27.46580728085248,3841.4189807194584,298.15
1792.0,77.51088063709602,1.0,138.5921174780681,29.17523186123144,2706.500667872502,298.15
1793.0,77.5094916195944,1.0,139.66956985799942,24.0218315289663,2581.052260159109,298.15
1794.0,77.50810260209279,1.0,140.96363822106156,25.419625162785536,2423.3010517201283,298.15
1795.0,77.50671358459117,1.0,138.08761491109397,24.39906567011464,2737.278918293238,298.15
1796.0,77.50532456708954,1.0,139.4292573640917,27.977038643113186,2972.2834397425395,298.15
1797.0,77.50393554958792,1.0,136.11513046514222,28.446255537785554,3546.710392897812,298.15
1798.0,77.5025465320863,1.0,139.82767259288022,25.7998657844443,2789.5890507428867,298.15
1799.0,77.50115751458469,1.0,140.93540283460842,23.495870140410087,2301.9647386258403,298.15
1800.0,77.49976849708307,1.0,141.2297312773002,24.084816729960625,3146.5007854535756,298.15
1801.0,77.49837947958144,1.0,142.78964123375218,23.46124321856195,3460.630389235053,298.15
1802.0,77.49699046207982,1.0,138.65669260433043,22.50896865742546,2724.872437122138,298.15
1803.0,77.4956014445782,1.0,139.48495060905532,24.08250539503412,2704.0621078601494,298.15
1804.0,77.49421242707658,1.0,145.52096233074235,25.246223390963756,3868.544965614702,298.15
1805.0,77.49282340957497,1.0,140.89791349922723,24.836403070983575,3029.685870516502,298.15
1806.0,77.49143439207334,1.0,141.98354245502318,23.57136022226667,3767.667487709948,298.15
1807.0,77.49004537457172,1.0,141.59806882808965,23.471907161932062,3331.2101682528355,298.15
1808.0,77.4886563570701,1.0,140.05065685135594,22.951448084684166,2560.2225277373473,298.15
1809.0,77.48726733956848,1.0,146.1265725467021,20.205337448966873,2952.827957995547,298.15
1810.0,77.48587832206685,1.0,141.25146223569737,22.98445813277175,3523.620687606744,298.15
1811.0,77.48448930456524,1.0,140.07279309144556,21.214795873723837,2568.599099872251,298.15
1812.0,77.48310028706362,1.0,141.9341325816686,19.40452145361439,2908.569946824164,298.15
1813.0,77.481711269562,1.0,138.48821438072807,22.724384057536966,153.00342971031603,298.15
1814.0,77.48032225206038,1.0,141.95433452590618,20.4634960204468,554.3649523920324,298.15
1815.0,77.47893323455875,1.0,141.4479116525941,21.96905315608176,445.21970163972014,298.15
1816.0,77.47754421705713,1.0,145.47344118795166,23.021593480303117,3881.38992042325,298.15
1817.0,77.47615519955552,1.0,142.64565973043082,19.07790159001907,3422.401813455937,298.15
1818.0,77.4747661820539,1.0,146.6122977716942,21.00553445185901,3627.0740597291096,298.15
1819.0,77.47337716455228,1.0,148.07559079101932,16.84751923577613,2940.5930025041257,298.15
1820.0,77.47198814705065,1.0,146.8509897668785,23.532263940725805,3063.189598950069,298.15
1821.0,77.47059912954903,1.0,144.72228651415236,17.3322496211434,2338.931068085645,298.15
1822.0,77.4692101120474,1.0,145.81661875536554,18.85487522372489,3332.404192643743,298.15
1823.0,77.4678210945458,1.0,142.09160650129633,22.46411032588699,3168.8189730300965,298.15
1824.0,77.46643207704417,1.0,145.64983496714865,18.993407565657677,4110.040765130167,298.15
1825.0,77.46504305954255,1.0,144.1617076490917,16.784904889190788,2147.603262682032,298.15
1826.0,77.46365404204093,1.0,148.10827181039085,20.516598371135675,2825.973559532754,298.15
1827.0,77.4622650245393,0.0,6.129447366967757,10.254512919084375,3575.789826004577,298.15
1828.0,77.46087600703768,1.0,148.1275619083071,17.304608268439583,2564.6948972923174,298.15
1829.0,77.45948698953607,1.0,142.43319224543262,17.315967100600147,2393.63110696065,298.15
1830.0,77.45809797203445,0.0,0.0,7.290216666671925,2867.3790745913084,298.15
1831.0,77.45670895453283,1.0,147.94685161585215,17.55316492956979,2071.1814913536045,298.15
1832.0,77.4553199370312,1.0,148.10092399669875,13.861204112636493,3307.407391953175,298.15
1833.0,77.45393091952958,1.0,146.38858621899846,17.193143730191874,3831.235454786022,298.15
1834.0,77.45254190202796,1.0,148.95012382225863,21.051465127804068,2657.717360572897,298.15
1835.0,77.45115288452635,1.0,145.64063783964156,15.31068434327396,2726.3405630906905,298.15
1836.0,77.44976386702473,1.0,146.5837938884219,15.756603261108388,2425.5106399507854,298.15
1837.0,77.4483748495231,1.0,150.6067578275284,14.318295370965991,2890.6591858487855,298.15
1838.0,77.44698583202148,0.0,0.0,7.833997343421508,3211.950419456418,298.15
1839.0,77.44559681451986,1.0,150.81381024182545,18.86175190717067,3024.3051567176753,298.15
1840.0,77.44420779701824,1.0,146.4990039572304,18.622763327290926,4441.682319374844,298.15
1841.0,77.44281877951663,1.0,154.19534393922663,13.414243623326161,3178.594854648388,298.15
1842.0,77.441429762015,1.0,148.37404559600142,16.83938965892323,2870.660758087926,298.15
1843.0,77.44004074451338,1.0,149.91267253148968,18.5847090682728,3087.3194557118777,298.15
1844.0,77.43865172701176,0.0,0.7876687205294235,6.49203829176091,2992.93608778417,298.15
1845.0,77.43726270951014,1.0,149.54885544155388,16.247081215010198,3450.8764395100648,298.15
1846.0,77.43587369200851,1.0,151.46076200901928,14.105506683081,535.350178088613,298.15
1847.0,77.4344846745069,1.0,152.7119755175232,15.359746694272149,344.37859136426573,298.15
1848.0,77.43309565700528,0.0,2.2886105453669328,7.287079930273945,3680.750263184288,298.15
1849.0,77.43170663950366,1.0,153.6673911340806,15.239667365306675,3277.311199684345,298.15
1850.0,77.43031762200204,1.0,151.59067059878151,11.813399291081831,2941.462985012849,298.15
1851.0,77.42892860450041,0.0,0.0,3.2855349545325843,2803.5591211604083,298.15
1852.0,77.42753958699879,0.0,5.596627691768021,6.56487224303812,3147.0636931477575,298.15
1853.0,77.42615056949718,0.0,2.2630607875956077,4.576729908365051,2961.436288172537,298.15
1854.0,77.42476155199556,0.0,0.0,3.9944176324451797,3212.8752104145888,298.15
1855.0,77.42337253449394,1.0,153.30955338606586,12.448842485153936,3149.632227996412,298.15
1856.0,77.42198351699231,0.0,0.0,5.898959775760344,2878.702288135717,298.15
1857.0,77.42059449949069,1.0,153.16757436806262,16.72950444627585,2381.3289237192553,298.15
1858.0,77.41920548198907,0.0,0.0,5.7584995925135924,3490.232769308524,298.15
1859.0,77.41781646448746,0.0,0.0,5.986353286943977,3246.6139418872062,298.15
1860.0,77.41642744698584,0.0,4.31593643078084,2.1233524263774477,2853.1822576827417,298.15
1861.0,77.41503842948421,1.0,155.68901585504028,11.693978813478346,3752.4948251263204,298.15
1862.0,77.41364941198259,1.0,148.57531761450537,12.270649074506663,3455.268909491376,298.15
1863.0,77.41226039448097,1.0,157.60854906865507,12.5426147560865,3469.783501606229,298.15
1864.0,77.41087137697934,0.0,2.5959850773386033,5.292787000058286,3068.8306763412024,298.15
1865.0,77.40948235947774,0.0,0.0,4.62011270120845,2527.833262771116,298.15
1866.0,77.40809334197611,1.0,157.0070184542002,13.201806045153342,2928.161636586227,298.15
1867.0,77.40670432447449,1.0,153.44351104778931,9.012476266090637,2865.9137709061674,298.15
1868.0,77.40531530697287,1.0,154.56173496411054,8.366508723870643,3086.904453505288,298.15
1869.0,77.40392628947124,0.0,3.5702079543629677,2.240516418064398,3490.748487000275,298.15
1870.0,77.40253727196962,0.0,0.0,3.4542757737873604,3185.3889858979246,298.15
1871.0,77.40114825446801,1.0,151.790485843824,11.365133061047388,2876.192280708005,298.15
1872.0,77.39975923696639,1.0,156.27831394065217,15.385418135243782,2818.0080452366947,298.15
1873.0,77.39837021946477,0.0,0.0,0.0,2266.206526852341,298.15
1874.0,77.39698120196314,0.0,2.8550501412069957,0.0,2926.8493537840945,298.15
1875.0,77.39559218446152,1.0,157.00471852091925,9.768836650088504,3382.127675753505,298.15
1876.0,77.3942031669599,0.0,0.0,0.0,3170.3836627148644,298.15
1877.0,77.39281414945829,1.0,159.81203682175186,12.0560944598408,2910.8484441854944,298.15
1878.0,77.39142513195667,1.0,157.78302343941454,10.015172543755996,482.4396567828802,298.15
1879.0,77.39003611445504,0.0,0.0,0.0,853.7640480833609,298.15
1880.0,77.38864709695342,0.0,2.751720991849899,2.576912839864221,813.5085833934615,298.15
1881.0,77.3872580794518,0.0,0.4613889768647407,0.0,747.7787150646479,298.15
1882.0,77.38586906195017,0.0,0.006970961851630635,0.0,670.3099139756689,298.15
1883.0,77.38448004444857,0.0,0.4238573932953842,0.0,2866.93621189028,298.15
1884.0,77.38309102694694,1.0,155.94150669628613,10.89934157814238,3314.015889361837,298.15
1885.0,77.38170200944532,1.0,157.39439568189368,10.798984252427386,2332.318950545744,298.15
1886.0,77.3803129919437,1.0,158.8171783364179,14.322275733300923,3597.1459914477437,298.15
1887.0,77.37892397444207,1.0,158.49994427336912,12.200402157199537,3656.114402222228,298.15
1888.0,77.37753495694045,0.0,3.03149375482675,3.2453603228256585,3333.3584225439376,298.15
1889.0,77.37614593943884,0.0,0.5179580192527747,0.8198734999270015,2653.6290632677456,298.15
1890.0,77.37475692193722,1.0,161.45317153472476,8.16550154751891,2594.000949746111,298.15
1891.0,77.3733679044356,1.0,159.5854510360281,10.414424568668203,3232.4848989871257,298.15
1892.0,77.37197888693397,0.0,2.5165518036336794,1.3427259364772246,2825.4675491496037,298.15
1893.0,77.37058986943235,1.0,160.7970227721908,11.54525125952598,3346.834125884256,298.15
1894.0,77.36920085193073,0.0,0.031973601179662296,0.0,2921.076338117073,298.15
1895.0,77.36781183442912,0.0,0.0,1.056489222500369,3146.3406011233333,298.15
1896.0,77.3664228169275,0.0,0.0,0.0,3071.241317702595,298.15
1897.0,77.36503379942587,1.0,161.6051246960413,7.860351648187171,3703.674818310711,298.15
1898.0,77.36364478192425,1.0,160.4329565766135,7.701239897518954,3195.7441666827085,298.15
1899.0,77.36225576442263,0.0,0.0,0.05274878282738943,2371.3681813312387,298.15
1900.0,77.360866746921,0.0,2.636087023417814,0.0,2667.5219638996264,298.15
1901.0,77.3594777294194,1.0,157.930557485145,9.123966784006514,3487.110578112572,298.15
1902.0,77.35808871191777,0.0,0.0,1.8735963408716527,2322.9015370147954,298.15
1903.0,77.35669969441615,1.0,163.59976876100035,7.889593294638605,3510.0777152988258,298.15
1904.0,77.35531067691453,0.0,0.7517168257336694,0.0,2984.584588533435,298.15
1905.0,77.3539216594129,1.0,161.270135200417,10.194291231058415,2578.335935739298,298.15
1906.0,77.35253264191128,0.0,0.5980027510976486,0.5768491805837335,3732.2142041040242,298.15
1907.0,77.35114362440967,0.0,0.4274448341509339,0.0,3725.8387891516045,298.15
1908.0,77.34975460690805,1.0,158.10248044461275,11.744602670496366,2907.099676805652,298.15
1909.0,77.34836558940643,1.0,160.98956852930823,11.370022565558724,2648.4604342907032,298.15
1910.0,77.3469765719048,1.0,165.7763688756627,12.540589624643479,2687.4519463296265,298.15
1911.0,77.34558755440318,0.0,0.0,0.054701019226992914,2885.2071290227746,298.15
1912.0,77.34419853690156,0.0,0.0,0.0,2314.251754183314,298.15
1913.0,77.34280951939995,0.0,0.0,0.0,24.21820840686115,298.15
1914.0,77.34142050189833,0.0,0.0,0.9958289649205742,0.0,298.15
1915.0,77.3400314843967,0.0,0.0,0.0,492.5909791844907,298.15
1916.0,77.33864246689508,0.0,1.1596360501963376,0.0,1214.1379499326717,298.15
1917.0,77.33725344939346,0.0,0.4700888357877154,0.0,0.0,298.15
1918.0,77.33586443189184,0.0,1.8429365423830342,0.0,435.4952810207658,298.15
1919.0,77.33447541439023,0.0,0.0,1.0744519334963096,3131.265126464623,298.15
1920.0,77.3330863968886,0.0,0.0,0.0,2520.1113726975736,298.15
1921.0,77.33169737938698,1.0,162.3639955764981,11.435009402829978,3835.20263115083,298.15
1922.0,77.33030836188536,0.0,1.085554818639075,2.285114523993532,2676.1338237932227,298.15
1923.0,77.32891934438373,0.0,0.0,0.0,2470.5464922128226,298.15
1924.0,77.32753032688211,0.0,2.181497070230492,5.025918319629679,3194.8958875031803,298.15
1925.0,77.3261413093805,1.0,166.00879262816017,11.178227651555261,3147.2473083787463,298.15
1926.0,77.32475229187888,0.0,0.0,0.0,2127.3465935318854,298.15
1927.0,77.32336327437726,0.0,0.0,0.74766342868616,2823.6734396466663,298.15
1928.0,77.32197425687563,0.0,0.0,1.5570951822001668,2342.009859466765,298.15
1929.0,77.32058523937401,1.0,169.69352408495723,12.457535787242456,3236.8352272260518,298.15
1930.0,77.31919622187239,0.0,0.0,1.1028313816927837,3302.3423378940333,298.15
1931.0,77.31780720437078,0.0,3.9968544552403533,0.0,2196.0468334223715,298.15
1932.0,77.31641818686916,0.0,0.0,0.0,2826.969978327032,298.15
1933.0,77.31502916936753,0.0,0.0,0.6196343904803367,3224.3511761438203,298.15
1934.0,77.31364015186591,0.0,0.0,0.9360305540015705,2905.6117120808326,298.15
1935.0,77.31225113436429,0.0,0.0,0.0,2981.8433575075796,298.15
1936.0,77.31086211686267,0.0,0.0,0.8204648783811921,2789.424166970054,298.15
1937.0,77.30947309936106,0.0,0.0,3.825892651932902,2897.2682150308274,298.15
1938.0,77.30808408185943,0.0,0.0,6.000816036710855,3182.787375054734,298.15
1939.0,77.30669506435781,1.0,166.60094502728205,14.289181680942022,3087.505777433241,298.15
1940.0,77.30530604685619,1.0,166.78414948304192,15.563766488622246,2886.8010498419194,298.15
1941.0,77.30391702935457,0.0,2.2616490210109284,5.018088682685532,3126.770482020369,298.15
1942.0,77.30252801185294,0.0,1.2483999750723829,4.869631776448723,3078.1236571382806,298.15
1943.0,77.30113899435133,0.0,0.22095548048987798,2.595369058076373,3309.1086254498164,298.15
1944.0,77.29974997684971,0.0,0.0,3.7335432683032965,2939.186456586687,298.15
1945.0,77.29836095934809,0.0,0.0,2.724552649119574,2981.2119524791783,298.15
1946.0,77.29697194184646,0.0,0.8648181876840031,3.2954719113198276,2454.015396635305,298.15
1947.0,77.29558292434484,0.0,0.0,4.046424872990232,3283.764065648861,298.15
1948.0,77.29419390684322,0.0,0.0,5.540306110488702,3382.4271408898435,298.15
1949.0,77.29280488934161,0.0,2.7467552462994855,5.103052248568896,819.8622813863076,298.15
1950.0,77.29141587183999,0.0,4.528196461119372,4.05892117025676,5.462064748375099,298.15
1951.0,77.29002685433836,0.0,0.9370049986752467,4.676098400576733,400.86677860548485,298.15
1952.0,77.28863783683674,0.0,2.636076020042751,5.627698608787063,956.1637179126071,298.15
1953.0,77.28724881933512,0.0,0.0,6.284217727568866,0.0,298.15
1954.0,77.28585980183351,1.0,160.79200946997696,11.940784054013038,1296.9498794897386,298.15
1955.0,77.28447078433189,0.0,1.4584667112002878,3.0314758998479614,570.9410469181436,298.15
1956.0,77.28308176683026,0.0,1.356301896034881,7.727286981417198,213.1606372784545,298.15
1957.0,77.28169274932864,0.0,0.17074656337396416,5.49555177163099,623.2732351034541,298.15
1958.0,77.28030373182702,0.0,0.0,4.929890702877795,888.4848443540936,298.15
1959.0,77.2789147143254,0.0,2.2924161384548998,5.449082246532544,210.8399699960571,298.15
1960.0,77.27752569682377,0.0,0.0,5.638181416438828,261.11321098155565,298.15
1961.0,77.27613667932216,0.0,0.0,7.528095956312583,587.260061205268,298.15
1962.0,77.27474766182054,0.0,0.0,4.278643596436641,662.1772360759785,298.15
1963.0,77.27335864431892,0.0,0.2024436180757264,6.8158696612595415,430.49544589877434,298.15
1964.0,77.2719696268173,0.0,0.0,7.4712869602032175,640.9231414271596,298.15
1965.0,77.27058060931567,0.0,0.0,7.981548606443643,798.9633607988924,298.15
1966.0,77.26919159181406,0.0,0.0,7.825005627022779,560.7026073456277,298.15
1967.0,77.26780257431244,0.0,0.0,8.63442172102031,257.8045435113645,298.15
1968.0,77.26641355681082,0.0,0.0,6.590016788110944,492.66664371732935,298.15
1969.0,77.2650245393092,0.0,0.207761310829543,6.0344860647064165,1115.1388495929905,298.15
1970.0,77.26363552180757,0.0,2.971635400801641,13.2684066874473,616.6608657269135,298.15
1971.0,77.26224650430595,0.0,0.32280107435356775,7.778242980951454,934.4038093069813,298.15
1972.0,77.26085748680433,0.0,3.6721166297035546,8.232070562269179,319.8481645068438,298.15
1973.0,77.25946846930272,0.0,3.178180575070531,10.228279682151,591.9923830924145,298.15
1974.0,77.2580794518011,0.0,1.852912879405325,12.34166174977086,778.2160514486527,298.15
1975.0,77.25669043429947,1.0,163.3601549262131,18.134289567651777,3830.6565637663184,298.15
1976.0,77.25530141679785,0.0,0.053605992579512325,7.413728523014369,3667.8211499731165,298.15
1977.0,77.25391239929623,0.0,1.819712819303764,7.130530389943493,2143.4259862266135,298.15
1978.0,77.25252338179462,1.0,162.04253329626226,23.211645740430594,3634.576745470153,298.15
1979.0,77.251134364293,1.0,158.41676112214526,17.99562537964042,3810.4845521441266,298.15
1980.0,77.24974534679137,0.0,1.1721738036533151,10.307791045959085,2397.628527326812,298.15
1981.0,77.24835632928975,1.0,160.0517302680641,18.569492156620672,2336.952188299935,298.15
1982.0,77.24696731178813,0.0,0.0,7.8215962982388305,3279.3500650031533,298.15
1983.0,77.2455782942865,0.0,0.0005335443313003222,10.437607710541874,3121.860277562254,298.15
1984.0,77.2441892767849,0.0,0.0,9.331385584557928,3199.014090144987,298.15
1985.0,77.24280025928327,0.0,0.0,10.068826050281878,2269.0794946147917,298.15
1986.0,77.24141124178165,0.0,0.3942749548195494,15.87417341465849,3046.338332148495,298.15
1987.0,77.24002222428003,0.0,2.3017769705101427,12.836387869405668,2360.732717403323,298.15
1988.0,77.2386332067784,0.0,0.0,14.114489782647844,2775.0140623505913,298.15
1989.0,77.23724418927678,1.0,165.05773568204137,24.12551264043113,3061.514935674907,298.15
1990.0,77.23585517177517,1.0,158.20806598090326,22.445018438751138,2841.951606362169,298.15
1991.0,77.23446615427355,0.0,5.044413506712547,11.97764881556334,2673.686315648195,298.15
1992.0,77.23307713677193,0.0,0.0,13.634512460050548,3339.1888068949975,298.15
1993.0,77.2316881192703,0.0,0.34692484263845214,13.702148119415172,2867.904055526784,298.15
1994.0,77.23029910176868,1.0,156.9894116873318,22.412738770410822,2696.071008979958,298.15
1995.0,77.22891008426706,0.0,0.0,14.091489792941676,1863.0334714812761,298.15
1996.0,77.22752106676545,1.0,161.8132326830228,22.59826334475708,3525.137253635717,298.15
1997.0,77.22613204926382,0.0,0.0,13.939025097895652,3046.1606379873374,298.15
1998.0,77.2247430317622,0.0,0.0,13.835857343626554,3250.537265776021,298.15
1999.0,77.22335401426058,0.0,0.0,12.141818572531346,2690.201349878468,298.15
2000.0,77.22196499675896,0.0,2.693420260876671,10.140504293232349,2839.0615439767535,298.15
2001.0,77.22057597925733,0.0,0.07339638019050042,13.294705142533418,3774.9797595993814,298.15
2002.0,77.21918696175572,1.0,164.19950381300708,29.199978453106688,3184.3099438357235,298.15
2003.0,77.2177979442541,0.0,0.0,15.066530395957212,3432.9002913453637,298.15
2004.0,77.21640892675248,0.0,0.0,17.545669023266488,2907.7508101616672,298.15
2005.0,77.21501990925086,1.0,162.0712040582436,21.78597305775748,557.6242838700524,298.15
2006.0,77.21363089174923,0.0,0.0,14.327646773009167,770.8596062414108,298.15
2007.0,77.21224187424761,1.0,156.958921095595,23.84648529240621,459.65571544604916,298.15
2008.0,77.210852856746,0.0,2.614700270445695,16.461874352986385,316.88963161976767,298.15
2009.0,77.20946383924438,0.0,0.0,22.11934164911073,693.9194598607378,298.15
2010.0,77.20807482174276,0.0,0.0,18.297762687708417,153.923870712861,298.15
2011.0,77.20668580424113,0.0,4.45166783283238,21.08351640862012,804.01215765437,298.15
2012.0,77.20529678673951,1.0,155.79602073286713,27.284836696989597,347.4399535764586,298.15
2013.0,77.20390776923789,0.0,0.4386547908800902,20.8627922232359,0.0,298.15
2014.0,77.20251875173628,0.0,0.16459184117776576,22.55726308451988,340.7182970194843,298.15
2015.0,77.20112973423466,0.0,0.0,18.27563080039282,479.99153869740604,298.15
2016.0,77.19974071673303,0.0,0.0,17.6157680404342,693.5159873624716,298.15
2017.0,77.19835169923141,1.0,159.39942568960362,26.234375773971845,3386.9530692273215,298.15
2018.0,77.19696268172979,0.0,0.8441234821981887,18.5460848228148,3009.1123786850685,298.15
2019.0,77.19557366422816,1.0,160.155256219484,29.579873173283822,3303.71437568663,298.15
2020.0,77.19418464672655,1.0,156.91229811670564,33.832935160667475,2611.032992379122,298.15
2021.0,77.19279562922493,1.0,159.36383448142132,27.18224191651181,2921.4140423854406,298.15
2022.0,77.19140661172331,1.0,155.85295677826366,30.204381099151888,2608.2997896445795,298.15
2023.0,77.19001759422169,0.0,0.0,16.55221655616486,3048.1380836769154,298.15
2024.0,77.18862857672006,0.0,0.0,19.63981274718364,4169.2530158478385,298.15
2025.0,77.18723955921844,0.0,0.0,21.38385955660141,3852.3368523630247,298.15
2026.0,77.18585054171683,1.0,159.19720568618854,32.016651797884094,2233.2380856485665,298.15
2027.0,77.18446152421521,1.0,153.00304437973148,32.390138822018,3269.842730963934,298.15
2028.0,77.18307250671359,0.0,0.6528831368641889,22.20806463478161,2533.767306438247,298.15
2029.0,77.18168348921196,1.0,155.61147285455726,32.798733709582095,2575.9534303106557,298.15
2030.0,77.18029447171034,0.0,0.0,21.904393499574468,3339.851121351502,298.15
2031.0,77.17890545420872,1.0,159.12020748981493,29.853162798882117,3036.180598192394,298.15
2032.0,77.17751643670711,1.0,154.63756433311696,28.399204487149216,2285.385673238902,298.15
2033.0,77.17612741920549,1.0,156.9480930855655,31.301957289743648,3420.4401493351124,298.15
2034.0,77.17473840170386,1.0,155.38766846464682,32.35739107914096,2602.3392139997295,298.15
2035.0,77.17334938420224,0.0,0.0,25.429169727827276,2618.8002955413162,298.15
2036.0,77.17196036670062,0.0,5.479555573444732,22.82947316608893,2691.06420670039,298.15
2037.0,77.170571349199,0.0,0.0,22.82906319758447,2350.898266847719,298.15
2038.0,77.16918233169739,0.0,3.0712888529147566,24.228078123834024,3555.3282436139107,298.15
2039.0,77.16779331419576,0.0,1.563854147535897,23.067004004363397,2572.859114691612,298.15
2040.0,77.16640429669414,1.0,152.96440295477058,35.492049015914304,2320.60976417599,298.15
2041.0,77.16501527919252,1.0,157.78451388190376,38.09729273447764,3138.7219891086907,298.15
2042.0,77.1636262616909,1.0,149.29410040147715,38.7216349018512,3015.544654828835,298.15
2043.0,77.16223724418927,0.0,0.0,24.57920844516069,2839.7085116484027,298.15
2044.0,77.16084822668766,1.0,150.40225183697495,35.25766645407587,2853.107060856289,298.15
2045.0,77.15945920918604,1.0,154.05310404006738,38.00498242115431,2006.3572087849861,298.15
2046.0,77.15807019168442,0.0,0.0,24.60972869512417,2899.8285125492484,298.15
2047.0,77.1566811741828,1.0,153.67869118713912,36.49897723894574,546.7273061058368,298.15
2048.0,77.15529215668117,1.0,151.9884732616584,32.921998772740814,379.93472659829513,298.15
2049.0,77.15390313917955,0.0,0.0,24.796233479644506,358.42856984687666,298.15
2050.0,77.15251412167794,1.0,152.9259316399188,37.99611935416452,246.86561793874128,298.15
2051.0,77.15112510417632,1.0,151.14171318403422,34.28749049076194,73.10892565067553,298.15
2052.0,77.1497360866747,0.0,0.0,25.669866595431905,276.96873946315793,298.15
2053.0,77.14834706917307,1.0,158.01534229004127,32.84080830346334,730.31615000458,298.15
2054.0,77.14695805167145,1.0,149.95845463037486,40.397291958349854,347.97174141340764,298.15
2055.0,77.14556903416982,1.0,145.61243489760008,39.01658138904241,558.465553875996,298.15
2056.0,77.14418001666822,1.0,148.66498842520593,36.946472578272186,891.2807355715366,298.15
2057.0,77.14279099916659,1.0,147.42632627139557,37.75541002957697,710.086838093902,298.15
2058.0,77.14140198166497,1.0,152.18695151309754,37.67058792111585,52.971397079252995,298.15
2059.0,77.14001296416335,1.0,150.7570595725957,39.85643718759829,656.9020137016021,298.15
2060.0,77.13862394666172,0.0,0.9499122975560995,26.062972087308093,866.9557544900697,298.15
2061.0,77.1372349291601,1.0,148.64999029538447,38.785734447675146,296.0794279833865,298.15
2062.0,77.13584591165849,1.0,148.63483679133924,39.63306889998677,0.0,298.15
2063.0,77.13445689415687,1.0,148.18445502205455,40.04900915320697,345.6423731871762,298.15
2064.0,77.13306787665525,0.0,0.0,22.99513398726253,565.8682196708844,298.15
2065.0,77.13167885915362,1.0,150.59096880133512,36.55099090014152,2838.6599280940964,298.15
2066.0,77.130289841652,1.0,149.1664111449583,35.804655719068265,2509.9216940236593,298.15
2067.0,77.12890082415038,1.0,149.32120262108845,38.33864954161995,1913.474953513678,298.15
2068.0,77.12751180664877,1.0,149.08297236836853,33.97776440806561,2059.5019751620252,298.15
2069.0,77.12612278914715,1.0,149.76216105198554,34.02848499098892,3287.979353043097,298.15
2070.0,77.12473377164552,1.0,148.10291019642963,42.850362715479385,3468.0959185581055,298.15
2071.0,77.1233447541439,1.0,148.03191568952087,39.74708609241055,2641.7835292258205,298.15
2072.0,77.12195573664228,1.0,149.76903152349354,38.822513965386946,3279.8196682474404,298.15
2073.0,77.12056671914065,1.0,145.11134959404868,39.42270663518555,2628.876553217993,298.15
2074.0,77.11917770163905,1.0,144.41531396805922,39.06878439451242,2776.5711547746173,298.15
2075.0,77.11778868413742,1.0,143.38626119362385,40.91956903910845,2047.4901415723484,298.15
2076.0,77.1163996666358,1.0,146.4043416274601,37.6394788387634,3124.4046397661514,298.15
2077.0,77.11501064913418,1.0,141.30838333244571,39.417365661301154,2614.3412909129324,298.15
2078.0,77.11362163163255,1.0,146.58147872991256,39.583257603100925,3532.505813221816,298.15
2079.0,77.11223261413093,1.0,144.97529098406292,37.0275800723477,2353.67319496289,298.15
2080.0,77.11084359662932,0.0,2.703219458506699,31.90518254483521,4076.1884848508225,298.15
2081.0,77.1094545791277,0.0,0.0,28.415747426782424,3372.0004043529984,298.15
2082.0,77.10806556162608,1.0,144.01275641960538,41.50726514751288,2415.0057146194495,298.15
2083.0,77.10667654412445,1.0,146.9236242364665,39.70586885816918,3112.1165701371474,298.15
2084.0,77.10528752662283,1.0,147.2976979146373,42.90512525295124,2533.9860418074763,298.15
2085.0,77.10389850912121,1.0,142.13399989216848,37.43317250837465,3341.9252591976747,298.15
2086.0,77.1025094916196,1.0,143.93907691937275,37.39671569136673,2798.2249710201763,298.15
2087.0,77.10112047411798,1.0,143.9586114807786,37.81640354984517,3454.7416999775523,298.15
2088.0,77.09973145661635,1.0,143.89820720861974,40.009810916354574,3327.5631736056253,298.15
2089.0,77.09834243911473,1.0,142.13291890209183,42.96262670070689,2063.6769164632824,298.15
2090.0,77.09695342161311,1.0,145.56151172662555,43.108013603805276,3360.490290407259,298.15
2091.0,77.09556440411149,1.0,137.75648027550085,35.07599198621254,3403.777389826107,298.15
2092.0,77.09417538660988,1.0,141.00494758632726,40.397828228310644,3149.940543428975,298.15
2093.0,77.09278636910825,1.0,142.82488816273963,33.26871521202063,3260.765674867894,298.15
2094.0,77.09139735160663,1.0,142.5962865556057,41.5766424043119,3088.713169882553,298.15
2095.0,77.09000833410501,1.0,144.47894025159016,42.26485053185717,475.2135682382929,298.15
2096.0,77.08861931660338,1.0,143.85972472100156,39.88722197275009,714.2787942351865,298.15
2097.0,77.08723029910176,1.0,140.07357030104492,40.15692560339602,20.892824313431902,298.15
2098.0,77.08584128160015,1.0,143.5994930055319,40.144799087727826,490.89622473242406,298.15
2099.0,77.08445226409853,1.0,138.55015588776362,38.37682425480434,902.8408878166857,298.15
2100.0,77.08306324659691,1.0,142.21779027054856,40.89227190184686,994.2461354440736,298.15
2101.0,77.08167422909528,1.0,144.06215184149505,39.51986343047454,560.6087023482718,298.15
2102.0,77.08028521159366,1.0,142.39192241099707,41.91537354759365,465.277021535076,298.15
2103.0,77.07889619409204,1.0,139.49813416254418,39.748498084398236,979.1664284061133,298.15
2104.0,77.07750717659043,1.0,138.2045388220192,38.19079372429158,464.64892054667143,298.15
2105.0,77.07611815908881,1.0,135.10214861565242,36.77935526682471,900.8810219422548,298.15
2106.0,77.07472914158718,1.0,139.23287189949522,36.08068363340791,462.6472083615908,298.15
2107.0,77.07334012408556,1.0,135.58533682894503,42.62217669995278,514.0098632397189,298.15
2108.0,77.07195110658394,1.0,136.1021301038904,38.935537748002446,113.06236528548692,298.15
2109.0,77.07056208908232,1.0,134.9045111848426,40.55013755750786,62.42744801320055,298.15
2110.0,77.0691730715807,1.0,136.39445634304508,43.50099711295682,842.5987184062153,298.15
2111.0,77.06778405407908,1.0,137.17487272797337,38.61340671794834,1103.4330145007812,298.15
2112.0,77.06639503657746,1.0,137.64387475539647,38.43740576034179,537.0267692306278,298.15
2113.0,77.06500601907584,1.0,135.3121507598563,39.41518339672691,441.7899166901492,298.15
2114.0,77.06361700157422,1.0,139.04151955318676,39.69958446044928,858.1894922581209,298.15
2115.0,77.06222798407259,1.0,135.7495347532433,43.48683780970691,618.1651522929636,298.15
2116.0,77.06083896657098,1.0,134.12084277706708,42.76506661150066,0.0,298.15
2117.0,77.05944994906936,1.0,136.28909566717928,40.75161878000312,848.0427554999965,298.15
2118.0,77.05806093156774,1.0,140.18090988942748,42.40012881770489,31.73715037962876,298.15
2119.0,77.05667191406611,1.0,136.05472626768758,38.96854292581389,495.89484679863443,298.15
2120.0,77.05528289656449,1.0,134.1456349565394,39.88417658412926,345.36537704352685,298.15
2121.0,77.05389387906288,1.0,131.12546579497175,38.56809634783979,275.60352019832374,298.15
2122.0,77.05250486156126,0.0,0.0,26.446211253207593,516.4403032510588,298.15
2123.0,77.05111584405964,1.0,134.83490093045637,41.51989120192179,813.001154026331,298.15
2124.0,77.04972682655801,0.0,0.0,30.04558980129801,3393.405744296208,298.15
2125.0,77.04833780905639,1.0,129.8206515343619,38.8955481796844,3897.020454516291,298.15
2126.0,77.04694879155477,1.0,131.5194969627031,38.76121870633876,3431.110035182892,298.15
2127.0,77.04555977405315,1.0,136.7695749008446,35.55792615431176,3893.738902283477,298.15
2128.0,77.04417075655154,1.0,136.479668906703,36.55210908452409,3050.788608134531,298.15
2129.0,77.04278173904991,1.0,130.71064975889428,39.16519243856526,2370.6588254795533,298.15
2130.0,77.04139272154829,1.0,134.1863998265414,37.27150036663096,3124.033492886952,298.15
2131.0,77.04000370404667,1.0,129.5370888521707,37.80650384891776,3364.7732266720054,298.15
2132.0,77.03861468654505,1.0,135.45291022206783,37.92829161936176,3148.3078720880258,298.15
2133.0,77.03722566904344,1.0,132.45455143436092,36.61891087749881,2561.388101078168,298.15
2134.0,77.03583665154181,1.0,133.89674183023203,35.91058663287612,2662.197341856107,298.15
2135.0,77.03444763404019,0.0,0.0,24.457098109985807,2616.4595422733964,298.15
2136.0,77.03305861653857,1.0,132.77944552047637,37.362087306225064,2652.5882299708323,298.15
2137.0,77.03166959903695,1.0,130.91353806290726,38.81568264272374,2691.6998398725946,298.15
2138.0,77.03028058153532,1.0,132.72930216668468,34.00906034350423,2624.0964110478803,298.15
2139.0,77.0288915640337,0.0,2.179624451858431,27.222542469534798,3528.4800126490745,298.15
2140.0,77.02750254653209,1.0,130.3950491318109,37.71633636808538,2488.8913808725206,298.15
2141.0,77.02611352903047,1.0,128.57781594473187,34.94995378730249,3482.772753955301,298.15
2142.0,77.02472451152885,1.0,131.63888218275883,39.79168162242948,2922.4415520332636,298.15
2143.0,77.02333549402722,1.0,129.41113868140351,35.9092395852902,3315.7743995318683,298.15
2144.0,77.0219464765256,1.0,127.24939141340127,36.34840986703255,2942.583058693425,298.15
2145.0,77.02055745902399,0.0,0.0,26.072769318042297,2668.8277336282927,298.15
2146.0,77.01916844152237,1.0,125.36162856155205,32.59173764991273,3669.752921405421,298.15
2147.0,77.01777942402074,1.0,127.4430397717342,38.17940751209875,2789.8508911574627,298.15
2148.0,77.01639040651912,1.0,131.06501767389145,33.95961367533464,2661.9578225929017,298.15
2149.0,77.0150013890175,0.0,0.42367015268537817,25.28304160118056,2862.6609304405647,298.15
2150.0,77.01361237151588,1.0,126.73785628039857,36.84187846506929,3701.285964009085,298.15
2151.0,77.01222335401425,1.0,129.70053299881567,38.45816290058828,3221.785675276319,298.15
2152.0,77.01083433651264,1.0,125.58401997116967,33.03614655221726,2858.0975407101023,298.15
2153.0,77.00944531901102,0.0,0.22716701785683055,24.172372276939303,3221.2623468672714,298.15
2154.0,77.0080563015094,1.0,126.71219699722015,37.776932485319634,3697.118141285313,298.15
2155.0,77.00666728400778,1.0,128.78490093110207,35.70014861506268,2738.7294688111165,298.15
2156.0,77.00527826650615,1.0,122.96093910918606,35.948571612596055,2545.99326788507,298.15
2157.0,77.00388924900454,1.0,124.48444748078691,32.206106270406394,3041.0540593393143,298.15
2158.0,77.00250023150292,1.0,122.3998401840352,33.40983588562611,2888.00509470067,298.15
2159.0,77.0011112140013,0.0,0.0,23.659412405666437,3541.5867049384083,298.15
2160.0,76.99972219649968,1.0,128.77931631080114,32.04363741647879,2179.55310068615,298.15
2161.0,76.99833317899805,1.0,124.48640158552239,30.163991448770204,3294.5681063877873,298.15
2162.0,76.99694416149643,1.0,124.27294359744322,32.376125776233714,3230.819241073659,298.15
2163.0,76.99555514399482,0.0,2.0768376307313603,26.034455343224153,3257.2767634521015,298.15
2164.0,76.9941661264932,1.0,127.63821644311855,33.15970471155913,3353.349649140377,298.15
2165.0,76.99277710899158,0.0,0.0,25.677934190441597,2178.197673232111,298.15
2166.0,76.99138809148995,1.0,126.33312140343584,33.00563094435111,3427.735325482739,298.15
2167.0,76.98999907398833,1.0,121.94322789589451,30.851342439461842,2588.3465943809924,298.15
2168.0,76.9886100564867,0.0,3.2829514368106887,24.866954334984875,2945.683730095556,298.15
2169.0,76.9872210389851,1.0,129.24769506112648,32.45779389094462,3960.163694238738,298.15
2170.0,76.98583202148347,0.0,1.241769232157602,23.7978358680788,2871.0680722056422,298.15
2171.0,76.98444300398185,1.0,118.789166173232,29.391011488972666,3302.1196334185756,298.15
2172.0,76.98305398648023,1.0,122.24091519304142,33.53364473428857,3090.895625299834,298.15
2173.0,76.9816649689786,0.0,1.4600241243659975,23.381951157659717,3013.3680472876854,298.15
2174.0,76.98027595147698,1.0,122.20391873623367,31.556124118440895,2715.7259509957526,298.15
2175.0,76.97888693397537,0.0,3.030946200344763,19.072463078120286,2982.3351699528775,298.15
2176.0,76.97749791647375,1.0,124.25390946314819,30.426774857443913,3504.5369477172662,298.15
2177.0,76.97610889897213,0.0,0.0,21.56557089637889,3853.589811299522,298.15
2178.0,76.9747198814705,0.0,0.07686921611824646,20.565890283774138,2628.6409822055057,298.15
2179.0,76.97333086396888,1.0,120.2041592326779,31.101110243346458,2329.2771530604596,298.15
2180.0,76.97194184646726,1.0,121.72952531072129,31.72741724438607,3249.115300013117,298.15
2181.0,76.97055282896565,1.0,120.67604507790236,28.07036171213565,2821.319512639874,298.15
2182.0,76.96916381146403,1.0,124.63092691864435,26.797496404378123,3125.3816486891765,298.15
2183.0,76.9677747939624,1.0,126.71018283986857,28.880508608348137,1262.269647211229,298.15
2184.0,76.96638577646078,0.0,0.0,18.048818048927103,0.0,298.15
2185.0,76.96499675895916,0.0,0.0,20.125908572141544,415.77211298507655,298.15
2186.0,76.96360774145754,0.0,0.0,16.051319634470026,799.5418590594222,298.15
2187.0,76.96221872395593,0.0,0.0,20.150787596587904,183.13928154174994,298.15
2188.0,76.9608297064543,0.0,0.11009671728542895,20.608435414091698,756.7648206102867,298.15
2189.0,76.95944068895268,0.0,1.7843009338892843,17.579566820141395,0.0,298.15
2190.0,76.95805167145106,1.0,124.14330668676499,27.472049549235575,589.5151936808181,298.15
2191.0,76.95666265394944,0.0,0.47981195267746835,15.527113571613862,592.0663131370466,298.15
2192.0,76.95527363644781,0.0,0.0,15.758398819492381,664.1800701226892,298.15
2193.0,76.9538846189462,0.0,0.0,15.80204324179416,146.84026392872255,298.15
2194.0,76.95249560144458,1.0,120.07227496484012,29.39396805109982,0.0,298.15
2195.0,76.95110658394296,1.0,120.04174452136049,26.028340169170654,754.3062750240288,298.15
2196.0,76.94971756644134,0.0,1.5222810321177243,13.209122169039874,0.0,298.15
2197.0,76.94832854893971,0.0,0.0,16.23437635551725,229.98188406114105,298.15
2198.0,76.94693953143809,0.0,0.0,17.178980660414364,3464.1853333406893,298.15
2199.0,76.94555051393648,1.0,115.82092864896525,25.18308822393686,2727.5289873938063,298.15
2200.0,76.94416149643486,0.0,0.0,18.036646518665325,3624.0542283083896,298.15
2201.0,76.94277247893324,1.0,116.44993246679195,26.37138546909214,3641.8670445284074,298.15
2202.0,76.94138346143161,0.0,0.0,12.360444955628433,2708.3691771022272,298.15
2203.0,76.93999444392999,1.0,119.6509164997517,23.15367330988202,3043.280060939695,298.15
2204.0,76.93860542642837,0.0,0.0,14.525718415760336,3056.5362497566425,298.15
2205.0,76.93721640892676,0.0,0.0,10.379347251931419,3870.649211934613,298.15
2206.0,76.93582739142514,1.0,116.15760540351546,24.283574845946276,2834.316295008399,298.15
2207.0,76.93443837392351,0.0,0.0,9.71305543167336,2995.2992011995593,298.15
2208.0,76.93304935642189,1.0,121.87762183664641,25.23528682941606,2682.9910718181663,298.15
2209.0,76.93166033892027,0.0,0.0,14.761681816484423,3103.61260171918,298.15
2210.0,76.93027132141864,0.0,0.0,13.696791314984209,2807.683780791136,298.15
2211.0,76.92888230391704,0.0,0.0,11.02412304682073,3552.332652334402,298.15
2212.0,76.92749328641541,1.0,120.19085732932653,22.541064304457077,2496.851538382823,298.15
2213.0,76.92610426891379,0.0,0.341711905174281,10.897115358883635,3428.575787998114,298.15
2214.0,76.92471525141217,0.0,0.0,9.597308913937024,3607.529504933211,298.15
2215.0,76.92332623391054,1.0,116.65960332705205,20.798187920979803,2977.915431895897,298.15
2216.0,76.92193721640892,0.0,3.9981754746274545,12.712863109710181,3371.744226884684,298.15
2217.0,76.92054819890731,1.0,117.24501570824944,21.132461696111104,2951.0489416926544,298.15
2218.0,76.91915918140569,0.0,0.0,13.813535902608722,3238.518765775857,298.15
2219.0,76.91777016390407,1.0,115.01076623947053,22.172150047652416,2331.0230966906247,298.15
2220.0,76.91638114640244,0.0,0.0,11.726161412894362,3257.7619553409827,298.15
2221.0,76.91499212890082,0.0,0.0,6.815825908812535,2290.634644087063,298.15
2222.0,76.9136031113992,1.0,117.79978323481404,19.32955076019786,2876.479730604015,298.15
2223.0,76.91221409389759,1.0,119.57265374588063,17.497977255745212,2894.7521059785536,298.15
2224.0,76.91082507639597,1.0,111.52717356388682,19.099891869084942,3108.6792203289297,298.15
2225.0,76.90943605889434,0.0,0.0,7.826849473948391,2992.2492798166672,298.15
2226.0,76.90804704139272,0.0,0.0,8.262328143982133,2651.332014034177,298.15
2227.0,76.9066580238911,0.0,0.0,11.020550779446497,3147.6071030267403,298.15
2228.0,76.90526900638947,0.0,0.0,9.595581822382035,1194.5058236577665,298.15
2229.0,76.90387998888787,0.0,0.0,10.482468774728726,508.59260660641354,298.15
2230.0,76.90249097138624,0.0,0.9722674137350775,4.881767655809157,808.5928919525685,298.15
2231.0,76.90110195388462,1.0,114.32144344149712,18.100877895152053,496.8986629743149,298.15
2232.0,76.899712936383,0.0,2.225542896165083,9.771730869468254,849.3021978835675,298.15
2233.0,76.89832391888137,0.0,1.0326776640409001,10.681410474635282,0.0,298.15
2234.0,76.89693490137975,0.0,0.0,4.164709408678228,253.15649324347265,298.15
2235.0,76.89554588387814,0.0,3.8140791615483796,6.436056924965408,317.23624321706325,298.15
2236.0,76.89415686637652,0.0,3.7080794137143194,9.100191391716344,314.40279563853636,298.15
2237.0,76.8927678488749,0.0,2.2225741592755277,6.367246943122786,681.6716192226824,298.15
2238.0,76.89137883137327,1.0,108.9976942903954,14.687050876401726,705.659859839911,298.15
2239.0,76.88998981387165,0.0,3.7617537084433375,3.1713025469075244,474.0627964391594,298.15
2240.0,76.88860079637003,0.0,1.8934704145280565,4.222395691839658,482.73349622656883,298.15
2241.0,76.88721177886842,1.0,120.8866759903336,12.50298707884512,1354.8113555044433,298.15
2242.0,76.8858227613668,0.0,2.9481943599494262,5.927223298672861,613.6917992803725,298.15
2243.0,76.88443374386517,0.0,3.7603184858374954,7.473900522274711,0.0,298.15
2244.0,76.88304472636355,0.0,2.0933490064674096,2.832392138180942,769.7388559177941,298.15
2245.0,76.88165570886193,0.0,3.2131906707558078,5.7909684679466595,695.9577700695893,298.15
2246.0,76.8802666913603,1.0,120.77194709696583,16.827372012672175,906.0710755133865,298.15
2247.0,76.8788776738587,0.0,0.5159302840435741,4.8992145869915005,709.5944094536413,298.15
2248.0,76.87748865635707,0.0,0.0,1.4027269248527698,183.10148530034104,298.15
2249.0,76.87609963885545,0.0,0.0,5.3595501180760765,811.732170982953,298.15
2250.0,76.87471062135383,0.0,0.9290248985458616,4.280451143217302,534.7828121294829,298.15
2251.0,76.8733216038522,0.0,0.17841573435662736,3.904633610768062,866.4285443250183,298.15
2252.0,76.87193258635058,0.0,0.0,2.9352390146172325,1042.1656872102226,298.15
2253.0,76.87054356884897,0.0,0.0,4.084910328032793,457.3152356520272,298.15
2254.0,76.86915455134735,0.0,0.0,4.802052043723986,806.7558346447721,298.15
2255.0,76.86776553384573,0.0,1.9243970447061531,8.535026039577795,2877.860641455665,298.15
2256.0,76.8663765163441,0.0,3.765076455736921,3.6744751019316317,3500.4937746726873,298.15
2257.0,76.86498749884248,0.0,2.183674173388864,6.416848794906824,4156.930136609692,298.15
2258.0,76.86359848134086,0.0,2.5192649428128493,3.8871015710549095,3791.1117506798464,298.15
2259.0,76.86220946383925,0.0,0.0,2.799019814383169,2796.7021947364437,298.15
2260.0,76.86082044633763,0.0,0.0,3.1717708171138845,2811.470335479637,298.15
2261.0,76.859431428836,0.0,0.0,0.20260616045091506,3192.5466411527304,298.15
2262.0,76.85804241133438,0.0,0.0,3.2259592528933743,3786.720289332451,298.15
2263.0,76.85665339383276,0.0,0.0,0.0,3096.2970352573493,298.15
2264.0,76.85526437633114,0.0,0.13030764249163096,0.5520775581375401,3309.5576845887513,298.15
2265.0,76.85387535882953,0.0,1.0516593809472436,2.437426935145389,3738.23798731968,298.15
2266.0,76.8524863413279,0.0,2.0322638592896385,4.5566540673388385,2632.527053111921,298.15
2267.0,76.85109732382628,0.0,0.0,4.92741596766771,2558.191692627095,298.15
2268.0,76.84970830632466,0.0,0.0,1.3664930631619612,3704.241426571422,298.15
2269.0,76.84831928882303,0.0,0.0,2.0653601789064937,2617.349937206501,298.15
2270.0,76.84693027132141,0.0,0.10413772381348739,3.669433530323598,3797.6702024443157,298.15
2271.0,76.8455412538198,0.0,2.9132756148480303,0.0,2624.2655187748537,298.15
2272.0,76.84415223631818,0.0,0.0,2.264147343903453,3081.0040956234,298.15
2273.0,76.84276321881656,0.0,1.2211082600418433,0.0,2650.8548315635435,298.15
2274.0,76.84137420131493,1.0,117.44512330941929,10.878543702955694,3042.773333050648,298.15
2275.0,76.83998518381331,0.0,0.10459071315473742,0.19307395700347663,2492.003098427006,298.15
2276.0,76.83859616631169,0.0,2.216946732944186,1.9531734627844521,3031.7854844541594,298.15
2277.0,76.83720714881008,0.0,0.0,2.1057357052585566,2766.3178197287207,298.15
2278.0,76.83581813130846,0.0,0.0,2.7285160802111608,2065.497762645976,298.15
2279.0,76.83442911380683,0.0,0.0,1.5283950110112041,3272.1950817852876,298.15
2280.0,76.83304009630521,0.0,0.0,1.088935167910252,3275.7092046751955,298.15
2281.0,76.83165107880359,0.0,1.2103125869436262,4.4950973033390005,2129.8827968752425,298.15
2282.0,76.83026206130197,0.0,0.0,0.0,3723.0954694976085,298.15
2283.0,76.82887304380036,0.0,0.5391578824670673,4.036213102559418,2659.597991938738,298.15
2284.0,76.82748402629873,0.0,0.0,0.0,2813.1634908894553,298.15
2285.0,76.82609500879711,0.0,0.5120498165314894,1.5943995265268287,0.0,298.15
2286.0,76.82470599129549,1.0,116.59005462476006,9.688158257010421,578.8037595888206,298.15
2287.0,76.82331697379387,0.0,0.0,0.0,134.62833869172925,298.15
2288.0,76.82192795629224,0.0,0.22873703563125894,1.267240507361589,376.89851844046746,298.15
2289.0,76.82053893879063,0.0,0.48143189173580064,2.3772849322054053,0.0,298.15
2290.0,76.81914992128901,0.0,0.0,1.1623122587379817,191.11298007013391,298.15
2291.0,76.81776090378739,0.0,4.062936196096472,0.0,442.7122160777621,298.15
2292.0,76.81637188628576,0.0,0.0,7.582405045298707,404.81624775326355,298.15
2293.0,76.81498286878414,0.0,0.0,2.5678598793830933,809.8147817264589,298.15
2294.0,76.81359385128252,0.0,0.0,1.9956508008162375,0.0,298.15
2295.0,76.81220483378091,0.0,0.8864645697151711,0.0,482.00743811189847,298.15
2296.0,76.81081581627929,0.0,0.0,0.0,465.29541203978124,298.15
2297.0,76.80942679877766,0.0,0.0,0.0,339.64892166732045,298.15
2298.0,76.80803778127604,0.0,0.0,2.242508713396345,180.14135138960262,298.15
2299.0,76.80664876377442,0.0,0.6692083480508445,0.0,886.0475244870687,298.15
2300.0,76.80525974627281,1.0,117.89839499777233,7.792180932803401,1217.2302579876452,298.15
2301.0,76.80387072877119,0.0,0.0,1.1170153312644102,0.0,298.15
2302.0,76.80248171126956,0.0,3.420852570161051,0.667133357227119,176.29582139701915,298.15
2303.0,76.80109269376794,0.0,0.6779654240697339,0.0,148.21360784317721,298.15
2304.0,76.79970367626632,1.0,118.39945561672567,7.774242936781052,401.394469492995,298.15
2305.0,76.7983146587647,0.0,0.0,3.018160057518835,939.8713429308183,298.15
2306.0,76.79692564126307,0.0,3.9199717089311186,0.8044457885034975,684.8213711391279,298.15
2307.0,76.79553662376146,1.0,119.58979825309903,7.272359043159611,446.1117402285764,298.15
2308.0,76.79414760625984,0.0,0.0,0.0,505.73113568699364,298.15
2309.0,76.79275858875822,0.0,0.0,0.0,388.26292313482975,298.15
2310.0,76.7913695712566,0.0,0.0,1.6993503369804444,758.7177548761813,298.15
2311.0,76.78998055375497,1.0,119.3160210131112,11.453155152184037,801.3401856971991,298.15
2312.0,76.78859153625336,0.0,0.0,2.604703118971629,707.1074604362439,298.15
2313.0,76.78720251875174,1.0,118.35793204971388,7.231325581216113,0.0,298.15
2314.0,76.78581350125012,1.0,119.21554481378098,10.82390651622076,504.60266947177587,298.15
2315.0,76.7844244837485,0.0,1.4093868638857248,3.3615966049679518,434.66417827422504,298.15
2316.0,76.78303546624687,0.0,0.0,3.225956307856421,847.2130856618637,298.15
2317.0,76.78164644874525,0.0,0.0,1.2734524828639375,583.7492375555167,298.15
2318.0,76.78025743124363,0.0,3.0259179759238575,5.448601117639529,695.0027266585167,298.15
2319.0,76.77886841374202,0.0,3.085286480960366,1.9224068491949298,326.5177151191541,298.15
2320.0,76.7774793962404,1.0,121.49237633743144,12.889355064673104,829.0328065785872,298.15
2321.0,76.77609037873877,1.0,120.83067074735708,10.900586880818935,932.154805095333,298.15
2322.0,76.77470136123715,1.0,120.44529314613426,9.272628235420827,0.0,298.15
2323.0,76.77331234373553,0.0,1.650501865352156,0.0,45.99803374365166,298.15
2324.0,76.77192332623392,1.0,122.36495146249152,11.428724454698557,767.0563261275116,298.15
2325.0,76.7705343087323,1.0,122.10863348597616,10.704663697801939,439.61803443702263,298.15
2326.0,76.76914529123067,1.0,121.26956673620504,7.5782760477209345,860.3163035693495,298.15
2327.0,76.76775627372905,0.0,0.0,0.0,584.6999275116573,298.15
2328.0,76.76636725622743,1.0,124.33339127960387,10.769501196339743,742.6832040475158,298.15
2329.0,76.7649782387258,0.0,0.0,3.0327650885601347,238.27332711307895,298.15
2330.0,76.76358922122418,0.0,2.3702223817224386,1.6016797957939386,619.0158765513393,298.15
2331.0,76.76220020372257,0.0,0.0,1.5945695017443717,620.0099308983462,298.15
2332.0,76.76081118622095,1.0,123.96140573055844,9.815597608604271,258.7086254084633,298.15
2333.0,76.75942216871933,1.0,121.32373576872615,12.01840813890359,850.8522298786379,298.15
2334.0,76.7580331512177,0.0,0.0,4.815255996297233,0.0,298.15
2335.0,76.75664413371608,0.0,0.0,2.5319482445956716,572.7512743574397,298.15
2336.0,76.75525511621447,1.0,124.97313887832462,9.219687250262517,46.7376690304618,298.15
2337.0,76.75386609871285,0.0,3.50626911074656,0.0,2605.011161656332,298.15
2338.0,76.75247708121123,0.0,0.42335625590621184,3.8107307671200092,3076.9771664385316,298.15
2339.0,76.7510880637096,1.0,123.79736925463885,12.264127383261744,2967.221355126666,298.15
2340.0,76.74969904620798,1.0,124.19847163859211,12.710598797674805,2190.9563552351597,298.15
2341.0,76.74831002870636,0.0,1.417868775770833,1.7382993583714854,3685.559083880711,298.15
2342.0,76.74692101120475,0.0,3.094068518313954,4.188153277394824,2587.0127908670033,298.15
2343.0,76.74553199370312,1.0,127.18165380094761,12.671591557048904,3042.6241258983714,298.15
2344.0,76.7441429762015,1.0,128.35942473959923,13.056599475453321,3080.106870096162,298.15
2345.0,76.74275395869988,1.0,128.3813312432339,11.834557872600962,2242.9933633634505,298.15
2346.0,76.74136494119826,1.0,130.52100331224182,15.653333321945208,3009.9081581410314,298.15
2347.0,76.73997592369663,1.0,122.70826477424302,13.448484855463272,2156.3383830653656,298.15
2348.0,76.73858690619502,1.0,129.1569658349941,15.32186918089172,3219.9096726251732,298.15
2349.0,76.7371978886934,0.0,2.3436994284034864,1.7611285990737144,2192.9769446351524,298.15
2350.0,76.73580887119178,1.0,124.81056112124348,17.97707785765425,2992.672928266256,298.15
2351.0,76.73441985369016,1.0,126.10825200748553,17.201450948123842,3183.609173392225,298.15
2352.0,76.73303083618853,1.0,126.41096663233613,10.784524560872796,3521.1606488563457,298.15
2353.0,76.73164181868691,1.0,126.92247729884113,13.247326341948524,2621.323838185465,298.15
2354.0,76.7302528011853,1.0,127.73322959792536,16.067521545712104,2593.8551680152905,298.15
2355.0,76.72886378368368,0.0,0.5779884531115983,2.530595658143699,2362.060827816247,298.15
2356.0,76.72747476618206,1.0,131.39118006400156,15.166654681357628,2887.623704836499,298.15
2357.0,76.72608574868043,0.0,2.576180827723695,6.5031448518694255,2767.607007899817,298.15
2358.0,76.72469673117881,1.0,127.78522758754679,15.424593101945458,3084.4183042376003,298.15
2359.0,76.72330771367719,0.0,0.0,7.107396392366854,2592.752581717777,298.15
2360.0,76.72191869617558,0.0,3.1348763862404145,4.750211018342263,2974.1035328800717,298.15
2361.0,76.72052967867396,1.0,132.00928406393592,11.736530443028839,3230.387386333526,298.15
2362.0,76.71914066117233,1.0,130.89704705628188,18.598636183898414,2906.4165439906183,298.15
2363.0,76.71775164367071,1.0,132.05952087160676,18.781522053890555,3731.044775531356,298.15
2364.0,76.71636262616909,1.0,131.09400479152166,22.137244105792824,3369.638087013305,298.15
2365.0,76.71497360866746,0.0,1.2497954399731683,2.600593987285775,2796.4775260851297,298.15
2366.0,76.71358459116585,0.0,0.0,8.916237499377727,3055.044633636992,298.15
2367.0,76.71219557366423,1.0,132.51070354447808,13.499145650708583,262.8252127643972,298.15
2368.0,76.71080655616261,1.0,128.50840389379587,21.40410628047026,523.4276245961566,298.15
2369.0,76.70941753866099,1.0,130.706366638096,18.98940125477303,280.55787180609013,298.15
2370.0,76.70802852115936,1.0,130.97064858383266,16.222646602255878,159.3724484041051,298.15
2371.0,76.70663950365774,1.0,131.9310564062649,20.01351671864764,0.0,298.15
2372.0,76.70525048615613,1.0,130.85586773290865,17.470248528166707,618.7958483909001,298.15
2373.0,76.70386146865451,1.0,132.03307380472307,19.448200192606993,0.0,298.15
2374.0,76.70247245115289,1.0,129.93791238536483,19.468471928183757,954.7570393832573,298.15
2375.0,76.70108343365126,1.0,135.0955929678563,22.86468565666068,861.4730015564585,298.15
2376.0,76.69969441614964,1.0,133.8348585853953,23.229314687966056,181.43860067281406,298.15
2377.0,76.69830539864802,1.0,130.21262950275138,18.46341830051373,1056.2999939886533,298.15
2378.0,76.69691638114641,1.0,132.53064072651492,22.10587875233052,1221.8136175756763,298.15
2379.0,76.69552736364479,1.0,135.5664974189479,20.87464075967967,404.2684258122924,298.15
2380.0,76.69413834614316,1.0,133.7163981693918,17.444940538104603,643.9461260489768,298.15
2381.0,76.69274932864154,1.0,133.59579742701033,19.15039420423135,547.7296760416926,298.15
2382.0,76.69136031113992,1.0,135.32513531688184,25.643601301565504,1030.157732428339,298.15
2383.0,76.6899712936383,1.0,136.56856930353857,21.781536282135885,12.217884197066326,298.15
2384.0,76.68858227613669,1.0,132.57551583150618,23.336047967896633,420.3617439485673,298.15
2385.0,76.68719325863506,1.0,137.5562250357992,21.06005536247106,822.0274426511269,298.15
2386.0,76.68580424113344,1.0,134.5873506271903,20.611871432721674,784.9476220140857,298.15
2387.0,76.68441522363182,1.0,136.7001138193521,22.014542267746492,485.00604712491,298.15
2388.0,76.6830262061302,1.0,136.90761577061872,21.639282621843144,987.6695875156056,298.15
2389.0,76.68163718862857,1.0,135.9858010592543,19.334730910022945,581.7779031364951,298.15
2390.0,76.68024817112696,1.0,135.05250133064237,20.57975794464753,2761.730801834971,298.15
2391.0,76.67885915362534,1.0,137.06076729260585,24.349573940446405,3486.0983706834186,298.15
2392.0,76.67747013612372,1.0,141.8639958088548,22.333170240781346,2531.167048049691,298.15
2393.0,76.6760811186221,1.0,134.99816406608107,23.407113516655333,2738.286757923199,298.15
2394.0,76.67469210112047,1.0,142.52487436677208,24.073926442185034,2230.1275220354655,298.15
2395.0,76.67330308361885,1.0,138.1251650086561,24.470141637205632,3913.1522756173154,298.15
2396.0,76.67191406611724,1.0,139.07925485291378,26.42795126323457,3184.4440429486854,298.15
2397.0,76.67052504861562,1.0,136.65711038161234,22.022561759359025,3737.9309632483137,298.15
2398.0,76.669136031114,1.0,137.65987306845344,25.707466511507732,3836.303823919525,298.15
2399.0,76.66774701361237,1.0,138.5505213683401,26.324920833558355,2774.5318430031057,298.15
2400.0,76.66635799611075,1.0,137.50868668407637,27.037609575080683,2976.8190146040997,298.15
2401.0,76.66496897860912,1.0,139.75358676417667,22.3153184028126,3028.445639863176,298.15
2402.0,76.66357996110752,1.0,139.53292410401497,25.997834959499862,3865.198930717227,298.15
2403.0,76.66219094360589,1.0,145.16324702954682,29.25347150837685,2678.8163828859383,298.15
2404.0,76.66080192610427,1.0,138.22714346508894,25.736990364364345,2325.0623428940407,298.15
2405.0,76.65941290860265,1.0,141.50071770950692,27.176198356033062,3223.383404603143,298.15
2406.0,76.65802389110102,1.0,142.0974532107939,28.024586779623075,2546.706498525575,298.15
2407.0,76.6566348735994,1.0,139.20773427018904,24.526520419452858,2436.831516955319,298.15
2408.0,76.65524585609779,1.0,143.64459865450124,30.67024254056985,3688.5337256626185,298.15
2409.0,76.65385683859617,1.0,141.30960634388973,28.145912626280374,2619.1069369329775,298.15
2410.0,76.65246782109455,1.0,136.57069575080138,28.420252329161386,2854.6004734507337,298.15
2411.0,76.65107880359292,1.0,144.33054863698882,24.143772140121595,3003.866344263807,298.15
2412.0,76.6496897860913,1.0,140.34694464539797,29.452926106352326,2898.5189158911685,298.15
2413.0,76.64830076858968,1.0,140.7609049907444,29.08848458222401,3582.70047972458,298.15
2414.0,76.64691175108807,1.0,145.14488324812785,31.62911147441214,3122.259719915527,298.15
2415.0,76.64552273358645,1.0,142.92733317274568,27.858341373236616,2039.3540847999209,298.15
2416.0,76.64413371608482,1.0,146.1889938401394,26.689004859945335,3230.8099428506466,298.15
2417.0,76.6427446985832,1.0,147.13319089458216,27.548008819725688,2825.8963608805666,298.15
2418.0,76.64135568108158,1.0,142.96064338489896,28.141151390418706,3023.975548548064,298.15
2419.0,76.63996666357995,1.0,146.633682379068,27.098114880546724,3749.0492684856517,298.15
2420.0,76.63857764607835,1.0,143.1900349204391,32.30182454993019,701.2511236484017,298.15
2421.0,76.63718862857672,1.0,150.5557191138733,32.60291605967222,547.2213556852092,298.15
2422.0,76.6357996110751,1.0,143.82948723486186,29.67639636360075,373.6575965993007,298.15
2423.0,76.63441059357348,1.0,148.16940238817307,29.490346084395988,1107.009001344895,298.15
2424.0,76.63302157607185,1.0,147.97884268670924,26.769536135722557,95.63541149133914,298.15
2425.0,76.63163255857023,1.0,146.9647197079412,32.1787002948177,326.062722358286,298.15
2426.0,76.63024354106862,1.0,144.85654185032567,34.3746341103745,341.55397344476046,298.15
2427.0,76.628854523567,0.0,0.0,19.855728297718482,604.7136676884235,298.15
2428.0,76.62746550606538,1.0,141.80595262053166,31.145313060107494,731.4809088867453,298.15
2429.0,76.62607648856375,1.0,147.71164796212088,32.4967036589026,2331.1811992278554,298.15
2430.0,76.62468747106213,1.0,148.2493480185798,35.37397477808704,2370.550394215321,298.15
2431.0,76.62329845356051,1.0,147.9730787735552,32.431855067964456,3307.9093888244765,298.15
2432.0,76.6219094360589,0.0,0.0,22.630229795372333,3258.932723263785,298.15
2433.0,76.62052041855728,1.0,145.11439776577197,32.80250480267951,3260.2006946657616,298.15
2434.0,76.61913140105565,0.0,0.0,19.69029016041259,2813.3209732369005,298.15
2435.0,76.61774238355403,1.0,149.29569287047588,29.847176528629,2926.75384125047,298.15
2436.0,76.61635336605241,1.0,149.52432400211202,31.36739561311251,3534.0991481855326,298.15
2437.0,76.61496434855079,1.0,148.66262964468228,35.3288370286444,3620.918878396269,298.15
2438.0,76.61357533104918,1.0,150.81381318309616,32.73811728549237,3397.9948388885427,298.15
2439.0,76.61218631354755,1.0,147.0865808460175,32.530465671633934,3785.704127735598,298.15
2440.0,76.61079729604593,1.0,151.2155322664974,32.685849940526275,3047.077293641642,298.15
2441.0,76.60940827854431,1.0,151.1217871309143,33.72178700569681,2569.2298581745936,298.15
2442.0,76.60801926104268,1.0,151.11820730771385,37.711610740444314,2875.237406138759,298.15
2443.0,76.60663024354106,0.0,0.0,24.066137248412293,3169.3974708262394,298.15
2444.0,76.60524122603945,1.0,155.032895255896,32.936199597824995,3266.7923317028694,298.15
2445.0,76.60385220853783,1.0,152.07078480370777,34.79389970017128,2762.978775657696,298.15
2446.0,76.60246319103621,1.0,148.8120955355787,38.54717578057783,3314.7979020456273,298.15
2447.0,76.60107417353458,1.0,151.93279310412655,34.05592350115764,3412.455238942188,298.15
2448.0,76.59968515603296,1.0,153.35484028065534,32.827244200208526,3701.1799097435005,298.15
2449.0,76.59829613853134,1.0,150.38055225545176,34.40321721528073,2704.7107677366475,298.15
2450.0,76.59690712102973,1.0,154.59513388609602,35.872737284721296,2624.383728478963,298.15
2451.0,76.59551810352811,0.0,0.9101752276602095,27.194386550181502,3239.1285065352686,298.15
2452.0,76.59412908602648,1.0,146.85181668477009,38.01560860051977,2870.0945625335557,298.15
2453.0,76.59274006852486,1.0,153.36089182990116,33.93312374047662,3413.667299056123,298.15
2454.0,76.59135105102324,1.0,151.8924999562978,34.28640960410546,3229.033169602494,298.15
2455.0,76.58996203352162,1.0,154.35113951923327,35.73795428455161,2887.8153492484853,298.15
2456.0,76.58857301602,1.0,155.53093941941754,37.9724443173113,2973.59695090964,298.15
2457.0,76.58718399851838,1.0,153.95496438982875,34.102206453464376,3115.298299265612,298.15
2458.0,76.58579498101676,1.0,157.66450156132595,35.59707043615903,3072.803938010302,298.15
2459.0,76.58440596351514,1.0,153.47698837495614,35.770156402497726,1169.6912303281965,298.15
2460.0,76.58301694601352,0.0,1.4885956286981723,29.08171028131339,0.0,298.15
2461.0,76.58162792851189,0.0,1.9177333812487827,28.364082492815292,616.4602275151617,298.15
2462.0,76.58023891101028,1.0,154.2784571014266,39.27406058220696,0.0,298.15
2463.0,76.57884989350866,1.0,156.56515815115168,40.303959470600915,0.0,298.15
2464.0,76.57746087600704,1.0,153.49076958535554,37.033185417476666,827.6901836539014,298.15
2465.0,76.57607185850541,1.0,154.09694233322114,35.33540985525177,257.85442307826975,298.15
2466.0,76.57468284100379,1.0,152.17124042168052,35.47025356454233,936.03247003103,298.15
2467.0,76.57329382350217,1.0,156.06612903886443,34.23037669182812,0.0,298.15
2468.0,76.57190480600056,1.0,156.45698952122302,37.19639712919415,3112.1825394148295,298.15
2469.0,76.57051578849894,1.0,158.68101727176358,37.46235322834204,3031.350988510257,298.15
2470.0,76.56912677099731,1.0,157.94398403788549,39.99285408011275,3113.884406635584,298.15
2471.0,76.56773775349569,0.0,0.0,28.505372817503314,3460.7227122863214,298.15
2472.0,76.56634873599407,0.0,0.0,27.558969533785135,3875.154305789989,298.15
2473.0,76.56495971849245,0.0,1.031243337333415,28.431296967554218,3488.8998238223858,298.15
2474.0,76.56357070099084,1.0,159.43823123453973,36.61891511641889,2267.3104773772575,298.15
2475.0,76.56218168348921,0.0,1.7991885144514548,30.977556457327665,2782.4798846301223,298.15
2476.0,76.56079266598759,1.0,159.73105502390933,37.32227625193176,2990.4568989427053,298.15
2477.0,76.55940364848597,0.0,0.0,26.675591402063446,3036.2455749344617,298.15
2478.0,76.55801463098435,1.0,156.3835518876737,40.803652391798934,3025.838447322839,298.15
2479.0,76.55662561348274,0.0,0.0,30.37799273973705,4024.7676534441457,298.15
2480.0,76.55523659598111,1.0,157.70230541715918,35.703245427742644,2730.597889869101,298.15
2481.0,76.55384757847949,0.0,0.0,31.10405693401213,2539.799880599071,298.15
2482.0,76.55245856097787,0.0,0.49239858890277666,27.871643165722894,2505.9131354487777,298.15
2483.0,76.55106954347625,1.0,158.0230602905397,38.69514264128532,2758.742117343688,298.15
2484.0,76.54968052597462,1.0,158.17395678279996,39.91529027285022,2664.539484606141,298.15
2485.0,76.548291508473,0.0,0.0,30.798015530944085,2576.0515071381033,298.15
2486.0,76.54690249097139,1.0,161.0520007926969,40.55949088624555,3136.2011128537392,298.15
2487.0,76.54551347346977,0.0,0.18230026220398296,29.58537504983726,3096.332314496285,298.15
2488.0,76.54412445596815,0.0,0.0,28.85663391018394,2841.2517750177285,298.15
2489.0,76.54273543846652,1.0,157.48690848678697,40.628638996189004,2528.25049676655,298.15
2490.0,76.5413464209649,1.0,156.24319487270063,39.57063498807541,3108.9576407087106,298.15
2491.0,76.53995740346329,1.0,162.6792230515622,43.58175507284178,2624.570096379006,298.15
2492.0,76.53856838596167,0.0,1.3213975753707314,31.093741067916074,2473.839722706957,298.15
2493.0,76.53717936846004,1.0,155.98103486098142,38.00085103728744,2199.362126029929,298.15
2494.0,76.53579035095842,0.0,1.8181464276397703,28.946301125105208,3070.2665923729355,298.15
2495.0,76.5344013334568,0.0,2.197762910881266,30.053366096811175,2420.2748588370387,298.15
2496.0,76.53301231595518,0.0,0.29631957530703895,32.656132739646544,2940.279661903145,298.15
2497.0,76.53162329845355,0.0,3.8074152269914734,32.89989312567039,2976.921304619695,298.15
2498.0,76.53023428095194,0.0,0.5163231585494302,29.173846625115587,505.2239212945399,298.15
2499.0,76.52884526345032,1.0,157.2823010480817,38.068465877714765,844.8208492810463,298.15
2500.0,76.5274562459487,0.0,0.8699959550445437,27.80604163453662,8.022016350806666,298.15
2501.0,76.52606722844708,0.0,0.5834549517613751,30.51988233153701,1119.695568635671,298.15
2502.0,76.52467821094545,0.0,0.0,34.754179271259396,0.0,298.15
2503.0,76.52328919344384,0.0,1.3664737878377131,31.09757577213162,4001.0089406551465,298.15
2504.0,76.52190017594222,1.0,157.29576104213,36.67601986895737,3099.2567137458427,298.15
2505.0,76.5205111584406,1.0,163.74412999174282,38.45321708075089,2891.8460770403835,298.15
2506.0,76.51912214093898,0.0,0.0,28.643891245566373,2931.1918559307783,298.15
2507.0,76.51773312343735,0.0,0.0,28.21045690090131,2689.6155321878728,298.15
2508.0,76.51634410593573,0.0,0.0,29.08000144932998,2998.353309746046,298.15
2509.0,76.5149550884341,0.0,1.0315352479547142,30.61383931831199,2947.3573127224213,298.15
2510.0,76.5135660709325,1.0,162.31563145057964,41.22487915166967,3552.19430900283,298.15
2511.0,76.51217705343088,0.0,0.0,32.03315328530691,2606.480421972935,298.15
2512.0,76.51078803592925,0.0,0.0,30.817757819778407,3395.7558161728725,298.15
2513.0,76.50939901842763,0.0,0.0,25.64940311630609,3607.9104802149473,298.15
2514.0,76.508010000926,0.0,0.0,27.453459484370665,2451.017362287262,298.15
2515.0,76.5066209834244,0.0,2.56118155025926,29.258791853116,3233.7175103057853,298.15
2516.0,76.50523196592277,1.0,162.48461152289,39.83315305956296,2704.273734223912,298.15
2517.0,76.50384294842115,0.0,2.047509298987313,31.248785409196397,2916.96846476859,298.15
2518.0,76.50245393091953,0.0,3.467417204508702,29.493660579738478,2873.6088192942398,298.15
2519.0,76.5010649134179,0.0,0.0,29.441699603525407,2366.6990181700094,298.15
2520.0,76.49967589591628,0.0,0.0,29.757339664796746,3088.050395043531,298.15
2521.0,76.49828687841467,1.0,168.07452077777222,38.66418822935079,2124.396349668542,298.15
2522.0,76.49689786091305,0.0,3.4410722775220206,29.292790246568263,3094.2010380457577,298.15
2523.0,76.49550884341143,0.0,0.0,31.35858878651287,2770.953149465424,298.15
2524.0,76.4941198259098,0.0,0.9223605180296393,28.77321589178151,3592.4636938185745,298.15
2525.0,76.49273080840818,0.0,0.0013341523212329301,28.795747757365714,3701.465868948787,298.15
2526.0,76.49134179090656,1.0,165.21497697286824,38.69690332922146,2435.2455557618377,298.15
2527.0,76.48995277340495,0.0,0.0,31.353355359850795,3119.9315550001565,298.15
2528.0,76.48856375590333,1.0,161.3655708447294,36.28222371648225,3501.8428556687136,298.15
2529.0,76.4871747384017,0.0,0.0,32.140826079513815,3090.897516295703,298.15
2530.0,76.48578572090008,0.0,0.0,25.933690848335242,3096.597938542642,298.15
2531.0,76.48439670339846,0.0,1.9424669814184015,26.904308092686094,3513.692752091413,298.15
2532.0,76.48300768589684,0.0,0.0,29.683863872564025,2837.9170096727016,298.15
2533.0,76.48161866839523,1.0,162.1373496935183,40.15898468660652,3543.7282510442346,298.15
2534.0,76.4802296508936,0.0,0.0,25.010305862703582,3229.6450599462914,298.15
2535.0,76.47884063339198,0.0,2.399405289350089,25.531149595737173,2132.8222557686104,298.15
2536.0,76.47745161589036,0.0,3.028162418141929,28.239178807810834,3418.433490795605,298.15
2537.0,76.47606259838874,1.0,162.99871291027895,42.38267797364109,2217.371779429353,298.15
2538.0,76.47467358088711,0.0,0.0,29.982049150919632,2836.461137331328,298.15
2539.0,76.4732845633855,0.0,1.0797773649782998,26.759465914904837,2397.981923181536,298.15
2540.0,76.47189554588388,0.0,3.5128758972487253,22.135273376723585,3686.716103781423,298.15
2541.0,76.47050652838226,0.0,0.9734936332158571,27.164013314135,3445.5624673311368,298.15
2542.0,76.46911751088064,0.0,0.0,27.601139005172257,2779.6672207176694,298.15
2543.0,76.46772849337901,0.0,0.0,25.915481949033254,3909.8128360815685,298.15
2544.0,76.46633947587739,1.0,161.2959117623514,34.79937818636081,2788.8282263176216,298.15
2545.0,76.46495045837578,0.0,0.1744414926227551,26.73506049704627,2414.3912182339427,298.15
2546.0,76.46356144087416,1.0,162.41766453638604,34.304151750929016,3147.979304222024,298.15
2547.0,76.46217242337254,0.0,0.46450031379807266,29.964540406769153,2742.7313587634594,298.15
2548.0,76.46078340587091,0.0,0.0,29.069416204890647,2564.7178747287626,298.15
2549.0,76.45939438836929,1.0,161.4777057987416,37.131702407412085,2523.5169140066528,298.15
2550.0,76.45800537086767,0.0,0.0,25.79202017371318,3294.2162436993262,298.15
2551.0,76.45661635336606,0.0,3.7222275154742683,24.074230583941407,2766.949506492315,298.15
2552.0,76.45522733586444,0.0,2.11796659533973,25.225242559410646,2888.2933814166236,298.15
2553.0,76.45383831836281,0.0,4.12286807998544,28.48337202228519,2997.591324130201,298.15
2554.0,76.45244930086119,0.0,1.2864046461529657,26.71505722915314,2733.629320640985,298.15
2555.0,76.45106028335957,1.0,162.94267689951266,35.16272248792973,3162.9555512376455,298.15
2556.0,76.44967126585794,0.0,3.1527902050996244,26.471077909868278,2666.4177691512596,298.15
2557.0,76.44828224835634,0.0,0.0,25.50633625503441,2174.923392813095,298.15
2558.0,76.44689323085471,0.0,0.526143912286955,25.012652771957164,3557.5480591631167,298.15
2559.0,76.44550421335309,0.0,0.0,26.03298236759283,2790.295567640514,298.15
2560.0,76.44411519585147,0.0,0.0,24.885398329551766,3607.606667242654,298.15
2561.0,76.44272617834984,0.0,3.8231968365522286,25.399577476542486,3449.975205649912,298.15
2562.0,76.44133716084822,0.0,1.1697910985539262,23.76481379018395,2407.475341822552,298.15
2563.0,76.43994814334661,0.0,0.7857861100264754,22.710101841708124,815.9203309072682,298.15
2564.0,76.43855912584499,0.0,0.0,21.90443046323104,724.2194693409849,298.15
2565.0,76.43717010834337,0.0,0.3893581937938538,21.45824837691311,3105.662112279625,298.15
2566.0,76.43578109084174,0.0,0.0,19.31797173475748,3688.839896665384,298.15
2567.0,76.43439207334012,0.0,1.4689679050832918,20.547035258640786,3377.211497486734,298.15
2568.0,76.4330030558385,0.0,0.0,20.281700251587477,2920.497874009219,298.15
2569.0,76.43161403833689,1.0,163.96980645322216,30.97033985606087,2917.7389172468274,298.15
2570.0,76.43022502083527,0.0,1.3379192824544748,25.0387848358958,2905.10842667924,298.15
2571.0,76.42883600333364,1.0,162.9486835154351,31.273430328221,2749.124920777826,298.15
2572.0,76.42744698583202,0.0,0.8835730261326198,21.886385717549928,2604.0464126066677,298.15
2573.0,76.4260579683304,0.0,0.0,21.73762659248367,2824.6865125351565,298.15
2574.0,76.42466895082877,0.0,0.0,24.23851290919467,3180.402602224655,298.15
2575.0,76.42327993332717,0.0,0.5639661011518893,19.55060162429717,3917.4288344738525,298.15
2576.0,76.42189091582554,1.0,164.73251049689563,30.06194811661091,3049.846024514925,298.15
2577.0,76.42050189832392,0.0,0.0,20.082624288471912,3127.0315667070445,298.15
2578.0,76.4191128808223,0.0,1.2436867305066084,22.430117975031646,3161.499892557691,298.15
2579.0,76.41772386332067,0.0,0.0,22.636828615193267,3021.704255516246,298.15
2580.0,76.41633484581905,0.0,0.0,20.616149362217563,2199.629596672993,298.15
2581.0,76.41494582831744,1.0,159.5551107801847,31.958845901429953,3785.0353808884606,298.15
2582.0,76.41355681081582,0.0,0.0,19.55206555014219,2890.4004139247245,298.15
2583.0,76.4121677933142,0.0,2.3017428173379955,18.601350407508082,2074.045265268149,298.15
2584.0,76.41077877581257,0.0,0.07829526150857,21.16659636865475,3360.3263046653356,298.15
2585.0,76.40938975831095,0.0,0.0,19.509513952891293,2887.358890310197,298.15
2586.0,76.40800074080933,0.0,0.0,16.751915702023258,3394.5944835870264,298.15
2587.0,76.40661172330772,0.0,1.1655214637498308,20.103330743385833,3270.0444790684332,298.15
2588.0,76.4052227058061,0.0,1.0494549887348663,17.379796338264146,3427.567917703221,298.15
2589.0,76.40383368830447,1.0,161.84736313070528,26.89517329361257,2553.489251170607,298.15
2590.0,76.40244467080285,1.0,164.5290086291685,29.192224707728816,2894.469475226709,298.15
2591.0,76.40105565330123,1.0,164.13374285089228,26.92991560425444,3258.9907750345174,298.15
2592.0,76.3996666357996,0.0,0.9848371363384463,17.68391817397309,2619.0373207301927,298.15
2593.0,76.398277618298,0.0,0.13010970288588378,18.01414572151651,3740.796566328432,298.15
2594.0,76.39688860079637,0.0,1.5660329663190016,14.793397346489037,2507.0849598957793,298.15
2595.0,76.39549958329475,1.0,162.13288219793193,26.972315538217345,93.04092957122083,298.15
2596.0,76.39411056579313,0.0,2.5273004250982796,18.731018779573976,266.03677433076086,298.15
2597.0,76.3927215482915,0.0,2.143157707335265,13.729720873370983,704.5484226765552,298.15
2598.0,76.39133253078988,0.0,0.0,16.401056406217354,1121.3562433094355,298.15
2599.0,76.38994351328827,0.0,0.0,13.521222836408665,293.0602097326042,298.15
2600.0,76.38855449578665,0.0,0.0,17.111077694322795,3207.5329025583524,298.15
2601.0,76.38716547828503,0.0,2.32559913213533,16.8558491699952,3632.419607095535,298.15
2602.0,76.3857764607834,1.0,156.77326889547277,23.796506828731797,3242.0642619907785,298.15
2603.0,76.38438744328178,0.0,0.9404887347008236,18.860378311040996,2953.364553078728,298.15
2604.0,76.38299842578016,0.0,0.8637398625697834,16.345372776556854,3613.7606225458903,298.15
2605.0,76.38160940827855,0.0,2.769947901638924,15.284231046138785,3088.325298119743,298.15
2606.0,76.38022039077693,0.0,0.42964745354946016,14.93309163567425,2384.5605247606923,298.15
2607.0,76.3788313732753,0.0,0.0,15.387616488014068,3488.03072279533,298.15
2608.0,76.37744235577368,1.0,157.42196824041412,21.062156143340694,2405.44088685346,298.15
2609.0,76.37605333827206,0.0,0.0,13.288706596199946,3015.283367242214,298.15
2610.0,76.37466432077044,1.0,158.13478463463994,23.445480782025555,2278.2810299538332,298.15
2611.0,76.37327530326883,0.0,0.0,11.594041532379196,2818.8355808428464,298.15
2612.0,76.3718862857672,0.0,0.0,13.149943244596306,3137.181051133381,298.15
2613.0,76.37049726826558,1.0,162.467495205161,24.503920215419733,3177.8409519512816,298.15
2614.0,76.36910825076396,0.0,0.0,10.856117158949047,2772.710951678579,298.15
2615.0,76.36771923326233,0.0,3.2070206684301836,11.385832576153247,3217.066951407208,298.15
2616.0,76.36633021576071,0.0,2.8235886410416224,9.573623454189043,2662.5743499039113,298.15
2617.0,76.3649411982591,0.0,2.140158618042845,7.348462706353043,3436.855234342807,298.15
2618.0,76.36355218075748,1.0,156.51501885132834,22.42507082918745,3323.8924372645356,298.15
2619.0,76.36216316325586,0.0,0.815871223543228,10.536207179996827,3604.9091824978555,298.15
2620.0,76.36077414575423,1.0,154.79220621275286,20.463084690828108,2756.5031775513994,298.15
2621.0,76.35938512825261,1.0,159.8365182328734,18.10172384694729,2538.6157778383126,298.15
2622.0,76.35799611075099,0.0,0.0,9.53552288380715,3155.521369344627,298.15
2623.0,76.35660709324938,1.0,156.34706157324615,21.964374247211467,3775.2456598449444,298.15
2624.0,76.35521807574776,0.0,0.0,9.479829291173553,3072.041626646791,298.15
2625.0,76.35382905824613,1.0,151.0680346159752,19.32006701890457,2765.8170763188577,298.15
2626.0,76.35244004074451,0.0,0.0,9.471711845891912,3078.932481005691,298.15
2627.0,76.35105102324289,1.0,159.26261939541084,16.271865929229918,2349.428260178462,298.15
2628.0,76.34966200574127,1.0,155.46940106819926,19.904928645013946,2518.4312782173415,298.15
2629.0,76.34827298823966,0.0,0.0,5.80660390390658,3621.385712417825,298.15
2630.0,76.34688397073803,1.0,157.62095836127514,16.24809629971142,2975.741236339666,298.15
2631.0,76.34549495323641,1.0,160.17339598038757,15.81248129777865,2876.1221485804235,298.15
2632.0,76.34410593573479,0.0,3.156753960244724,7.411530841703261,2512.868603818085,298.15
2633.0,76.34271691823317,0.0,0.0,6.839652450516476,3810.7828998135346,298.15
2634.0,76.34132790073154,1.0,150.67010345131575,17.361846791048418,3066.718147042428,298.15
2635.0,76.33993888322993,1.0,160.7253463576917,15.291491159026602,2660.97303300355,298.15
2636.0,76.33854986572831,1.0,160.3133000039477,19.040807940118725,3549.428896445619,298.15
2637.0,76.33716084822669,1.0,155.15875007776154,18.48846915494559,3432.7614404396813,298.15
2638.0,76.33577183072507,1.0,151.48350727687617,16.209502551220954,3274.940869751895,298.15
2639.0,76.33438281322344,1.0,156.6042335977732,15.386208085306695,2762.5959495006123,298.15
2640.0,76.33299379572182,0.0,0.0,4.985775107608237,3114.2979182569106,298.15
2641.0,76.33160477822021,0.0,0.0,5.352672862831344,2636.7553487144773,298.15
2642.0,76.33021576071859,1.0,155.82812681352326,12.912294751114263,2376.916582645951,298.15
2643.0,76.32882674321696,1.0,154.28663133118891,13.637994004668792,3366.3373325184925,298.15
2644.0,76.32743772571534,0.0,0.0,7.216381578759304,3426.56973434983,298.15
2645.0,76.32604870821372,1.0,152.2976562455029,15.88208097080514,2967.789298904111,298.15
2646.0,76.3246596907121,1.0,154.43500518786215,18.458125267920092,3623.759886361128,298.15
2647.0,76.32327067321049,1.0,153.86258819759593,14.28642024716088,3902.0515194648947,298.15
2648.0,76.32188165570886,1.0,153.05688894416218,13.984599128154928,2486.0088701884956,298.15
2649.0,76.32049263820724,1.0,154.4408251148481,13.718241403553884,4377.856917611869,298.15
2650.0,76.31910362070562,0.0,0.0,3.7337325790169826,3577.1655688066426,298.15
2651.0,76.317714603204,1.0,152.20736143696865,12.864078359343134,3056.4264296830875,298.15
2652.0,76.31632558570237,1.0,143.51994836192702,14.625563082035159,3413.9402226983057,298.15
2653.0,76.31493656820076,0.0,0.0,3.9656873704030238,3155.7571821208385,298.15
2654.0,76.31354755069914,1.0,152.93906337878656,12.694416223132535,3778.62488070024,298.15
2655.0,76.31215853319752,1.0,149.9656776914161,16.179849963815055,2956.4055994625305,298.15
2656.0,76.3107695156959,1.0,149.5604820403328,17.362257283894543,2662.081288959667,298.15
2657.0,76.30938049819427,1.0,147.96433945660362,15.704686147592618,2432.0079505532703,298.15
2658.0,76.30799148069266,0.0,2.390466511664566,4.301234464369061,2788.752161259837,298.15
2659.0,76.30660246319104,1.0,151.29742394123133,14.579195292106608,2997.4720339176006,298.15
2660.0,76.30521344568942,1.0,151.7281863368676,16.701680935201665,178.82266760233068,298.15
2661.0,76.3038244281878,1.0,145.41893532493629,14.29922162440074,0.0,298.15
2662.0,76.30243541068617,1.0,148.9181102785615,11.384298922759282,0.0,298.15
2663.0,76.30104639318455,1.0,148.40082912775938,13.273658777614274,234.0377522027236,298.15
2664.0,76.29965737568293,1.0,148.1665419177519,13.629435238494375,372.9442020819098,298.15
2665.0,76.29826835818132,1.0,147.1331775389699,10.154464294778473,742.2991525289344,298.15
2666.0,76.2968793406797,0.0,0.0,1.4999598047785454,454.34934819201936,298.15
2667.0,76.29549032317807,1.0,150.1539441311028,14.244874162738766,872.6711816946886,298.15
2668.0,76.29410130567645,1.0,143.33553169440066,8.086510463066466,711.9317820605055,298.15
2669.0,76.29271228817483,1.0,151.88933480957866,9.159064994744078,679.7634859990436,298.15
2670.0,76.29132327067322,1.0,148.5691339190965,11.270294891703037,842.9907236336946,298.15
2671.0,76.2899342531716,1.0,147.07612549731408,12.260589690523933,2080.67015644131,298.15
2672.0,76.28854523566997,1.0,149.0972478254666,8.621569080032883,3005.67587800949,298.15
2673.0,76.28715621816835,1.0,143.23686655977417,11.066896250867682,3852.103236682505,298.15
2674.0,76.28576720066673,1.0,144.87046071886297,13.61834925636391,2165.385120193768,298.15
2675.0,76.2843781831651,1.0,145.92320122741083,11.283699403517021,2630.5692440453827,298.15
2676.0,76.28298916566348,1.0,149.22193311310932,12.994310433873839,2786.5336028229117,298.15
2677.0,76.28160014816187,0.0,0.0,0.0,2137.728289590438,298.15
2678.0,76.28021113066025,1.0,146.55265248598437,9.212810310385866,2694.856508925702,298.15
2679.0,76.27882211315863,1.0,143.83079681859553,12.563216065700075,3676.724992633176,298.15
2680.0,76.277433095657,1.0,146.1497562249612,11.49736940970193,3142.437258843507,298.15
2681.0,76.27604407815538,1.0,148.7397113589408,8.212653473808265,2661.2614029271526,298.15
2682.0,76.27465506065377,0.0,2.3717900271078833,0.0,3493.6169534689147,298.15
2683.0,76.27326604315215,1.0,144.0559691573732,13.765396358585198,2793.9947623339917,298.15
2684.0,76.27187702565053,1.0,145.61177136715676,8.560333915571116,3523.551265040802,298.15
2685.0,76.2704880081489,0.0,1.3759037953263522,2.3455702944439034,2201.051764139188,298.15
2686.0,76.26909899064728,1.0,144.71291119168774,9.372907510210396,2915.9023805475313,298.15
2687.0,76.26770997314566,1.0,145.90634418654338,10.30509381523315,2580.2047345264778,298.15
2688.0,76.26632095564403,1.0,145.6393576936586,10.874570543208366,2979.8072766354658,298.15
2689.0,76.26493193814242,1.0,142.45554293707073,5.880943202051343,3326.453666493313,298.15
2690.0,76.2635429206408,1.0,144.03792625108372,7.161454857609224,3681.684824686018,298.15
2691.0,76.26215390313918,1.0,141.3458960019572,10.328082694007852,3011.286301249243,298.15
2692.0,76.26076488563756,1.0,139.80909676402234,8.62124305076582,2728.817830402098,298.15
2693.0,76.25937586813593,1.0,141.11566202023297,12.150371563831579,2848.5033962839175,298.15
2694.0,76.25798685063432,1.0,141.32524378066813,6.746956614033591,2155.8449391128465,298.15
2695.0,76.2565978331327,1.0,137.2974335606607,11.214538453798532,2903.0019061869793,298.15
2696.0,76.25520881563108,1.0,143.0547128010764,7.185153695625436,2680.645176526406,298.15
2697.0,76.25381979812946,1.0,134.16085082391666,9.288903016376757,3866.9724291037737,298.15
2698.0,76.25243078062783,1.0,146.9705267695021,7.807490441428856,3075.576356926082,298.15
2699.0,76.25104176312621,1.0,143.8294709299865,13.933891234245284,2772.279688423497,298.15
2700.0,76.2496527456246,1.0,139.37816043089808,7.2314681424243386,1286.4513985823796,298.15
2701.0,76.24826372812298,1.0,139.7711349898898,9.749571205365152,0.0,298.15
2702.0,76.24687471062136,1.0,140.21919649018201,6.438287104133854,754.9143623324518,298.15
2703.0,76.24548569311973,1.0,137.84249811863927,13.32272634453894,773.9175845786474,298.15
2704.0,76.24409667561811,1.0,139.45388930731897,10.85899037856737,240.02083114227554,298.15
2705.0,76.24270765811649,1.0,138.400864670621,10.329343077893958,509.694544487304,298.15
2706.0,76.24131864061488,1.0,138.26842773660826,13.113756959738042,484.85601809302227,298.15
2707.0,76.23992962311326,1.0,138.6746047167406,10.395286014231143,559.3499716671031,298.15
2708.0,76.23854060561163,1.0,134.86232080749042,10.572100944336631,369.7020366727313,298.15
2709.0,76.23715158811001,1.0,137.83567326868015,10.421901789824805,785.5901860371127,298.15
2710.0,76.23576257060839,1.0,137.88072254856922,11.349623540382309,887.4249626065036,298.15
2711.0,76.23437355310676,1.0,137.54848583989036,9.205556721392256,163.88565508865418,298.15
2712.0,76.23298453560515,1.0,136.47779696172665,9.822791121017397,81.66014767366306,298.15
2713.0,76.23159551810353,1.0,139.45371261739405,11.986499468120467,221.15376632726515,298.15
2714.0,76.23020650060191,1.0,135.6514486872505,10.934537369499814,517.0639281969903,298.15
2715.0,76.22881748310029,1.0,136.78716486586382,10.178325948610075,624.5630691076543,298.15
2716.0,76.22742846559866,1.0,139.08829327926148,7.576580285608731,776.1617688626355,298.15
2717.0,76.22603944809704,1.0,135.56085675001788,13.62788672789467,840.2493305616235,298.15
2718.0,76.22465043059543,1.0,136.01379591445024,9.228467062779073,3452.248325221756,298.15
2719.0,76.22326141309381,1.0,135.02659249997845,12.703577892468987,3134.1218971634758,298.15
2720.0,76.22187239559219,1.0,137.95808792866504,11.097409016033932,3162.6932282773455,298.15
2721.0,76.22048337809056,1.0,134.15054698215667,8.135349009403836,2866.1304188634676,298.15
2722.0,76.21909436058894,1.0,137.57710395631844,13.475056355449432,2793.0949569969735,298.15
2723.0,76.21770534308732,1.0,134.0284043027527,11.494437343934411,2923.453457921398,298.15
2724.0,76.21631632558571,1.0,131.98382508229514,13.813313735109926,2698.1319891095627,298.15
2725.0,76.21492730808409,1.0,135.40691379477303,10.764795251420745,2830.2064199565266,298.15
2726.0,76.21353829058246,1.0,132.82006920187416,12.688850203196282,3800.30394343785,298.15
2727.0,76.21214927308084,1.0,134.78252423929266,7.686068426445807,2618.7726877494765,298.15
2728.0,76.21076025557922,1.0,126.56057435885975,10.393722129015217,2682.538376280177,298.15
2729.0,76.2093712380776,1.0,132.8354222487776,8.898497737473491,2502.9567859725935,298.15
2730.0,76.20798222057599,1.0,131.48860666337544,10.86027944267846,2944.1385138933592,298.15
2731.0,76.20659320307436,1.0,129.8118186313673,12.718680516193317,2681.2424819474386,298.15
2732.0,76.20520418557274,1.0,130.7891328646933,10.605822325581325,2860.525780446299,298.15
2733.0,76.20381516807112,0.0,0.0,3.755960914372041,3504.8306248762806,298.15
2734.0,76.2024261505695,0.0,0.0,0.3183781662997587,2770.4051821325684,298.15
2735.0,76.20103713306787,1.0,128.14158577111294,14.040050468938105,2125.297225582295,298.15
2736.0,76.19964811556626,0.0,0.7535056610026644,5.042155141232733,2607.1634557525995,298.15
2737.0,76.19825909806464,1.0,134.1867560463176,14.557697948688983,2379.0509897572997,298.15
2738.0,76.19687008056302,0.0,0.669297380937905,1.8824036067200618,2364.4600376587227,298.15
2739.0,76.1954810630614,1.0,132.39582347318856,8.334756533688546,2944.5031041961665,298.15
2740.0,76.19409204555977,1.0,132.84605809407583,14.067998019669346,3370.522841912689,298.15
2741.0,76.19270302805815,1.0,132.9551322699148,12.745888520668123,3042.140021884732,298.15
2742.0,76.19131401055654,1.0,134.23680416064727,11.125481554223661,3157.3507812322014,298.15
2743.0,76.18992499305492,1.0,128.36513108767704,12.143797474551253,2689.529579998005,298.15
2744.0,76.1885359755533,1.0,127.61700536188245,16.40704598000031,3489.4016076354733,298.15
2745.0,76.18714695805167,1.0,130.97079374157377,11.24319681618285,3038.2896494011948,298.15
2746.0,76.18575794055005,1.0,130.5683022054426,14.716259642415,2658.2534181446654,298.15
2747.0,76.18436892304842,1.0,130.50678728205594,14.356020834263258,2472.2647617195153,298.15
2748.0,76.18297990554682,0.0,4.501116163791923,3.3268032321406102,161.03245859045649,298.15
2749.0,76.18159088804519,1.0,128.24539812345026,15.560259111904191,561.3981655006529,298.15
2750.0,76.18020187054357,1.0,129.01529560845407,17.76700741823325,578.2083996403799,298.15
2751.0,76.17881285304195,1.0,125.44728253309907,13.94957880021266,494.357574308921,298.15
2752.0,76.17742383554032,1.0,132.65464213990927,14.229174418201374,732.8967600519064,298.15
2753.0,76.1760348180387,1.0,126.55126031903147,16.190528298204402,71.78118228444805,298.15
2754.0,76.17464580053709,0.0,0.0,6.978193896077792,606.3351093321116,298.15
2755.0,76.17325678303547,1.0,126.10254976632478,14.994327397457317,586.8594596094796,298.15
2756.0,76.17186776553385,1.0,125.18217232478581,14.80747788181748,164.47309606067984,298.15
2757.0,76.17047874803222,0.0,0.0,1.0378133368619622,288.1283834847056,298.15
2758.0,76.1690897305306,1.0,125.05517644271131,14.1983650339233,742.7748885049773,298.15
2759.0,76.16770071302898,1.0,122.84331483897499,13.638908180862504,101.19794334619854,298.15
2760.0,76.16631169552737,1.0,124.02217526910279,17.598239657064223,1362.9581741662091,298.15
2761.0,76.16492267802575,1.0,130.33390519411878,15.87080995836299,694.6605438437454,298.15
2762.0,76.16353366052412,1.0,127.24228096370197,15.983785602695779,3322.6703137489208,298.15
2763.0,76.1621446430225,1.0,127.49614875630128,16.74593977478797,3241.45093987151,298.15
2764.0,76.16075562552088,1.0,127.8970913459813,15.164072226598435,3168.24607297555,298.15
2765.0,76.15936660801925,0.0,4.369729214204347,10.372853353452083,2685.188164332706,298.15
2766.0,76.15797759051765,1.0,120.4815031070339,20.047553254197368,3108.666641534549,298.15
2767.0,76.15658857301602,1.0,121.57888360389751,20.912506974549956,3034.950362760668,298.15
2768.0,76.1551995555144,1.0,122.4030761185432,19.18621705844776,3194.7810815126313,298.15
2769.0,76.15381053801278,0.0,0.0,7.920125889469138,2993.9117164672293,298.15
2770.0,76.15242152051115,1.0,123.22477466950463,21.527548754066064,2675.0730685719786,298.15
2771.0,76.15103250300953,1.0,122.69007619712035,16.99345488630488,3259.809125230972,298.15
2772.0,76.14964348550792,0.0,0.5224919606603051,6.81265073485953,3349.1148346259174,298.15
2773.0,76.1482544680063,1.0,123.47265324075686,17.584049432711048,3355.42348920081,298.15
2774.0,76.14686545050468,1.0,121.48596391377312,20.123479086780215,3114.963650043289,298.15
2775.0,76.14547643300305,1.0,117.84630661735703,17.684589984264424,2979.198900875273,298.15
2776.0,76.14408741550143,1.0,120.48719817437416,19.15699876130371,2932.543184391275,298.15
2777.0,76.14269839799981,1.0,121.36922229709772,16.387079762746716,2845.231023072922,298.15
2778.0,76.1413093804982,1.0,121.9160991679341,20.913288797032525,3048.9074979994375,298.15
2779.0,76.13992036299658,1.0,119.64229655234041,17.00561082311461,3168.61855597596,298.15
2780.0,76.13853134549495,1.0,120.99520357442752,18.438106281903092,4238.531939418358,298.15
2781.0,76.13714232799333,0.0,0.0,13.105099268289743,2586.6156056985337,298.15
2782.0,76.13575331049171,0.0,0.0,13.254676508648938,1833.744226887769,298.15
2783.0,76.13436429299009,0.0,0.0,11.815553952820855,3346.1938033701363,298.15
2784.0,76.13297527548848,0.0,0.0,11.839407476924645,2835.8138095635295,298.15
2785.0,76.13158625798685,1.0,118.23062575545646,20.40090461218204,2909.533388143767,298.15
2786.0,76.13019724048523,0.0,0.0,10.13037401034323,2785.722708863378,298.15
2787.0,76.12880822298361,1.0,118.97201342366637,21.209490645824545,3508.340170921629,298.15
2788.0,76.12741920548198,0.0,2.1603658630412204,9.060781347663447,3382.13720163809,298.15
2789.0,76.12603018798036,0.0,0.9669169326063606,12.942837259112109,3695.8858672187457,298.15
2790.0,76.12464117047875,0.0,0.0,12.754409725134769,3422.021447409613,298.15
2791.0,76.12325215297713,0.0,0.0,10.957238047278215,2776.2044169653905,298.15
2792.0,76.12186313547551,0.0,0.9065696307384314,16.362234625459198,0.0,298.15
2793.0,76.12047411797388,1.0,121.79562478934268,24.608386059655384,162.91792015906645,298.15
2794.0,76.11908510047226,1.0,120.34983786662616,25.01830981402642,380.374501418054,298.15
2795.0,76.11769608297064,0.0,3.8207353947030054,12.815854135466846,147.94439789503627,298.15
2796.0,76.11630706546903,1.0,120.83119154391846,24.05539313282841,502.31030959349675,298.15
2797.0,76.11491804796741,0.0,2.1766211849907644,15.590089604533413,379.6007908036585,298.15
2798.0,76.11352903046578,0.0,0.318212583534078,14.844617132199563,340.5851901407744,298.15
2799.0,76.11214001296416,1.0,120.95192640502712,28.075281843807304,809.5606499960517,298.15
2800.0,76.11075099546254,0.0,0.0,14.578801284766469,529.3593430296012,298.15
2801.0,76.10936197796092,0.0,0.0,14.192757889253736,120.42077271678733,298.15
2802.0,76.1079729604593,0.0,0.8323403068088985,16.782068118449253,288.6808600553617,298.15
2803.0,76.10658394295768,0.0,0.815034037180977,13.09275820397988,763.822285959202,298.15
2804.0,76.10519492545606,0.0,1.209358492713282,17.85224261914173,569.9500142325272,298.15
2805.0,76.10380590795444,0.0,2.6216282392370456,13.488507842138505,918.8888949659558,298.15
2806.0,76.10241689045282,0.0,0.0,17.731484599384967,796.5175089695035,298.15
2807.0,76.10102787295119,1.0,116.07076750000671,25.30612927041728,363.7257776545798,298.15
2808.0,76.09963885544958,0.0,0.5469447531146384,17.86502733022039,3409.392720736837,298.15
2809.0,76.09824983794796,0.0,0.0,18.988861927394645,3937.7271926905732,298.15
2810.0,76.09686082044634,1.0,126.12226434674922,27.66361585764405,2627.207893302011,298.15
2811.0,76.09547180294472,0.0,1.2286748911520011,15.099497718772216,2533.9872901287686,298.15
2812.0,76.09408278544309,0.0,0.0,15.957218143981272,3119.502486791235,298.15
2813.0,76.09269376794147,1.0,116.55102750980278,26.535778935333152,3398.7099119063055,298.15
2814.0,76.09130475043986,0.0,0.0,14.355450113643588,3153.9035159178857,298.15
2815.0,76.08991573293824,0.0,0.07180854166507418,20.832010158080678,3006.214692770491,298.15
2816.0,76.08852671543661,0.0,0.2667910697208201,18.957924374996182,3444.817851973681,298.15
2817.0,76.08713769793499,1.0,116.33079983280918,26.61114817497049,2369.0679616197995,298.15
2818.0,76.08574868043337,1.0,116.6841962413583,32.193530865420406,3187.128895505432,298.15
2819.0,76.08435966293175,0.0,3.2026873571563494,17.961063595958244,2723.0449627709886,298.15
2820.0,76.08297064543014,0.0,3.29851031655918,20.15315112869174,3226.1790655933587,298.15
2821.0,76.08158162792851,1.0,117.69868982819624,28.153049318354697,2765.8492545583317,298.15
2822.0,76.08019261042689,0.0,0.0,15.90962406825239,3157.9692097596558,298.15
2823.0,76.07880359292527,1.0,118.23590701563008,27.482026160885287,3209.4845393415885,298.15
2824.0,76.07741457542365,0.0,3.7029962382250985,19.594905012695996,2704.3612052024087,298.15
2825.0,76.07602555792202,0.0,3.2634314922203234,22.59689803724125,3079.614050640113,298.15
2826.0,76.07463654042041,0.0,1.7497309995927093,21.673451035753082,3927.1946099930024,298.15
2827.0,76.07324752291879,1.0,120.08162522355633,31.46249860374287,2480.7684934066683,298.15
2828.0,76.07185850541717,0.0,0.12718522379066607,17.23226005913235,2573.0411355504875,298.15
2829.0,76.07046948791555,1.0,118.07442003173384,34.22416745418272,2697.741472191844,298.15
2830.0,76.06908047041392,0.0,0.0,22.272170291016714,2177.414481907613,298.15
2831.0,76.0676914529123,0.0,0.6963070904834874,21.77212858174818,2894.0952439459597,298.15
2832.0,76.06630243541069,1.0,119.59265145057408,34.566855913486144,2777.123733821457,298.15
2833.0,76.06491341790907,0.0,0.0,25.01027093977227,3048.5812074336086,298.15
2834.0,76.06352440040745,0.0,0.0,25.021988227656678,3354.8836432393646,298.15
2835.0,76.06213538290582,0.0,0.2322622740942276,22.32678728746043,3240.6772837951175,298.15
2836.0,76.0607463654042,0.0,0.0,20.96336453673819,3441.969494453677,298.15
2837.0,76.05935734790259,1.0,117.76861216085034,35.2792994326058,3607.6454344547483,298.15
2838.0,76.05796833040097,0.0,0.0,20.60988536424327,565.3329755449251,298.15
2839.0,76.05657931289934,0.0,4.094092078656017,27.649769976988374,888.4968047933432,298.15
2840.0,76.05519029539772,0.0,0.0,23.874649696223425,866.0781290133561,298.15
2841.0,76.0538012778961,0.0,2.986957243299718,21.813612791395048,442.80564185703724,298.15
2842.0,76.05241226039448,0.0,0.0,21.64751600239803,474.10376458823197,298.15
2843.0,76.05102324289285,0.0,0.0,21.7380199485005,367.67118800809925,298.15
2844.0,76.04963422539124,0.0,0.5667250594519064,24.851469179917604,949.4444672268592,298.15
2845.0,76.04824520788962,0.0,0.0,24.72850874639954,170.38448926275254,298.15
2846.0,76.046856190388,0.0,0.0,22.36520994679253,246.7655866062194,298.15
2847.0,76.04546717288638,0.0,0.0,24.35844640010023,403.24301996674603,298.15
2848.0,76.04407815538475,0.0,0.0,22.440886802973772,97.84922771903172,298.15
2849.0,76.04268913788314,0.0,2.324880113204411,26.656691477800088,292.89363643676796,298.15
2850.0,76.04130012038152,0.0,1.3936209574564675,25.493765524634462,897.9174928072017,298.15
2851.0,76.0399111028799,0.0,0.13510061087513875,24.989792546346937,728.1607393041652,298.15
2852.0,76.03852208537828,0.0,1.1408291793289416,23.272195363490834,352.6319288425259,298.15
2853.0,76.03713306787665,0.0,0.0,25.474089266514998,781.1981114868552,298.15
2854.0,76.03574405037503,0.0,0.0,25.394484954881634,1229.2071928525693,298.15
2855.0,76.0343550328734,0.0,0.0,27.062783504778224,609.6702817370924,298.15
2856.0,76.0329660153718,0.0,0.0,26.90290005900037,997.4937893932329,298.15
2857.0,76.03157699787018,0.0,0.0,28.34352699883561,798.2767106309136,298.15
2858.0,76.03018798036855,0.0,2.0274215116520526,25.850777259327966,396.87077998704035,298.15
2859.0,76.02879896286693,0.0,1.8042375161384396,23.150074918785073,3074.069653930577,298.15
2860.0,76.0274099453653,0.0,1.4416976097719967,29.183697062978084,3438.9183271960082,298.15
2861.0,76.0260209278637,0.0,0.0,25.337605228388153,2257.3629804407096,298.15
2862.0,76.02463191036207,1.0,112.89991592765438,35.11837505324743,2132.838742009765,298.15
2863.0,76.02324289286045,0.0,0.9817378293581059,27.44799490941023,2687.0082487578456,298.15
2864.0,76.02185387535883,0.0,1.2511882907365093,28.289667251990476,2637.161740763793,298.15
2865.0,76.0204648578572,0.0,0.0,26.692442257129613,2792.7682772146345,298.15
2866.0,76.01907584035558,0.0,0.0,26.797732438787673,2039.2748964012721,298.15
2867.0,76.01768682285397,0.0,0.0,27.221279247576284,3196.9492752323604,298.15
2868.0,76.01629780535235,0.0,0.281963134769134,31.07237924833098,2706.8538662103306,298.15
2869.0,76.01490878785073,0.0,0.0,28.25094924110143,2736.512602595933,298.15
2870.0,76.0135197703491,1.0,116.4336039761692,36.36446207556016,3653.1584263790355,298.15
2871.0,76.01213075284748,1.0,116.07640928187587,36.49081733152149,2813.4921543787023,298.15
2872.0,76.01074173534586,1.0,116.2549410785506,38.053865355820086,1876.1894255888003,298.15
2873.0,76.00935271784425,0.0,0.0,29.16266626095512,2895.231960769381,298.15
2874.0,76.00796370034263,0.0,0.0,29.7666346792791,3330.971818606652,298.15
2875.0,76.006574682841,0.0,0.0,29.114810427954268,3237.6214612041576,298.15
2876.0,76.00518566533938,0.0,0.9054907042879363,27.206619793956072,3243.7484623109563,298.15
2877.0,76.00379664783776,0.0,1.3606220006720946,28.155436602374305,3634.4305616623146,298.15
2878.0,76.00240763033614,0.0,0.0,30.630090399033932,2288.4854583918245,298.15
2879.0,76.00101861283453,0.0,3.622845117782371,26.822478091558168,3055.1426121993877,298.15
2880.0,75.9996295953329,0.0,0.0,28.303204481438858,2151.0660125749355,298.15
2881.0,75.99824057783128,1.0,120.89914499586114,40.57176243619972,3404.702018357609,298.15
2882.0,75.99685156032966,0.0,0.0,31.213482322686595,3081.8063296145015,298.15
2883.0,75.99546254282804,0.0,0.0,29.069633784876036,3227.5087155146484,298.15
2884.0,75.99407352532641,0.0,0.9582151820032426,28.678843859007063,2015.2651864092077,298.15
2885.0,75.9926845078248,1.0,118.18621541574865,36.85292689032558,2534.307779767701,298.15
2886.0,75.99129549032318,0.0,0.08194140989603822,30.72517127677698,2918.0626758386807,298.15
2887.0,75.98990647282156,0.0,0.0,32.41406439375674,2804.580102486219,298.15
2888.0,75.98851745531994,1.0,117.79291785145695,45.03610217723239,2672.6176601394823,298.15
2889.0,75.98712843781831,1.0,116.7558401923457,40.57536690236696,1008.0341492303492,298.15
2890.0,75.98573942031669,0.0,0.0,29.710164406705122,648.3844983347519,298.15
2891.0,75.98435040281508,0.0,2.005144620842938,27.949242596604424,638.7696539294193,298.15
2892.0,75.98296138531346,1.0,118.7230386093931,35.998401628182485,366.0916332321413,298.15
2893.0,75.98157236781184,0.0,1.4531771268350595,30.275162884854787,12.49826829252703,298.15
2894.0,75.98018335031021,0.0,0.0,34.79123223201697,498.5566577163305,298.15
2895.0,75.97879433280859,1.0,117.80100506641243,42.58034061621928,1133.0127053015622,298.15
2896.0,75.97740531530697,0.0,0.0,32.278173853753536,578.5910007479877,298.15
2897.0,75.97601629780536,0.0,0.0,30.490972761685732,889.9057490489599,298.15
2898.0,75.97462728030374,0.0,0.0,30.735679515094986,934.107904757949,298.15
2899.0,75.97323826280211,0.0,0.0,24.98862285402111,695.984403375592,298.15
2900.0,75.97184924530049,0.0,0.0,31.575996405908697,577.152957425572,298.15
2901.0,75.97046022779887,1.0,120.6851142116563,38.80073835814422,154.03808593825124,298.15
2902.0,75.96907121029724,0.0,0.0,28.542231939679176,2846.9721052417085,298.15
2903.0,75.96768219279564,0.0,0.8283139438474209,29.315223892397047,3135.279881634845,298.15
2904.0,75.96629317529401,0.0,0.0,29.232525536282814,3143.5676637431475,298.15
2905.0,75.96490415779239,0.0,0.0,28.470513553775493,2515.297145107273,298.15
2906.0,75.96351514029077,1.0,116.0085630781945,39.962100987112144,2958.2689265473723,298.15
2907.0,75.96212612278914,0.0,0.0,28.75553724825768,2767.9286765119537,298.15
2908.0,75.96073710528752,0.0,0.0,30.08907320660501,2931.2396429217147,298.15
2909.0,75.95934808778591,0.0,3.0406318823105263,26.77657864571264,2667.819075901625,298.15
2910.0,75.95795907028429,0.0,0.8843806067245933,29.372899409293016,3042.946760937659,298.15
2911.0,75.95657005278267,0.0,0.043434392624202484,27.510759322601576,2543.2929767588457,298.15
2912.0,75.95518103528104,1.0,120.8367518408531,38.40852804912392,1966.8882174606908,298.15
2913.0,75.95379201777942,1.0,119.33609636675152,39.98472632360376,3188.8974089818066,298.15
2914.0,75.9524030002778,0.0,0.0,26.323525988658957,3386.7833372207524,298.15
2915.0,75.95101398277619,1.0,122.36669789437876,37.88575459527359,3542.7424115034073,298.15
2916.0,75.94962496527457,1.0,118.20713354010411,40.7047125093662,3336.157426680856,298.15
2917.0,75.94823594777294,1.0,123.08181542205448,36.54753203741063,2786.2659491087484,298.15
2918.0,75.94684693027132,0.0,0.0,33.07899327638596,2672.7493337426113,298.15
2919.0,75.9454579127697,0.0,1.9668463471243205,31.82622803648868,2549.9460686916395,298.15
2920.0,75.94406889526807,0.0,2.2897546555465844,28.243733524136204,3464.888632478197,298.15
2921.0,75.94267987776647,1.0,118.3476351713719,37.56423458141892,3693.555977809303,298.15
2922.0,75.94129086026484,1.0,121.11916733607927,39.530591397485125,3453.2282100930825,298.15
2923.0,75.93990184276322,0.0,0.0,26.039970416025778,2874.5373091284446,298.15
2924.0,75.9385128252616,0.0,0.0,24.808514889832153,3217.8936744138414,298.15
2925.0,75.93712380775997,1.0,120.56948098148833,37.90881533590066,3171.0698802060824,298.15
2926.0,75.93573479025835,1.0,129.0242435888761,38.48926044397621,2990.419982546702,298.15
2927.0,75.93434577275674,1.0,124.84068912455369,38.86621623305204,2170.581993008709,298.15
2928.0,75.93295675525512,1.0,128.13870728774089,37.30182800615853,2568.3151239214394,298.15
2929.0,75.9315677377535,0.0,1.9752834634894039,31.10347279338513,3409.8978590971374,298.15
2930.0,75.93017872025187,1.0,122.17346310079715,35.27486569091094,3004.2680286538407,298.15
2931.0,75.92878970275025,1.0,123.21896541856957,35.90386524979939,3082.913628092225,298.15
2932.0,75.92740068524863,0.0,1.4019182765822649,29.150404627793577,197.547471843352,298.15
2933.0,75.92601166774702,1.0,125.55135103306276,35.6285196663699,834.9857922175408,298.15
2934.0,75.9246226502454,1.0,123.32633723343847,35.43024585561949,600.8234977890419,298.15
2935.0,75.92323363274377,0.0,0.0,28.044558546019562,2983.088758850722,298.15
2936.0,75.92184461524215,1.0,132.92537152752408,35.48744370376222,3085.1233487197933,298.15
2937.0,75.92045559774053,1.0,124.95394903551161,37.26204462422353,2234.7701869862785,298.15
2938.0,75.9190665802389,1.0,124.71356544816148,35.95970878775917,2478.5721872729655,298.15
2939.0,75.9176775627373,0.0,0.2700134044283434,25.491314540385915,2768.182733210102,298.15
2940.0,75.91628854523567,0.0,0.0,22.79010112436482,2664.192468016815,298.15
2941.0,75.91489952773405,1.0,126.38964703687171,37.28372623816545,3165.762807009757,298.15
2942.0,75.91351051023243,0.0,3.066084278957407,24.274568240825605,3247.962234681192,298.15
2943.0,75.9121214927308,1.0,126.21326872382836,36.35872440014833,3005.830132333648,298.15
2944.0,75.91073247522918,1.0,123.94850629792036,35.49925368414277,3677.2559766159548,298.15
2945.0,75.90934345772757,0.0,0.0,25.979267920454276,3496.004205252272,298.15
2946.0,75.90795444022595,1.0,126.03374408101816,35.94230922050096,3000.2667967551097,298.15
2947.0,75.90656542272433,1.0,130.74542529892537,36.494667333660374,2457.3894881517685,298.15
2948.0,75.9051764052227,1.0,130.3574814034424,34.43035875133114,3676.905632721408,298.15
2949.0,75.90378738772108,1.0,128.0391786849838,38.34036398592381,2770.0849667154293,298.15
2950.0,75.90239837021946,1.0,124.95347902459011,31.788299480907668,3303.527687596117,298.15
2951.0,75.90100935271785,1.0,125.2976860173106,34.97036167594355,2670.768705929061,298.15
2952.0,75.89962033521623,1.0,128.47394219754332,36.996572131101026,2294.6757325566873,298.15
2953.0,75.8982313177146,1.0,129.46005344348202,36.08060593673217,2831.3333643502438,298.15
2954.0,75.89684230021298,1.0,127.98837597683851,32.90483726325566,2477.0943654627868,298.15
2955.0,75.89545328271136,1.0,127.96024920521221,33.07119703101961,2765.417867493391,298.15
2956.0,75.89406426520974,1.0,127.91644267863614,32.48046878055555,2152.337767290467,298.15
2957.0,75.89267524770813,1.0,129.49871873415617,35.61715458315512,2961.098806408594,298.15
2958.0,75.8912862302065,1.0,124.10449091488739,32.664293076283194,2497.0630142480477,298.15
2959.0,75.88989721270488,1.0,127.38540816839226,34.533605007026324,3730.3521121750405,298.15
2960.0,75.88850819520326,0.0,0.0,24.36305065151707,2741.7350099377195,298.15
2961.0,75.88711917770163,1.0,133.34526353138028,38.5201972063853,3680.3698649833045,298.15
2962.0,75.88573016020001,1.0,128.7607576898785,34.078694614198035,2974.1056622079846,298.15
2963.0,75.8843411426984,1.0,131.36177698050963,31.558827760966423,2457.581281313429,298.15
2964.0,75.88295212519678,1.0,131.7047369346395,30.019487651551024,2846.693911663045,298.15
2965.0,75.88156310769516,1.0,134.49138707899237,32.267331776651915,200.74640931606848,298.15
2966.0,75.88017409019353,1.0,134.6422951868121,32.389488442305385,702.6596711313586,298.15
2967.0,75.87878507269191,1.0,131.73329211279082,27.86269161441097,1130.4161846981915,298.15
2968.0,75.87739605519029,1.0,130.97438306953265,30.750874318372,913.6783871851347,298.15
2969.0,75.87600703768868,1.0,130.7634290943792,32.63353086770461,259.1169846565422,298.15
2970.0,75.87461802018706,1.0,132.0092716755615,30.70955719315974,540.1518140806431,298.15
2971.0,75.87322900268543,1.0,131.78895932801345,33.601089413072685,1033.186192367932,298.15
2972.0,75.87183998518381,1.0,134.38222508252,28.1657974698603,683.630593074892,298.15
2973.0,75.87045096768219,1.0,134.30557950756534,32.57173188939699,853.8011496801894,298.15
2974.0,75.86906195018057,1.0,134.95585954346208,32.846093064183,728.0987096774381,298.15
2975.0,75.86767293267896,0.0,3.0001772660269572,22.717187997859153,526.7101404161564,298.15
2976.0,75.86628391517733,1.0,138.46963049436397,27.285475121913265,475.6690661052431,298.15
2977.0,75.86489489767571,0.0,0.2970039836222286,20.9522566853119,75.86992022500539,298.15
2978.0,75.86350588017409,1.0,137.13899377490347,28.69885311537965,231.76645213575068,298.15
2979.0,75.86211686267247,1.0,133.92675029855073,26.95247316279241,184.1346224601673,298.15
2980.0,75.86072784517084,1.0,137.8333362855982,28.77985164184059,376.9377443136719,298.15
2981.0,75.85933882766923,1.0,137.78521361462998,27.54014944003919,534.8675980728082,298.15
2982.0,75.85794981016761,1.0,137.90534650518305,31.087921400806472,2918.783888112449,298.15
2983.0,75.85656079266599,1.0,135.97408268551567,30.01852167010556,2705.7495874774568,298.15
2984.0,75.85517177516437,1.0,134.40522187591623,26.348416324405644,3225.869763008836,298.15
2985.0,75.85378275766274,1.0,132.92318211951937,27.00482229419659,2795.5243184902633,298.15
2986.0,75.85239374016112,1.0,136.3986207715737,27.48530344181712,3536.9332936410615,298.15
2987.0,75.85100472265951,1.0,140.3951480823241,27.89215871753021,3312.0019197071774,298.15
2988.0,75.84961570515789,1.0,136.25381319957953,29.890754519727544,2964.2476271267224,298.15
2989.0,75.84822668765626,1.0,139.11203121893521,29.006681234904168,2398.993901290595,298.15
2990.0,75.84683767015464,1.0,139.50198674292216,27.45273656184941,2878.083584658024,298.15
2991.0,75.84544865265302,1.0,137.06553296695782,26.57479592097534,3108.186307808195,298.15
2992.0,75.8440596351514,1.0,141.12785416033248,23.21473843304712,3063.610802892116,298.15
2993.0,75.84267061764979,1.0,131.31255189789948,29.316382352512573,3593.031915832184,298.15
2994.0,75.84128160014816,1.0,135.57988924880837,25.487542268522464,3460.4171746749516,298.15
2995.0,75.83989258264654,1.0,136.56249122138004,29.3905108661765,3091.4095354208334,298.15
2996.0,75.83850356514492,1.0,137.0420563452651,26.34718664654776,2944.204617819125,298.15
2997.0,75.8371145476433,1.0,140.04727059241065,29.892559177760198,3210.86007225142,298.15
2998.0,75.83572553014167,1.0,140.1883817468329,26.724338170227853,3357.5894183295454,298.15
2999.0,75.83433651264006,1.0,140.68733901486488,22.27583733300032,2675.9757044612775,298.15
3000.0,75.83294749513844,1.0,141.42013283516238,23.73009422681575,3648.224365609517,298.15
3001.0,75.83155847763682,1.0,137.98774861163344,24.41481333364491,3345.7977924854467,298.15
3002.0,75.8301694601352,1.0,137.6003776142589,22.722858835491728,2640.8074802882184,298.15
3003.0,75.82878044263357,1.0,141.69806903331,23.51407439110182,3047.1132069201676,298.15
3004.0,75.82739142513196,1.0,139.50352089328936,21.232881475776086,2911.0775001472703,298.15
3005.0,75.82600240763034,1.0,137.51448868409022,23.834938604517035,2840.719301782056,298.15
3006.0,75.82461339012872,1.0,143.8211491816247,24.079070626687315,2489.418915037447,298.15
3007.0,75.8232243726271,1.0,145.08147370946926,21.27863994588849,3548.209353524868,298.15
3008.0,75.82183535512547,1.0,145.7181222295045,27.13021967608202,3366.0517534462206,298.15
3009.0,75.82044633762385,1.0,142.7041355886371,23.017754022631006,3642.724578159054,298.15
3010.0,75.81905732012223,1.0,143.99993344379533,20.96540065276738,3326.192012288884,298.15
3011.0,75.81766830262062,1.0,146.02213066620516,19.05304717601043,2103.2521994758067,298.15
3012.0,75.816279285119,1.0,141.47985819277793,22.31317335317006,308.99404363351726,298.15
3013.0,75.81489026761737,1.0,145.9033049535903,21.419799363220893,760.2648174406796,298.15
3014.0,75.81350125011575,1.0,144.16210974102907,23.346280928352517,0.0,298.15
3015.0,75.81211223261413,1.0,145.93129715631846,21.20199444450373,5.6587404314134915,298.15
3016.0,75.81072321511252,1.0,144.44580676407097,18.80241181680482,369.47425845532416,298.15
3017.0,75.8093341976109,1.0,147.33829725921117,24.495031454896797,824.5904350475439,298.15
3018.0,75.80794518010927,1.0,145.02968516794178,21.7155054983337,424.0820140391234,298.15
3019.0,75.80655616260765,1.0,141.20827404432637,20.064190060376646,661.4458382006575,298.15
3020.0,75.80516714510603,1.0,148.44901948109086,20.705028537988902,501.6864801089438,298.15
3021.0,75.8037781276044,1.0,142.97799559672703,21.121013222802738,450.66527803259135,298.15
3022.0,75.80238911010278,1.0,148.4657662192477,16.96569625786424,271.00532342314114,298.15
3023.0,75.80100009260117,1.0,145.50980405919734,20.023807933867626,794.1565481731234,298.15
3024.0,75.79961107509955,1.0,148.77034166377555,18.54779317539037,60.68129215245972,298.15
3025.0,75.79822205759793,1.0,148.915183674289,20.30826242926692,418.15948591772457,298.15
3026.0,75.7968330400963,0.0,1.0247930319136893,7.512935258898618,901.442200932139,298.15
3027.0,75.79544402259468,1.0,147.90734521520866,17.577455471897785,232.31593943561694,298.15
3028.0,75.79405500509307,1.0,147.94365359762196,22.050218835982015,0.0,298.15
3029.0,75.79266598759145,1.0,142.37914736057354,20.9450253866679,0.0,298.15
3030.0,75.79127697008983,1.0,147.69832339316633,11.378705776200231,733.368726691069,298.15
3031.0,75.7898879525882,1.0,144.9960591738191,20.3719084316997,3406.322962578272,298.15
3032.0,75.78849893508658,1.0,148.30064389566456,17.621467061610797,2537.2856779875174,298.15
3033.0,75.78710991758496,1.0,145.40670953176783,16.104412565362804,2612.527569837324,298.15
3034.0,75.78572090008333,1.0,145.54264340602205,15.28269779610867,3321.199619153265,298.15
3035.0,75.78433188258172,1.0,152.4245028987923,15.200836001625019,2982.153219943737,298.15
3036.0,75.7829428650801,1.0,151.38289146623467,15.557271208750457,2139.138470772613,298.15
3037.0,75.78155384757848,0.0,0.0,4.435041662162698,3144.242953314319,298.15
3038.0,75.78016483007686,1.0,149.74057567431322,13.7689925142122,2558.492983062666,298.15
3039.0,75.77877581257523,1.0,148.9409024721078,14.224609577949206,2279.7696652443205,298.15
3040.0,75.77738679507362,1.0,151.11937995208427,16.85162840383295,3354.6424685914913,298.15
3041.0,75.775997777572,0.0,0.0,6.097225536444839,3582.354075984633,298.15
3042.0,75.77460876007038,1.0,152.58623695191727,16.95526713145919,3576.461064457118,298.15
3043.0,75.77321974256876,1.0,149.84258028615636,15.484183529886089,2963.4394245522426,298.15
3044.0,75.77183072506713,1.0,149.67098089620023,12.737927559449993,4031.914700237573,298.15
3045.0,75.77044170756551,1.0,150.94750211925094,16.280215413401322,3053.801967526385,298.15
3046.0,75.76905269006389,1.0,149.71072858586624,13.00377812356687,2734.3563336475636,298.15
3047.0,75.76766367256228,1.0,152.12428678198532,16.24126826485308,3910.306075173657,298.15
3048.0,75.76627465506066,1.0,150.28185004827992,12.322009493846988,3841.44791917546,298.15
3049.0,75.76488563755903,1.0,152.89792294915065,13.140395712728314,3282.396957252326,298.15
3050.0,75.76349662005741,1.0,154.8970716767404,13.646455300650224,3133.357923969834,298.15
3051.0,75.76210760255579,1.0,150.50324786017754,15.622000345514502,3083.4600865051343,298.15
3052.0,75.76071858505418,1.0,152.12155905980484,14.429230835159164,3546.2902466110722,298.15
3053.0,75.75932956755256,1.0,153.74603527239123,13.946873345048035,3336.5836030762066,298.15
3054.0,75.75794055005093,1.0,151.82143583594103,17.645731975913947,3064.1229699244377,298.15
3055.0,75.75655153254931,0.0,1.1062193357145313,0.0,3420.597901164566,298.15
3056.0,75.75516251504769,1.0,154.60460578064297,11.296128604625997,3572.810675009769,298.15
3057.0,75.75377349754606,1.0,156.07081532411055,11.058887481889302,2681.698820147284,298.15
3058.0,75.75238448004444,1.0,152.25338618494052,9.487998808615982,3432.1286432587485,298.15
3059.0,75.75099546254283,0.0,0.0,1.5175898850416865,3055.4167526895417,298.15
3060.0,75.74960644504121,1.0,153.37405908784675,14.28626205421561,3364.613571848063,298.15
3061.0,75.74821742753959,1.0,152.00377790644276,11.504906717359031,237.2001573687673,298.15
3062.0,75.74682841003796,1.0,155.85526606296168,11.905523576559487,934.5399253478237,298.15
3063.0,75.74543939253634,1.0,151.9419578660567,8.902623943555218,76.30649752211195,298.15
3064.0,75.74405037503473,1.0,160.46583574109584,10.688780757402279,164.55486260061446,298.15
3065.0,75.74266135753311,1.0,158.19116941324336,11.256134689378822,558.8515270663552,298.15
3066.0,75.74127234003149,1.0,155.32813686417347,13.416616097912778,0.0,298.15
3067.0,75.73988332252986,0.0,2.0665217972220358,0.0,1040.435508025494,298.15
3068.0,75.73849430502824,1.0,151.78250006942363,10.914964130639527,505.1460901896916,298.15
3069.0,75.73710528752662,0.0,6.011804356565287,3.989807406743466,1039.2179754181875,298.15
3070.0,75.73571627002501,0.0,0.0,0.7149809240557744,1131.8791385356722,298.15
3071.0,75.73432725252339,1.0,155.95794451601398,7.157034337113287,445.7689176942446,298.15
3072.0,75.73293823502176,1.0,152.00746701649328,14.07146103726588,972.412295648859,298.15
3073.0,75.73154921752014,1.0,157.76999012160812,12.84787395707392,128.68635288817632,298.15
3074.0,75.73016020001852,1.0,154.1561133574458,13.030595776046628,651.7662489108936,298.15
3075.0,75.7287711825169,0.0,0.24218950983113477,0.0,334.1909795131213,298.15
3076.0,75.72738216501529,0.0,0.0,4.179374629487491,743.9505072062403,298.15
3077.0,75.72599314751366,1.0,154.7545771857834,9.370092429047165,809.1293795642894,298.15
3078.0,75.72460413001204,1.0,155.57889805007073,9.83385364041958,443.990806540372,298.15
3079.0,75.72321511251042,0.0,0.5379281258484199,0.0,690.8286178832169,298.15
3080.0,75.7218260950088,0.0,0.0,2.691331123684183,830.8919551090544,298.15
3081.0,75.72043707750717,0.0,0.0,0.2914882201895868,565.7857067136703,298.15
3082.0,75.71904806000556,1.0,159.74809531090352,11.591282060162628,1389.3219115111406,298.15
3083.0,75.71765904250394,0.0,6.200271539275261,0.6885148928390468,3113.5613937101225,298.15
3084.0,75.71627002500232,0.0,1.1378302648713372,0.2748148417341194,4035.7553113944205,298.15
3085.0,75.7148810075007,0.0,0.0,0.0,3050.075886077815,298.15
3086.0,75.71349198999907,1.0,157.9340127577962,14.106674699611773,2419.0655754987533,298.15
3087.0,75.71210297249745,1.0,159.03897944414487,7.287040009609298,3946.2266664457393,298.15
3088.0,75.71071395499584,0.0,0.0,1.11775912873656,3052.687955710384,298.15
3089.0,75.70932493749422,1.0,161.41910803033434,11.001853482587524,2906.8315472262066,298.15
3090.0,75.7079359199926,1.0,159.93452700985674,12.570558318803895,2752.81812191279,298.15
3091.0,75.70654690249097,0.0,2.1629105986042205,3.018621588211837,3314.642212700035,298.15
3092.0,75.70515788498935,1.0,158.95843521312327,9.834317599154943,3650.8572599703025,298.15
3093.0,75.70376886748772,0.0,3.1579346172802674,1.1868321215845608,3019.4985149665404,298.15
3094.0,75.70237984998612,1.0,159.5934666214559,13.71430302768722,3597.638788139005,298.15
3095.0,75.7009908324845,0.0,0.0,0.0,2866.5594582936524,298.15
3096.0,75.69960181498287,0.0,5.1873513877266895,0.0,1919.374577226401,298.15
3097.0,75.69821279748125,1.0,156.04951105374002,9.222013244859669,3665.3872819701683,298.15
3098.0,75.69682377997962,1.0,158.76873605218475,7.310891596266608,3163.081556168716,298.15
3099.0,75.695434762478,0.0,0.0,0.7703407771291854,2558.6612599958476,298.15
3100.0,75.69404574497639,1.0,166.7605175726768,12.200073285010673,2648.0729184696156,298.15
3101.0,75.69265672747477,0.0,4.304746339451068,0.0,2808.2215437559676,298.15
3102.0,75.69126770997315,0.0,3.559205294985955,0.0,3417.682792601823,298.15
3103.0,75.68987869247152,0.0,0.0,2.128252795955396,2601.2238706956023,298.15
3104.0,75.6884896749699,1.0,167.04912749790813,6.358252275421176,3757.36009554189,298.15
3105.0,75.68710065746828,0.0,0.8775792919284287,0.0,3134.565954558787,298.15
3106.0,75.68571163996667,0.0,2.3282786236951414,0.0,2972.5108413438697,298.15
3107.0,75.68432262246505,1.0,162.03576531598745,10.610988469465687,3586.3287482254664,298.15
3108.0,75.68293360496342,0.0,0.0,0.9910025050313396,3050.16851681319,298.15
3109.0,75.6815445874618,0.0,0.0,0.012944478623722666,3477.6640815833093,298.15
3110.0,75.68015556996018,0.0,0.0,3.822424606382213,3214.469911399851,298.15
3111.0,75.67876655245855,1.0,163.47581039261823,10.358053414128314,2957.2722871175274,298.15
3112.0,75.67737753495695,0.0,0.8748342239090691,2.4041969212297616,2827.6001483039463,298.15
3113.0,75.67598851745532,1.0,162.14591514977786,11.938176338795905,237.79313787648107,298.15
3114.0,75.6745994999537,1.0,165.9109972471058,7.689070103301218,758.061572009319,298.15
3115.0,75.67321048245208,0.0,0.0,0.06364342207303342,418.7256457639495,298.15
3116.0,75.67182146495045,0.0,1.2147795731476525,4.859841518020414,473.52892376530787,298.15
3117.0,75.67043244744883,1.0,164.2911132057143,9.489220226683555,500.93743522815066,298.15
3118.0,75.66904342994722,1.0,165.39761164540712,9.201254034781975,545.3900359665176,298.15
3119.0,75.6676544124456,1.0,162.59188904097184,11.015659234481527,3194.259636773773,298.15
3120.0,75.66626539494398,1.0,163.32071502524303,9.765790972152049,2487.5489010246642,298.15
3121.0,75.66487637744235,1.0,165.25073809518085,9.168249837619317,3236.8469113497063,298.15
3122.0,75.66348735994073,1.0,166.52829353685738,9.8879132872134,3018.7702515410447,298.15
3123.0,75.66209834243911,0.0,0.0,3.9280913786899987,3429.607307403854,298.15
3124.0,75.6607093249375,0.0,0.6360557734885385,0.7709821161982391,3522.3044583307283,298.15
3125.0,75.65932030743588,0.0,3.9991142595186,0.0,2703.383097905133,298.15
3126.0,75.65793128993425,0.0,0.0,0.0,2794.76357304858,298.15
3127.0,75.65654227243263,1.0,161.6633039595437,15.890089710960883,3661.900683126974,298.15
3128.0,75.65515325493101,0.0,3.492277188048029,0.9659951579626489,2738.8714866243704,298.15
3129.0,75.65376423742939,0.0,2.6029139747450167,2.427795743086131,2893.341556881462,298.15
3130.0,75.65237521992778,0.0,1.2446982600762226,0.040579688438060035,2857.430506424349,298.15
3131.0,75.65098620242615,0.0,0.0,2.4069459936766333,2468.852738787401,298.15
3132.0,75.64959718492453,0.0,0.0,4.8716179922169935,3230.88733798083,298.15
3133.0,75.64820816742291,0.0,0.0,0.6223959142115774,3395.2521696444214,298.15
3134.0,75.64681914992128,0.0,3.688048236903201,3.0367005303123675,2904.9893511638506,298.15
3135.0,75.64543013241966,0.0,0.0,0.0,3314.9075783294766,298.15
3136.0,75.64404111491805,0.0,0.2416348824347599,6.5160457002645185,3899.8671478136143,298.15
3137.0,75.64265209741643,0.0,0.0,3.017913564190685,2709.626416686256,298.15
3138.0,75.64126307991481,0.0,2.0078648381923303,1.7406076642489774,2977.8333709256185,298.15
3139.0,75.63987406241318,1.0,162.5574593220253,12.112092555291886,3102.982170334664,298.15
3140.0,75.63848504491156,0.0,0.0,1.810571738865695,2673.8667756391915,298.15
3141.0,75.63709602740994,0.0,0.0,2.0562411344005636,2790.6104657296423,298.15
3142.0,75.63570700990833,0.0,0.0,0.0,2919.7865000878073,298.15
3143.0,75.63431799240671,0.0,0.01828097985541204,3.0910632351228062,3540.0909138411303,298.15
3144.0,75.63292897490508,0.0,0.0,3.1531928483186125,2820.123468241209,298.15
3145.0,75.63153995740346,0.0,5.0152582940548855,4.603901519215163,2195.7725255305727,298.15
3146.0,75.63015093990184,0.0,0.0,2.667073334425768,3226.4257012406183,298.15
3147.0,75.62876192240022,0.0,0.0,2.311915741593368,3241.7317342856727,298.15
3148.0,75.6273729048986,0.0,0.03978893861963394,4.049400930338142,2816.5290441225934,298.15
3149.0,75.62598388739698,0.0,0.0,0.8955795028099627,746.302780439902,298.15
3150.0,75.62459486989536,0.0,0.0,4.6898327629561445,217.6575821725326,298.15
3151.0,75.62320585239374,0.0,0.0,0.7132034667593898,369.5927894681022,298.15
3152.0,75.62181683489212,0.0,0.0,7.048359510995638,642.6710792084683,298.15
3153.0,75.62042781739049,0.0,0.0,6.319096922377414,862.0984689386391,298.15
3154.0,75.61903879988888,0.0,4.650368480180023,3.166033026299183,366.0471447789008,298.15
3155.0,75.61764978238726,0.0,0.18568151337626043,6.624753602244595,291.2771959838992,298.15
3156.0,75.61626076488564,0.0,2.81819825350175,5.669123534676592,844.1320058126123,298.15
3157.0,75.61487174738402,0.0,1.2078445018814252,3.535885490309206,714.598977522099,298.15
3158.0,75.61348272988239,0.0,2.6537186287412085,1.6254088635693655,552.0917554872694,298.15
3159.0,75.61209371238077,0.0,0.0,6.647722298393634,913.6975943827865,298.15
3160.0,75.61070469487916,0.0,0.0,4.5415583089694795,1181.9563491017284,298.15
3161.0,75.60931567737754,0.0,3.1141814545372064,8.638061102198618,628.1656721075701,298.15
3162.0,75.60792665987591,0.0,0.0,6.597754981080182,293.3920609990005,298.15
3163.0,75.60653764237429,0.0,4.19899969578255,5.318723938248993,3576.0500384057655,298.15
3164.0,75.60514862487267,0.0,3.5352903116153325,10.67846439013405,2298.6271866029806,298.15
3165.0,75.60375960737105,0.0,0.0,8.353951029990775,3274.250079646722,298.15
3166.0,75.60237058986944,1.0,162.4651442472509,9.809856431322768,2763.2552102911704,298.15
3167.0,75.60098157236781,0.0,0.0,6.562820245462988,3118.3603080502303,298.15
3168.0,75.59959255486619,0.0,0.0,4.912987992205641,2296.2311580351316,298.15
3169.0,75.59820353736457,0.0,0.0,6.327988937406815,3436.6140327146823,298.15
3170.0,75.59681451986295,0.0,1.0216201029758962,7.8910020771789995,2616.7109579965436,298.15
3171.0,75.59542550236132,0.0,0.0,9.13267826778078,3617.808151248262,298.15
3172.0,75.59403648485971,0.0,1.438362184370715,9.153514894621942,2569.5575178642366,298.15
3173.0,75.59264746735809,0.0,1.49636448927536,11.055088585282553,2669.728757621571,298.15
3174.0,75.59125844985647,0.0,0.0,10.358536175917846,3099.3171186500645,298.15
3175.0,75.58986943235485,0.0,3.692361385242579,10.447665269332763,3259.868693683969,298.15
3176.0,75.58848041485322,0.0,1.2236471533228455,9.894586490931774,2994.385418025721,298.15
3177.0,75.5870913973516,1.0,164.83316459504675,22.357499935028525,3103.8712181972483,298.15
3178.0,75.58570237984999,1.0,161.16818796661943,19.265234437329205,2993.421047053569,298.15
3179.0,75.58431336234837,0.0,1.4827855431905963,9.54122487844382,3151.8246398329466,298.15
3180.0,75.58292434484675,0.0,2.6835732009935684,6.426207270944918,2614.016103834507,298.15
3181.0,75.58153532734512,0.0,0.0,12.772329731323511,2008.2575549354488,298.15
3182.0,75.5801463098435,0.0,4.769475056368308,10.656139268624282,2405.6336931393344,298.15
3183.0,75.57875729234189,0.0,0.10498167704464473,17.105232636922644,3392.0669498689017,298.15
3184.0,75.57736827484027,0.0,2.717862220278043,10.431475697571466,2649.245075213895,298.15
3185.0,75.57597925733864,0.0,0.6980780854224927,11.681397412979871,3366.4092234905143,298.15
3186.0,75.57459023983702,0.0,1.3949742823585107,12.857396154463535,3186.650282082527,298.15
3187.0,75.5732012223354,0.0,0.0,9.68072656992501,2580.6092060965425,298.15
3188.0,75.57181220483378,1.0,163.00873167022093,22.930345287622597,3177.927815122408,298.15
3189.0,75.57042318733215,1.0,160.27507146125993,22.49270354084414,2705.0335678677193,298.15
3190.0,75.56903416983054,0.0,0.0,12.025804527177492,3616.835033318719,298.15
3191.0,75.56764515232892,1.0,165.97690079995922,25.310080184553026,3748.951573086225,298.15
3192.0,75.5662561348273,1.0,161.20655287699105,21.25208678531304,3212.964280429185,298.15
3193.0,75.56486711732568,0.0,0.0,13.922167275136292,852.709646547317,298.15
3194.0,75.56347809982405,0.0,0.0,16.594950884694235,699.3198556980834,298.15
3195.0,75.56208908232244,0.0,0.0,12.36263107922526,189.29070888305608,298.15
3196.0,75.56070006482082,1.0,164.6850402951333,23.444522863943785,586.410682625943,298.15
3197.0,75.5593110473192,1.0,159.49386003521983,29.140800319523642,629.5142691797877,298.15
3198.0,75.55792202981758,0.0,1.2610292774424252,15.50933466534779,2958.208261651813,298.15
3199.0,75.55653301231595,0.0,3.230852982002193,13.718155048321119,2769.1148949770673,298.15
3200.0,75.55514399481433,0.0,0.0,16.65890647171032,2942.4277163885545,298.15
3201.0,75.5537549773127,0.0,1.2675154866418574,14.061444550546284,2357.9009466885473,298.15
3202.0,75.5523659598111,0.0,0.0,12.236712010329118,3266.943104286104,298.15
3203.0,75.55097694230948,1.0,166.22434210275011,28.54306972233057,3669.934665651128,298.15
3204.0,75.54958792480785,1.0,162.4947466751705,23.661997710168194,2744.31600367915,298.15
3205.0,75.54819890730623,1.0,159.66921891198083,31.244213215101922,3491.6282084609024,298.15
3206.0,75.5468098898046,1.0,158.14887402629364,25.40024717338263,2813.082324389796,298.15
3207.0,75.545420872303,1.0,159.57834298606852,31.0551567239419,2202.885022076309,298.15
3208.0,75.54403185480137,0.0,0.0,14.05115817091779,3046.786588054863,298.15
3209.0,75.54264283729975,1.0,164.2158548684303,29.233061796900316,2656.3419073240048,298.15
3210.0,75.54125381979813,0.0,0.0,18.379377148340794,3085.73104543617,298.15
3211.0,75.5398648022965,1.0,159.58877671164197,29.310433841861705,3178.7560474185066,298.15
3212.0,75.53847578479488,0.0,0.0,19.81147924271435,2674.8720549466707,298.15
3213.0,75.53708676729326,1.0,158.6839964264598,27.0130439612735,2845.99515109634,298.15
3214.0,75.53569774979165,0.0,0.0,15.566962302319276,3606.159224122164,298.15
3215.0,75.53430873229003,0.0,0.0,18.396441052594817,3000.6171365796563,298.15
3216.0,75.5329197147884,0.0,2.0800340226444045,19.191318808381602,2783.1618635264954,298.15
3217.0,75.53153069728678,0.0,1.4508734410984443,17.98286282045907,2688.9843841337683,298.15
3218.0,75.53014167978516,1.0,159.16591623556317,29.758529527802054,3222.484357642361,298.15
3219.0,75.52875266228355,1.0,150.77434545463694,30.091892018010604,1912.5837382956952,298.15
3220.0,75.52736364478193,1.0,158.5497213446662,27.75436506935086,3392.1576791450925,298.15
3221.0,75.5259746272803,0.0,0.0,20.67510839796249,3018.77580601616,298.15
3222.0,75.52458560977868,0.0,1.539823823976482,19.52878113766903,3422.884688655207,298.15
3223.0,75.52319659227706,0.0,3.512912492099591,18.855365836842623,2716.1317356676477,298.15
3224.0,75.52180757477544,0.0,0.0,22.149256052810482,3275.5822653081914,298.15
3225.0,75.52041855727381,1.0,156.34688393430352,29.134325760714884,2920.2837048460033,298.15
3226.0,75.5190295397722,0.0,0.0,20.01335410564637,2807.0848810488096,298.15
3227.0,75.51764052227058,0.0,2.943351282711121,21.321633812212397,2396.753450043702,298.15
3228.0,75.51625150476896,0.0,0.2263989428615292,24.22718789164681,470.77373113430207,298.15
3229.0,75.51486248726734,0.0,4.117653923965968,21.997543675890647,17.15718310588568,298.15
3230.0,75.51347346976571,1.0,157.0448821979865,32.90175121438011,443.9478335721263,298.15
3231.0,75.5120844522641,1.0,156.44910958216164,31.403764187194284,0.0,298.15
3232.0,75.51069543476248,0.0,0.16249907522467397,22.064078686032268,1111.9424303363085,298.15
3233.0,75.50930641726086,0.0,1.9488231902743267,22.330858025872786,556.1833022792308,298.15
3234.0,75.50791739975924,0.0,0.0,23.241841773327103,501.9895472467326,298.15
3235.0,75.50652838225761,0.0,0.2033274891274796,22.22575734429631,736.7951183960749,298.15
3236.0,75.50513936475599,0.0,0.0,25.8069831694627,44.90599577975877,298.15
3237.0,75.50375034725437,1.0,156.4380415219757,32.46406293887522,226.53488909738178,298.15
3238.0,75.50236132975276,1.0,154.06318954458703,29.902636165925088,686.008519166094,298.15
3239.0,75.50097231225114,1.0,151.83466679619283,39.29403302164434,556.5509614669292,298.15
3240.0,75.49958329474951,1.0,154.12435865173111,33.14015619927162,247.9360290488536,298.15
3241.0,75.49819427724789,1.0,151.32293748042042,36.72043078613385,726.9838904038239,298.15
3242.0,75.49680525974627,1.0,149.11028957716405,37.09710035796365,606.0343803995942,298.15
3243.0,75.49541624224466,1.0,155.2223321696626,36.33225779670712,3345.669155321352,298.15
3244.0,75.49402722474304,1.0,154.66098094858887,34.152066920688355,3522.2942916528555,298.15
3245.0,75.49263820724141,0.0,1.1128196280236142,25.334255775807836,2554.2628916240637,298.15
3246.0,75.49124918973979,1.0,155.9640015747442,32.28545419354871,2609.1212732565887,298.15
3247.0,75.48986017223817,1.0,151.0625355612836,39.20852831442166,2306.193955785942,298.15
3248.0,75.48847115473654,1.0,149.02309398611305,33.507649784167974,3282.4106115620875,298.15
3249.0,75.48708213723494,1.0,152.05015171489035,34.913916273856785,3047.528209310687,298.15
3250.0,75.48569311973331,1.0,151.17209879739792,35.81119212184569,3363.5030483813184,298.15
3251.0,75.48430410223169,0.0,0.0,25.54983241020051,3350.886755713163,298.15
3252.0,75.48291508473007,1.0,151.37185176639997,34.57686965138104,2276.337900212191,298.15
3253.0,75.48152606722844,0.0,0.0,28.97635867652771,2674.4771458932705,298.15
3254.0,75.48013704972682,1.0,146.7449187389761,38.21575254131108,3035.3516184487703,298.15
3255.0,75.47874803222521,0.0,0.0,27.071713344644728,2712.9147454510253,298.15
3256.0,75.47735901472359,1.0,147.96389018328355,35.73188166793689,3361.6160952546015,298.15
3257.0,75.47596999722197,0.0,0.5518893573025485,28.906156666677877,3431.310411454656,298.15
3258.0,75.47458097972034,1.0,148.6557346612587,35.8923373318519,3467.7265180849768,298.15
3259.0,75.47319196221872,1.0,152.63914258417634,40.24103716064157,2619.03416042991,298.15
3260.0,75.4718029447171,0.0,3.8211266206892587,27.365132070755763,2786.6063829528266,298.15
3261.0,75.47041392721549,1.0,151.1501397943452,39.81402198777214,3131.3327787880744,298.15
3262.0,75.46902490971387,1.0,145.6051357040691,37.170958862167424,2765.744509271453,298.15
3263.0,75.46763589221224,0.0,3.5860503679520006,27.684958910294228,2015.387411882382,298.15
3264.0,75.46624687471062,1.0,152.5890604319484,40.19768267270433,2801.1282378847063,298.15
3265.0,75.464857857209,0.0,0.04476740573322655,32.32412072814275,3072.9542642611095,298.15
3266.0,75.46346883970737,1.0,151.51753119178636,41.136177451387304,3628.603351506505,298.15
3267.0,75.46207982220577,1.0,146.81537306050592,39.842380028957365,3450.4897320899536,298.15
3268.0,75.46069080470414,1.0,143.44656665481685,39.362561755331946,3654.2594245865675,298.15
3269.0,75.45930178720252,1.0,145.84368570175562,37.2086966120734,3530.961485407168,298.15
3270.0,75.4579127697009,1.0,151.5363763020646,38.975293999951006,2667.9111696324053,298.15
3271.0,75.45652375219927,0.0,0.0,26.58327623963375,3055.399904427656,298.15
3272.0,75.45513473469765,1.0,146.9356226060262,39.349091785889506,2953.88141178479,298.15
3273.0,75.45374571719604,1.0,146.77713257653295,39.58056867249478,613.3051436064494,298.15
3274.0,75.45235669969442,1.0,145.2319415157621,34.71354297342144,368.90432138517497,298.15
3275.0,75.4509676821928,1.0,145.1549901782998,38.93825995381531,196.29327005865537,298.15
3276.0,75.44957866469117,1.0,146.14068705751862,39.80413224179295,481.4018927381884,298.15
3277.0,75.44818964718955,1.0,144.38548074435334,38.85864458920198,904.9019288608706,298.15
3278.0,75.44680062968793,1.0,142.09244124358133,39.85324543995751,538.601134802523,298.15
3279.0,75.44541161218632,1.0,145.7477400974616,36.41813927906135,509.94648508412695,298.15
3280.0,75.4440225946847,1.0,147.5471200559409,37.66225116769432,648.2180770933189,298.15
3281.0,75.44263357718307,1.0,146.81548699798807,41.47595908106248,668.5868969176834,298.15
3282.0,75.44124455968145,1.0,142.56799935131417,39.40558683335276,587.1820272310123,298.15
3283.0,75.43985554217983,1.0,141.26904901241315,40.17084077880321,485.26098209590543,298.15
3284.0,75.4384665246782,1.0,143.3253872262766,38.3991691438427,2352.383536308841,298.15
3285.0,75.4370775071766,1.0,147.48960804422725,39.62584006407494,3030.397192237976,298.15
3286.0,75.43568848967497,1.0,145.0440961818706,34.880833291583244,3071.949879931532,298.15
3287.0,75.43429947217335,1.0,144.93433258692093,41.43692350094021,3641.5809619488205,298.15
3288.0,75.43291045467173,1.0,145.1280350304045,43.47103809714301,3505.8003061795553,298.15
3289.0,75.4315214371701,1.0,143.7609458353754,37.57540639847262,3212.89068691264,298.15
3290.0,75.43013241966848,1.0,142.7960266450276,37.871797785816995,2960.4310111976974,298.15
3291.0,75.42874340216687,1.0,143.83651089609663,40.76158829986475,2391.8598412047845,298.15
3292.0,75.42735438466525,1.0,140.70705619818662,42.92801066070713,3221.7619838966593,298.15
3293.0,75.42596536716363,1.0,138.3878329377618,39.90507948751084,3205.632985911075,298.15
3294.0,75.424576349662,1.0,143.2294746713194,37.39261124121502,2809.5516565523803,298.15
3295.0,75.42318733216038,1.0,144.20490894254917,39.522579084123706,2862.2578322775985,298.15
3296.0,75.42179831465876,1.0,138.3408868580598,37.84168389895001,3122.30950856536,298.15
3297.0,75.42040929715715,1.0,142.7120429570321,38.60094192540947,2585.7130146099807,298.15
3298.0,75.41902027965553,1.0,144.50695406362735,39.36419049666186,3004.0339136021316,298.15
3299.0,75.4176312621539,1.0,140.24597136114343,38.07737324104624,3110.8017682358577,298.15
3300.0,75.41624224465228,1.0,138.05115278158902,38.392184113423646,2370.330193458739,298.15
3301.0,75.41485322715066,1.0,140.04176270614786,40.15220022361018,2663.389942641971,298.15
3302.0,75.41346420964904,1.0,138.185763674607,40.43704557201628,2560.609026594894,298.15
3303.0,75.41207519214743,1.0,137.7768147048651,37.04019173447107,2820.0168597625293,298.15
3304.0,75.4106861746458,1.0,140.02702258656885,40.78966322363273,3611.3551743010908,298.15
3305.0,75.40929715714418,1.0,134.92313585330893,39.16435929369885,2949.98092879536,298.15
3306.0,75.40790813964256,1.0,135.0529427531972,41.422103332818565,3404.5814142352533,298.15
3307.0,75.40651912214093,1.0,138.28824277767512,41.52258707782718,3287.9981241645487,298.15
3308.0,75.40513010463931,1.0,137.93858283839901,38.75623457145063,3164.6691763739004,298.15
3309.0,75.4037410871377,1.0,138.55990120605728,41.1197071644808,3379.34801870927,298.15
3310.0,75.40235206963608,1.0,141.95894282488982,38.08546096835694,3228.960007405343,298.15
3311.0,75.40096305213446,1.0,137.4905075868171,42.51265996330395,2400.8488576593923,298.15
3312.0,75.39957403463283,1.0,138.41711610815543,38.08261262430831,3356.3781297876403,298.15
3313.0,75.39818501713121,1.0,134.41867030759107,40.417423341154155,1877.8569881911185,298.15
3314.0,75.39679599962959,1.0,138.32357844202872,39.250991121048855,0.0,298.15
3315.0,75.39540698212798,1.0,134.99147426521262,37.48377849607518,321.76184513260023,298.15
3316.0,75.39401796462636,1.0,136.16770645921028,41.390806827537965,455.16931858256333,298.15
3317.0,75.39262894712473,1.0,135.49064010319412,38.19904181042955,351.4279631848158,298.15
3318.0,75.39123992962311,1.0,137.9638552809182,35.89060798268697,0.0,298.15
3319.0,75.38985091212149,1.0,132.13527353052584,33.38020056524935,771.4843645745543,298.15
3320.0,75.38846189461987,1.0,129.57042335960756,37.45725999729571,252.38689879185188,298.15
3321.0,75.38707287711826,1.0,134.2560700217475,42.035079246819805,671.4084536513542,298.15
3322.0,75.38568385961663,1.0,135.63583021518988,41.71277061501861,262.020768313591,298.15
3323.0,75.38429484211501,1.0,134.63797080408548,37.546424023818254,325.69975218229837,298.15
3324.0,75.38290582461339,1.0,136.96710455026263,38.17270445443821,651.9018051405008,298.15
3325.0,75.38151680711177,1.0,134.83036032945284,37.89728653650621,377.70803743465797,298.15
3326.0,75.38012778961014,1.0,132.20258528530465,36.01031268611849,559.7218272537558,298.15
3327.0,75.37873877210853,1.0,127.76402214070077,36.709954238570916,597.1346791710247,298.15
3328.0,75.37734975460691,1.0,132.49785294632983,40.600296488107354,0.13479971752974507,298.15
3329.0,75.37596073710529,1.0,135.27207928858104,39.51187521649547,667.3498384514442,298.15
3330.0,75.37457171960367,1.0,131.6495588952537,38.92953207579816,171.59208827077356,298.15
3331.0,75.37318270210204,1.0,132.41244811680377,35.49693420452546,110.84007485030662,298.15
3332.0,75.37179368460042,1.0,133.11106914130667,38.35273882507153,2538.427861823719,298.15
3333.0,75.37040466709881,1.0,129.4514091869726,33.267766475006944,3402.8811343723464,298.15
3334.0,75.36901564959719,0.0,1.4848267721459252,29.653078708236777,2633.4396563957275,298.15
3335.0,75.36762663209556,1.0,135.29952584339796,38.32403847774236,2941.9466956408983,298.15
3336.0,75.36623761459394,0.0,0.0,24.884522697736486,3207.3906298587103,298.15
3337.0,75.36484859709232,1.0,128.24188446467247,40.878022577402994,2840.543074029279,298.15
3338.0,75.3634595795907,1.0,130.5409524782124,33.69380236208498,3440.61029093641,298.15
3339.0,75.36207056208909,1.0,125.1689723793514,38.368310076206406,3113.1422089148105,298.15
3340.0,75.36068154458746,0.0,0.8026543218606198,28.28271271443366,3565.2437627194076,298.15
3341.0,75.35929252708584,1.0,131.08678092308065,34.43305473404471,2550.2756396585423,298.15
3342.0,75.35790350958422,1.0,133.77341241636026,36.774093415240614,1965.4529069766104,298.15
3343.0,75.3565144920826,1.0,129.09227121637164,33.32337545335864,3323.4780460554116,298.15
3344.0,75.35512547458097,1.0,130.30195055143085,30.674664614873222,3167.4366330394528,298.15
3345.0,75.35373645707936,1.0,127.05225436376595,34.198947526818266,2852.0634197328973,298.15
3346.0,75.35234743957774,1.0,128.03172627303184,34.97719364064471,3227.406102043063,298.15
3347.0,75.35095842207612,1.0,125.025107490135,37.426048505054986,2927.8194780279564,298.15
3348.0,75.3495694045745,1.0,127.97383578521794,36.07385193675889,2593.8231618778073,298.15
3349.0,75.34818038707287,1.0,127.49092689924389,35.96523907241239,2984.973326257168,298.15
3350.0,75.34679136957125,1.0,128.71282771949507,33.509942507155934,2955.396596027414,298.15
3351.0,75.34540235206964,1.0,126.29731922516477,34.34323710362438,2869.3343935567395,298.15
3352.0,75.34401333456802,0.0,0.19856591882645278,23.346186053235954,3039.820820779221,298.15
3353.0,75.3426243170664,1.0,126.55880044501045,32.56334790774666,1852.1178386925906,298.15
3354.0,75.34123529956477,1.0,126.35037704846567,33.69258921974278,2790.72517283418,298.15
3355.0,75.33984628206315,1.0,127.12012217813519,34.895726786074995,2671.417505324663,298.15
3356.0,75.33845726456153,1.0,126.81514659871378,33.37780086191678,3596.817625885372,298.15
3357.0,75.33706824705992,1.0,128.32345607922235,33.7100077536556,3230.6106583316387,298.15
3358.0,75.3356792295583,0.0,0.0,25.62989176860618,2702.4301872980736,298.15
3359.0,75.33429021205667,1.0,125.2636684062738,32.97131818229442,3166.732149150765,298.15
3360.0,75.33290119455505,0.0,0.0,21.05966738282122,2313.060524717248,298.15
3361.0,75.33151217705343,1.0,123.98795329868119,34.789653735203075,3302.53942086952,298.15
3362.0,75.33012315955182,0.0,0.0,23.980722506115566,835.2871384149323,298.15
3363.0,75.3287341420502,1.0,130.1293596070437,33.914632762398206,251.8719700861162,298.15
3364.0,75.32734512454857,0.0,0.0,24.330917712973093,2080.382063289191,298.15
3365.0,75.32595610704695,1.0,124.23242654297259,33.78128885708809,3573.867482109379,298.15
3366.0,75.32456708954533,1.0,123.77865286866239,32.69499918749113,3456.139532905584,298.15
3367.0,75.3231780720437,1.0,123.92014211753917,37.37465839131805,3687.9349344208804,298.15
3368.0,75.32178905454208,1.0,123.52874525775252,29.570465078659815,2850.737750975308,298.15
3369.0,75.32040003704047,0.0,0.6652748668454253,20.806909575906626,3037.4755253597027,298.15
3370.0,75.31901101953885,1.0,119.8664631395314,33.80919431908822,2540.684400208239,298.15
3371.0,75.31762200203723,1.0,126.22598325664795,31.893792289705157,2394.367079333439,298.15
3372.0,75.3162329845356,1.0,125.07796473507486,32.953203999883385,3311.4903969118163,298.15
3373.0,75.31484396703398,0.0,0.0,21.523576769828754,2469.6983133254685,298.15
3374.0,75.31345494953237,0.0,0.0,23.797189686835956,2529.2614131432997,298.15
3375.0,75.31206593203075,0.0,0.0,18.65787580774999,3006.9146031317614,298.15
3376.0,75.31067691452913,0.0,0.0,23.29653399872731,2947.899680491485,298.15
3377.0,75.3092878970275,1.0,128.82516437765503,32.72239892718006,2869.4516723680476,298.15
3378.0,75.30789887952588,1.0,123.79903411230477,27.5795805066563,2944.750123159959,298.15
3379.0,75.30650986202426,0.0,0.0,21.1622532432975,3387.664103974121,298.15
3380.0,75.30512084452263,1.0,120.5214561901211,29.54629775197744,3348.351508069572,298.15
3381.0,75.30373182702102,1.0,121.87055849580901,28.15688970896828,2988.969093886857,298.15
3382.0,75.3023428095194,1.0,122.43650640117855,25.281370520877406,3485.0987237466065,298.15
3383.0,75.30095379201778,1.0,118.5365752442912,26.86889364145457,3558.2919199747093,298.15
3384.0,75.29956477451616,1.0,121.18607504908131,30.19391119573218,3403.357059257381,298.15
3385.0,75.29817575701453,0.0,0.0,20.183769792323275,3520.4573914302155,298.15
3386.0,75.29678673951292,1.0,118.56171025226585,27.836641273964723,3366.4232729538066,298.15
3387.0,75.2953977220113,0.0,0.6184729862800624,19.730396686388858,3468.6878863715656,298.15
3388.0,75.29400870450968,1.0,122.72700366521877,29.764432261263007,3301.9122146838413,298.15
3389.0,75.29261968700806,0.0,2.0037366449001626,17.89855438904841,3434.312005699524,298.15
3390.0,75.29123066950643,1.0,121.95203743206835,25.853560387493907,2998.470406079143,298.15
3391.0,75.28984165200481,0.0,0.0,18.025111988903717,3746.6215514346986,298.15
3392.0,75.28845263450319,0.0,1.7023772564666106,17.886523748312786,2322.6568310870334,298.15
3393.0,75.28706361700158,1.0,120.88637217511064,28.03895787760634,3341.620631947649,298.15
3394.0,75.28567459949996,0.0,0.3191094973690866,18.200285050980433,321.6923572346723,298.15
3395.0,75.28428558199833,0.0,0.0,13.36149406791535,0.0,298.15
3396.0,75.28289656449671,0.0,0.0,14.887909587842126,623.9261688334675,298.15
3397.0,75.28150754699509,0.0,0.17603174249308895,11.782427716344328,428.80572061875284,298.15
3398.0,75.28011852949348,1.0,125.2841304561856,27.015091531372676,511.16489370103426,298.15
3399.0,75.27872951199186,0.0,0.7176943782597148,14.796793450249629,437.36450969863523,298.15
3400.0,75.27734049449023,1.0,117.7592658210571,25.890428859824873,763.8419848869951,298.15
3401.0,75.27595147698861,1.0,117.10774442327529,21.71438088688751,808.74127657348,298.15
3402.0,75.27456245948699,0.0,0.0,17.424458477425198,114.2716956054785,298.15
3403.0,75.27317344198536,1.0,124.03600437053478,21.824881125222863,1118.3257283529656,298.15
3404.0,75.27178442448374,0.0,0.0,15.65904980709971,415.87650760622756,298.15
3405.0,75.27039540698213,0.0,2.160571391862558,14.066899093217735,705.8053939609695,298.15
3406.0,75.26900638948051,0.0,0.0,13.196825144672463,563.1567696711077,298.15
3407.0,75.26761737197889,0.0,0.6222584441207084,12.795604416986455,537.0271356326867,298.15
3408.0,75.26622835447726,1.0,120.1704422492289,21.801219784132215,695.0366992372167,298.15
3409.0,75.26483933697564,1.0,116.8158048971974,25.56346013767503,961.7526290342257,298.15
3410.0,75.26345031947403,0.0,0.0,12.679551884434535,772.171229877631,298.15
3411.0,75.26206130197241,1.0,121.92605885555875,19.79777062538812,414.765825005113,298.15
3412.0,75.26067228447079,1.0,120.22102519274019,21.395691426601058,470.4910633595998,298.15
3413.0,75.25928326696916,0.0,1.8837352487529462,12.223448325691605,302.63133811721195,298.15
3414.0,75.25789424946754,0.0,1.8756443963017677,13.583481887609528,750.5022437971545,298.15
3415.0,75.25650523196592,0.0,1.0949144498038608,10.24866015314429,706.6184860814882,298.15
3416.0,75.2551162144643,0.0,4.807244838990949,10.158147222280036,380.17029905148297,298.15
3417.0,75.25372719696269,0.0,0.10460922180233566,11.09033498590694,964.621904991518,298.15
3418.0,75.25233817946106,1.0,118.71026436851014,22.62037311597314,3182.7740633874914,298.15
3419.0,75.25094916195944,1.0,113.79683435414881,17.760382274888233,3388.7372004501985,298.15
3420.0,75.24956014445782,0.0,0.0,11.40923823928294,2405.8545976460005,298.15
3421.0,75.2481711269562,0.0,0.0,9.182090227256232,3247.786721140865,298.15
3422.0,75.24678210945459,0.0,3.0353895345621984,9.248377113932825,2653.3709470854583,298.15
3423.0,75.24539309195296,1.0,110.87165876980026,23.834837878754335,4185.499963341967,298.15
3424.0,75.24400407445134,0.0,0.0,9.072058929133624,2988.4860639687754,298.15
3425.0,75.24261505694972,0.0,0.0,10.819588689929958,3015.3659917055897,298.15
3426.0,75.2412260394481,0.0,0.0,10.52867003622394,3027.8794234516913,298.15
3427.0,75.23983702194647,0.0,0.0,6.388350008839376,3363.502462838186,298.15
3428.0,75.23844800444486,0.0,3.2993826047668864,4.7991539480401135,3122.258991916685,298.15
3429.0,75.23705898694324,0.0,0.9449452220470931,10.097760810210424,2867.442718624582,298.15
3430.0,75.23566996944162,0.0,0.0,5.950613049477593,3644.335922476358,298.15
3431.0,75.23428095194,0.0,2.539602544927432,4.541433164616014,3263.0152448849303,298.15
3432.0,75.23289193443837,0.0,0.04248440931644387,9.894620162525419,2652.5182861409307,298.15
3433.0,75.23150291693675,0.0,0.08950106669846992,5.461115940982618,3383.1362837512215,298.15
3434.0,75.23011389943514,0.0,0.0,5.767699588538313,2391.748818186231,298.15
3435.0,75.22872488193352,0.0,0.0,11.24325834110374,2668.586243498291,298.15
3436.0,75.2273358644319,0.0,0.0,3.532170970059525,3270.8442680028984,298.15
3437.0,75.22594684693027,0.0,0.11069154170897395,4.1681005988904545,3402.130121071286,298.15
3438.0,75.22455782942865,0.0,0.18555865156781032,5.61862137515292,2760.0919901615853,298.15
3439.0,75.22316881192702,0.0,3.6787196274146923,5.878345925019007,2554.57780304588,298.15
3440.0,75.22177979442542,0.0,0.9173737026231996,4.335982124184202,3281.790422397647,298.15
3441.0,75.2203907769238,0.0,0.0,3.5989281865522975,2897.3882939449445,298.15
3442.0,75.21900175942217,0.0,0.6257307340361918,8.927328760943283,2502.503009888819,298.15
3443.0,75.21761274192055,0.0,0.0,6.164913512581592,3511.079349572474,298.15
3444.0,75.21622372441892,0.0,0.0,6.648097256384307,2844.1242699946492,298.15
3445.0,75.2148347069173,0.0,0.0,4.974655164756598,2939.0063042864476,298.15
3446.0,75.21344568941569,0.0,0.0,5.678582517222462,3553.8251222959316,298.15
3447.0,75.21205667191407,0.0,0.0,6.832981823213467,2944.118501487565,298.15
3448.0,75.21066765441245,0.0,0.4847851800663245,2.6725909478584997,774.6203948286202,298.15
3449.0,75.20927863691082,1.0,112.6401536299029,15.108684820955451,1195.8191829537452,298.15
3450.0,75.2078896194092,0.0,0.8497418310754214,5.832014626636223,811.1071538918268,298.15
3451.0,75.20650060190758,0.0,5.3294660362962425,7.420972789662308,590.7799515263224,298.15
3452.0,75.20511158440597,0.0,0.0,8.091472667487615,0.0,298.15
3453.0,75.20372256690435,0.0,0.0,4.049923426082592,3404.796414105372,298.15
3454.0,75.20233354940272,0.0,0.0,6.1017319772945875,2927.0201830563783,298.15
3455.0,75.2009445319011,0.0,0.0,0.0,2934.7306959463654,298.15
3456.0,75.19955551439948,0.0,1.5312398407912682,6.650640164206436,3205.4085989590562,298.15
3457.0,75.19816649689785,0.0,1.7168850984814832,1.7932498994684327,2749.5510573780707,298.15
3458.0,75.19677747939625,0.0,0.18431502186959978,2.6493621054472816,2533.071841672598,298.15
3459.0,75.19538846189462,0.0,2.118623377910966,3.916427743067787,2769.90740173647,298.15
3460.0,75.193999444393,0.0,6.065841134472238,2.547602443337189,3479.558278918524,298.15
3461.0,75.19261042689138,0.0,4.079475934698517,3.1337942699876584,3047.052387485427,298.15
3462.0,75.19122140938975,0.0,0.0,5.875317537431991,2868.581527242172,298.15
3463.0,75.18983239188813,0.0,0.0,1.6687636672340642,2956.146065604942,298.15
3464.0,75.18844337438652,0.0,0.0,0.08857061451369841,4020.1003122451016,298.15
3465.0,75.1870543568849,0.0,0.0,5.9585586664125,3238.7708096986603,298.15
3466.0,75.18566533938328,0.0,1.0753118140757623,3.177613192346274,3397.210944616086,298.15
3467.0,75.18427632188165,0.0,0.0,5.943510469255585,2523.724166253991,298.15
3468.0,75.18288730438003,0.0,0.0,3.64039487933671,2875.1205890403894,298.15
3469.0,75.18149828687841,0.0,1.996524446555072,0.0,3066.1380077808335,298.15
3470.0,75.1801092693768,0.0,0.0,2.9688166411519887,2998.217810401904,298.15
3471.0,75.17872025187518,0.0,0.0,0.0,4091.0756325295997,298.15
3472.0,75.17733123437355,0.0,2.7989327546830083,1.4429546476447614,3219.8037046234485,298.15
3473.0,75.17594221687193,0.0,0.0,1.1724603951597943,3743.2637053081135,298.15
3474.0,75.17455319937031,1.0,115.97304963820407,7.890209184460758,2208.0470732092776,298.15
3475.0,75.17316418186869,0.0,0.0,0.0,3109.4279526119526,298.15
3476.0,75.17177516436708,1.0,116.9219999394793,15.61114816669026,3491.053782300596,298.15
3477.0,75.17038614686545,0.0,0.43002236837908553,1.4610303181876327,2351.504252792167,298.15
3478.0,75.16899712936383,0.0,1.4543407915451836,0.5238572695805044,3627.5845675948267,298.15
3479.0,75.16760811186221,0.0,0.0,4.555695125875831,2977.770280523153,298.15
3480.0,75.16621909436059,0.0,0.0,0.0,3428.8160230119834,298.15
3481.0,75.16483007685896,0.0,0.0,0.47415243359219617,3046.8983855415386,298.15
3482.0,75.16344105935735,0.0,0.0,2.6434374328434576,3205.563478654223,298.15
3483.0,75.16205204185573,1.0,119.29514212921099,9.70337719565951,340.85487391848295,298.15
3484.0,75.16066302435411,0.0,0.0,0.0,298.01797483756616,298.15
3485.0,75.15927400685248,0.0,2.0173876686435186,0.0,199.74750073750016,298.15
3486.0,75.15788498935086,0.0,0.045264315065612876,0.0,2872.7345227650117,298.15
3487.0,75.15649597184924,0.0,0.0,0.0,2937.9550140128076,298.15
3488.0,75.15510695434763,0.0,1.473322693665784,0.5934251072410119,3692.220974480831,298.15
3489.0,75.15371793684601,0.0,0.0,0.0,3176.7515281749947,298.15
3490.0,75.15232891934438,0.0,1.520439939900754,4.644980479994643,3583.4449750968733,298.15
3491.0,75.15093990184276,0.0,0.5068088047941361,0.0,2935.3185939753384,298.15
3492.0,75.14955088434114,1.0,116.86343850644236,13.013208678804213,2901.8565600599095,298.15
3493.0,75.14816186683952,1.0,119.65179415365616,10.544782470427588,3467.496319604942,298.15
3494.0,75.1467728493379,0.0,1.3022212976810092,1.734052940691955,3041.1513091824195,298.15
3495.0,75.14538383183628,0.0,2.7577296321660163,1.5881519749006814,2740.0268689478135,298.15
3496.0,75.14399481433466,1.0,121.03290858363832,5.444834859906133,3132.1788262067216,298.15
3497.0,75.14260579683304,1.0,120.01915168793745,9.992774199633903,3332.4582391423933,298.15
3498.0,75.14121677933142,0.0,0.0,0.0,3214.1182298165236,298.15
3499.0,75.13982776182979,1.0,124.92449835703424,7.660152639654864,3446.4525846618267,298.15
3500.0,75.13843874432818,0.0,0.0,0.9499789261789459,2706.3641960966843,298.15
3501.0,75.13704972682656,1.0,121.60376098001585,13.549685043424805,3593.061519571764,298.15
3502.0,75.13566070932494,1.0,120.49876878553447,4.482699063145495,3478.105730129491,298.15
3503.0,75.13427169182332,0.0,0.0,0.0,2706.80196090514,298.15
3504.0,75.13288267432169,1.0,119.43998933319763,7.454784970303307,2509.7080053934633,298.15
3505.0,75.13149365682007,1.0,119.68428175636551,10.194594127084349,3131.941103557845,298.15
3506.0,75.13010463931846,1.0,123.12037243385289,9.393559578872846,2926.3244384893596,298.15
3507.0,75.12871562181684,0.0,0.0,0.0,2717.9957792326595,298.15
3508.0,75.12732660431521,1.0,119.66834876842623,11.54338794527925,3382.043427964068,298.15
3509.0,75.12593758681359,0.0,0.0,3.5313894863068818,3241.4509205268214,298.15
3510.0,75.12454856931197,0.0,4.132981191302098,5.685226274826483,3173.6832790423337,298.15
3511.0,75.12315955181035,0.0,0.0,0.0,3171.337347297442,298.15
3512.0,75.12177053430874,1.0,121.66212992201487,6.5022112328027255,1859.3059710434509,298.15
3513.0,75.12038151680711,1.0,120.79468087774201,11.467434025997282,3436.3047499928575,298.15
3514.0,75.11899249930549,1.0,120.95787487085575,13.689881928500693,3153.6565817159867,298.15
3515.0,75.11760348180387,1.0,123.27795054502597,12.096227809246258,2774.235435949069,298.15
3516.0,75.11621446430225,0.0,3.981694985357081,3.7913339364404783,428.07948861112584,298.15
3517.0,75.11482544680062,0.0,0.5991704524226246,0.06559118043111162,353.797700817345,298.15
3518.0,75.11343642929901,0.0,1.560688952077128,0.0,2980.9647690625306,298.15
3519.0,75.11204741179739,0.0,0.7835668027118402,0.9016936970076364,2488.063670787152,298.15
3520.0,75.11065839429577,0.0,2.4242151453409355,0.050947788127900906,3112.746707962452,298.15
3521.0,75.10926937679415,0.0,0.0,2.1792367235459595,3067.3127636966115,298.15
3522.0,75.10788035929252,0.0,2.5620614831749857,2.8911547935193496,3562.1391392185196,298.15
3523.0,75.1064913417909,0.0,2.6457075721575007,3.1345732005680684,2376.896525718136,298.15
3524.0,75.10510232428929,0.0,2.579087534912438,2.1086721188702713,3155.8742940811544,298.15
3525.0,75.10371330678767,0.0,0.0,1.649885343446083,3293.7010733083252,298.15
3526.0,75.10232428928605,1.0,122.80702426040035,12.87564288857895,3209.8789452135184,298.15
3527.0,75.10093527178442,1.0,123.95908134367815,7.271737390966072,3347.3226469521837,298.15
3528.0,75.0995462542828,1.0,120.30491032486482,11.862812762416933,3070.2026375209953,298.15
3529.0,75.09815723678119,1.0,127.5547903089174,11.638050733235087,2637.4059684335057,298.15
3530.0,75.09676821927957,0.0,0.0,2.075307748181607,3159.5736732628784,298.15
3531.0,75.09537920177794,1.0,124.80495850378963,11.562410659828211,3066.5592548601235,298.15
3532.0,75.09399018427632,0.0,0.0,2.7479811257355338,2838.5774536865424,298.15
3533.0,75.0926011667747,0.0,0.0,0.7829081709750227,3832.5835279604594,298.15
3534.0,75.09121214927308,0.0,0.0,4.423427186817095,2537.3705497440887,298.15
3535.0,75.08982313177145,0.0,0.522242457663628,3.189361454264838,3415.582067048504,298.15
3536.0,75.08843411426984,0.0,1.604408757107606,2.6465264618849442,3656.386877595539,298.15
3537.0,75.08704509676822,0.0,0.38545984319782334,1.021226163759363,3058.8502365197205,298.15
3538.0,75.0856560792666,1.0,126.31567299134652,14.278930599919597,3499.423687541021,298.15
3539.0,75.08426706176498,0.0,0.0,3.154889219161122,2919.2693608486293,298.15
3540.0,75.08287804426335,0.0,1.182286130779889,1.303272833400688,3479.6999120581577,298.15
3541.0,75.08148902676174,1.0,129.63002324376512,12.887619108828062,3412.228481725857,298.15
3542.0,75.08010000926012,0.0,1.6791238093040675,4.447895390911226,3011.2813527532217,298.15
3543.0,75.0787109917585,1.0,128.4386899381712,14.433564680067242,3468.9472628908075,298.15
3544.0,75.07732197425688,1.0,127.41908143868669,14.448876745345865,2090.649714683348,298.15
3545.0,75.07593295675525,0.0,0.0,3.785159194373975,2529.781576890641,298.15
3546.0,75.07454393925363,0.0,0.0,5.868550957613907,2752.0544797566226,298.15
3547.0,75.073154921752,1.0,128.43677859903684,16.46387557143961,2761.024158476685,298.15
3548.0,75.0717659042504,1.0,127.54129005860688,15.589407202300057,2726.059227133091,298.15
3549.0,75.07037688674878,1.0,128.83090858488097,13.01393077824384,3392.5296157840794,298.15
3550.0,75.06898786924715,1.0,131.99399069548423,12.206541462446259,3412.080503611969,298.15
3551.0,75.06759885174553,0.0,1.7297426143317702,3.437065136454196,2951.6567526150184,298.15
3552.0,75.0662098342439,1.0,131.4371420511607,18.76971247850825,3391.95473017022,298.15
3553.0,75.0648208167423,1.0,128.8843550779663,15.487036018506597,3654.342707682524,298.15
3554.0,75.06343179924067,0.0,0.0,9.475362249223327,1955.5749879943958,298.15
3555.0,75.06204278173905,1.0,128.96636492284034,15.009847106013996,2756.9456898676603,298.15
3556.0,75.06065376423743,1.0,127.41147679379347,14.903710639626762,2534.4653264470853,298.15
3557.0,75.0592647467358,1.0,133.26700945980016,15.468296265059871,3357.66904866416,298.15
3558.0,75.05787572923418,0.0,1.883065204097566,5.615884027154438,2680.1233382474493,298.15
3559.0,75.05648671173256,1.0,131.24935465557647,14.394674800231067,2444.5981841388075,298.15
3560.0,75.05509769423095,1.0,133.1828902955838,13.808722045055742,3113.467797719463,298.15
3561.0,75.05370867672933,1.0,125.65577237290991,17.411109755640688,2688.6296632087215,298.15
3562.0,75.0523196592277,0.0,1.4012077619058105,8.749072833903949,2777.45164774692,298.15
3563.0,75.05093064172608,1.0,127.80927641084351,21.818071859053482,2978.022212218867,298.15
3564.0,75.04954162422446,1.0,131.14772441526665,16.066177750948718,3387.0573098406644,298.15
3565.0,75.04815260672285,1.0,130.65654225236847,16.433634883169926,3121.443742292566,298.15
3566.0,75.04676358922123,1.0,133.2108235677548,15.770362068305843,2704.845719878861,298.15
3567.0,75.0453745717196,1.0,132.41393413861908,19.894831795595067,2674.067220233756,298.15
3568.0,75.04398555421798,1.0,135.3118714573102,19.458153218655966,3667.358510918856,298.15
3569.0,75.04259653671636,1.0,130.91098822115106,16.168558921591124,2252.623063384419,298.15
3570.0,75.04120751921474,1.0,134.27301990371603,16.3254327171096,3676.414312997613,298.15
3571.0,75.03981850171311,1.0,133.20950927514224,20.369619344881368,2750.8804067658702,298.15
3572.0,75.0384294842115,1.0,129.16724374083313,19.405320301271466,2711.277816724565,298.15
3573.0,75.03704046670988,1.0,131.11565801673245,20.394761736833964,3106.876248003564,298.15
3574.0,75.03565144920826,1.0,133.18884776658993,17.218229976267043,3101.201563349884,298.15
3575.0,75.03426243170664,1.0,136.43832122745738,15.378769402282565,3591.117060760032,298.15
3576.0,75.03287341420501,1.0,135.1362385236175,17.669708644698733,2626.9843667779364,298.15
3577.0,75.0314843967034,1.0,131.49368765841615,21.11938928287685,3175.4049238548237,298.15
3578.0,75.03009537920178,1.0,134.18528307776342,24.282175288828704,353.64337278618063,298.15
3579.0,75.02870636170016,1.0,139.57188003322383,19.25360028496887,248.02110437547216,298.15
3580.0,75.02731734419854,1.0,135.2751031707477,25.068602028380965,54.49292133522556,298.15
3581.0,75.02592832669691,1.0,134.47638784953867,22.304509644658967,19.965321542393212,298.15
3582.0,75.02453930919529,1.0,136.67439230269238,17.93594201693519,9.707650860343108,298.15
3583.0,75.02315029169367,1.0,137.56871012745438,21.484280484558074,610.1068734695078,298.15
3584.0,75.02176127419206,1.0,134.91075296299135,23.055358529815088,711.6192084784742,298.15
3585.0,75.02037225669044,1.0,137.4429308282267,16.4852057216528,197.30434936080343,298.15
3586.0,75.01898323918881,1.0,135.71044537211708,23.05983644821322,100.04658275049297,298.15
3587.0,75.01759422168719,1.0,138.45658647163535,24.38203151187552,425.8692238336062,298.15
3588.0,75.01620520418557,1.0,137.39628742579814,23.013681602219187,534.0754454922892,298.15
3589.0,75.01481618668396,1.0,138.38977140829022,22.29349489721336,592.110250196363,298.15
3590.0,75.01342716918234,1.0,135.68260197859712,22.296069396085624,162.24986280867142,298.15
3591.0,75.01203815168071,1.0,135.78472882962595,22.4083725395717,441.4379887011944,298.15
3592.0,75.01064913417909,1.0,140.24432940165826,20.68942546137899,1048.918159218495,298.15
3593.0,75.00926011667747,1.0,138.05312556263576,21.932975428469142,81.52302816687836,298.15
3594.0,75.00787109917584,1.0,139.172107825521,22.727337125495563,2886.873473175373,298.15
3595.0,75.00648208167422,1.0,138.01396604648562,24.057689563753733,3039.827537945439,298.15
3596.0,75.00509306417261,1.0,141.1361536207021,22.907288594058375,2439.8247982709213,298.15
3597.0,75.00370404667099,1.0,137.7980664456549,22.497041854999956,2944.427974144527,298.15
3598.0,75.00231502916937,1.0,139.17431909470017,26.099172420995345,2779.876380909483,298.15
3599.0,75.00092601166774,1.0,141.62126375285965,25.53039441456524,3016.7951419640312,298.15
3600.0,74.99953699416612,1.0,142.7945339027717,23.88549243331323,3221.7296456511035,298.15
3601.0,74.99814797666451,1.0,139.00349383193156,26.282012356024133,2371.4601063861223,298.15
3602.0,74.99675895916289,1.0,145.1714621810887,24.534551154425856,3542.8403793524403,298.15
3603.0,74.99536994166127,1.0,141.5001400919728,25.836942833629255,2353.450119989827,298.15
3604.0,74.99398092415964,1.0,138.52029391254138,27.957129403080703,2603.9053738676034,298.15
3605.0,74.99259190665802,1.0,142.13531006158556,24.929043039467842,3400.3939382593967,298.15
3606.0,74.9912028891564,1.0,140.59449696714324,23.98842359699387,3077.1101275690344,298.15
3607.0,74.98981387165479,1.0,142.7918620910952,26.346042984680217,2457.9492144053247,298.15
3608.0,74.98842485415317,1.0,141.90616548205844,24.06191830982649,2968.1521062488764,298.15
3609.0,74.98703583665154,1.0,142.43555268337434,26.540073513718003,2709.668426840275,298.15
3610.0,74.98564681914992,1.0,140.33685980374315,26.766480881785387,3114.230116956408,298.15
3611.0,74.9842578016483,1.0,145.1172604654195,22.486866410318914,2237.4985319229545,298.15
3612.0,74.98286878414667,1.0,140.25358490881877,28.907463989628923,3184.5683409198405,298.15
3613.0,74.98147976664507,1.0,140.6155996416941,27.664216747768034,3401.835380157194,298.15
3614.0,74.98009074914344,1.0,144.3812094122315,30.714953493056974,3054.0130193950035,298.15
3615.0,74.97870173164182,1.0,147.57311934898814,28.947153129409212,3558.901430581186,298.15
3616.0,74.9773127141402,1.0,143.1624153965086,30.250742243267556,3084.603643019963,298.15
3617.0,74.97592369663857,1.0,145.92006348979834,31.417729550322,2419.519546748995,298.15
3618.0,74.97453467913695,1.0,147.05432811646185,28.91262689414317,3749.9231337508445,298.15
3619.0,74.97314566163534,1.0,146.68471902856652,29.408903469056764,3308.012340832823,298.15
3620.0,74.97175664413372,1.0,144.24844318493984,26.382974190391067,3484.3543343125675,298.15
3621.0,74.9703676266321,1.0,142.63607632526933,32.420702157149805,3346.520026581678,298.15
3622.0,74.96897860913047,1.0,140.2210548160153,29.779933863254794,1837.036937911198,298.15
3623.0,74.96758959162885,1.0,145.0985993044169,28.223426606238174,3514.0707762029315,298.15
3624.0,74.96620057412723,1.0,148.77528853802553,32.050765081323206,624.8440911742435,298.15
3625.0,74.96481155662562,1.0,143.5333906996792,26.234966692233243,564.0488303349578,298.15
3626.0,74.963422539124,1.0,148.12228885983467,30.069972137023978,301.2718160513116,298.15
3627.0,74.96203352162237,1.0,144.43209807344638,33.05005973666278,3046.281113332721,298.15
3628.0,74.96064450412075,1.0,147.18947546570155,30.48198315314432,3146.672497559116,298.15
3629.0,74.95925548661913,1.0,148.86325533979675,30.115249234035552,3394.6896777249335,298.15
3630.0,74.9578664691175,1.0,145.84519464379807,30.949727183023274,2664.0381133063693,298.15
3631.0,74.9564774516159,1.0,148.06119421579365,27.864721191550416,3092.68394710026,298.15
3632.0,74.95508843411427,1.0,146.90386622539373,33.705093033216485,3742.9282690918662,298.15
3633.0,74.95369941661265,1.0,149.80968970962311,32.17789278305933,2649.9218818472837,298.15
3634.0,74.95231039911103,1.0,148.92635992351342,32.07276661178302,2219.4667309424394,298.15
3635.0,74.9509213816094,1.0,148.7354573538868,32.2821802433797,3015.8436815819505,298.15
3636.0,74.94953236410778,0.0,3.7126868873734047,23.06650278221524,3268.344008215595,298.15
3637.0,74.94814334660617,1.0,150.64608846306373,34.58590050961464,3249.327576339447,298.15
3638.0,74.94675432910455,1.0,147.65564703240392,33.32364304124023,4015.7133606943285,298.15
3639.0,74.94536531160293,1.0,149.32698314380775,30.810777759494574,3084.3785011582995,298.15
3640.0,74.9439762941013,1.0,149.580854566915,35.006285345971065,2237.818684584654,298.15
3641.0,74.94258727659968,0.0,0.1913571609151847,25.036773069017578,2734.7319130502833,298.15
3642.0,74.94119825909806,1.0,156.23321368388986,34.618399661663844,3242.4425465496533,298.15
3643.0,74.93980924159645,1.0,151.32908153072566,36.601004331516144,2342.7921288783837,298.15
3644.0,74.93842022409483,1.0,145.8208134156393,34.62414806983125,3342.972469697592,298.15
3645.0,74.9370312065932,1.0,149.6025819681982,37.038770452584046,2425.522625089095,298.15
3646.0,74.93564218909158,1.0,146.5153298922754,37.82817468554373,3676.412265465338,298.15
3647.0,74.93425317158996,1.0,150.55549134063486,36.29874216845007,3138.8114397361865,298.15
3648.0,74.93286415408834,1.0,146.8274259910232,33.722338597489575,2875.728684409236,298.15
3649.0,74.93147513658673,0.0,0.0,25.16837724440211,2312.0826082052167,298.15
3650.0,74.9300861190851,0.0,0.0,28.16713360596955,2900.9475853825693,298.15
3651.0,74.92869710158348,1.0,153.1322354140602,32.676519538077095,3052.295267639265,298.15
3652.0,74.92730808408186,0.0,0.0012850031193215035,25.124419246406127,2826.049228596644,298.15
3653.0,74.92591906658024,1.0,153.36873086859944,35.385608917349025,3403.3358975027104,298.15
3654.0,74.92453004907861,1.0,152.61075489049907,34.46340391287391,2727.4993261398254,298.15
3655.0,74.923141031577,1.0,149.74949572207504,38.210200958082595,2853.955753072496,298.15
3656.0,74.92175201407538,1.0,154.5048348580887,37.33651956902315,3356.0881789981986,298.15
3657.0,74.92036299657376,1.0,158.06960006869707,35.23680382896049,167.33168804108442,298.15
3658.0,74.91897397907213,1.0,154.6720530884746,38.10383068614503,521.8167901254545,298.15
3659.0,74.91758496157051,0.0,0.0,26.66784698931891,732.5859971207462,298.15
3660.0,74.91619594406889,1.0,150.7045510541377,35.2953546134511,825.4606828316174,298.15
3661.0,74.91480692656728,1.0,152.14597516105934,35.79874902494557,899.9409564447316,298.15
3662.0,74.91341790906566,1.0,155.5897219308464,38.30746158552105,195.60284426032013,298.15
3663.0,74.91202889156403,1.0,157.26641659322223,39.47790472685409,600.9651186282304,298.15
3664.0,74.91063987406241,1.0,155.52904667920686,36.658841058824905,39.440468865690946,298.15
3665.0,74.90925085656079,1.0,157.00937881813795,38.91488204402982,246.2813593005207,298.15
3666.0,74.90786183905917,0.0,1.6860062272790162,31.18038191482249,439.01531081002713,298.15
3667.0,74.90647282155756,1.0,156.69777607402276,35.42757377589725,3143.5817205230237,298.15
3668.0,74.90508380405593,1.0,154.11331575842073,38.87971713598239,3452.1661545195184,298.15
3669.0,74.90369478655431,1.0,156.2858483952145,39.97332670513562,2645.522966758667,298.15
3670.0,74.90230576905269,1.0,154.0379190178652,38.16843728818483,2885.3420593242026,298.15
3671.0,74.90091675155107,1.0,156.28654683689965,41.02976158388327,3358.6035426093667,298.15
3672.0,74.89952773404944,0.0,0.7882649755965412,33.11707619144106,2826.48816929219,298.15
3673.0,74.89813871654783,1.0,160.61105037241913,39.38071378718715,2977.3367938908236,298.15
3674.0,74.89674969904621,0.0,0.0,28.283524014527355,3141.8521373894496,298.15
3675.0,74.89536068154459,1.0,158.11772937566317,40.87747171291281,3253.1438120541197,298.15
3676.0,74.89397166404297,1.0,160.67631265044113,40.68707887178258,2381.9534681262908,298.15
3677.0,74.89258264654134,1.0,159.13016039835216,33.82561003877357,3238.106767203952,298.15
3678.0,74.89119362903972,0.0,1.9844487455129898,29.107557545140597,3457.852334231843,298.15
3679.0,74.88980461153811,1.0,159.06648231068826,38.37570174384368,3689.0896143261357,298.15
3680.0,74.88841559403649,0.0,3.093213693267373,30.085779637573033,2830.3832769747705,298.15
3681.0,74.88702657653486,1.0,155.41180608354017,38.93663224672325,2405.3101887791845,298.15
3682.0,74.88563755903324,0.0,0.0,29.228358921110317,3415.087747199535,298.15
3683.0,74.88424854153162,1.0,158.31601393043758,37.684228386432686,2190.8678719547543,298.15
3684.0,74.88285952403,0.0,0.0,31.046910492269415,2830.378361178487,298.15
3685.0,74.88147050652839,0.0,2.931948956931683,33.006275886300806,3017.791357156015,298.15
3686.0,74.88008148902676,0.0,2.908289803607705,27.886739091083232,3280.2875532944327,298.15
3687.0,74.87869247152514,1.0,157.93128537248148,36.80083639759622,3990.2624319603915,298.15
3688.0,74.87730345402352,1.0,158.23337657035887,39.775652452873715,2412.590263357286,298.15
3689.0,74.8759144365219,1.0,159.0952553469639,39.71741288624483,3275.9023659277486,298.15
3690.0,74.87452541902027,0.0,0.12393646594133167,32.23546970631398,3457.9616018334723,298.15
3691.0,74.87313640151866,0.0,0.30298517937876496,27.309791002137846,3091.0236956375625,298.15
3692.0,74.87174738401704,0.0,1.3299586590479848,28.769846870005313,2880.695447731011,298.15
3693.0,74.87035836651542,1.0,159.43866056821386,35.470429914520764,3183.2072661621714,298.15
3694.0,74.8689693490138,1.0,162.23721825693826,42.77531694381659,3248.9134810298383,298.15
3695.0,74.86758033151217,1.0,161.19054077474215,40.4715986350186,3761.684122989711,298.15
3696.0,74.86619131401055,0.0,0.0,29.012553749953767,2699.4590690777372,298.15
3697.0,74.86480229650894,0.0,3.1808357696950105,27.25040887025248,328.3556172297697,298.15
3698.0,74.86341327900732,0.0,0.0,27.44938668598295,140.80305784804455,298.15
3699.0,74.8620242615057,1.0,160.43822844720705,40.85437779621967,1215.3904546236172,298.15
3700.0,74.86063524400407,0.0,2.3036298957000625,27.71111649371305,817.641411032687,298.15
3701.0,74.85924622650245,0.0,0.0,30.213113288662164,640.0023700592512,298.15
3702.0,74.85785720900083,1.0,161.76886038205325,44.215062774954134,441.8637493583635,298.15
3703.0,74.85646819149922,0.0,1.2944780368751885,29.26493600226527,1064.5751322609294,298.15
3704.0,74.8550791739976,0.0,0.0,27.983237696942957,444.090181066251,298.15
3705.0,74.85369015649597,0.0,0.0,30.74331230600772,0.0,298.15
3706.0,74.85230113899435,0.0,0.0,27.399899539626784,2768.956515585549,298.15
3707.0,74.85091212149273,1.0,160.29316407597298,43.46436754349556,2882.9011667563855,298.15
3708.0,74.84952310399112,1.0,167.19946863915183,42.782794430910656,3502.2049120601528,298.15
3709.0,74.8481340864895,0.0,0.0,29.511036451092522,3053.122543784401,298.15
3710.0,74.84674506898787,1.0,164.31928459906587,37.9607530352464,2069.0875813082193,298.15
3711.0,74.84535605148625,0.0,0.0,28.896636642313123,2413.3479177070335,298.15
3712.0,74.84396703398463,0.0,0.0,29.123211743062647,3311.8661089514535,298.15
3713.0,74.842578016483,0.0,0.24494953133779254,30.481118595804727,3116.2278737855963,298.15
3714.0,74.84118899898138,0.0,1.5464308778733762,31.78751743414229,2716.8706200444,298.15
3715.0,74.83979998147977,0.0,2.1930656890039284,27.443230755613932,3282.980952797546,298.15
3716.0,74.83841096397815,0.0,3.722014527726233,31.61814772411288,2960.915393932437,298.15
3717.0,74.83702194647653,1.0,169.59803296538155,40.74502592956825,3244.9824742041974,298.15
3718.0,74.8356329289749,0.0,0.5968369257053513,28.354879635729603,2504.97212928401,298.15
3719.0,74.83424391147328,1.0,161.16665958216961,37.09082272796552,3588.588288816589,298.15
3720.0,74.83285489397167,0.0,1.0789492846435238,29.50608355140925,2056.60607865485,298.15
3721.0,74.83146587647005,0.0,0.0,27.001267962672657,3315.5904543918314,298.15
3722.0,74.83007685896843,0.0,2.2060656440361193,31.229008193110413,2650.4432473579454,298.15
3723.0,74.8286878414668,1.0,159.95662268728316,36.70876127360219,2996.6679031832145,298.15
3724.0,74.82729882396518,0.0,5.642432589199987,30.07867484793372,2974.6124793616063,298.15
3725.0,74.82590980646356,0.0,2.0394895997202513,28.69157090476174,2660.5343252307694,298.15
3726.0,74.82452078896193,1.0,159.23394479058416,37.607590804794604,3073.878320619334,298.15
3727.0,74.82313177146033,1.0,161.61799861816002,38.45851166026694,3228.476606649852,298.15
3728.0,74.8217427539587,1.0,165.31016387077864,40.80457100111757,3413.787983520318,298.15
3729.0,74.82035373645708,0.0,2.802577895910813,26.00619420274632,2829.0557284992533,298.15
3730.0,74.81896471895546,1.0,160.4445031279406,37.513231323474464,2602.170930163642,298.15
3731.0,74.81757570145383,0.0,1.6987466185191775,26.702741872539,3661.240042297396,298.15
3732.0,74.81618668395222,0.0,0.0,28.06478430666961,3776.7341637595464,298.15
3733.0,74.8147976664506,0.0,0.0,26.614338745955532,2868.5266750309747,298.15
3734.0,74.81340864894898,0.0,2.6493931622685203,24.256768415007873,3601.930131071121,298.15
3735.0,74.81201963144736,0.0,0.0,25.608789472475816,3699.2246591734743,298.15
3736.0,74.81063061394573,0.0,0.0,31.049915875475445,671.0629037882758,298.15
3737.0,74.80924159644411,0.0,0.3483490686530252,28.047061080925236,3680.800436580057,298.15
3738.0,74.80785257894249,0.0,0.0,27.845129518294765,2258.222728748531,298.15
3739.0,74.80646356144088,0.0,1.4998897233044517,26.688127819729697,3564.2722220549635,298.15
3740.0,74.80507454393926,0.0,0.0,27.02855281220151,3046.175056485669,298.15
3741.0,74.80368552643763,0.0,0.0,26.106912308654344,3039.1830740733762,298.15
3742.0,74.80229650893601,0.0,0.0,27.94140839581118,2755.899312196095,298.15
3743.0,74.80090749143439,1.0,164.3404317967227,36.91481307718401,2690.4888223231196,298.15
3744.0,74.79951847393278,1.0,163.56929392253096,34.13686077245531,2511.6046166711194,298.15
3745.0,74.79812945643116,0.0,0.0,26.93050044310156,3007.261713107596,298.15
3746.0,74.79674043892953,0.0,0.46171525125675944,21.169810747117296,2356.006590058005,298.15
3747.0,74.79535142142791,0.0,2.446941017834495,26.949852077939163,3362.1257635822144,298.15
3748.0,74.79396240392629,0.0,0.0,23.021597581848553,2754.7785941302986,298.15
3749.0,74.79257338642466,0.0,0.6388936655411183,25.573362833717464,3051.482335709302,298.15
3750.0,74.79118436892304,0.0,0.6511496893894296,23.137483443858866,2845.7384770862927,298.15
3751.0,74.78979535142143,0.0,0.0,25.444527084067868,2746.1540302236244,298.15
3752.0,74.78840633391981,0.0,4.899707642437077,26.463422617382633,3639.1998333466763,298.15
3753.0,74.78701731641819,0.0,0.0,28.201308646807906,2657.677711441476,298.15
3754.0,74.78562829891656,0.0,1.5631623714469982,21.73392005622827,3502.1864179708205,298.15
3755.0,74.78423928141494,0.0,1.832614975056951,26.75787880981303,2937.6426772306736,298.15
3756.0,74.78285026391333,0.0,0.0,24.832433058215134,2771.730834684437,298.15
3757.0,74.78146124641171,0.0,1.4456572595908244,23.447177605651174,2422.5795407240976,298.15
3758.0,74.78007222891009,0.0,0.5856513779606302,25.764116629418513,3508.724769645157,298.15
3759.0,74.77868321140846,0.0,0.0,23.518681664524966,3415.908796544894,298.15
3760.0,74.77729419390684,0.0,0.0,25.299808060970086,3139.2363139779613,298.15
3761.0,74.77590517640522,0.0,0.0,21.574204286534094,2589.674285875569,298.15
3762.0,74.7745161589036,0.0,0.0,22.12293957936365,3137.2311965584736,298.15
3763.0,74.77312714140199,0.0,0.0,25.185623786498088,2571.0033657942413,298.15
3764.0,74.77173812390036,0.0,2.6836691350620963,26.107504747568264,3272.7578236822096,298.15
3765.0,74.77034910639874,0.0,3.816663313489512,22.765072725101348,2706.4396545300247,298.15
3766.0,74.76896008889712,0.0,2.3300406953972295,16.874707959237877,3335.0871032709456,298.15
3767.0,74.7675710713955,0.0,3.0269691090992428,22.020474648117002,668.9404487233138,298.15
3768.0,74.76618205389389,0.0,0.0,22.29332509319533,84.19570537503972,298.15
3769.0,74.76479303639226,0.0,0.0,21.537839129228633,158.22734423054447,298.15
3770.0,74.76340401889064,0.0,0.0,22.505019475120815,501.5998270080955,298.15
3771.0,74.76201500138902,1.0,164.9564531192958,30.61338538081768,274.76882201848935,298.15
3772.0,74.7606259838874,0.0,0.540965791752226,23.120511165333024,0.0,298.15
3773.0,74.75923696638577,0.0,0.0,18.76129189075233,239.04780302224822,298.15
3774.0,74.75784794888416,0.0,3.0856233453470967,23.513601400777258,402.44494651303035,298.15
3775.0,74.75645893138254,1.0,164.14697132637744,33.944034773296735,359.8957985388571,298.15
3776.0,74.75506991388092,1.0,161.11784385394955,28.634709079808907,752.4535165441472,298.15
3777.0,74.7536808963793,0.0,0.0,18.413847165289678,0.0,298.15
3778.0,74.75229187887767,0.0,1.6248131961236134,20.92991517350736,229.47198254120804,298.15
3779.0,74.75090286137605,1.0,165.38364166186003,27.404952570538853,778.6880823014831,298.15
3780.0,74.74951384387444,0.0,1.314349162067065,18.61711775925895,266.1454532869625,298.15
3781.0,74.74812482637282,0.0,4.519237758628493,21.68936476015236,75.69934155086526,298.15
3782.0,74.7467358088712,0.0,3.8953186512864835,20.70939049768619,261.5786176590885,298.15
3783.0,74.74534679136957,1.0,163.63188315461127,33.05086822533196,656.2881474179169,298.15
3784.0,74.74395777386795,1.0,160.49689339474398,29.083333839207214,2603.9213114362487,298.15
3785.0,74.74256875636632,0.0,0.0,17.239168801648482,3017.458237976726,298.15
3786.0,74.74117973886472,0.0,0.0,18.378061367903616,3558.277064326785,298.15
3787.0,74.7397907213631,0.0,1.7944914540555568,17.730565642173687,3442.2142265507864,298.15
3788.0,74.73840170386147,0.0,4.3518906745455865,17.52847640474585,2620.6868398009656,298.15
3789.0,74.73701268635985,1.0,163.02065663868942,27.529737766032543,3527.083888492047,298.15
3790.0,74.73562366885822,0.0,2.784420639842281,15.420693227930707,2113.6975998870003,298.15
3791.0,74.7342346513566,0.0,0.0,17.696820768550374,3777.0267845916187,298.15
3792.0,74.73284563385499,0.0,1.4837147137878302,13.968500219862115,3358.9518465861884,298.15
3793.0,74.73145661635337,1.0,163.56925489175447,25.164440264354177,2854.362094296213,298.15
3794.0,74.73006759885175,0.0,0.0,16.16591990803638,3000.6073632575617,298.15
3795.0,74.72867858135012,0.0,0.0,11.506724487297518,2268.5620681689725,298.15
3796.0,74.7272895638485,0.0,2.262611257949203,17.53124937389273,2767.6328558497553,298.15
3797.0,74.72590054634688,0.0,0.6539063861009994,11.463030559828466,2470.025775790916,298.15
3798.0,74.72451152884527,0.0,0.0,16.855099945082035,2974.6918230105343,298.15
3799.0,74.72312251134365,0.0,0.0,12.563564484698004,2670.5334784830434,298.15
3800.0,74.72173349384202,0.0,0.0,14.163093054270027,2636.9949742486033,298.15
3801.0,74.7203444763404,1.0,160.4872594966663,25.83735637932314,3345.391320498127,298.15
3802.0,74.71895545883878,1.0,158.4228422668168,29.07206735029305,3465.8782992897522,298.15
3803.0,74.71756644133715,1.0,160.73831697491434,24.53409222513166,3903.9281157623345,298.15
3804.0,74.71617742383555,0.0,1.2064398142121755,9.960347309090947,2476.1749397735516,298.15
3805.0,74.71478840633392,1.0,161.7259705697431,25.794260115072703,3943.8366682876494,298.15
3806.0,74.7133993888323,0.0,0.0,13.109034315660912,3212.9217266969736,298.15
3807.0,74.71201037133068,0.0,0.0,13.49847203185942,3131.6352332530923,298.15
3808.0,74.71062135382905,0.0,0.0,14.273021732938435,3295.8430150257127,298.15
3809.0,74.70923233632743,0.0,1.3631724164940686,8.286954969635481,2868.885333315578,298.15
3810.0,74.70784331882582,1.0,160.58198219260282,22.666993720243372,2924.668520825184,298.15
3811.0,74.7064543013242,0.0,1.1242053536342338,11.574286920667696,3776.7075612782214,298.15
3812.0,74.70506528382258,0.0,0.0,14.714632019348816,3138.3894485251303,298.15
3813.0,74.70367626632095,1.0,158.18315085005173,23.461026997916,3277.6892888999496,298.15
3814.0,74.70228724881933,0.0,0.0,8.365079441984323,58.50334290884592,298.15
3815.0,74.70089823131771,1.0,160.48168521590054,24.107980123285085,646.2416461265693,298.15
3816.0,74.6995092138161,0.0,0.0,12.19875345344498,696.7814033920888,298.15
3817.0,74.69812019631448,1.0,160.3562717286082,17.843985089560995,901.414379692555,298.15
3818.0,74.69673117881285,1.0,158.66308075263413,20.93036681461217,747.9246260797551,298.15
3819.0,74.69534216131123,0.0,0.0,12.728227391283141,571.6226163271436,298.15
3820.0,74.69395314380961,0.0,0.0,7.8554962581181345,388.75430173939264,298.15
3821.0,74.69256412630799,0.0,0.0,12.988486994689046,384.85512200815765,298.15
3822.0,74.69117510880638,1.0,155.9522484007667,16.79255161335079,387.8185817619879,298.15
3823.0,74.68978609130475,0.0,0.0,8.062527988022833,45.406078377169706,298.15
3824.0,74.68839707380313,0.0,0.0,7.529357377547656,1110.652147358252,298.15
3825.0,74.68700805630151,0.0,0.0,12.10566654753506,849.7950055800085,298.15
3826.0,74.68561903879989,1.0,158.99415302584777,18.02792402936243,589.1410590688716,298.15
3827.0,74.68423002129826,1.0,157.96280302478482,16.42391414560865,3391.652868096837,298.15
3828.0,74.68284100379665,1.0,155.2469461193908,19.533495556072,2963.7915788813216,298.15
3829.0,74.68145198629503,0.0,0.1118232644304009,9.76747560697713,2933.768691026459,298.15
3830.0,74.68006296879341,0.0,0.0,9.569840717610045,3198.0959590666794,298.15
3831.0,74.67867395129178,1.0,156.2258993974322,17.420234929964117,3936.7461086517405,298.15
3832.0,74.67728493379016,1.0,159.35132045180825,18.299779579932324,2287.688613535499,298.15
3833.0,74.67589591628854,0.0,2.3073975017874813,6.224184515105553,2152.5265961677433,298.15
3834.0,74.67450689878693,1.0,156.5389408190814,20.825945713270485,2782.6138693993566,298.15
3835.0,74.67311788128531,0.0,0.0,9.527424080331436,3161.4348770423553,298.15
3836.0,74.67172886378368,1.0,156.69423553794664,19.20090940289345,2654.9589623154134,298.15
3837.0,74.67033984628206,0.0,0.0,8.405977719986481,3411.7136635559673,298.15
3838.0,74.66895082878044,1.0,153.90915984725174,17.642961078182942,2685.995150674854,298.15
3839.0,74.66756181127882,1.0,155.70005878235537,13.803008314610814,2916.756916736589,298.15
3840.0,74.6661727937772,1.0,155.87086068770031,17.49216104854807,3231.9624252192048,298.15
3841.0,74.66478377627558,0.0,1.5959645949182095,6.229865922470494,3025.839464448428,298.15
3842.0,74.66339475877396,1.0,154.39954424785574,18.41758059374929,3064.7642039664015,298.15
3843.0,74.66200574127234,1.0,153.02369659130406,17.29017598729225,2883.3691988359647,298.15
3844.0,74.66061672377072,0.0,1.2816994769999048,6.576195047728509,3218.2119989809166,298.15
3845.0,74.65922770626909,1.0,150.80119548485192,11.777236133337214,2507.9008419386155,298.15
3846.0,74.65783868876748,1.0,150.84744388823506,14.896371096240248,2795.9140486583033,298.15
3847.0,74.65644967126586,1.0,152.79401871437528,13.751731646837756,2866.942117797727,298.15
3848.0,74.65506065376424,1.0,152.84528250701985,15.253396388811794,2696.1650782784923,298.15
3849.0,74.65367163626262,0.0,0.0,3.7024313367502453,3507.284291799387,298.15
3850.0,74.65228261876099,1.0,153.0843623342685,13.823059243872656,3116.9493753343795,298.15
3851.0,74.65089360125937,0.0,1.8409847528351548,5.176860609971382,2684.6956769497983,298.15
3852.0,74.64950458375776,1.0,151.37796016158518,13.172305128393509,2927.2495510051676,298.15
3853.0,74.64811556625614,1.0,156.99825949648394,14.156845274058982,3549.8919581173423,298.15
3854.0,74.64672654875451,1.0,149.49204784092302,10.607934675163875,3352.765611233305,298.15
3855.0,74.64533753125289,0.0,0.0,1.873459982273767,3184.755683989888,298.15
3856.0,74.64394851375127,1.0,149.7300181577045,14.798246220132064,3331.308907576718,298.15
3857.0,74.64255949624965,1.0,150.26403340476122,10.750919035397423,41.61632242959831,298.15
3858.0,74.64117047874804,1.0,149.43553340544855,15.72240399790671,1285.950451293555,298.15
3859.0,74.63978146124641,1.0,146.6390868208635,15.01866923464144,288.9184509536687,298.15
3860.0,74.63839244374479,1.0,148.45955683963084,12.310353545796652,93.37622440178785,298.15
3861.0,74.63700342624317,1.0,149.2989731976066,18.925693377793724,751.1318200751725,298.15
3862.0,74.63561440874155,1.0,152.2273824978167,15.163102317800973,168.95240741616584,298.15
3863.0,74.63422539123992,1.0,154.3149077526279,10.500869473116229,362.557083174514,298.15
3864.0,74.63283637373831,0.0,3.181696381297976,3.8773123421635587,543.6329474833564,298.15
3865.0,74.63144735623669,1.0,146.75353099774412,12.346526735280277,449.80106254108154,298.15
3866.0,74.63005833873507,1.0,146.7079993038154,10.483520771592369,372.71121279139703,298.15
3867.0,74.62866932123345,1.0,147.7501181228283,9.75918358956084,1056.8031525380707,298.15
3868.0,74.62728030373182,1.0,152.14441729427622,13.911696930951218,460.95860921962395,298.15
3869.0,74.6258912862302,0.0,0.0,0.5076508578048438,184.96779596866912,298.15
3870.0,74.62450226872859,1.0,144.2536910304828,11.424338804106233,842.1865877497113,298.15
3871.0,74.62311325122697,1.0,145.98295082265616,9.625962218232187,2745.467599542313,298.15
3872.0,74.62172423372535,1.0,148.7404092670415,9.88126259482644,3243.2964308881665,298.15
3873.0,74.62033521622372,1.0,148.33953299767632,11.066606998246508,2467.9887201729503,298.15
3874.0,74.6189461987221,0.0,0.0,2.0359959053133148,2865.5518166943602,298.15
3875.0,74.61755718122048,1.0,147.83985662817338,5.792052081886694,3289.231089079026,298.15
3876.0,74.61616816371887,1.0,140.55284397659292,11.088323429916999,2618.4190351378847,298.15
3877.0,74.61477914621724,1.0,145.97217067803348,9.426217940985037,3375.509745179295,298.15
3878.0,74.61339012871562,1.0,147.53095866928845,13.785264312938093,3411.617379533083,298.15
3879.0,74.612001111214,1.0,143.25118480816107,16.89095337352513,3285.3489039310202,298.15
3880.0,74.61061209371238,1.0,142.9973479667517,9.991575716847091,2365.0475550967076,298.15
3881.0,74.60922307621075,1.0,140.29706152863673,7.1035134880028545,3050.0647419791835,298.15
3882.0,74.60783405870914,1.0,148.2849942542781,10.837162096560894,3628.7229867183833,298.15
3883.0,74.60644504120752,1.0,142.53430476214274,10.1070467330453,2708.748479244397,298.15
3884.0,74.6050560237059,1.0,144.57672286365613,14.545742322608186,3061.460462410461,298.15
3885.0,74.60366700620428,1.0,145.19322777592666,13.85904446466716,3040.198225445987,298.15
3886.0,74.60227798870265,1.0,147.10841511382313,12.149850431442545,2679.2556217423416,298.15
3887.0,74.60088897120104,1.0,142.8905203793663,9.09904809244861,2997.128095471201,298.15
3888.0,74.59949995369942,1.0,141.7228344693776,11.666534321503734,2992.104130708685,298.15
3889.0,74.5981109361978,1.0,143.1708161896906,10.77108899167123,3242.9891476767257,298.15
3890.0,74.59672191869618,1.0,145.56793689773474,10.683454200707112,3240.63926850417,298.15
3891.0,74.59533290119455,1.0,141.85317240629865,6.9290148861283125,2850.3527565438953,298.15
3892.0,74.59394388369293,1.0,139.73334283231392,12.312853141853422,3659.0736461920715,298.15
3893.0,74.5925548661913,1.0,138.08694222093368,10.313409511187437,3115.182764430184,298.15
3894.0,74.5911658486897,1.0,138.59729563013636,9.858146405038061,4110.461490796457,298.15
3895.0,74.58977683118808,1.0,143.31543026786642,8.80580543089317,2112.663397813823,298.15
3896.0,74.58838781368645,1.0,140.2411447237989,8.389311341607165,2343.1230797612716,298.15
3897.0,74.58699879618483,1.0,139.30647157574862,10.67237836180281,3307.0405327867393,298.15
3898.0,74.5856097786832,1.0,138.79686379267397,6.392141218303275,2476.843580793644,298.15
3899.0,74.5842207611816,1.0,140.4539401114819,11.633627486192522,2922.5654408372484,298.15
3900.0,74.58283174367998,1.0,139.42951082267982,7.821320225498361,2819.5292993615208,298.15
3901.0,74.58144272617835,1.0,139.09795420213408,5.74686252412004,245.8482075088413,298.15
3902.0,74.58005370867673,1.0,142.71207527264616,13.772989302115937,2753.6261957033084,298.15
3903.0,74.5786646911751,1.0,142.9103847495482,8.243113068580449,3219.3190354233775,298.15
3904.0,74.57727567367348,1.0,135.15919228285244,8.537003073253027,3008.9126391918453,298.15
3905.0,74.57588665617186,1.0,139.52440951683042,12.39116264444403,3160.4185116839762,298.15
3906.0,74.57449763867025,1.0,136.64219440611953,13.899404471817919,2918.4627469752686,298.15
3907.0,74.57310862116863,1.0,137.65083803597793,6.922098516543983,2741.4132391672724,298.15
3908.0,74.571719603667,1.0,138.72857125973692,8.142021754272132,3079.0989247062616,298.15
3909.0,74.57033058616538,1.0,137.23460645688698,8.325278776078587,3287.244606331642,298.15
3910.0,74.56894156866376,1.0,138.04037543630162,12.11677143872963,2615.2745596532313,298.15
3911.0,74.56755255116215,1.0,138.8448245388644,13.611203381719427,2761.8600413098975,298.15
3912.0,74.56616353366053,1.0,137.69381614147346,8.032969231704287,3201.277669428768,298.15
3913.0,74.5647745161589,1.0,135.2017727587157,13.235726862351878,2749.8775218594,298.15
3914.0,74.56338549865728,1.0,134.99497231588964,8.89578010447956,3521.9248355774544,298.15
3915.0,74.56199648115566,1.0,132.81555062762524,11.10916743843773,3242.590677225717,298.15
3916.0,74.56060746365404,1.0,133.96312984423523,7.843346149864265,3499.376856342128,298.15
3917.0,74.55921844615241,1.0,140.42449099613026,10.279626622024022,2332.0681355259176,298.15
3918.0,74.5578294286508,1.0,133.6159415551471,10.365941196000358,3261.311992970151,298.15
3919.0,74.55644041114918,1.0,132.41306152336273,10.011719248990818,2423.1746243651473,298.15
3920.0,74.55505139364756,1.0,135.77233073872773,11.529830241222525,2776.770451244619,298.15
3921.0,74.55366237614594,1.0,134.5016239672356,8.727336009694396,2646.890262967018,298.15
3922.0,74.55227335864431,1.0,134.05358850914806,9.060263330304513,1838.788932040333,298.15
3923.0,74.5508843411427,1.0,137.63217498648262,11.873356391214871,4142.236815666262,298.15
3924.0,74.54949532364108,0.0,1.3082654474266793,3.827140920753994,2486.1370353987477,298.15
3925.0,74.54810630613946,1.0,132.52566260935205,11.094654486540136,2234.007904008406,298.15
3926.0,74.54671728863784,1.0,132.5346327381551,12.2746934855942,2640.498292916632,298.15
3927.0,74.54532827113621,1.0,132.10682749704276,12.89578992360327,4074.5247607220263,298.15
3928.0,74.54393925363459,1.0,135.14725805340908,13.144125400109438,3753.8228110996465,298.15
3929.0,74.54255023613297,1.0,132.0888754521117,9.558792018208765,2670.0293080878496,298.15
3930.0,74.54116121863136,0.0,0.0,0.028937103967631606,3201.3211784317073,298.15
3931.0,74.53977220112974,1.0,132.2298574815035,10.317233596261485,3920.884182426371,298.15
3932.0,74.53838318362811,1.0,128.44531680265865,15.841600142263813,447.28183430732116,298.15
3933.0,74.53699416612649,1.0,137.0741045395495,13.020886800852624,661.2185887316108,298.15
3934.0,74.53560514862487,1.0,129.33361780623613,13.04647454961065,794.0740391481245,298.15
3935.0,74.53421613112326,1.0,131.01353491358427,12.967352579370749,123.14358193464977,298.15
3936.0,74.53282711362164,1.0,131.78016518221176,9.60519682528507,1038.266701949783,298.15
3937.0,74.53143809612001,1.0,130.24410821777957,16.468842143243055,191.8811254281249,298.15
3938.0,74.53004907861839,1.0,130.00864373500977,13.5842010212729,278.00872854644354,298.15
3939.0,74.52866006111677,1.0,131.47343196664758,14.222419056650919,534.9636664853639,298.15
3940.0,74.52727104361514,1.0,133.87444988401825,9.215674138896226,829.1039076929729,298.15
3941.0,74.52588202611352,0.0,1.8285500541505253,4.616138462731896,737.2672320024426,298.15
3942.0,74.52449300861191,1.0,133.30377862093147,12.411436452165683,482.6973139528954,298.15
3943.0,74.52310399111029,1.0,127.06093859078865,10.559547449014044,3181.1375940737653,298.15
3944.0,74.52171497360867,1.0,130.08485549560632,11.47101315932705,3345.037026725007,298.15
3945.0,74.52032595610704,1.0,129.47409356696284,10.979561578860977,3075.7039926016196,298.15
3946.0,74.51893693860542,1.0,129.7173517093861,11.09907591819601,2223.6455676538985,298.15
3947.0,74.51754792110381,1.0,131.93758199097815,14.030676949966194,2356.549296224212,298.15
3948.0,74.51615890360219,1.0,127.91189327484385,13.266089202561414,3344.333080570621,298.15
3949.0,74.51476988610057,1.0,127.25221945198102,14.918577413382394,2389.476178468167,298.15
3950.0,74.51338086859894,1.0,129.27218118868817,17.857392114977717,2496.389469540545,298.15
3951.0,74.51199185109732,0.0,0.0,4.293643060782866,2747.6687259119803,298.15
3952.0,74.5106028335957,0.0,0.0,0.09193981664923978,3381.0209472632155,298.15
3953.0,74.50921381609409,1.0,127.03334196556409,14.404720519744984,3751.080765821182,298.15
3954.0,74.50782479859247,1.0,124.94745088280983,17.54689152100382,2969.1847028205466,298.15
3955.0,74.50643578109084,0.0,2.5183875451736815,5.080655117170049,3520.292930586197,298.15
3956.0,74.50504676358922,0.0,0.0,8.599540047446048,3889.1297644364695,298.15
3957.0,74.5036577460876,1.0,126.18628853407071,16.557523325522034,2919.8645523118876,298.15
3958.0,74.50226872858597,1.0,127.00130605923486,12.006962990462892,3489.138730648054,298.15
3959.0,74.50087971108437,1.0,129.3217790839192,16.220186897360357,2388.5282625570617,298.15
3960.0,74.49949069358274,1.0,125.86800379362701,16.79707889066637,3615.0477189059907,298.15
3961.0,74.49810167608112,1.0,127.9209397431386,18.60785660787217,2910.574839268292,298.15
3962.0,74.4967126585795,1.0,127.15875296040977,20.32966854995071,3175.602186790728,298.15
3963.0,74.49532364107787,1.0,125.58436185209808,18.640791901411088,2966.211035358755,298.15
3964.0,74.49393462357625,1.0,122.49674483299967,17.873004560248113,3273.630154139797,298.15
3965.0,74.49254560607464,0.0,0.0,8.56010251057295,2601.006964547908,298.15
3966.0,74.49115658857302,1.0,124.95556776795983,17.01713358471041,2053.034418504869,298.15
3967.0,74.4897675710714,1.0,123.21606871175163,14.544568207475322,3479.5169777211954,298.15
3968.0,74.48837855356977,1.0,126.50799674718701,17.859461151128507,3677.355495331342,298.15
3969.0,74.48698953606815,1.0,125.90547919118441,18.73605377586333,3492.806013964703,298.15
3970.0,74.48560051856653,0.0,0.0,5.702360510795163,2270.086176303723,298.15
3971.0,74.48421150106492,1.0,120.99678652516128,21.142842844468504,2755.314303088957,298.15
3972.0,74.4828224835633,1.0,124.78767006504711,20.69134624574607,3129.876296097547,298.15
3973.0,74.48143346606167,0.0,0.0,5.992056999436683,681.3867501715922,298.15
3974.0,74.48004444856005,1.0,121.40107938924463,21.86575463588267,169.77899230659574,298.15
3975.0,74.47865543105843,0.0,0.0,8.62250838956973,0.0,298.15
3976.0,74.4772664135568,1.0,122.52268428239161,17.86910497671392,753.7870715190618,298.15
3977.0,74.4758773960552,1.0,125.4656762669232,21.9285844412267,379.0881711527351,298.15
3978.0,74.47448837855357,1.0,122.49274333348085,19.813409288762212,718.0675276787954,298.15
3979.0,74.47309936105195,1.0,121.27772466595064,24.066573424409228,505.532935005634,298.15
3980.0,74.47171034355033,0.0,0.0,8.601951851446094,441.82014846287444,298.15
3981.0,74.4703213260487,0.0,1.3154078084849539,7.010315561319317,477.5357902934802,298.15
3982.0,74.46893230854708,1.0,119.97284570168326,20.235509028653134,374.45125573901873,298.15
3983.0,74.46754329104547,1.0,121.9488748647582,22.673110234225767,339.3913556708834,298.15
3984.0,74.46615427354385,0.0,0.0,9.353384495941466,2567.6110428810816,298.15
3985.0,74.46476525604223,0.0,1.9969131787435048,8.749199102822525,2973.4142370376235,298.15
3986.0,74.4633762385406,1.0,120.81674958308298,22.20101040526769,3239.709497975694,298.15
3987.0,74.46198722103898,1.0,120.89589075996419,18.93296594878573,3221.8973836541436,298.15
3988.0,74.46059820353736,1.0,122.04054901979087,22.82316865535959,3478.351637857026,298.15
3989.0,74.45920918603575,0.0,5.019674262677158,11.717046111594408,3143.4801134352297,298.15
3990.0,74.45782016853413,1.0,122.70027025791072,23.67547200152627,3321.4390391665142,298.15
3991.0,74.4564311510325,1.0,120.22583351046823,20.026312394898724,2938.907103618891,298.15
3992.0,74.45504213353088,0.0,0.0076190445836971715,15.803112410103079,3095.3794754666046,298.15
3993.0,74.45365311602926,1.0,118.8996161350151,22.975680169372346,2698.8432508083315,298.15
3994.0,74.45226409852764,0.0,0.0,15.166463540312234,3348.555354122606,298.15
3995.0,74.45087508102603,1.0,118.55500666666578,25.807033938786052,3684.083946115213,298.15
3996.0,74.4494860635244,1.0,117.89652545901706,21.66587496384606,2913.8254435078456,298.15
3997.0,74.44809704602278,1.0,121.15919120762415,26.11689880689894,2634.588555438555,298.15
3998.0,74.44670802852116,0.0,0.0,11.583436710608419,2677.5065074308104,298.15
3999.0,74.44531901101954,1.0,122.51849545300246,21.932518509407345,2454.9961017843266,298.15
4000.0,74.44392999351791,0.0,1.791710988271104,19.059295457938177,2465.814754461994,298.15
4001.0,74.4425409760163,0.0,0.0488442928345095,17.53364595396231,2772.913633133179,298.15
4002.0,74.44115195851468,0.0,0.0007590750722117571,19.757118027286012,3434.1642069795216,298.15
4003.0,74.43976294101306,1.0,117.52102371590783,24.94141920590114,3453.4876804153914,298.15
4004.0,74.43837392351143,1.0,119.3745760153129,26.153562666972054,3424.364723430163,298.15
4005.0,74.43698490600981,1.0,121.20816653285499,27.266850570825685,2943.881560955231,298.15
4006.0,74.43559588850819,1.0,116.82768443442193,26.38641827037867,3184.7580975812252,298.15
4007.0,74.43420687100658,0.0,0.0,15.103862050256918,3550.8765319939585,298.15
4008.0,74.43281785350496,0.0,1.675380537456667,15.02792418623503,2913.6651429439867,298.15
4009.0,74.43142883600333,1.0,118.9511182707882,27.55554003102739,3153.3605827128254,298.15
4010.0,74.43003981850171,1.0,115.40609423957898,25.14147573619733,2344.391591872637,298.15
4011.0,74.42865080100009,0.0,0.0,15.316015867467613,3093.079642607651,298.15
4012.0,74.42726178349847,0.0,0.0,18.624174758877693,3688.302237496461,298.15
4013.0,74.42587276599686,1.0,116.05294590839583,27.84512914850853,2155.0236002793395,298.15
4014.0,74.42448374849523,0.0,0.0,20.209215136867087,804.1884353111097,298.15
4015.0,74.42309473099361,1.0,116.95903481891419,27.623451523035914,956.7627501391786,298.15
4016.0,74.42170571349199,0.0,0.0,17.528978370866028,391.79990815973554,298.15
4017.0,74.42031669599037,0.0,0.0,19.8335178704346,3552.4780985746925,298.15
4018.0,74.41892767848874,0.0,0.0,17.50653147486706,2367.029672303778,298.15
4019.0,74.41753866098713,1.0,117.65307442923479,28.050352370162656,3339.3241046214107,298.15
4020.0,74.41614964348551,0.0,0.0,18.3570013135826,4043.6074826996874,298.15
4021.0,74.41476062598389,1.0,119.85869540974602,29.425338086238042,2714.1149447180524,298.15
4022.0,74.41337160848227,0.0,1.210492279150002,23.744432555480316,2889.5333707615105,298.15
4023.0,74.41198259098064,0.0,0.0,17.456504124217144,3650.644482421332,298.15
4024.0,74.41059357347902,0.0,1.24775387874251,23.19949053545769,2966.5949342579966,298.15
4025.0,74.40920455597741,0.0,1.442676716639781,22.26514740898588,2138.6859890492888,298.15
4026.0,74.40781553847579,0.0,0.0,24.195931492021018,2622.406477649442,298.15
4027.0,74.40642652097416,1.0,113.13054760437093,37.655780746729455,2916.0657907699215,298.15
4028.0,74.40503750347254,0.0,0.019218630381709866,24.34529070033028,2720.3616412066995,298.15
4029.0,74.40364848597092,0.0,0.0,23.51230399332013,2662.0050431943523,298.15
4030.0,74.4022594684693,0.0,0.0,19.097121981188238,2588.7917656482778,298.15
4031.0,74.40087045096769,0.0,0.0,19.567201535996624,2977.5492290629527,298.15
4032.0,74.39948143346606,1.0,116.21651425910224,32.97076486109987,2696.552832525962,298.15
4033.0,74.39809241596444,0.0,0.0,18.922208195573045,2566.4390580851145,298.15
4034.0,74.39670339846282,1.0,115.34198230509026,33.90764299248909,3180.0473197704277,298.15
4035.0,74.3953143809612,0.0,0.0,18.42491120726074,3033.0486597832073,298.15
4036.0,74.39392536345957,0.0,0.0,25.418897631404676,2400.970154992053,298.15
4037.0,74.39253634595796,0.0,0.0,22.57043538451068,3521.11022561416,298.15
4038.0,74.39114732845634,0.0,1.270618858737936,23.692907798965802,2703.864823064742,298.15
4039.0,74.38975831095472,0.0,0.0,22.0783041139178,3010.699322764296,298.15
4040.0,74.3883692934531,0.0,0.0,19.892805957628852,2790.0571928288937,298.15
4041.0,74.38698027595147,0.0,0.0,26.5582356041636,3382.927176744657,298.15
4042.0,74.38559125844985,0.0,0.0,26.954302706477932,3494.7485528534235,298.15
4043.0,74.38420224094824,0.0,0.6364381880720824,23.652166706621085,2943.1890821820384,298.15
4044.0,74.38281322344662,0.0,0.7596133583671038,25.929470192896208,2423.381423263157,298.15
4045.0,74.381424205945,0.0,0.0,23.93380606921786,2467.2082895162857,298.15
4046.0,74.38003518844337,0.0,1.808308515611018,25.515943748716907,3104.5631417414743,298.15
4047.0,74.37864617094175,0.0,0.0,26.664215961747956,285.3247381909374,298.15
4048.0,74.37725715344013,0.0,3.7146698706696513,26.41548489322089,473.7608393617778,298.15
4049.0,74.37586813593852,0.0,0.0,28.210277477636897,131.51790257271801,298.15
4050.0,74.3744791184369,0.0,0.0,26.679051203269868,867.6958369604872,298.15
4051.0,74.37309010093527,0.0,0.0,25.829941209182557,226.6113186806258,298.15
4052.0,74.37170108343365,0.0,0.8293187399687485,24.360789207528562,920.1020096308407,298.15
4053.0,74.37031206593203,0.0,0.0,25.10546669323555,478.5901599370646,298.15
4054.0,74.3689230484304,0.0,0.0,27.925922273873155,799.8754233230934,298.15
4055.0,74.3675340309288,1.0,119.87525531726723,33.30203656222252,2883.4141545621196,298.15
4056.0,74.36614501342717,0.0,0.0,28.84323851448681,2460.6096911579657,298.15
4057.0,74.36475599592555,0.0,0.14285835735896235,26.125373679325214,2336.478771382071,298.15
4058.0,74.36336697842393,0.0,3.3827048770861965,25.16038805617306,3392.339483404242,298.15
4059.0,74.3619779609223,1.0,116.75099698910306,34.7243697778512,2979.8067067169095,298.15
4060.0,74.36058894342068,0.0,0.0,28.529073222220838,3713.410521167936,298.15
4061.0,74.35919992591907,0.0,1.2040627618135005,27.241984252153316,2130.6793953276406,298.15
4062.0,74.35781090841745,0.0,0.0,30.68995095790878,3004.26299417264,298.15
4063.0,74.35642189091583,0.0,3.3516450082298617,24.926520173205553,2784.6276435680966,298.15
4064.0,74.3550328734142,0.0,0.0,26.46994032753143,4104.416831689277,298.15
4065.0,74.35364385591258,0.0,7.07470035186033,27.598994993855815,3174.2719687687772,298.15
4066.0,74.35225483841097,0.0,3.495946180288293,26.357153901457544,2917.5784764941272,298.15
4067.0,74.35086582090935,1.0,114.48141782429266,38.04211908888517,2940.977751627643,298.15
4068.0,74.34947680340773,0.0,0.04768183867323214,28.80496095139192,2315.826215199956,298.15
4069.0,74.3480877859061,0.0,1.795517896320019,29.25784159816871,3437.7261681444766,298.15
4070.0,74.34669876840448,0.0,1.8670298977960285,31.478122186492435,2805.182041898736,298.15
4071.0,74.34530975090286,0.0,1.0538428942326912,25.776329233144224,2258.1083579386823,298.15
4072.0,74.34392073340123,0.0,2.9832031035099704,29.27050632973061,3244.583673343962,298.15
4073.0,74.34253171589963,0.0,0.0,27.333914184823612,2784.6178527871143,298.15
4074.0,74.341142698398,0.0,0.0,29.655093336082533,3607.5151314868317,298.15
4075.0,74.33975368089638,0.0,0.0,29.749692715796368,3222.041993387882,298.15
4076.0,74.33836466339476,0.0,2.0450291169031747,26.906831133461544,2759.095808650927,298.15
4077.0,74.33697564589313,0.0,0.8700246379352997,27.169112074274086,2608.995777153158,298.15
4078.0,74.33558662839152,0.0,0.6939680262934941,30.17070194753257,2718.2763997398242,298.15
4079.0,74.3341976108899,0.0,1.8946038085940478,29.23965403878636,3231.0264910051146,298.15
4080.0,74.33280859338828,0.0,0.0,28.811921936204097,3065.1576391002645,298.15
4081.0,74.33141957588666,0.0,0.738722678492373,30.696856519589478,3079.6368867423835,298.15
4082.0,74.33003055838503,0.0,0.5207288917537415,30.916758972024034,2913.0260028677685,298.15
4083.0,74.32864154088341,0.0,3.9758475563623827,28.37369429763295,2475.4797184831573,298.15
4084.0,74.32725252338179,0.0,0.0,27.76767981151686,3333.035251376523,298.15
4085.0,74.32586350588018,0.0,3.709915320106669,26.977349231801277,855.3422671313074,298.15
4086.0,74.32447448837856,0.0,0.17965828684678106,29.70789613937171,747.7812667281759,298.15
4087.0,74.32308547087693,0.0,1.1649918599664362,26.74688070501999,710.6750816800652,298.15
4088.0,74.32169645337531,1.0,121.86807280234483,39.93981265394777,362.91319868438995,298.15
4089.0,74.32030743587369,0.0,1.335984252524057,32.29166126807865,0.0,298.15
4090.0,74.31891841837208,1.0,119.02876542651539,39.084776128155724,250.67372470470906,298.15
4091.0,74.31752940087046,0.0,0.5772460175585108,28.74210005554302,146.4202893610161,298.15
4092.0,74.31614038336883,0.0,0.0,34.01096968980098,703.6918736062337,298.15
4093.0,74.31475136586721,1.0,118.32447564432998,43.0297443325598,599.6562500268484,298.15
4094.0,74.31336234836559,0.0,0.0,28.35311894436674,290.3289900605364,298.15
4095.0,74.31197333086396,0.0,0.0,30.24107965670047,350.13271359099815,298.15
4096.0,74.31058431336234,0.0,0.0,30.649730160284623,666.6006092067413,298.15
4097.0,74.30919529586073,0.0,1.0221642233219996,30.40428404629008,388.1513727923165,298.15
4098.0,74.30780627835911,0.0,0.0,33.74325958139754,296.4480918381114,298.15
4099.0,74.30641726085749,0.0,0.0,30.178440751908823,1193.019497202421,298.15
4100.0,74.30502824335586,1.0,119.73895239567973,40.49032934202181,307.4891383795001,298.15
4101.0,74.30363922585424,0.0,0.0,31.421512427248825,734.1971150993681,298.15
4102.0,74.30225020835263,0.0,4.5963843821102826,32.45198617415413,637.503193168262,298.15
4103.0,74.30086119085101,0.0,0.0,31.919779959175496,0.0,298.15
4104.0,74.29947217334939,0.0,0.0,31.082542463465597,262.17623094026237,298.15
4105.0,74.29808315584776,1.0,117.57190063109036,36.73215842673741,786.9048107197261,298.15
4106.0,74.29669413834614,1.0,120.0669412207394,38.9245211101173,2871.8719231104387,298.15
4107.0,74.29530512084452,0.0,3.30435905261057,31.603036571386607,2495.9523074873127,298.15
4108.0,74.2939161033429,1.0,122.76043491145248,40.399257530890196,2691.3772720088923,298.15
4109.0,74.29252708584129,1.0,122.4725859431496,41.55784036243316,3267.6327053003383,298.15
4110.0,74.29113806833966,1.0,121.88535892360161,43.71581777824425,2710.8439977051776,298.15
4111.0,74.28974905083804,0.0,0.0,27.34403131238327,3620.2487610489425,298.15
4112.0,74.28836003333642,0.0,0.0,32.08620051296624,3312.153279449105,298.15
4113.0,74.2869710158348,0.0,0.0,29.00552982508735,2869.9207057000667,298.15
4114.0,74.28558199833319,1.0,120.62940565518183,41.57198093517847,2517.9060390914933,298.15
4115.0,74.28419298083156,0.0,2.498697637443899,29.500351636200058,2261.474644823982,298.15
4116.0,74.28280396332994,1.0,122.24478864380089,43.924950687037786,2920.5592377693197,298.15
4117.0,74.28141494582832,0.0,3.841247486837367,29.737231701981283,2539.118032795254,298.15
4118.0,74.2800259283267,0.0,2.8529535175619967,28.080557274406566,2690.846300601992,298.15
4119.0,74.27863691082507,1.0,120.90975752847233,40.204713863637714,3626.803168389581,298.15
4120.0,74.27724789332345,0.0,0.0,29.93538948064893,2820.437310269055,298.15
4121.0,74.27585887582184,1.0,125.63473009079128,41.54355846896263,3399.3931215314437,298.15
4122.0,74.27446985832022,1.0,125.7434167993409,40.0392702908374,3251.7572310937567,298.15
4123.0,74.2730808408186,1.0,119.42282720593876,44.1472523953681,2537.2362758064023,298.15
4124.0,74.27169182331697,1.0,126.44834072415753,38.716391444763644,2754.2851406419913,298.15
4125.0,74.27030280581535,1.0,123.93981132986521,38.65229330998411,3127.9452000362553,298.15
4126.0,74.26891378831374,1.0,123.59090458279901,37.51817638440007,3450.829518801395,298.15
4127.0,74.26752477081212,1.0,127.23570007207014,38.84811291330413,2997.4692237779864,298.15
4128.0,74.2661357533105,0.0,3.203641760830086,29.049970759287852,3478.2168415086076,298.15
4129.0,74.26474673580887,0.0,1.5517617651125772,29.051634141008822,3663.2830527393257,298.15
4130.0,74.26335771830725,0.0,1.1274147913228676,28.5039648343419,2707.7719246503543,298.15
4131.0,74.26196870080562,0.0,1.4685270051249586,26.996074340239062,3789.4509428025804,298.15
4132.0,74.26057968330402,1.0,123.36478969138322,36.322328997967816,3899.0907316375988,298.15
4133.0,74.2591906658024,1.0,124.37773918626765,37.25404420863036,4351.441829701887,298.15
4134.0,74.25780164830077,1.0,122.55210104277224,40.2705196320748,2539.3350778904905,298.15
4135.0,74.25641263079915,0.0,0.0,30.593906407861468,2762.7720134391484,298.15
4136.0,74.25502361329752,1.0,124.21896732432546,37.50584458786134,130.8423545642391,298.15
4137.0,74.2536345957959,0.0,0.0,25.590997922608693,779.7328716045238,298.15
4138.0,74.25224557829429,1.0,125.81541259971357,37.238434787313714,636.3267009866652,298.15
4139.0,74.25085656079267,1.0,124.91873564951054,41.59540833971781,228.8928731587253,298.15
4140.0,74.24946754329105,0.0,1.1965478283610564,29.199973435988845,915.7044539654099,298.15
4141.0,74.24807852578942,0.0,0.0,28.133573429194247,406.9678240215996,298.15
4142.0,74.2466895082878,0.0,0.0,28.84205228919533,317.547249549071,298.15
4143.0,74.24530049078618,1.0,126.82341380111696,39.89057906362696,639.9272079141358,298.15
4144.0,74.24391147328457,1.0,125.97854497808888,34.174894998031775,337.1040653942428,298.15
4145.0,74.24252245578295,1.0,126.51794661173219,35.59580115538412,488.90395821290156,298.15
4146.0,74.24113343828132,0.0,0.0,25.158876758513983,3428.154319763072,298.15
4147.0,74.2397444207797,1.0,128.20234887676855,37.30794490351425,2942.777504249892,298.15
4148.0,74.23835540327808,1.0,129.11023899624544,36.26545490214125,3054.76946609724,298.15
4149.0,74.23696638577646,1.0,128.95883268961146,37.33507785818574,2518.7942215195976,298.15
4150.0,74.23557736827485,0.0,2.4747126330978784,24.558940660044975,2240.1781556447168,298.15
4151.0,74.23418835077322,0.0,0.48013369521827964,28.274313585482904,2529.1060312734835,298.15
4152.0,74.2327993332716,1.0,129.5783445793415,35.124904085846126,3746.219192987674,298.15
4153.0,74.23141031576998,1.0,129.0306596248101,36.53071046290685,3510.2448488777186,298.15
4154.0,74.23002129826835,1.0,130.51894861515558,37.390406115869474,2867.4581945079635,298.15
4155.0,74.22863228076673,0.0,0.0,27.046517481478553,2615.4983465084447,298.15
4156.0,74.22724326326512,1.0,127.19984600182211,35.307138710336424,3270.467750320486,298.15
4157.0,74.2258542457635,1.0,133.3351586549689,36.0721085158014,2619.5561357519427,298.15
4158.0,74.22446522826188,1.0,123.9194379543665,37.79336037342335,4048.450031386314,298.15
4159.0,74.22307621076025,1.0,129.67529443441535,35.067841041442215,3505.414506811769,298.15
4160.0,74.22168719325863,1.0,133.03120405336387,32.30870776708911,2627.140037228474,298.15
4161.0,74.22029817575701,0.0,0.0,24.830158263665567,3526.4087731727423,298.15
4162.0,74.2189091582554,1.0,129.7347083311073,33.354195913278886,3283.2717758173985,298.15
4163.0,74.21752014075378,1.0,131.2401614601459,28.382371777178196,3530.5216889272883,298.15
4164.0,74.21613112325215,1.0,130.32372046348883,33.99228339552758,2979.297061635155,298.15
4165.0,74.21474210575053,1.0,131.47266650623806,33.07857808274379,3663.344725210238,298.15
4166.0,74.21335308824891,1.0,130.0061514570434,35.0257654487896,3167.8511836941125,298.15
4167.0,74.21196407074729,0.0,2.6413585437259024,20.88154756144413,2786.7185885350036,298.15
4168.0,74.21057505324568,1.0,135.49805435888598,29.114226307485776,2582.156688709719,298.15
4169.0,74.20918603574405,0.0,0.0,22.367585560553206,2858.2517536824766,298.15
4170.0,74.20779701824243,1.0,129.2803539514464,32.59562783369765,2714.0384468878915,298.15
4171.0,74.20640800074081,1.0,131.57499216100285,31.793026344773615,3577.1031912068547,298.15
4172.0,74.20501898323919,1.0,132.62489355940363,31.429491154700777,2306.6498031505043,298.15
4173.0,74.20362996573756,1.0,134.5086332627665,28.963815094651284,3147.4669637166066,298.15
4174.0,74.20224094823595,1.0,131.14438577301345,30.67009721771121,2744.337668717218,298.15
4175.0,74.20085193073433,1.0,131.9558541135329,30.020148251569132,3275.924379540199,298.15
4176.0,74.19946291323271,1.0,135.24810177001046,32.73899833762307,949.1791028629123,298.15
4177.0,74.19807389573108,1.0,136.51209796996096,31.086131987790054,1185.899076962988,298.15
4178.0,74.19668487822946,1.0,133.03866397004037,29.506489937790864,623.1283286729245,298.15
4179.0,74.19529586072784,1.0,131.58824263717685,33.42177592218616,1153.3368476202345,298.15
4180.0,74.19390684322623,1.0,142.83435845163405,29.079462587062054,257.3046054507132,298.15
4181.0,74.19251782572461,1.0,137.1224050124363,30.56346740168695,575.6355836276412,298.15
4182.0,74.19112880822298,1.0,134.86672601881574,28.83986492314584,128.43846846584745,298.15
4183.0,74.18973979072136,1.0,137.8203875779222,32.32944634581911,700.8154622686828,298.15
4184.0,74.18835077321974,1.0,135.70103869882465,28.909874595964588,599.7340315778918,298.15
4185.0,74.18696175571812,1.0,138.31152855745623,28.742291420336382,0.0,298.15
4186.0,74.1855727382165,1.0,136.87375323195087,27.983057310899515,888.649940549094,298.15
4187.0,74.18418372071488,1.0,136.9602767625421,28.447970468514306,799.5941077967761,298.15
4188.0,74.18279470321326,1.0,136.72139956222418,30.289986721961796,3247.0846001327545,298.15
4189.0,74.18140568571164,1.0,133.79319842236092,29.32717042095519,3168.9509535661205,298.15
4190.0,74.18001666821002,1.0,142.10872613078408,27.404546282536455,2771.004078827931,298.15
4191.0,74.17862765070839,1.0,135.49824539375572,30.62990542594571,2935.261996253335,298.15
4192.0,74.17723863320678,1.0,134.751547059903,28.68433049291361,3365.4131046629395,298.15
4193.0,74.17584961570516,1.0,137.73515578424437,25.740359208706295,2250.407743856582,298.15
4194.0,74.17446059820354,1.0,136.2023714617994,23.558649148662127,3254.2490130309334,298.15
4195.0,74.17307158070192,1.0,138.6207340442122,25.319114391130295,2244.680249419328,298.15
4196.0,74.17168256320029,1.0,140.63354553710082,26.796188481347027,2863.0599345842397,298.15
4197.0,74.17029354569867,1.0,141.61739863859063,26.94092145261073,3341.052818335785,298.15
4198.0,74.16890452819706,1.0,141.43843505224493,28.28029762382635,3542.701643298675,298.15
4199.0,74.16751551069544,1.0,139.02052487191713,22.97334538406572,3246.247736743785,298.15
4200.0,74.16612649319381,1.0,140.11814992330937,24.092330984781402,3884.7452493372944,298.15
4201.0,74.16473747569219,1.0,141.22307322314933,22.330377307272872,2517.3898401214137,298.15
4202.0,74.16334845819057,1.0,136.314781912938,21.761738984117258,2381.74418363116,298.15
4203.0,74.16195944068895,1.0,142.11324628118138,22.995794901654488,2931.29293040794,298.15
4204.0,74.16057042318734,1.0,137.5330767191951,24.81587540309111,2857.8386251240404,298.15
4205.0,74.15918140568571,1.0,146.117081499712,25.41747158034362,3066.9451037375743,298.15
4206.0,74.15779238818409,1.0,140.5432365371692,21.62826785874009,2461.4778243876867,298.15
4207.0,74.15640337068247,1.0,141.31726133675062,21.6813319009897,3344.204916544512,298.15
4208.0,74.15501435318085,1.0,140.1744815248283,19.441370670649242,2747.479191038814,298.15
4209.0,74.15362533567922,1.0,140.75772902422887,23.3295157795623,2771.9859255938777,298.15
4210.0,74.15223631817761,1.0,147.92659154128467,21.14026037904561,2979.58117248769,298.15
4211.0,74.15084730067599,1.0,144.99887297771716,25.858302979553713,3218.3805339396245,298.15
4212.0,74.14945828317437,1.0,139.3171041919334,23.036294357675136,1878.2265792678108,298.15
4213.0,74.14806926567275,1.0,146.84088192659124,21.6038376172965,2911.9155756574783,298.15
4214.0,74.14668024817112,1.0,146.34882970008846,20.402766970936405,2261.156765173246,298.15
4215.0,74.1452912306695,1.0,143.0844532475266,18.409057629645282,2729.4717149841863,298.15
4216.0,74.14390221316789,1.0,144.7331392683776,18.442463377251634,2755.495224161342,298.15
4217.0,74.14251319566627,1.0,144.2144302837738,19.756031066449207,3220.910239875874,298.15
4218.0,74.14112417816465,1.0,149.19671951158847,19.370604693435013,530.0218200330613,298.15
4219.0,74.13973516066302,1.0,142.8466566395772,18.524254947811045,610.9476141058778,298.15
4220.0,74.1383461431614,1.0,145.3377431844304,21.144144020113732,484.566321113373,298.15
4221.0,74.13695712565978,1.0,144.2154040418413,21.20414951905415,3355.1468822039255,298.15
4222.0,74.13556810815817,1.0,142.06627742619085,18.971005976638438,3238.515992393346,298.15
4223.0,74.13417909065654,1.0,150.94626595203115,23.697550392590653,2901.6539871333466,298.15
4224.0,74.13279007315492,1.0,143.1535370096108,15.867900883861951,2558.0952777187877,298.15
4225.0,74.1314010556533,1.0,146.73610330366714,19.379964676825402,3623.608585913988,298.15
4226.0,74.13001203815168,1.0,142.3069479754173,18.591008740881097,2989.531713239421,298.15
4227.0,74.12862302065005,1.0,145.7450219567036,17.689067483212877,2922.988498526151,298.15
4228.0,74.12723400314844,1.0,147.94208166889882,17.171344881273654,3630.9530134880392,298.15
4229.0,74.12584498564682,1.0,145.21209364847965,18.386527405275157,2810.6714194266315,298.15
4230.0,74.1244559681452,1.0,148.81443243742163,17.724009896362805,3409.4271608926247,298.15
4231.0,74.12306695064358,1.0,147.0140471600769,17.171102060331663,3472.430293874985,298.15
4232.0,74.12167793314195,1.0,150.65663514415647,15.089433805860146,2472.9884254311896,298.15
4233.0,74.12028891564033,0.0,3.244323814296024,4.223722566368997,2607.3884754287533,298.15
4234.0,74.11889989813872,1.0,146.96784057723895,16.76805795269671,2879.4809249193995,298.15
4235.0,74.1175108806371,1.0,148.7836427942115,16.33144845105978,3803.094540534163,298.15
4236.0,74.11612186313548,1.0,149.27205931832103,16.5553520757688,3235.0696559217017,298.15
4237.0,74.11473284563385,1.0,150.54374603266461,16.540152565908674,3033.605114827579,298.15
4238.0,74.11334382813223,1.0,149.33463842511574,15.48881439930075,3095.370546255232,298.15
4239.0,74.1119548106306,1.0,149.98471699011532,15.935906542085124,3256.941763185954,298.15
4240.0,74.110565793129,1.0,149.18177629884477,14.419104651401161,2450.3748716642835,298.15
4241.0,74.10917677562738,1.0,150.2652919413539,19.143466837902764,3181.8379052072964,298.15
4242.0,74.10778775812575,1.0,153.31097730075712,14.153449789001412,2606.117328429537,298.15
4243.0,74.10639874062413,1.0,151.98480575487883,14.854597988604672,3540.177105201574,298.15
4244.0,74.1050097231225,1.0,152.3419490098097,13.942675954640094,2904.2576371061737,298.15
4245.0,74.1036207056209,0.0,1.7226770492697396,3.7276069472274287,3283.6574352675516,298.15
4246.0,74.10223168811928,1.0,150.752663512362,15.13125248778345,2223.878158039083,298.15
4247.0,74.10084267061765,1.0,152.1008070335432,14.693509331334052,2970.5246266407307,298.15
4248.0,74.09945365311603,1.0,148.97671891664007,13.782156852370129,2964.762953353095,298.15
4249.0,74.0980646356144,0.0,3.022867564213733,3.975405173015819,3338.585893588717,298.15
4250.0,74.09667561811278,1.0,145.36974301696756,12.905650311343306,2990.052090847845,298.15
4251.0,74.09528660061116,1.0,152.00936751299457,15.058412911822932,0.0,298.15
4252.0,74.09389758310955,1.0,155.1507729354258,18.31324951461493,330.4178249098487,298.15
4253.0,74.09250856560793,1.0,149.3975954125111,12.097366261395003,314.11342610111825,298.15
4254.0,74.0911195481063,1.0,153.81229772443075,14.562597574080485,494.8240473329725,298.15
4255.0,74.08973053060468,1.0,151.4494465562632,13.686813351056646,1028.203023388809,298.15
4256.0,74.08834151310306,0.0,0.0,4.824260012162731,1086.1994556415975,298.15
4257.0,74.08695249560145,1.0,155.7436556971428,14.733711710683725,419.00883844587725,298.15
4258.0,74.08556347809983,1.0,154.16898584228167,13.572232428004876,58.57594037003787,298.15
4259.0,74.0841744605982,1.0,149.05600218818492,12.922426891208355,239.36915257382583,298.15
4260.0,74.08278544309658,1.0,151.78056351863202,11.96680088469506,667.9874635031375,298.15
4261.0,74.08139642559496,0.0,2.323686133619363,1.1466945162088182,462.087095029533,298.15
4262.0,74.08000740809334,1.0,155.57996119045603,12.393625752199613,0.0,298.15
4263.0,74.07861839059171,1.0,158.87461042314442,9.807834774392093,323.61212560830415,298.15
4264.0,74.0772293730901,1.0,158.91636619480084,11.107668764562208,959.3906678452661,298.15
4265.0,74.07584035558848,1.0,154.28830834790472,14.498099998158768,602.3653011013347,298.15
4266.0,74.07445133808686,1.0,161.26200827719208,12.292479761509467,516.5642484859964,298.15
4267.0,74.07306232058524,1.0,155.54930603236875,13.815532390786295,363.8213961970458,298.15
4268.0,74.07167330308361,0.0,0.0,4.8929359880447745,338.8956624828294,298.15
4269.0,74.070284285582,0.0,0.0,1.3776218898796888,690.5271252953155,298.15
4270.0,74.06889526808038,0.0,0.0,2.06341392151434,549.7580513662468,298.15
4271.0,74.06750625057876,0.0,3.828638336887651,0.9057156182873064,770.0554172751856,298.15
4272.0,74.06611723307714,1.0,160.22856717503646,9.748058492145207,691.4681698393119,298.15
4273.0,74.06472821557551,1.0,154.19204306572854,9.359306638911134,506.9071515330617,298.15
4274.0,74.06333919807389,0.0,0.0,2.976347523730901,634.5729691817437,298.15
4275.0,74.06195018057227,1.0,157.1983426980645,11.573008693349294,292.46012205551176,298.15
4276.0,74.06056116307066,1.0,154.85935363185857,14.870007690842325,483.1284998834828,298.15
4277.0,74.05917214556904,1.0,153.1408071170168,12.977427040560062,969.6800535968097,298.15
4278.0,74.05778312806741,1.0,156.99408112159293,9.375479544165287,503.7512843802747,298.15
4279.0,74.05639411056579,1.0,156.90137522319418,12.545582408977744,423.9270389468911,298.15
4280.0,74.05500509306417,1.0,156.91010644115505,10.103606312624459,573.7240813808642,298.15
4281.0,74.05361607556256,0.0,0.5306093152212749,3.1781735212822855,91.74841336705242,298.15
4282.0,74.05222705806094,1.0,161.57363679956134,9.590414640047843,577.3541157900602,298.15
4283.0,74.05083804055931,1.0,157.60900221035558,8.356430178268484,1094.0548070155014,298.15
4284.0,74.04944902305769,0.0,0.40607148752373484,0.0,216.7754848488018,298.15
4285.0,74.04806000555607,0.0,1.7317308251351933,0.0,593.5384897114644,298.15
4286.0,74.04667098805444,0.0,1.3202164017170863,0.0,491.7709289277655,298.15
4287.0,74.04528197055282,0.0,0.0,0.0,482.8066945612115,298.15
4288.0,74.04389295305121,1.0,159.34633146369706,12.036346417717814,476.48789666044667,298.15
4289.0,74.04250393554959,0.0,1.3044848478522941,3.935517405541163,750.1931683730995,298.15
4290.0,74.04111491804797,0.0,0.0,0.0,115.37303565682902,298.15
4291.0,74.03972590054634,1.0,162.57338239061852,12.76113940667031,741.2142324525169,298.15
4292.0,74.03833688304472,0.0,3.410685335413001,0.0,524.2149729814421,298.15
4293.0,74.03694786554311,0.0,0.0,0.8096073220145564,0.0,298.15
4294.0,74.03555884804149,1.0,160.4515184182266,6.647695744430003,633.0417928709844,298.15
4295.0,74.03416983053987,1.0,161.65828782492,11.129342740037515,539.9014752334765,298.15
4296.0,74.03278081303824,1.0,158.96397315710024,5.8849154326751645,194.6603218049566,298.15
4297.0,74.03139179553662,1.0,161.54484430980418,10.66550916113597,556.2416630413356,298.15
4298.0,74.030002778035,0.0,0.3889479504139323,0.5391117317167001,38.9663026157109,298.15
4299.0,74.02861376053337,0.0,0.0,0.39663499543651903,260.17629620509695,298.15
4300.0,74.02722474303177,1.0,161.87853739681324,8.481049594219606,512.951062864418,298.15
4301.0,74.02583572553014,0.0,0.0,1.1376407374619901,0.0,298.15
4302.0,74.02444670802852,0.0,2.237601438146603,0.8157091364769848,96.7169284051048,298.15
4303.0,74.0230576905269,0.0,0.0,0.0,149.08189252358875,298.15
4304.0,74.02166867302527,0.0,0.0,1.4182141251282103,527.7308806209417,298.15
4305.0,74.02027965552367,1.0,164.65353897734005,9.848640386629441,654.5830194022308,298.15
4306.0,74.01889063802204,0.0,1.182603187561644,1.1594745810613363,187.28783834676227,298.15
4307.0,74.01750162052042,0.0,0.0,0.0,167.62831231188312,298.15
4308.0,74.0161126030188,0.0,0.0,0.5661703919075478,548.3750198086339,298.15
4309.0,74.01472358551717,0.0,0.0,1.3375123093147745,538.9312607937878,298.15
4310.0,74.01333456801555,1.0,162.86530977312503,9.362248551415338,254.73502789305812,298.15
4311.0,74.01194555051394,0.0,0.8536304801060279,0.0,4016.4149514856126,298.15
4312.0,74.01055653301232,1.0,160.11606870303441,10.836305642944305,2993.170628429977,298.15
4313.0,74.0091675155107,0.0,0.0,2.7699536141362713,2813.297137730655,298.15
4314.0,74.00777849800907,0.0,0.6708576651607085,0.9795493133591451,3052.0752139935985,298.15
4315.0,74.00638948050745,1.0,161.97265818609463,11.072004226317485,3633.711788160556,298.15
4316.0,74.00500046300583,0.0,5.139453488246702,0.38408081925403015,2944.2260821233594,298.15
4317.0,74.00361144550422,1.0,162.66834474310846,12.059287479355573,2188.6651407180625,298.15
4318.0,74.0022224280026,0.0,4.322362021409653,0.21129375567629555,2789.6791473483395,298.15
4319.0,74.00083341050097,0.0,0.0,0.0,2787.894764057599,298.15
4320.0,73.99944439299935,0.0,0.0,3.018639996375716,3201.601733936233,298.15
4321.0,73.99805537549773,0.0,0.0,0.0,3224.144684482173,298.15
4322.0,73.9966663579961,0.0,2.833039214494065,2.725193138528831,2236.768661441763,298.15
4323.0,73.9952773404945,0.0,4.183819752757439,3.2541442951278756,2638.1400043151584,298.15
4324.0,73.99388832299287,0.0,0.0,2.2248793373696873,3997.092384422548,298.15
4325.0,73.99249930549125,0.0,0.0,0.0,2737.5770344367506,298.15
4326.0,73.99111028798963,1.0,160.4609602794837,11.289805789153684,2306.9028167627143,298.15
4327.0,73.989721270488,0.0,0.0,0.9114467824736239,2764.134769942341,298.15
4328.0,73.98833225298638,1.0,165.0774717857403,10.4024372336028,3013.4692561279317,298.15
4329.0,73.98694323548477,0.0,0.5313341518937309,1.824632746252504,2722.234637015648,298.15
4330.0,73.98555421798315,0.0,0.024987067567768414,3.224737700955928,2864.043896763552,298.15
4331.0,73.98416520048153,1.0,160.19094706533542,10.795755133905832,3659.485093274849,298.15
4332.0,73.9827761829799,0.0,3.9071106132867253,1.5011772016441287,2632.777529327605,298.15
4333.0,73.98138716547828,0.0,0.0,1.4722941796310582,2842.0330856795326,298.15
4334.0,73.97999814797666,0.0,1.2713369145859754,4.494418620740814,2436.841999558861,298.15
4335.0,73.97860913047505,1.0,160.23910406477248,11.679008646654568,2813.9067192953275,298.15
4336.0,73.97722011297343,0.0,0.0,0.0,2788.5323894691005,298.15
4337.0,73.9758310954718,0.0,0.6941843300037609,0.0,3320.6254506906093,298.15
4338.0,73.97444207797018,0.0,0.779239518920819,3.3434996622598447,2651.755060402635,298.15
4339.0,73.97305306046856,0.0,0.3684420273439134,1.1555377758716305,3232.037774693844,298.15
4340.0,73.97166404296694,0.0,1.1781738497130787,4.246899566476918,2941.678304421062,298.15
4341.0,73.97027502546533,1.0,161.20008157382244,10.25329562422541,32.782832361612634,298.15
4342.0,73.9688860079637,0.0,0.4702298603554932,2.033823204820022,181.97718704562476,298.15
4343.0,73.96749699046208,0.0,0.27102170282516064,0.5434551992778944,494.84861780969,298.15
4344.0,73.96610797296046,0.0,0.5519479954908446,4.3405773206301355,604.5777339964436,298.15
4345.0,73.96471895545884,0.0,0.1723586784579726,4.934982256909077,2955.756570422128,298.15
4346.0,73.96332993795721,0.0,0.0,4.448221989687978,2629.2074375851807,298.15
4347.0,73.9619409204556,0.0,0.0,1.6610640805009624,2941.6873052583155,298.15
4348.0,73.96055190295398,0.0,0.0,2.524087413119636,2962.9569920809067,298.15
4349.0,73.95916288545236,0.0,1.9477330075468704,4.712397834828744,2998.4925241011215,298.15
4350.0,73.95777386795073,0.0,1.9718505228119871,0.9050868273728176,2816.649395600814,298.15
4351.0,73.95638485044911,0.0,2.009714239524894,4.062917844760963,2804.4119844358656,298.15
4352.0,73.95499583294749,0.0,0.7309109634812953,7.8670120496960205,3144.816597788585,298.15
4353.0,73.95360681544588,0.0,0.0,4.532870837278794,3018.421703861327,298.15
4354.0,73.95221779794426,0.0,0.0,2.003720776397841,3707.0425954323377,298.15
4355.0,73.95082878044263,0.0,0.40600577693508966,4.002854346655929,3657.4771866125334,298.15
4356.0,73.94943976294101,0.0,0.3228645200608801,4.135092552494179,3659.0130643534176,298.15
4357.0,73.94805074543939,0.0,0.0,10.045061320104463,2593.496676589549,298.15
4358.0,73.94666172793777,0.0,0.878925849004503,9.249106087356381,2500.0704311371856,298.15
4359.0,73.94527271043616,0.0,0.027759581252581992,7.504431875668638,3113.100122180518,298.15
4360.0,73.94388369293453,0.0,0.2877292875816359,5.474134092834257,3198.7889008116313,298.15
4361.0,73.94249467543291,0.0,0.0,8.856444857534957,2690.3096322918286,298.15
4362.0,73.94110565793129,0.0,2.3395895688912427,4.226056178247299,2310.7826604756556,298.15
4363.0,73.93971664042967,0.0,0.0,8.989779413998566,2953.914301530885,298.15
4364.0,73.93832762292804,0.0,0.0,8.880581899601054,2554.672995034911,298.15
4365.0,73.93693860542643,0.0,0.0,6.849712317330994,3132.515287919263,298.15
4366.0,73.93554958792481,0.0,0.0,9.718908105097649,3081.8907068099534,298.15
4367.0,73.93416057042319,0.0,2.368159407565546,6.643780153894244,2862.006712630227,298.15
4368.0,73.93277155292157,0.0,0.0,5.158950377293925,3434.875935135745,298.15
4369.0,73.93138253541994,0.0,0.0,10.00236158425643,2744.984838499408,298.15
4370.0,73.92999351791832,0.0,0.0,8.01395799795756,2872.758722339335,298.15
4371.0,73.92860450041671,0.0,1.8713709924660809,9.644703806497684,3117.4105698861126,298.15
4372.0,73.92721548291509,0.0,0.0,12.376813450300626,3362.3609640416994,298.15
4373.0,73.92582646541346,0.0,0.0,7.334492453883597,3262.052457029668,298.15
4374.0,73.92443744791184,0.0,3.5264583957448434,8.746437445382156,2847.1974130363087,298.15
4375.0,73.92304843041022,0.0,1.212101900263196,12.503950497040549,367.59027636452237,298.15
4376.0,73.9216594129086,0.0,0.0,10.86030112604016,742.3919569120318,298.15
4377.0,73.92027039540699,1.0,158.83128330746047,18.251530082557807,1091.2161230189863,298.15
4378.0,73.91888137790536,0.0,0.0,7.945051087208771,245.890503765635,298.15
4379.0,73.91749236040374,0.0,0.0,9.049774278102973,647.4210081360975,298.15
4380.0,73.91610334290212,0.0,1.5451285445320164,8.838551284319156,0.0,298.15
4381.0,73.9147143254005,0.0,0.10068953131772333,11.079958521815879,3049.020638118438,298.15
4382.0,73.91332530789887,0.0,0.39402052108387337,10.977245915861864,3096.6555417226627,298.15
4383.0,73.91193629039726,0.0,0.0,11.619047320050338,2782.715789969081,298.15
4384.0,73.91054727289564,1.0,166.64352279527898,19.53181619656268,2997.179604687388,298.15
4385.0,73.90915825539402,0.0,6.772330176177368,11.351916349218936,2639.3705308352987,298.15
4386.0,73.9077692378924,1.0,161.6509221968406,17.479024494398924,2932.0561875878802,298.15
4387.0,73.90638022039077,0.0,0.8410974568248578,12.257897145220886,2928.898959946347,298.15
4388.0,73.90499120288915,0.0,0.23209170048342542,14.61874195498302,3320.7086706282034,298.15
4389.0,73.90360218538754,0.0,0.0,9.476324774658394,2849.145678340451,298.15
4390.0,73.90221316788592,0.0,0.0,13.652657558147654,3242.8591218551,298.15
4391.0,73.9008241503843,0.0,0.0,11.623605376491735,2546.3172784836984,298.15
4392.0,73.89943513288267,0.0,0.0,14.778652492159795,3731.962517963012,298.15
4393.0,73.89804611538105,0.0,0.9654630651500781,13.681886111963871,3289.9931295268443,298.15
4394.0,73.89665709787943,1.0,160.25898511077793,24.424838744926575,3011.665134252986,298.15
4395.0,73.89526808037782,1.0,155.2415093566243,23.957094959269167,3049.219510755538,298.15
4396.0,73.8938790628762,0.0,1.0598513328836494,16.80360726095953,3148.683091374386,298.15
4397.0,73.89249004537457,0.0,0.0,15.011449228532143,2672.4211949213,298.15
4398.0,73.89110102787295,0.0,3.2083776569842524,13.07083230420194,3651.2664602451923,298.15
4399.0,73.88971201037133,0.0,0.8889445031582717,14.968419629017955,3580.846454741145,298.15
4400.0,73.8883229928697,0.0,0.0,14.237577533232644,3132.513941593725,298.15
4401.0,73.8869339753681,0.0,0.0,15.571266307207862,3071.098328826559,298.15
4402.0,73.88554495786647,0.0,0.0,14.603559578815135,2760.402639567324,298.15
4403.0,73.88415594036485,0.0,0.0,14.30772923852752,3178.8954190070976,298.15
4404.0,73.88276692286323,1.0,162.51089744458338,26.35372393488134,3845.580332534044,298.15
4405.0,73.8813779053616,1.0,160.10695910068563,26.292195333137947,3599.737338923418,298.15
4406.0,73.87998888785998,1.0,162.6910630474316,28.610663808399252,3404.364054145109,298.15
4407.0,73.87859987035837,0.0,0.0,15.788362339143255,2862.01952589311,298.15
4408.0,73.87721085285675,0.0,2.299691670291663,12.785867060520971,3012.0705231721436,298.15
4409.0,73.87582183535513,0.0,1.7177187694332465,16.361451445424887,4100.037682829227,298.15
4410.0,73.8744328178535,0.0,0.0,13.984925549627896,2858.1517201120782,298.15
4411.0,73.87304380035188,0.0,3.1510675020696937,18.438068893615657,3269.6802768148336,298.15
4412.0,73.87165478285026,1.0,159.33937797788784,24.351020685767196,3089.831412064681,298.15
4413.0,73.87026576534865,1.0,159.89774572519886,25.998992869680222,1906.7040820664424,298.15
4414.0,73.86887674784703,0.0,0.0,17.52325697487302,2317.420812383228,298.15
4415.0,73.8674877303454,0.0,3.0382089929313127,21.69279762445687,3286.4880224100134,298.15
4416.0,73.86609871284378,0.0,0.0,16.51284338497394,2954.0088918536558,298.15
4417.0,73.86470969534216,0.0,1.9824155066064624,18.983735011869257,2848.576964305651,298.15
4418.0,73.86332067784053,0.0,1.9550541877057812,20.383592252703316,3279.971615656199,298.15
4419.0,73.86193166033893,0.0,0.0,22.477938181169016,4030.4900100355812,298.15
4420.0,73.8605426428373,0.0,4.725283372592314,21.242841438580143,2872.072817524949,298.15
4421.0,73.85915362533568,1.0,158.21793452796604,32.11970488170741,2440.2932130257623,298.15
4422.0,73.85776460783406,1.0,159.05311183945113,31.867463448835217,3414.008488421922,298.15
4423.0,73.85637559033243,1.0,153.683960431018,27.80304460414215,3100.1668516350715,298.15
4424.0,73.85498657283082,0.0,5.045380443588427,21.26529858217428,2057.507073107911,298.15
4425.0,73.8535975553292,0.0,0.0,22.494307946067707,3256.947137122506,298.15
4426.0,73.85220853782758,0.0,2.441738067378846,18.980273964512083,2728.1160679926315,298.15
4427.0,73.85081952032596,0.0,0.0,19.974437604240247,2782.318128331817,298.15
4428.0,73.84943050282433,0.0,0.0,19.72660989089957,2886.280998112399,298.15
4429.0,73.84804148532271,1.0,158.12418833222023,33.19598479717015,3499.699043009133,298.15
4430.0,73.84665246782109,1.0,158.50722489414233,31.666663684242565,2973.0023493159415,298.15
4431.0,73.84526345031948,1.0,152.84271685136184,31.35580628304296,3431.0698823538632,298.15
4432.0,73.84387443281786,1.0,158.28008713326662,29.57728327082871,2347.984561468641,298.15
4433.0,73.84248541531623,1.0,157.98059562038299,32.29258608946829,3676.8711523132833,298.15
4434.0,73.84109639781461,0.0,0.0,21.462500193665836,3176.4559926746474,298.15
4435.0,73.83970738031299,0.0,3.808693881389783,23.34042530183425,2360.3017342111393,298.15
4436.0,73.83831836281138,0.0,0.0,20.675058053558555,3089.5555722608133,298.15
4437.0,73.83692934530976,1.0,153.22128144155408,33.60304815188839,3693.2732292812925,298.15
4438.0,73.83554032780813,1.0,155.6515773365858,32.52400445490458,2578.950172648199,298.15
4439.0,73.83415131030651,0.0,0.0,21.042967116180666,2461.359171545267,298.15
4440.0,73.83276229280489,1.0,154.7353811627248,31.073479312765343,2927.3796552048734,298.15
4441.0,73.83137327530326,1.0,154.4770992252127,31.573576611236017,619.8904843032064,298.15
4442.0,73.82998425780164,0.0,0.0,23.76700953070313,72.87380583340837,298.15
4443.0,73.82859524030003,1.0,155.47315160826068,34.62871948261544,3359.8555865114254,298.15
4444.0,73.82720622279841,1.0,152.73733959389443,35.11904532048248,2780.823680828609,298.15
4445.0,73.82581720529679,1.0,153.6229712691222,35.37738704250229,3184.457064126547,298.15
4446.0,73.82442818779516,0.0,2.7314090000065874,23.351922773227194,3177.9194283521824,298.15
4447.0,73.82303917029354,1.0,154.53070743604917,37.282749713248414,3380.2055879186205,298.15
4448.0,73.82165015279193,1.0,154.30529311441808,34.354191941564224,3355.914599879108,298.15
4449.0,73.82026113529031,1.0,149.47913396612918,36.36908481407477,3287.8089362436344,298.15
4450.0,73.81887211778869,1.0,153.25029073281922,35.26731675608999,3361.633978769394,298.15
4451.0,73.81748310028706,1.0,149.68871288316478,36.54824790478809,2331.6439463519755,298.15
4452.0,73.81609408278544,1.0,148.50918432860746,35.49154505090562,2112.381858889612,298.15
4453.0,73.81470506528382,1.0,151.1703817550651,36.90805139828073,2845.5443803540497,298.15
4454.0,73.8133160477822,1.0,148.964669082189,36.236394345061555,3592.744388350856,298.15
4455.0,73.81192703028059,0.0,1.8836051674778025,28.088177374561994,2919.662776623673,298.15
4456.0,73.81053801277896,1.0,152.6118322286055,34.86559794399243,2956.8386082634147,298.15
4457.0,73.80914899527734,0.0,0.0,23.048352924912958,3154.422530070052,298.15
4458.0,73.80775997777572,1.0,148.24531572504895,34.840539600764195,3059.601620644017,298.15
4459.0,73.8063709602741,1.0,146.5128739814822,39.204565883319646,2643.745565860522,298.15
4460.0,73.80498194277249,1.0,148.65948949391316,36.81580473251916,2976.983225396821,298.15
4461.0,73.80359292527086,1.0,150.61598148881424,37.462524887411526,1626.3593920231676,298.15
4462.0,73.80220390776924,1.0,148.72313541339375,35.22849782719771,3410.5282378548554,298.15
4463.0,73.80081489026762,0.0,0.0,27.672600258746616,3458.4208617861955,298.15
4464.0,73.799425872766,1.0,151.93259151414142,35.550916675031075,3086.087990115129,298.15
4465.0,73.79803685526437,1.0,143.10962969765384,35.97949231515136,2373.4654885708396,298.15
4466.0,73.79664783776275,0.0,2.9467822875982552,27.079256259874462,2909.851505044814,298.15
4467.0,73.79525882026114,0.0,0.0,28.949422808198047,2760.2047296831324,298.15
4468.0,73.79386980275952,1.0,147.70670890982979,39.2851873946488,3270.071444799181,298.15
4469.0,73.7924807852579,1.0,146.3986079844441,39.453284470938556,3386.5827927066944,298.15
4470.0,73.79109176775627,1.0,151.09225769631493,35.08276326874957,2579.7518886261064,298.15
4471.0,73.78970275025465,1.0,144.24423743451337,38.45663910143594,2455.0412764243742,298.15
4472.0,73.78831373275304,1.0,146.9647244107733,38.16568689025241,2321.758916932292,298.15
4473.0,73.78692471525142,1.0,147.95238141563155,35.50425508547887,784.2567183001706,298.15
4474.0,73.7855356977498,1.0,142.6159462598964,38.799355463109016,903.6580521563988,298.15
4475.0,73.78414668024817,1.0,144.0200480328327,38.34059702955603,563.5362033983404,298.15
4476.0,73.78275766274655,1.0,145.6155297228097,40.003895071010355,528.0316150892664,298.15
4477.0,73.78136864524492,1.0,143.61237013178,39.199586132431804,2832.4306003098623,298.15
4478.0,73.7799796277433,1.0,143.537316347793,37.97784737903717,2719.956505672711,298.15
4479.0,73.7785906102417,1.0,144.40190838432898,41.10469421751504,3775.928559252977,298.15
4480.0,73.77720159274007,1.0,146.53747396620147,34.67488716995485,2806.4425021746883,298.15
4481.0,73.77581257523845,1.0,143.92726907580837,39.20406872227068,3342.885460070527,298.15
4482.0,73.77442355773682,1.0,147.06644528614154,35.7600268310871,2928.854220429323,298.15
4483.0,73.7730345402352,1.0,141.87292828353551,37.58299292502783,3461.893204815656,298.15
4484.0,73.77164552273359,1.0,141.01981092522746,40.61345959087157,3262.020981116838,298.15
4485.0,73.77025650523197,1.0,148.3438438589462,36.95197138389109,3663.119408869824,298.15
4486.0,73.76886748773035,0.0,0.0,26.69613761897851,3971.8470361816735,298.15
4487.0,73.76747847022872,1.0,140.1339947711561,44.61146955930829,2012.7804975152044,298.15
4488.0,73.7660894527271,1.0,138.85764563574298,36.924859667800625,3399.8610040131543,298.15
4489.0,73.76470043522548,1.0,145.31986909289392,43.188022077389164,2767.1452169063805,298.15
4490.0,73.76331141772387,1.0,141.6955430480995,39.4594087461735,2747.512851431494,298.15
4491.0,73.76192240022225,1.0,141.65414940851906,38.76561082419643,3064.1855181285696,298.15
4492.0,73.76053338272062,1.0,141.62897852831077,41.053184020708805,3484.2249559045395,298.15
4493.0,73.759144365219,1.0,144.170999922747,42.67195627204106,3267.8151259918923,298.15
4494.0,73.75775534771738,1.0,141.07925207370707,37.56467682055155,3486.549337621681,298.15
4495.0,73.75636633021576,1.0,146.84064789580583,38.899149283189494,2947.0909442656693,298.15
4496.0,73.75497731271415,1.0,141.32369322794892,41.720755205833505,2944.5624732704673,298.15
4497.0,73.75358829521252,1.0,143.28350462742728,40.57858970239209,2835.12560379477,298.15
4498.0,73.7521992777109,1.0,142.42105972259318,42.27009931433569,3290.0373089725695,298.15
4499.0,73.75081026020928,1.0,140.164488993614,41.06280958415326,2493.2105336683385,298.15
4500.0,73.74942124270765,1.0,138.6015724716492,43.7373311418729,3662.7343480192644,298.15
4501.0,73.74803222520603,1.0,140.53956379602275,40.36726566344387,2966.2549387155354,298.15
4502.0,73.74664320770442,1.0,140.7126653437627,40.451049188175205,3655.0805983563932,298.15
4503.0,73.7452541902028,1.0,137.8819856123654,40.64829853796073,3612.873955818814,298.15
4504.0,73.74386517270118,1.0,139.39127791737255,39.675897579364786,2689.210845233733,298.15
4505.0,73.74247615519955,1.0,141.68913044721086,41.70663052069639,3544.795140172731,298.15
4506.0,73.74108713769793,1.0,143.4245692420507,40.42335856155272,3747.663520777086,298.15
4507.0,73.73969812019631,1.0,140.27777327680818,41.53846564332195,384.4054923690542,298.15
4508.0,73.7383091026947,1.0,142.42965882316108,41.83386179125408,959.5170858420865,298.15
4509.0,73.73692008519308,1.0,136.2419494963262,40.73590721776592,3828.6733106987153,298.15
4510.0,73.73553106769145,1.0,139.16351446257613,40.85229842277484,2491.4300206944276,298.15
4511.0,73.73414205018983,1.0,140.43046077698537,37.68843789984662,2239.5793524687124,298.15
4512.0,73.73275303268821,1.0,134.85653533175827,38.596809428771635,3248.819079056443,298.15
4513.0,73.73136401518659,1.0,135.5859333378182,41.43149081096163,2628.7882199868127,298.15
4514.0,73.72997499768498,1.0,140.63447408114658,42.58118617357686,1810.0283512944388,298.15
4515.0,73.72858598018335,1.0,133.92245105742708,35.57496700098387,3013.028410475192,298.15
4516.0,73.72719696268173,1.0,132.80237825357744,38.35505841943447,3323.5484677977684,298.15
4517.0,73.72580794518011,1.0,139.39030203474675,39.517181562709524,2390.5877353260666,298.15
4518.0,73.72441892767849,1.0,138.35407394249557,37.58707523491666,2987.235012121186,298.15
4519.0,73.72302991017686,1.0,136.28572760389235,37.63686897221355,2939.0244362712206,298.15
4520.0,73.72164089267525,1.0,134.90121594957068,40.24743676505927,3204.133832208575,298.15
4521.0,73.72025187517363,1.0,133.7198006167287,42.459750232769196,3331.167305892553,298.15
4522.0,73.71886285767201,1.0,135.1913074925323,34.91373325429274,3591.996541870236,298.15
4523.0,73.71747384017038,1.0,138.0390040738743,38.67931151822864,3168.7654173374767,298.15
4524.0,73.71608482266876,1.0,134.5998139667168,39.904179120679856,2474.5868325065103,298.15
4525.0,73.71469580516714,1.0,138.95100949613473,40.47077968095207,3291.606021970384,298.15
4526.0,73.71330678766553,1.0,131.40662471208913,39.425908325258575,2956.487707850733,298.15
4527.0,73.71191777016391,1.0,133.25732509211235,42.311607271723716,2711.703809182844,298.15
4528.0,73.71052875266228,1.0,132.1744442021855,38.63215143293639,2158.6444873291803,298.15
4529.0,73.70913973516066,1.0,130.237728284415,41.18210836484741,3547.4267668664716,298.15
4530.0,73.70775071765904,1.0,132.21887818579103,37.02915164639382,3407.0524089384103,298.15
4531.0,73.70636170015742,1.0,133.33924170702946,38.37632661186337,3068.432178278421,298.15
4532.0,73.70497268265581,1.0,133.35615133325135,35.63809780047447,2724.926329631753,298.15
4533.0,73.70358366515418,1.0,137.04127817127213,39.89142605378901,2358.336711369895,298.15
4534.0,73.70219464765256,1.0,132.74084020271778,37.66219285136692,2438.6015364984787,298.15
4535.0,73.70080563015094,1.0,134.1393097049761,38.529165591012294,3687.543567948776,298.15
4536.0,73.69941661264932,1.0,131.3224768040641,37.017232346646395,3337.472053084302,298.15
4537.0,73.69802759514769,1.0,134.92970040113337,38.74917125515675,3548.9956207124874,298.15
4538.0,73.69663857764608,1.0,136.41380530743777,38.22764575897102,3105.4679588029426,298.15
4539.0,73.69524956014446,1.0,131.7337330403234,35.21644861139232,751.9616053829162,298.15
4540.0,73.69386054264284,1.0,127.87336262697426,35.19909541283562,2252.9859362049347,298.15
4541.0,73.69247152514122,1.0,128.70176185917177,36.93787602557679,3052.7274710938304,298.15
4542.0,73.69108250763959,1.0,130.45299066392835,38.21556684093452,3200.745879023782,298.15
4543.0,73.68969349013797,1.0,130.64203619467446,40.5567852338349,2820.2907526379663,298.15
4544.0,73.68830447263636,1.0,130.99271687937568,37.18393585483052,2970.517833449806,298.15
4545.0,73.68691545513474,0.0,1.0963967917365336,28.488507629032803,2738.4120648969933,298.15
4546.0,73.68552643763311,1.0,128.89753635303973,32.918142103178646,2636.9814813269177,298.15
4547.0,73.68413742013149,1.0,127.14307228976793,40.25494794977778,3707.8006776530906,298.15
4548.0,73.68274840262987,1.0,129.39360264885144,37.18639307843473,3057.925142288036,298.15
4549.0,73.68135938512825,0.0,4.419409897975945,25.669369290699073,3122.8336738122634,298.15
4550.0,73.67997036762664,0.0,2.4299263042838417,25.266199387117158,2609.9616572693258,298.15
4551.0,73.67858135012501,1.0,129.05691008283532,33.150273996309956,2693.8820012578094,298.15
4552.0,73.67719233262339,1.0,130.02024086640273,33.570728454294645,3487.4006932014577,298.15
4553.0,73.67580331512177,0.0,0.0,29.043775126765404,3689.5547518954604,298.15
4554.0,73.67441429762015,1.0,125.92924191974224,32.875552325093636,2237.102932159627,298.15
4555.0,73.67302528011852,1.0,125.14710444525423,32.6577806424441,2596.906695752041,298.15
4556.0,73.67163626261691,1.0,126.42011402333421,33.10997413417688,2295.175449617855,298.15
4557.0,73.67024724511529,1.0,125.50459205942163,31.902177736924383,3151.8467696691246,298.15
4558.0,73.66885822761367,0.0,2.8786510737004125,24.225242227359566,2243.042469917719,298.15
4559.0,73.66746921011205,0.0,0.0,26.2569200894914,3221.2908958051794,298.15
4560.0,73.66608019261042,0.0,0.0,22.554981589290346,3039.7770818732797,298.15
4561.0,73.6646911751088,1.0,130.3186910452451,30.78662094983244,2314.4626534680974,298.15
4562.0,73.66330215760719,0.0,0.0,24.034484763070314,2536.5169770907346,298.15
4563.0,73.66191314010557,1.0,125.65600419367169,33.120064976852646,3123.6894431821984,298.15
4564.0,73.66052412260395,1.0,126.16770618585932,35.10988501791856,2442.678449186493,298.15
4565.0,73.65913510510232,0.0,0.0,21.898077150644284,2355.7850334853715,298.15
4566.0,73.6577460876007,1.0,127.6452994011107,32.097915714512425,2666.11235421887,298.15
4567.0,73.65635707009908,1.0,126.02691812723748,32.122822915621924,2288.8057726599964,298.15
4568.0,73.65496805259747,1.0,128.03067351808912,32.41026342224567,2364.029049543324,298.15
4569.0,73.65357903509585,0.0,0.0,21.207580384096126,2598.7045601375803,298.15
4570.0,73.65219001759422,1.0,124.17702743881405,30.663490294259613,181.10325256005683,298.15
4571.0,73.6508010000926,0.0,0.09376301809403402,17.77463100321527,490.6912908644948,298.15
4572.0,73.64941198259098,1.0,124.19956992792733,30.218117773292832,604.3765082547847,298.15
4573.0,73.64802296508935,0.0,0.0,22.650975915199023,3280.9709215498106,298.15
4574.0,73.64663394758774,0.0,0.26406184768476276,22.71454988575801,2599.7047802806755,298.15
4575.0,73.64524493008612,1.0,119.63096194449248,29.76653066023521,2708.58462210746,298.15
4576.0,73.6438559125845,1.0,123.70636778266787,33.207713332067655,2816.8249789095985,298.15
4577.0,73.64246689508288,1.0,117.60635984886292,30.242795592939338,2735.852098277066,298.15
4578.0,73.64107787758125,0.0,0.0,17.315938552598432,3226.275612806288,298.15
4579.0,73.63968886007963,0.0,1.950149301461294,16.443528225919312,2904.5706618115883,298.15
4580.0,73.63829984257802,0.0,0.0,22.1532135590241,1974.751700444054,298.15
4581.0,73.6369108250764,1.0,119.64381438125316,28.639661438181072,2482.786041945041,298.15
4582.0,73.63552180757478,0.0,3.0277229081542303,16.675575082808336,3369.4087198885086,298.15
4583.0,73.63413279007315,0.0,0.7805522457382644,14.288506610704275,3025.3710963067524,298.15
4584.0,73.63274377257153,0.0,2.077709061750288,17.912461730902994,2419.6715720915536,298.15
4585.0,73.6313547550699,0.0,0.0,19.338240520294,2932.7644804611864,298.15
4586.0,73.6299657375683,1.0,127.5754315705454,26.83012438785565,3749.930501084234,298.15
4587.0,73.62857672006668,1.0,119.5960571979363,25.864907720670928,3140.6700357141362,298.15
4588.0,73.62718770256505,0.0,4.1561689715701835,16.675241394078547,2560.183052224733,298.15
4589.0,73.62579868506343,0.0,0.0,20.14843023116825,2632.7596306031564,298.15
4590.0,73.6244096675618,0.0,0.0,14.467430339515907,2884.920428699967,298.15
4591.0,73.62302065006018,1.0,121.58729466513216,25.787217515999814,2611.2897946031358,298.15
4592.0,73.62163163255858,0.0,0.7499052616167051,19.38245537973712,2984.5739659916344,298.15
4593.0,73.62024261505695,1.0,117.64534724287412,27.667403845302513,3425.261182828699,298.15
4594.0,73.61885359755533,1.0,117.8127512586205,26.78185535340488,3594.085544918098,298.15
4595.0,73.6174645800537,0.0,0.0,14.836644340106472,3334.7776728113704,298.15
4596.0,73.61607556255208,0.0,0.83325579027215,16.00490672528045,3289.055822389129,298.15
4597.0,73.61468654505046,1.0,113.71634993238973,24.594983754532205,3219.9457973800772,298.15
4598.0,73.61329752754885,1.0,121.98026427432461,23.69493756971266,2557.2279775619954,298.15
4599.0,73.61190851004723,1.0,118.16407591559587,23.00329096674347,3190.52875802816,298.15
4600.0,73.6105194925456,1.0,116.0425719120998,26.620609435391476,3279.3828565306517,298.15
4601.0,73.60913047504398,0.0,2.242041604956933,14.63953971408854,2902.857628909652,298.15
4602.0,73.60774145754236,0.0,0.0,15.17889192763961,2695.24954986866,298.15
4603.0,73.60635244004075,1.0,121.74616820303967,24.606889244305215,326.410838392081,298.15
4604.0,73.60496342253913,0.0,1.0433982517715776,14.969456102832403,311.5760240273395,298.15
4605.0,73.6035744050375,0.0,0.0,13.296647561298453,15.547918699822787,298.15
4606.0,73.60218538753588,0.0,0.0,12.592860705551919,893.1396512188734,298.15
4607.0,73.60079637003426,1.0,119.54238727139105,21.668921675054012,457.783048104668,298.15
4608.0,73.59940735253264,0.0,0.0,10.197536774691585,1000.7210421578874,298.15
4609.0,73.59801833503101,0.0,0.0,10.567405184395174,342.81511087855006,298.15
4610.0,73.5966293175294,1.0,119.52798545003994,21.898218730841037,395.61561427442916,298.15
4611.0,73.59524030002778,1.0,117.62965429430663,19.10781836881182,103.06399028527329,298.15
4612.0,73.59385128252616,0.0,0.07997315751489459,9.332300100462028,390.91512149893356,298.15
4613.0,73.59246226502454,1.0,120.37449617632731,24.112139336634066,65.63706097966542,298.15
4614.0,73.59107324752291,1.0,117.41405930506775,22.19119716246905,641.0358287693243,298.15
4615.0,73.5896842300213,0.0,0.03581753755726897,10.56443996373931,537.7611547198887,298.15
4616.0,73.58829521251968,0.0,0.0,15.964659569533344,1016.5886893359814,298.15
4617.0,73.58690619501806,0.0,1.0262152569483196,7.635216267083087,0.0,298.15
4618.0,73.58551717751644,0.0,0.833446618194953,12.831577382854316,925.9156986594373,298.15
4619.0,73.58412816001481,0.0,2.146049414963352,10.359011241904108,157.29116176638314,298.15
4620.0,73.58273914251319,0.0,0.0,11.987320977473983,620.5702432101266,298.15
4621.0,73.58135012501157,0.0,0.0,10.366429919335022,98.79975481290728,298.15
4622.0,73.57996110750996,1.0,118.91155778517553,16.049278022298573,571.0233098688036,298.15
4623.0,73.57857209000834,0.0,0.6008842264962455,9.895179987463882,0.0,298.15
4624.0,73.57718307250671,0.0,0.0,10.171675949291435,265.1227275428645,298.15
4625.0,73.57579405500509,0.0,3.112796405808819,4.729239641036541,537.1621685042343,298.15
4626.0,73.57440503750347,0.0,0.0,13.060841456612177,1114.8611075146923,298.15
4627.0,73.57301602000186,0.0,1.868517209795372,9.470504613249613,0.0,298.15
4628.0,73.57162700250024,0.0,0.0,10.002209731646936,499.20216556596915,298.15
4629.0,73.57023798499861,0.0,4.492792040676977,5.991935874927775,3131.20459152023,298.15
4630.0,73.56884896749699,1.0,112.84452990311402,19.61754660847476,2774.3342698482725,298.15
4631.0,73.56745994999537,0.0,2.7451766262987918,10.232897095940192,2137.3688335383395,298.15
4632.0,73.56607093249374,0.0,0.0,8.297782850371705,3245.3863508748536,298.15
4633.0,73.56468191499212,0.0,0.0,7.548750350430525,3044.161596394242,298.15
4634.0,73.56329289749051,1.0,116.7777929015845,15.517464493005413,2744.4198594494615,298.15
4635.0,73.56190387998889,0.0,1.5054693511233357,6.715653860857115,2142.5229450948077,298.15
4636.0,73.56051486248727,0.0,0.0,5.9043089255655286,2629.3614897531097,298.15
4637.0,73.55912584498564,0.0,0.0,7.946887972424251,3115.195772225532,298.15
4638.0,73.55773682748402,0.0,1.5476494538228427,4.812181702544887,3264.0296205797017,298.15
4639.0,73.55634780998241,0.0,0.0,7.541970608740064,3290.573225414555,298.15
4640.0,73.55495879248079,0.0,0.0,4.44916235160818,3055.082089480836,298.15
4641.0,73.55356977497917,0.0,7.244276877503566,5.451452757708152,3018.5487004210454,298.15
4642.0,73.55218075747754,0.0,0.0,7.0796666979942655,2780.2349090133116,298.15
4643.0,73.55079173997592,0.0,2.734579833318551,4.16671660093393,2921.1751875535338,298.15
4644.0,73.5494027224743,0.0,0.0,6.783202700710373,3460.3576938293113,298.15
4645.0,73.54801370497267,0.0,1.2127733067078625,6.401236273893636,3314.753613397356,298.15
4646.0,73.54662468747107,0.0,1.558968045876811,4.520307119115558,1863.2200598341008,298.15
4647.0,73.54523566996944,0.0,2.6896800939012078,7.306046058526035,2801.791422220232,298.15
4648.0,73.54384665246782,0.0,0.0,4.892562122330108,3031.2476855339623,298.15
4649.0,73.5424576349662,0.0,4.738413134191491,6.839550331341073,3230.7324259203615,298.15
4650.0,73.54106861746457,1.0,114.59593660503207,18.100224583415624,3070.418086427986,298.15
4651.0,73.53967959996297,0.0,0.5580178269116366,3.72937206999508,3316.4320325590165,298.15
4652.0,73.53829058246134,0.0,0.5843594014893296,5.3984969917770105,3333.411312320889,298.15
4653.0,73.53690156495972,0.0,0.0,2.5877751281859203,3237.390128849317,298.15
4654.0,73.5355125474581,0.0,0.0,1.6136595806318685,3211.819319693464,298.15
4655.0,73.53412352995647,0.0,0.3847974242586669,3.1899243611681865,3146.9746744974764,298.15
4656.0,73.53273451245485,0.0,0.0,0.6260084468291733,2956.4178710167675,298.15
4657.0,73.53134549495323,0.0,5.8153730749929355,1.3556475142504079,2445.0729316203046,298.15
4658.0,73.52995647745162,0.0,0.0,4.370078377516972,2970.8412369041557,298.15
4659.0,73.52856745995,0.0,2.809916815548526,1.9430937039112819,670.4717024897329,298.15
4660.0,73.52717844244837,0.0,2.040470497108412,4.333272441110446,230.26399418458232,298.15
4661.0,73.52578942494675,0.0,0.0,3.3465943571827075,415.53897723874593,298.15
4662.0,73.52440040744513,0.0,0.0,6.4198525870288545,877.7043917859016,298.15
4663.0,73.52301138994352,0.0,0.0,3.5466170691638186,422.4968997577131,298.15
4664.0,73.5216223724419,0.0,0.0,4.6380047993933555,2688.2031116960534,298.15
4665.0,73.52023335494027,0.0,0.0,3.0410335949046763,3046.2125094119797,298.15
4666.0,73.51884433743865,0.0,0.0,2.7324738292987716,2577.255970461948,298.15
4667.0,73.51745531993703,0.0,0.0,4.377857928432097,2711.57917000166,298.15
4668.0,73.5160663024354,0.0,3.2064764681524425,3.237705080179559,3381.395639034027,298.15
4669.0,73.5146772849338,0.0,1.473454149120732,2.1776859161173574,2472.484467704414,298.15
4670.0,73.51328826743217,0.0,1.8725419869148414,2.0599598642933428,3393.997972327749,298.15
4671.0,73.51189924993055,1.0,117.98085889438036,12.642026613468405,2781.9166394720132,298.15
4672.0,73.51051023242893,0.0,0.3977915882977735,0.039964611029783326,3675.830420346453,298.15
4673.0,73.5091212149273,0.0,3.4799941312579077,0.0,3228.42443183402,298.15
4674.0,73.50773219742568,0.0,0.0,4.179783505705919,3024.4776491060165,298.15
4675.0,73.50634317992407,1.0,117.07191501738986,14.99527384609761,3473.893998780876,298.15
4676.0,73.50495416242245,0.0,1.7798283986906716,0.0,3473.974364472976,298.15
4677.0,73.50356514492083,1.0,113.80523997956655,9.585627155985456,2969.2716758414235,298.15
4678.0,73.5021761274192,0.0,7.377460316581965,3.248213870961764,2949.344212078934,298.15
4679.0,73.50078710991758,0.0,0.06805642866157022,1.911426403413206,3644.2215540565358,298.15
4680.0,73.49939809241596,0.0,0.3382824043254884,2.1322289376998813,2717.1471693942835,298.15
4681.0,73.49800907491435,0.0,2.99444586041638,2.516246824664882,2759.738691980976,298.15
4682.0,73.49662005741273,1.0,119.51480011348762,10.098037000544803,2649.3565214905657,298.15
4683.0,73.4952310399111,0.0,0.09071888017856009,1.2136376736544279,2514.363532010839,298.15
4684.0,73.49384202240948,1.0,117.8152588000464,10.992496396763427,2175.2520001361686,298.15
4685.0,73.49245300490786,0.0,0.0,0.0,3247.841948089042,298.15
4686.0,73.49106398740624,0.0,0.0,1.012494870405896,3892.3560817481,298.15
4687.0,73.48967496990463,0.0,1.2322261601456885,2.8698224850673015,2991.276355921012,298.15
4688.0,73.488285952403,0.0,1.0575513620594759,0.0,3257.5358825874937,298.15
4689.0,73.48689693490138,1.0,120.88325220963193,10.538698141974233,3293.514520076645,298.15
4690.0,73.48550791739976,0.0,0.0,0.611911596924273,2862.1216812708503,298.15
4691.0,73.48411889989814,0.0,0.0,0.0,2481.906689253209,298.15
4692.0,73.48272988239651,0.0,2.517604719206888,1.5173340569322344,3068.7782960585514,298.15
4693.0,73.4813408648949,0.0,3.421407399516892,0.0,2927.917026772489,298.15
4694.0,73.47995184739328,0.0,2.140020491285419,2.8209513891325675,724.9045765185083,298.15
4695.0,73.47856282989166,1.0,118.22599479775492,11.340514118702627,0.0,298.15
4696.0,73.47717381239003,0.0,2.488194885187784,0.0,1212.100393320948,298.15
4697.0,73.47578479488841,0.0,8.169199021584678,3.526186337239988,1341.7873245063543,298.15
4698.0,73.47439577738679,0.0,0.274344337798746,0.3548424110215562,0.0,298.15
4699.0,73.47300675988518,1.0,115.96572479676152,8.507625097986127,678.9707501622147,298.15
4700.0,73.47161774238356,0.0,0.0,2.2829505654493865,1216.532788255793,298.15
4701.0,73.47022872488193,0.0,1.4901637014089208,1.0242632588046092,2930.628781497814,298.15
4702.0,73.46883970738031,1.0,115.64789581931515,6.345023398411046,3539.713130922613,298.15
4703.0,73.46745068987869,0.0,0.4035939236970069,0.0,2366.490165715274,298.15
4704.0,73.46606167237707,0.0,0.9061320823511629,0.6064519218592006,3501.2614110293366,298.15
4705.0,73.46467265487546,0.0,3.6573468731022514,0.0,2988.2348833106344,298.15
4706.0,73.46328363737383,1.0,123.13136061561165,10.24239779447392,3740.936837609739,298.15
4707.0,73.46189461987221,0.0,2.059827831655231,0.41710562720256616,2831.713970982966,298.15
4708.0,73.46050560237059,1.0,115.13994988892972,7.67217709154272,2171.3163896931105,298.15
4709.0,73.45911658486897,1.0,122.6312935779346,10.709028018612281,2780.5693009862202,298.15
4710.0,73.45772756736734,0.0,1.6808485669378426,0.2001015407904249,2930.792636915027,298.15
4711.0,73.45633854986573,0.0,0.6097740282864043,0.0,2586.729827137667,298.15
4712.0,73.45494953236411,0.0,0.0,2.1662866582429965,2334.560077214572,298.15
4713.0,73.45356051486249,1.0,119.18565668449932,12.043377507970426,2508.900107487657,298.15
4714.0,73.45217149736087,0.0,0.0,0.0,2790.9566389763895,298.15
4715.0,73.45078247985924,0.0,0.0,0.004013018039294269,3115.3460498650697,298.15
4716.0,73.44939346235762,1.0,121.50073697832903,11.972332547422642,2094.2874257173776,298.15
4717.0,73.44800444485601,1.0,119.7681260346873,10.116897734193957,3345.226570651714,298.15
4718.0,73.44661542735439,0.0,6.2546525828669415,0.0,3208.381905649494,298.15
4719.0,73.44522640985276,1.0,121.59524405227238,11.669530503421438,2997.9301327267876,298.15
4720.0,73.44383739235114,0.0,3.08229890598123,0.0,3805.244672162279,298.15
4721.0,73.44244837484952,0.0,0.0,0.002971778632224087,3153.630242453633,298.15
4722.0,73.4410593573479,0.0,0.0,3.899990948817394,3882.548561095389,298.15
4723.0,73.43967033984629,0.0,0.23085409758290576,0.6914258804386177,3056.192419206923,298.15
4724.0,73.43828132234466,0.0,0.0,1.0569385670999512,3338.3669087894827,298.15
4725.0,73.43689230484304,0.0,0.0,2.19521376445093,2843.3338759331677,298.15
4726.0,73.43550328734142,1.0,122.68882324706642,12.278131012439895,3206.972495767829,298.15
4727.0,73.4341142698398,1.0,122.83129034385858,9.429105242745392,2997.332474753618,298.15
4728.0,73.43272525233817,1.0,127.99059196985088,11.302966114513547,3839.4414810859066,298.15
4729.0,73.43133623483656,0.0,0.9011042489156811,1.6043082828833224,2901.3298120307304,298.15
4730.0,73.42994721733494,0.0,1.142408717504648,2.197141432225271,2892.6239307050187,298.15
4731.0,73.42855819983332,0.0,1.2856991405427673,2.3412944528493416,2235.7428638182364,298.15
4732.0,73.4271691823317,1.0,125.77745565418654,17.203257494598564,2591.721183917489,298.15
4733.0,73.42578016483007,1.0,124.31154161132734,9.54019933907074,2599.224261839409,298.15
4734.0,73.42439114732845,1.0,123.93766287148777,14.114573775131483,3140.521820278076,298.15
4735.0,73.42300212982684,0.0,0.39743049547123804,4.656260010411312,2386.9792848555303,298.15
4736.0,73.42161311232522,1.0,127.84847789053904,13.353592586536553,3121.825466650656,298.15
4737.0,73.4202240948236,0.0,2.683203299139549,1.1187840012947334,3052.035550342152,298.15
4738.0,73.41883507732197,1.0,124.91688450812721,16.03441358695871,2598.5279815759304,298.15
4739.0,73.41744605982035,1.0,127.51995025250858,8.197250395408826,3811.8202800210065,298.15
4740.0,73.41605704231873,1.0,125.42956621088419,11.452534045922352,2737.7742205668965,298.15
4741.0,73.41466802481712,0.0,0.08069480410222303,5.426423641805455,2715.734136426434,298.15
4742.0,73.4132790073155,0.0,0.0,2.382708961438894,3746.0692685129393,298.15
4743.0,73.41188998981387,1.0,126.07723893371694,16.593199549423986,3303.1369092962,298.15
4744.0,73.41050097231225,0.0,3.1956484026239163,0.31762492218614335,3463.540738186476,298.15
4745.0,73.40911195481063,0.0,0.22018852672292308,1.2953606570451712,3384.9152060588017,298.15
4746.0,73.407722937309,0.0,0.32230346741075494,2.6495166191010044,3691.3373408732946,298.15
4747.0,73.4063339198074,0.0,0.0,4.7682360450589005,2892.7593007018804,298.15
4748.0,73.40494490230577,1.0,126.83059441615008,13.606587829717432,3249.142049294888,298.15
4749.0,73.40355588480415,1.0,127.20808594513014,13.21452293024668,3062.906759159192,298.15
4750.0,73.40216686730253,1.0,126.02460921815245,17.32914727618153,2681.6205951090383,298.15
4751.0,73.4007778498009,1.0,128.26992661808382,17.689374601174162,2999.5492270950767,298.15
4752.0,73.39938883229928,1.0,127.41540756899936,13.87533182494709,2508.2493264617415,298.15
4753.0,73.39799981479767,1.0,128.84936756440774,11.370975538537351,3584.0144420740817,298.15
4754.0,73.39661079729605,1.0,129.17036969292644,10.621122572448737,2565.884470588637,298.15
4755.0,73.39522177979443,1.0,126.82719347447278,15.752856491910828,2273.17754410503,298.15
4756.0,73.3938327622928,0.0,0.0,6.794403246285098,3157.801883696351,298.15
4757.0,73.39244374479118,1.0,129.73879377765505,15.751567244749985,2920.984855275406,298.15
4758.0,73.39105472728956,1.0,132.60282816118942,15.659837642774251,2947.2373626158446,298.15
4759.0,73.38966570978795,1.0,130.62088092411724,14.330826227037543,2212.2477170634984,298.15
4760.0,73.38827669228633,1.0,128.66129478530496,17.536967415589185,3058.4599699791584,298.15
4761.0,73.3868876747847,1.0,131.4190584956117,19.843481777478754,1221.1620139348902,298.15
4762.0,73.38549865728308,1.0,134.76777142075832,11.986791599487958,260.368700484051,298.15
4763.0,73.38410963978146,1.0,133.1158261135664,16.604474254461454,439.0319228394932,298.15
4764.0,73.38272062227983,1.0,132.4694639213285,14.957031792388118,68.63652280101178,298.15
4765.0,73.38133160477823,1.0,133.12784967359565,14.08194912932823,3793.6092489142543,298.15
4766.0,73.3799425872766,1.0,135.06488569712522,15.028886042665729,2706.3868695934916,298.15
4767.0,73.37855356977498,0.0,2.5626243116103558,8.352847518382976,2363.478897413749,298.15
4768.0,73.37716455227336,1.0,133.45747730252884,18.61069175649557,3631.5696356414437,298.15
4769.0,73.37577553477173,1.0,134.89096050692854,20.999251249512046,3248.8530904107897,298.15
4770.0,73.37438651727011,0.0,0.0,8.208292660886539,2275.360545591414,298.15
4771.0,73.3729974997685,1.0,129.24395296751717,14.766928820499288,3132.782748695294,298.15
4772.0,73.37160848226688,1.0,133.43751615281886,18.121049466809275,3339.5876323173843,298.15
4773.0,73.37021946476526,1.0,133.467841636569,15.961844468145479,2459.3629574549095,298.15
4774.0,73.36883044726363,1.0,132.25008718569134,16.548513327819837,2712.4721621939175,298.15
4775.0,73.36744142976201,1.0,135.75589350411772,20.459678079500467,2955.669291539027,298.15
4776.0,73.36605241226039,0.0,0.0,9.879474874051816,3287.384093810005,298.15
4777.0,73.36466339475878,1.0,133.00113022080996,20.91228838232109,3255.3530729562667,298.15
4778.0,73.36327437725716,1.0,133.3641980165149,19.180046442913177,2726.234956166671,298.15
4779.0,73.36188535975553,1.0,130.86615919258554,21.775146219137117,3153.698431893662,298.15
4780.0,73.36049634225391,0.0,3.5611180753863443,9.510302538483883,2601.393230044676,298.15
4781.0,73.35910732475229,1.0,132.01799823553608,22.89741310229997,2714.4214032105774,298.15
4782.0,73.35771830725068,1.0,134.10115918119587,21.52745103967853,3228.0652438732664,298.15
4783.0,73.35632928974906,1.0,137.9131802901636,20.6140723854306,3710.5214374898405,298.15
4784.0,73.35494027224743,1.0,137.5367191592799,21.708016593647418,2546.203052212949,298.15
4785.0,73.35355125474581,1.0,133.6054048602172,21.461404119275922,3498.6558819781585,298.15
4786.0,73.35216223724419,1.0,138.1200019901557,25.026767085979184,3682.4155544413256,298.15
4787.0,73.35077321974256,1.0,137.43322255354988,22.465473774393306,2609.0930939228597,298.15
4788.0,73.34938420224094,1.0,142.55033701811075,22.185947126288927,2437.2085808665393,298.15
4789.0,73.34799518473933,1.0,138.20387520202866,21.92813822626361,2804.1192266945554,298.15
4790.0,73.34660616723771,1.0,137.15481566526276,24.396219889395393,4008.8807651911325,298.15
4791.0,73.34521714973609,1.0,135.7008295774519,24.34963351670958,2737.977403765258,298.15
4792.0,73.34382813223446,1.0,136.2186110488982,22.554011415809722,2649.2152704450064,298.15
4793.0,73.34243911473284,1.0,136.27493179387824,20.965445529059267,2542.2043749748946,298.15
4794.0,73.34105009723123,1.0,141.75959840298952,21.7241407831035,2786.5089688920016,298.15
4795.0,73.33966107972961,1.0,138.78674942836113,23.442476878187797,3235.024867712329,298.15
4796.0,73.33827206222799,1.0,140.3416558791341,26.846175521096335,2770.159261742898,298.15
4797.0,73.33688304472636,1.0,142.85375711403253,23.776325209906346,2384.8377767438446,298.15
4798.0,73.33549402722474,1.0,133.8784650433608,23.300873130341774,2751.042590311978,298.15
4799.0,73.33410500972312,1.0,142.79552671966434,21.12524426714324,3017.6451840951836,298.15
4800.0,73.3327159922215,1.0,140.13198023116718,28.128265919029076,3105.972854667497,298.15
4801.0,73.33132697471989,1.0,141.28780270204766,26.41170663695478,3231.849627494472,298.15
4802.0,73.32993795721826,1.0,138.5289909347052,27.11639606677105,2552.555627860452,298.15
4803.0,73.32854893971664,1.0,138.95481402102462,27.694263491678765,3219.0933011799425,298.15
4804.0,73.32715992221502,1.0,142.16966533269746,25.60138481457326,3328.937594501813,298.15
4805.0,73.3257709047134,1.0,146.93724189640272,26.351722743928,3278.7303023403747,298.15
4806.0,73.32438188721179,1.0,143.89731371148557,29.488344380171487,2474.9448509712006,298.15
4807.0,73.32299286971016,1.0,144.77275858699704,27.017181760012072,2458.3174471089637,298.15
4808.0,73.32160385220854,1.0,141.55083530341383,28.09432623724318,3047.16209854201,298.15
4809.0,73.32021483470692,1.0,140.82864449583036,28.912817841040532,2662.806978410378,298.15
4810.0,73.3188258172053,1.0,140.64845635327558,28.67536079063465,3299.2563994584007,298.15
4811.0,73.31743679970367,1.0,141.5952051219537,27.314029817275504,3370.8546358278154,298.15
4812.0,73.31604778220205,1.0,138.11735133404187,27.740686835517952,2542.824428103215,298.15
4813.0,73.31465876470044,1.0,141.53009149913493,29.64907700965315,3269.495132978092,298.15
4814.0,73.31326974719882,1.0,142.17098073823797,29.876031569046475,2274.5323174994614,298.15
4815.0,73.3118807296972,1.0,143.33664552569655,30.91624416851548,3582.1775503177214,298.15
4816.0,73.31049171219557,1.0,144.31633763407478,29.86938412797667,3076.2402554111973,298.15
4817.0,73.30910269469395,1.0,145.11355391505765,30.191191166758593,2727.2812163241233,298.15
4818.0,73.30771367719234,1.0,144.46159263455354,28.262568330091877,2241.150266269102,298.15
4819.0,73.30632465969072,1.0,143.3585185712345,28.209454935322874,3243.07462965385,298.15
4820.0,73.3049356421891,1.0,140.31228178827433,31.248702870519942,3143.5302486533246,298.15
4821.0,73.30354662468747,1.0,143.8647952669744,28.672005801836807,3317.1432738516673,298.15
4822.0,73.30215760718585,1.0,143.1636083415051,30.0382828970521,2542.0947006426027,298.15
4823.0,73.30076858968422,1.0,146.83518251744104,33.15235939603703,3122.9485309343086,298.15
4824.0,73.2993795721826,1.0,148.13488673072447,33.044606259319,2864.4107559068607,298.15
4825.0,73.297990554681,1.0,148.4477533269934,31.36400428927765,388.7646143131468,298.15
4826.0,73.29660153717937,1.0,148.25747581005692,30.34514172053563,628.205820103438,298.15
4827.0,73.29521251967775,1.0,146.37766849712108,30.91770944975366,342.98509563133484,298.15
4828.0,73.29382350217612,1.0,145.69323142114635,33.180014342794806,960.9681768750362,298.15
4829.0,73.2924344846745,1.0,145.39704596444287,31.52364894865785,374.26392963918687,298.15
4830.0,73.29104546717289,1.0,143.82487091659274,30.655970498243747,429.3257493849994,298.15
4831.0,73.28965644967127,1.0,150.01806274182678,34.531773520624974,335.79525425527254,298.15
4832.0,73.28826743216965,1.0,147.47655965507695,32.60164569538156,243.23337746685803,298.15
4833.0,73.28687841466802,1.0,145.16036983261682,31.23877776387709,1212.3211412536486,298.15
4834.0,73.2854893971664,1.0,146.39665686594464,33.6255196526772,670.3700775298959,298.15
4835.0,73.28410037966478,1.0,146.53531208935647,34.84484304659884,523.8481484345879,298.15
4836.0,73.28271136216316,1.0,148.93749283900627,30.9546909846671,333.1992963308471,298.15
4837.0,73.28132234466155,1.0,151.611364942442,32.8210337279474,889.8774947122529,298.15
4838.0,73.27993332715992,1.0,148.47130726009664,32.92139269266079,308.8844145446383,298.15
4839.0,73.2785443096583,1.0,144.16500664888554,34.55988934681749,3426.9106890303897,298.15
4840.0,73.27715529215668,0.0,0.0,25.123046356875786,4139.627492189151,298.15
4841.0,73.27576627465506,0.0,0.0,22.8664885051122,2749.72908112312,298.15
4842.0,73.27437725715345,1.0,149.6828423671142,31.108310272519113,3684.6870556865156,298.15
4843.0,73.27298823965182,1.0,148.95065312944513,36.51121501171774,2706.1892896329837,298.15
4844.0,73.2715992221502,1.0,151.18928148365205,32.24659888976499,3163.587931601507,298.15
4845.0,73.27021020464858,1.0,151.05334972481768,35.30221830134064,3175.333569041228,298.15
4846.0,73.26882118714695,0.0,0.0,24.646893014904258,2433.5951672170954,298.15
4847.0,73.26743216964533,1.0,152.32431471582765,35.43093518893968,3552.0809755006358,298.15
4848.0,73.26604315214372,1.0,150.53803406538526,38.68106258119327,2694.3181481455313,298.15
4849.0,73.2646541346421,1.0,150.62242529920763,41.718369928446435,2033.4623944893078,298.15
4850.0,73.26326511714048,0.0,3.2880712107410903,22.230528579164844,2424.4176074896372,298.15
4851.0,73.26187609963885,1.0,153.54962884703573,37.805482725646144,2677.101974099881,298.15
4852.0,73.26048708213723,0.0,1.9701555334513579,25.61158841301461,2700.0624532574707,298.15
4853.0,73.25909806463561,1.0,155.56806883360122,38.26022646681715,2982.2387916225825,298.15
4854.0,73.257709047134,1.0,154.1128774510039,38.23018700616717,2428.023242747895,298.15
4855.0,73.25632002963238,1.0,155.28317408075853,39.319823149396434,3293.925072319526,298.15
4856.0,73.25493101213075,1.0,149.51869032918904,37.14667890425366,3321.5563874152454,298.15
4857.0,73.25354199462913,0.0,0.48638587156449925,24.867833304781726,3764.42153006747,298.15
4858.0,73.25215297712751,0.0,0.0,28.769639249244268,2982.1141441673217,298.15
4859.0,73.25076395962589,0.0,3.9969941827901154,27.239153386073696,3629.602173212154,298.15
4860.0,73.24937494212428,1.0,156.31691278594974,36.65193563338113,2855.640660886182,298.15
4861.0,73.24798592462265,0.0,0.0,26.28796155164419,3048.7432087873685,298.15
4862.0,73.24659690712103,1.0,155.398541248731,39.48615514870779,2926.2578240802177,298.15
4863.0,73.24520788961941,1.0,155.10926125281233,40.85103762428224,3937.0052402112533,298.15
4864.0,73.24381887211779,1.0,155.98996749064696,35.19430223296597,3491.5135617596634,298.15
4865.0,73.24242985461616,1.0,152.67635074298127,39.07508560944237,3371.6328770395207,298.15
4866.0,73.24104083711455,1.0,156.1558960632158,37.14146126126241,3464.561443916402,298.15
4867.0,73.23965181961293,1.0,154.94742590525024,34.996838043198395,2540.1510160360704,298.15
4868.0,73.23826280211131,1.0,156.3550162156407,38.44988624983123,4128.413507628774,298.15
4869.0,73.23687378460968,0.0,0.0,26.534512087497884,463.4528486658757,298.15
4870.0,73.23548476710806,1.0,154.6652522923458,35.104115682181416,3802.07827566491,298.15
4871.0,73.23409574960644,1.0,159.04164019947402,36.854671893724344,3352.4828724155245,298.15
4872.0,73.23270673210483,1.0,153.92387374429475,36.448149361465,3525.7963291796787,298.15
4873.0,73.23131771460321,1.0,154.28198769426317,37.33444322970931,3225.060558001846,298.15
4874.0,73.22992869710158,1.0,156.66903053764523,36.025913425467095,3520.411513717038,298.15
4875.0,73.22853967959996,0.0,0.0,28.041496922414307,2396.8254619689205,298.15
4876.0,73.22715066209834,0.0,0.0,27.4724670071117,3496.703942192896,298.15
4877.0,73.22576164459672,0.0,0.25033797956879966,29.807998700007737,2051.145122744606,298.15
4878.0,73.22437262709511,1.0,153.90950674657898,40.33996868749702,3004.510021876438,298.15
4879.0,73.22298360959348,0.0,0.0,29.728968950084308,3389.2819346804745,298.15
4880.0,73.22159459209186,1.0,162.7292505932385,38.7792189306632,3490.1295452512263,298.15
4881.0,73.22020557459024,1.0,159.09734085330507,38.79449625984125,1986.8338378033416,298.15
4882.0,73.21881655708862,0.0,0.0,27.674295297284065,2059.002686958508,298.15
4883.0,73.21742753958699,1.0,159.32748013362934,37.78802175951988,3006.863635240491,298.15
4884.0,73.21603852208538,1.0,159.84395287432264,40.9829923746381,3458.1346325354484,298.15
4885.0,73.21464950458376,0.0,2.369140098510152,25.948504231235923,3439.2688147812523,298.15
4886.0,73.21326048708214,1.0,158.50570041780097,39.47190494083846,3438.1331532664735,298.15
4887.0,73.21187146958052,0.0,2.326454461040865,29.019655519310792,2953.0960218468535,298.15
4888.0,73.21048245207889,1.0,154.26022630921167,40.972626054160905,3078.3910903506467,298.15
4889.0,73.20909343457727,0.0,0.0,26.831351235474052,2862.1695287846887,298.15
4890.0,73.20770441707566,1.0,159.8068228680491,39.84112087817309,3604.2009097484074,298.15
4891.0,73.20631539957404,1.0,160.34840166686698,40.559252686842626,4306.577225563124,298.15
4892.0,73.20492638207241,0.0,0.0,25.944923273224127,3196.240361869138,298.15
4893.0,73.20353736457079,1.0,160.46798827902458,37.688937571622155,3056.158433103452,298.15
4894.0,73.20214834706917,1.0,158.50384316790027,39.74371345417999,4049.3907944523207,298.15
4895.0,73.20075932956755,1.0,159.46825314313858,41.01642549416478,3506.1879266213564,298.15
4896.0,73.19937031206594,1.0,162.70533993936567,40.34759996555905,2315.216098610741,298.15
4897.0,73.19798129456431,1.0,162.56292045255472,41.141724035017106,3042.9876587409913,298.15
4898.0,73.19659227706269,1.0,158.1532984103088,37.76169532889665,3342.6076784222796,298.15
4899.0,73.19520325956107,0.0,0.0,26.714437884759256,2193.960689820345,298.15
4900.0,73.19381424205945,1.0,159.8050106834453,40.17466098112065,185.82546054848598,298.15
4901.0,73.19242522455782,0.0,0.0,27.457258470241992,931.2911420215794,298.15
4902.0,73.19103620705621,1.0,159.46395174516928,38.204105353445314,717.2467101759948,298.15
4903.0,73.18964718955459,1.0,163.63055878285178,41.910229368543845,871.5674558274598,298.15
4904.0,73.18825817205297,0.0,0.8276380422280561,30.361241695512007,718.9437367239916,298.15
4905.0,73.18686915455135,1.0,162.35163301466594,38.779488656449566,566.1454779745247,298.15
4906.0,73.18548013704972,0.0,0.0,28.49070176102809,611.3864110292799,298.15
4907.0,73.1840911195481,1.0,164.3886593056628,41.1927672015388,707.0306000026569,298.15
4908.0,73.18270210204649,0.0,0.0,30.31983304060411,2567.5925796547403,298.15
4909.0,73.18131308454487,0.0,1.9870932836814967,27.340046220384757,2361.1566880438654,298.15
4910.0,73.17992406704325,0.0,2.225948616094742,25.789462019086386,2369.949006537307,298.15
4911.0,73.17853504954162,0.0,0.0,33.66604549493213,2739.9762171811008,298.15
4912.0,73.17714603204,0.0,3.0326417000373747,27.207625310232313,2990.9966797313123,298.15
4913.0,73.17575701453838,1.0,162.0705674313582,40.77901265438811,3358.8283923551235,298.15
4914.0,73.17436799703677,1.0,162.46337591365455,42.761129913863904,3130.353220470641,298.15
4915.0,73.17297897953515,0.0,0.8089094934533055,29.8906111144368,3384.217220458783,298.15
4916.0,73.17158996203352,0.0,7.59184727006769,28.28773376025349,2656.0783587902392,298.15
4917.0,73.1702009445319,0.0,3.2030431348201085,26.520929174206636,3166.4974251127605,298.15
4918.0,73.16881192703028,0.0,1.6704082406355378,26.428116841474885,2948.5545135412394,298.15
4919.0,73.16742290952865,0.0,0.0,30.1154676675448,3475.452208145989,298.15
4920.0,73.16603389202704,0.0,0.3420952134329161,32.2648008445097,3227.5885789514264,298.15
4921.0,73.16464487452542,0.0,0.0,28.373925016057754,3114.2706648531944,298.15
4922.0,73.1632558570238,0.0,1.958635891001182,27.964619668008027,3622.6258717892897,298.15
4923.0,73.16186683952218,0.0,0.33465518802483063,30.473250546622747,2917.6853231422765,298.15
4924.0,73.16047782202055,1.0,160.43678779606978,37.52889593631807,2330.3753270307006,298.15
4925.0,73.15908880451893,0.0,0.19327505682617335,29.425508493602837,2803.2352998932993,298.15
4926.0,73.15769978701732,0.0,0.0,28.852716789779063,2929.7514813917533,298.15
4927.0,73.1563107695157,1.0,163.66748741862216,37.82473933438549,3182.025542228428,298.15
4928.0,73.15492175201408,0.0,0.0,28.54029071483135,2622.0292378935437,298.15
4929.0,73.15353273451245,0.0,0.06548784198275952,32.114587849670094,3472.908607898161,298.15
4930.0,73.15214371701083,0.0,1.7879550082072104,29.614577897846022,3075.8355962023525,298.15
4931.0,73.1507546995092,0.0,0.0,30.514521761756544,3223.6812524577176,298.15
4932.0,73.1493656820076,0.0,0.0,26.24579505950455,2727.730820547543,298.15
4933.0,73.14797666450598,0.0,0.48429491432470007,30.294610372766993,3461.943562952577,298.15
4934.0,73.14658764700435,0.0,1.66100095647734,29.23189105815344,2924.2054589195423,298.15
4935.0,73.14519862950273,0.0,0.0,24.69015949610786,3039.2684007861567,298.15
4936.0,73.1438096120011,0.0,0.6209995908743189,28.78058635941082,2984.497753043854,298.15
4937.0,73.14242059449948,0.0,3.1389717633768557,26.476248820382317,2774.3309422931147,298.15
4938.0,73.14103157699788,0.0,1.366707568827393,24.21126142310548,2528.23915215422,298.15
4939.0,73.13964255949625,0.0,0.1375962194033243,27.54047297406211,2913.3779430922846,298.15
4940.0,73.13825354199463,0.0,1.5241409909398964,28.249376093189028,3459.316214577964,298.15
4941.0,73.136864524493,0.0,1.0780490275767745,27.30862129474003,3337.506337083188,298.15
4942.0,73.13547550699138,0.0,1.7954150401703006,26.626751899438446,2330.148041483635,298.15
4943.0,73.13408648948976,0.0,0.0,26.02318519108736,3061.8783205575432,298.15
4944.0,73.13269747198815,0.0,0.0,31.655770636500023,2613.542734269466,298.15
4945.0,73.13130845448653,0.0,2.393952643985756,23.961893753376796,3083.476388289544,298.15
4946.0,73.1299194369849,0.0,0.0,28.055866460214066,2941.2498967210395,298.15
4947.0,73.12853041948328,0.0,0.9566446983915453,26.12634342062216,2891.193877386412,298.15
4948.0,73.12714140198166,0.0,0.0,24.16847373049776,2883.0516936364984,298.15
4949.0,73.12575238448004,0.0,0.0,25.671860799028334,2425.060321208595,298.15
4950.0,73.12436336697843,0.0,0.8330221720007295,22.727616316293258,3444.0977903509493,298.15
4951.0,73.1229743494768,1.0,164.47763582288908,34.207901498815986,2899.524954975636,298.15
4952.0,73.12158533197518,0.0,5.027780468251947,25.171200290661538,2329.2987481435885,298.15
4953.0,73.12019631447356,0.0,0.0,21.889258537642007,3057.22582407118,298.15
4954.0,73.11880729697194,0.0,3.4309866820078314,25.966295667274352,3486.9987638399125,298.15
4955.0,73.11741827947031,0.0,0.8396290733856443,22.749769432802083,2561.4679880095496,298.15
4956.0,73.1160292619687,0.0,0.0,21.560867695787962,2559.132524982497,298.15
4957.0,73.11464024446708,0.0,1.9041626839285652,22.145576446965105,2836.9986989361514,298.15
4958.0,73.11325122696546,0.0,1.347842256804153,28.69098069372912,3805.447253932347,298.15
4959.0,73.11186220946384,0.0,0.08539476640254402,19.917937845185037,3664.7578775544903,298.15
4960.0,73.11047319196221,0.0,0.6344346926639342,24.718180598046324,3074.394586233195,298.15
4961.0,73.1090841744606,0.0,0.0,22.071557961973888,3355.5207785910097,298.15
4962.0,73.10769515695898,0.0,0.0,22.707587608095402,2610.604087578339,298.15
4963.0,73.10630613945736,0.0,1.809331069776248,24.48357802830545,3444.1469296917658,298.15
4964.0,73.10491712195574,0.0,0.0,24.184130012891835,3057.3426585895213,298.15
4965.0,73.10352810445411,0.0,0.0,21.430579816245842,2028.015171694883,298.15
4966.0,73.10213908695249,1.0,164.33056513715772,29.82920017365662,2718.9341165663564,298.15
4967.0,73.10075006945087,0.0,0.6320355403109225,23.717753250092255,3087.7981422531325,298.15
4968.0,73.09936105194926,1.0,160.16959881275952,33.367986935817775,383.87344328574085,298.15
4969.0,73.09797203444764,0.0,3.0644280022970944,21.429957456948458,312.1334580884442,298.15
4970.0,73.09658301694601,0.0,0.288710108674402,22.723291064183197,552.6104466826754,298.15
4971.0,73.09519399944439,1.0,162.9391915374639,30.67762405947431,920.4607780060076,298.15
4972.0,73.09380498194277,0.0,1.0264679659793472,19.677325250632997,659.0274863845442,298.15
4973.0,73.09241596444116,0.0,0.5635493457865085,21.180904620464094,727.1605939224363,298.15
4974.0,73.09102694693954,0.0,1.8274865478883398,22.029982141618344,121.79460278649083,298.15
4975.0,73.08963792943791,0.0,1.2817178273831487,21.379425977786653,318.05820784206355,298.15
4976.0,73.08824891193629,0.0,1.7102309171311374,21.574232118480555,745.3059491098037,298.15
4977.0,73.08685989443467,0.0,3.2186719844744958,18.730118803951783,537.8322041286106,298.15
4978.0,73.08547087693304,0.0,2.1051890526739427,23.3505827357955,667.0953405683338,298.15
4979.0,73.08408185943142,0.0,0.0,19.15111076807691,714.9623578379985,298.15
4980.0,73.08269284192981,1.0,160.15010339617683,29.389473881155666,558.2095804324265,298.15
4981.0,73.08130382442819,0.0,3.9734409311308934,16.685138470562332,1054.0769930190786,298.15
4982.0,73.07991480692657,0.0,0.0,18.784196701804362,2920.0684963208696,298.15
4983.0,73.07852578942494,1.0,161.45398490478183,30.058152301517676,2796.9226896572977,298.15
4984.0,73.07713677192332,0.0,0.0,20.30634477937332,2377.0406438646546,298.15
4985.0,73.07574775442171,0.0,0.8063943863458909,21.729980562975992,3564.303750304244,298.15
4986.0,73.07435873692009,0.0,0.35471450979750285,19.347397078783104,3234.233019445704,298.15
4987.0,73.07296971941847,0.0,0.0,18.61414798188856,3213.1913946636623,298.15
4988.0,73.07158070191684,1.0,163.20461722355563,26.888293841080205,2717.0412765669967,298.15
4989.0,73.07019168441522,1.0,160.8391949457692,26.211217115989573,2806.40800863878,298.15
4990.0,73.0688026669136,1.0,168.33462510986126,29.35187691490175,2157.025909995628,298.15
4991.0,73.06741364941198,0.0,0.0,19.0792399967969,3679.8172385834127,298.15
4992.0,73.06602463191037,0.0,0.0,14.653972808247401,2720.8316997597985,298.15
4993.0,73.06463561440874,0.0,0.0,18.14054673979528,3143.0967931427717,298.15
4994.0,73.06324659690712,0.0,3.0444736578442413,17.75587143675352,2826.8060533574676,298.15
4995.0,73.0618575794055,1.0,160.49603783990534,23.874808479316986,3146.3397275595394,298.15
4996.0,73.06046856190387,0.0,0.0,17.058901940764187,2241.3368549448164,298.15
4997.0,73.05907954440227,0.0,1.6842831600263928,13.537339717260247,3451.385554863601,298.15
4998.0,73.05769052690064,1.0,157.7427419911951,20.450172717245312,3742.7042151747028,298.15
4999.0,73.05630150939902,0.0,1.4892930263275694,14.904701789452057,2933.1495536826546,298.15
5000.0,73.0549124918974,0.0,4.244091210675257,15.532864800990906,2979.7003663794694,298.15
5001.0,73.05352347439577,0.0,1.3499133859882406,14.52655593415603,3202.1234510795407,298.15
5002.0,73.05213445689415,1.0,162.04850146022233,30.454723648390292,2981.2490517965844,298.15
5003.0,73.05074543939253,0.0,2.072872744350296,15.076432604076082,2537.105087780264,298.15
5004.0,73.04935642189092,1.0,164.33715974370295,24.362262548762825,4083.2603391068455,298.15
5005.0,73.0479674043893,0.0,2.882508778750801,14.711015144876546,3162.894270813538,298.15
5006.0,73.04657838688767,1.0,161.0375997853262,22.67623429872045,2488.5896705717555,298.15
5007.0,73.04518936938605,1.0,162.0034075443144,25.275080854379887,3263.417621527894,298.15
5008.0,73.04380035188443,0.0,0.0,13.866139037513811,2286.7170903580277,298.15
5009.0,73.04241133438282,0.0,1.8494786850426164,13.53789474077775,2988.4751288082157,298.15
5010.0,73.0410223168812,0.0,0.0,11.363518985985898,2230.728575598416,298.15
5011.0,73.03963329937957,1.0,158.3932077795487,19.1878244636795,3417.4358865941626,298.15
5012.0,73.03824428187795,0.0,0.0,11.152989514512036,604.1548485374309,298.15
5013.0,73.03685526437633,1.0,159.92010536497693,22.542352878859255,879.6199283254789,298.15
5014.0,73.0354662468747,0.0,0.0,10.8087234358235,425.7331904497817,298.15
5015.0,73.03407722937308,0.0,2.6472450835635524,12.101276377650239,873.5820926218164,298.15
5016.0,73.03268821187147,0.0,0.9296133898015382,10.789394117046966,728.6888179584205,298.15
5017.0,73.03129919436985,0.0,2.6780993968959126,11.931848255689259,1361.368045358014,298.15
5018.0,73.02991017686823,1.0,155.586269511914,18.79618265591259,1083.9224980592412,298.15
5019.0,73.0285211593666,1.0,160.47656583656186,20.98807019978393,1022.6414341256186,298.15
5020.0,73.02713214186498,1.0,162.8525678872949,19.039987820037247,792.705419700029,298.15
5021.0,73.02574312436337,0.0,1.8205669923950956,6.961835779412994,186.78944317613156,298.15
5022.0,73.02435410686175,1.0,159.37821203778572,19.57758209129841,602.5537614977629,298.15
5023.0,73.02296508936013,1.0,157.72630302586418,22.873218165789552,1287.2266120512356,298.15
5024.0,73.0215760718585,1.0,155.8973485132976,16.463470360106058,677.5654984128022,298.15
5025.0,73.02018705435688,1.0,158.78406357510798,19.506514608347675,3094.847418413239,298.15
5026.0,73.01879803685526,0.0,0.0,10.691255270680614,2783.723583530581,298.15
5027.0,73.01740901935365,0.0,0.0,13.58110730183025,2326.7638727457093,298.15
5028.0,73.01602000185203,1.0,152.20968078131725,17.59449117891519,2677.5152740420995,298.15
5029.0,73.0146309843504,0.0,0.0,7.094660832163328,3170.478892538048,298.15
5030.0,73.01324196684878,0.0,1.529638691400552,5.778762578188675,3100.1623965652943,298.15
5031.0,73.01185294934716,1.0,157.07555792774522,20.33833108483573,2533.4415692482858,298.15
5032.0,73.01046393184554,1.0,155.80339369981627,15.980877975763688,2735.3775592396655,298.15
5033.0,73.00907491434393,1.0,155.89695591900502,16.802152052209244,2690.8784624033406,298.15
5034.0,73.0076858968423,0.0,0.0,3.5428980879406287,2539.1072325727473,298.15
5035.0,73.00629687934068,0.0,0.0,8.989560369285863,2528.9682763019537,298.15
5036.0,73.00490786183906,1.0,153.28426232997555,19.356546347863844,3321.4620102784916,298.15
5037.0,73.00351884433744,1.0,153.13959420918866,18.512749486447554,3291.3792824200054,298.15
5038.0,73.00212982683581,1.0,155.93884332907757,13.250779801627484,2076.6956920892644,298.15
5039.0,73.0007408093342,1.0,152.2592835141948,17.62981247233936,2234.6799632030147,298.15
5040.0,72.99935179183258,1.0,152.66622570610284,12.726059333408301,2969.3327536010615,298.15
5041.0,72.99796277433096,1.0,148.93041533565113,16.113657325915284,3387.5532156717145,298.15
5042.0,72.99657375682933,0.0,0.0,6.230259171168262,3266.393307594994,298.15
5043.0,72.99518473932771,1.0,150.89828527784604,16.262462913724864,3163.6127694036436,298.15
5044.0,72.99379572182609,1.0,153.4700939972595,16.54365466131914,2057.459313682922,298.15
5045.0,72.99240670432448,1.0,150.8053719005635,15.24167500665371,3462.051401248341,298.15
5046.0,72.99101768682286,1.0,153.10890948572984,11.024270947633545,3201.361066355974,298.15
5047.0,72.98962866932123,1.0,152.30223287031603,16.010828145355674,3226.2456213137075,298.15
5048.0,72.98823965181961,1.0,156.41619988195856,14.933534978315416,2458.933682996251,298.15
5049.0,72.98685063431799,1.0,153.4015896871953,12.695726663801475,2920.744483426962,298.15
5050.0,72.98546161681637,0.0,0.0,1.1496863160340882,3298.5252872355672,298.15
5051.0,72.98407259931476,1.0,148.76815888671302,17.411103240422808,3492.8394297577324,298.15
5052.0,72.98268358181313,0.0,0.13153018019466836,6.610386386431113,3187.9558383826125,298.15
5053.0,72.98129456431151,0.0,0.0,5.36464294994287,2638.8387294755,298.15
5054.0,72.97990554680989,1.0,144.04712304821894,12.350522231600408,3114.9437387227695,298.15
5055.0,72.97851652930827,1.0,154.11099516660897,8.391653597808336,112.101620422932,298.15
5056.0,72.97712751180664,1.0,152.38714017230802,15.022779928184,3065.3326802954703,298.15
5057.0,72.97573849430503,1.0,151.68674640823585,14.051431127517032,2830.686064704815,298.15
5058.0,72.97434947680341,1.0,148.77178775708913,12.37330332703982,2839.398122488418,298.15
5059.0,72.97296045930179,1.0,151.00965644638933,15.32953812066681,3425.3359572314926,298.15
5060.0,72.97157144180017,1.0,148.08357797611924,14.617430357812784,2005.0295236349182,298.15
5061.0,72.97018242429854,1.0,150.01961112757155,13.091717524577339,3408.9469294027967,298.15
5062.0,72.96879340679692,1.0,147.1071329167556,12.666251941781418,3113.2033949508573,298.15
5063.0,72.96740438929531,1.0,152.68065643479764,12.568232300981617,3256.2280954858275,298.15
5064.0,72.96601537179369,1.0,145.09398295340347,13.740416102786224,3831.7130783414173,298.15
5065.0,72.96462635429207,0.0,2.9358514662074504,0.4381209599170601,2756.6777180799672,298.15
5066.0,72.96323733679044,1.0,148.45844405091373,12.96931359905991,3254.731904327703,298.15
5067.0,72.96184831928882,1.0,146.96358069140706,10.06780218505208,2390.385199963388,298.15
5068.0,72.9604593017872,1.0,148.2906752065154,14.617861331180336,3179.68702698184,298.15
5069.0,72.95907028428559,0.0,1.7471630890174321,2.843346472253212,2239.276137356879,298.15
5070.0,72.95768126678396,1.0,150.67261014142667,10.212436280109284,2367.708068333495,298.15
5071.0,72.95629224928234,1.0,147.92302581081978,11.696165991738226,3341.6279927709643,298.15
5072.0,72.95490323178072,1.0,144.81472651039485,9.662944252362854,3385.550365452252,298.15
5073.0,72.9535142142791,0.0,0.132535846459922,4.437729254464387,3472.5133431841414,298.15
5074.0,72.95212519677747,1.0,150.78249010702757,14.587924848570568,3165.8761318080046,298.15
5075.0,72.95073617927586,1.0,149.4224292995223,12.580798219938858,3144.013964156017,298.15
5076.0,72.94934716177424,1.0,148.1336385222656,14.270731221230495,3318.2941559451233,298.15
5077.0,72.94795814427262,1.0,147.62048549327287,11.282079275582738,2569.483168519242,298.15
5078.0,72.946569126771,1.0,147.1468239668066,12.46485582906398,2785.55595869425,298.15
5079.0,72.94518010926937,1.0,147.9961102931483,13.340043763704376,3090.5999909741317,298.15
5080.0,72.94379109176775,1.0,143.90198649388935,10.722281094544366,3189.762281298083,298.15
5081.0,72.94240207426614,1.0,141.5153548283581,10.810065917195208,2565.3293251372384,298.15
5082.0,72.94101305676452,1.0,144.66154876436866,12.5253245905029,2996.110476820446,298.15
5083.0,72.9396240392629,1.0,142.3021886018056,11.86785424054355,2858.9327612171624,298.15
5084.0,72.93823502176127,1.0,141.48891841377156,8.909827194521666,3065.224858910251,298.15
5085.0,72.93684600425965,1.0,142.03840130351944,5.894598858338428,2772.5720751246304,298.15
5086.0,72.93545698675803,1.0,149.4271225052607,9.998458069688118,135.80845866999766,298.15
5087.0,72.93406796925642,1.0,143.58148352563944,5.9776468861675705,945.9757117704596,298.15
5088.0,72.9326789517548,1.0,143.8702240070973,8.217405222722629,362.6496834472532,298.15
5089.0,72.93128993425317,1.0,139.84627646038484,8.416338491138873,981.965597395126,298.15
5090.0,72.92990091675155,1.0,138.11603858494456,9.00937547766505,91.11977344350106,298.15
5091.0,72.92851189924993,1.0,140.30724963935265,11.845369231845961,2988.6088972167668,298.15
5092.0,72.9271228817483,1.0,145.43469364328897,12.263009360669944,2891.080611008325,298.15
5093.0,72.9257338642467,1.0,142.55411046252001,11.142077367018281,2489.5101729337007,298.15
5094.0,72.92434484674507,1.0,142.9330938173698,11.37386874573635,3304.395162954631,298.15
5095.0,72.92295582924345,1.0,143.01565772593275,11.402343774286502,2868.347573099437,298.15
5096.0,72.92156681174183,1.0,139.59615686806293,4.8690213824617254,2819.528709764958,298.15
5097.0,72.9201777942402,1.0,144.060613282876,10.037728973511454,2645.655974483446,298.15
5098.0,72.91878877673858,1.0,138.9949872266513,6.294387559888394,3297.6141911768914,298.15
5099.0,72.91739975923697,1.0,143.6015975159822,11.054166380917696,3352.303405502882,298.15
5100.0,72.91601074173535,1.0,141.053761643624,5.673855549586085,3934.261089616345,298.15
5101.0,72.91462172423373,1.0,135.48637111711906,9.62891079184006,3007.911200837132,298.15
5102.0,72.9132327067321,1.0,137.7152886295321,11.13956057046858,3746.662254357055,298.15
5103.0,72.91184368923048,1.0,134.99361952765145,7.706411790170746,2910.1445068732205,298.15
5104.0,72.91045467172886,1.0,141.76644286037936,12.017323487518157,3145.32936007384,298.15
5105.0,72.90906565422725,1.0,138.68500620997577,11.09335296415706,2866.782390803259,298.15
5106.0,72.90767663672563,1.0,133.18411876947678,10.853678758777303,2687.1087560270234,298.15
5107.0,72.906287619224,1.0,139.13748046880406,11.533251541913971,3513.7565199403134,298.15
5108.0,72.90489860172238,1.0,136.7119661333401,9.375866113696976,2192.3809146974227,298.15
5109.0,72.90350958422076,1.0,134.20631100604518,10.463638919138615,3137.643711805551,298.15
5110.0,72.90212056671913,1.0,141.4889823095695,10.205450001759218,2973.6832618236826,298.15
5111.0,72.90073154921753,1.0,137.4971113261795,10.197423298259718,3048.740222725439,298.15
5112.0,72.8993425317159,1.0,136.2929174985244,8.876702563799638,3161.0506610088482,298.15
5113.0,72.89795351421428,1.0,135.7912177110021,7.743528038373485,3096.571883809122,298.15
5114.0,72.89656449671266,1.0,132.88869850340456,9.665012267878053,3527.188708367274,298.15
5115.0,72.89517547921103,1.0,133.1375536409707,9.604352936220923,2718.2192582104763,298.15
5116.0,72.89378646170941,1.0,139.05879679526814,8.94853877720458,1954.2623636431433,298.15
5117.0,72.8923974442078,1.0,134.62096519802827,12.292707659944458,2419.800056340355,298.15
5118.0,72.89100842670618,1.0,135.5554235877476,8.172817295977964,3225.476848284551,298.15
5119.0,72.88961940920456,1.0,130.38571390272153,10.308620755361083,2781.4280499840256,298.15
5120.0,72.88823039170293,1.0,131.86983441199013,13.14480364830141,2554.9959647899527,298.15
5121.0,72.88684137420131,1.0,136.21740848889885,12.687755303580104,664.6256291506108,298.15
5122.0,72.88545235669969,1.0,135.4194575367293,13.400687734496014,208.61424979993137,298.15
5123.0,72.88406333919808,1.0,138.45252128766165,9.747283607167923,0.0,298.15
5124.0,72.88267432169646,1.0,137.23096559461533,12.674360076721959,1080.4524908728438,298.15
5125.0,72.88128530419483,1.0,133.2386861496596,8.944804678872712,526.3835512627952,298.15
5126.0,72.87989628669321,1.0,134.67271131903607,10.66349001828318,575.9986468590198,298.15
5127.0,72.87850726919159,1.0,132.54992239013205,10.953288516372416,59.804511811973725,298.15
5128.0,72.87711825168996,1.0,137.95871328417104,10.237417804057507,96.1031280277951,298.15
5129.0,72.87572923418836,1.0,135.56048811746322,10.78177045229234,0.0,298.15
5130.0,72.87434021668673,1.0,132.98785794686876,10.615167187767389,996.3087306382268,298.15
5131.0,72.87295119918511,1.0,132.82240662089154,9.713053080946251,0.0,298.15
5132.0,72.87156218168349,1.0,135.54948035951352,13.625479640180998,1066.2936062993876,298.15
5133.0,72.87017316418186,1.0,133.25110367753476,11.593430157116073,154.3770407078295,298.15
5134.0,72.86878414668024,0.0,3.713349343392486,2.505209088766879,69.92414937353158,298.15
5135.0,72.86739512917863,1.0,126.17291830473441,12.548900064203973,480.6053365115707,298.15
5136.0,72.86600611167701,1.0,132.26386283063667,12.448192530553618,260.34945886684955,298.15
5137.0,72.86461709417539,1.0,129.70382463781024,12.654702827352974,534.078645212816,298.15
5138.0,72.86322807667376,1.0,134.8841041814609,11.962539239072987,192.76796672434563,298.15
5139.0,72.86183905917214,0.0,3.6842136076148453,5.6593704329755035,390.19982228577817,298.15
5140.0,72.86045004167053,1.0,130.316550155814,14.437091803748414,234.3659090150598,298.15
5141.0,72.85906102416891,1.0,133.66782109400532,13.042723061167157,801.652124639731,298.15
5142.0,72.85767200666729,1.0,134.02947364207978,12.223679525509604,679.550854414487,298.15
5143.0,72.85628298916566,1.0,129.73172360079198,13.047958811091798,586.7659051803834,298.15
5144.0,72.85489397166404,1.0,135.21800801008067,14.3054631628493,869.014545046021,298.15
5145.0,72.85350495416242,0.0,0.0,6.694064473925008,592.1810165558834,298.15
5146.0,72.8521159366608,1.0,128.3698102662133,10.910448095171414,562.6261200052447,298.15
5147.0,72.85072691915919,0.0,2.0628959399339757,5.269190257024693,457.9851192614627,298.15
5148.0,72.84933790165756,1.0,127.59502399662726,16.394241423879905,249.12758666349237,298.15
5149.0,72.84794888415594,1.0,128.42162744438744,11.155278710846174,249.90018559461643,298.15
5150.0,72.84655986665432,1.0,131.35790344827925,14.018986257165237,551.5304095205508,298.15
5151.0,72.8451708491527,1.0,127.82879392743125,12.361107107119029,3797.5599772709556,298.15
5152.0,72.84378183165109,0.0,0.0,5.621634336241342,3356.9745637013284,298.15
5153.0,72.84239281414946,0.0,0.8751191385929069,4.164154009201509,3384.685296579855,298.15
5154.0,72.84100379664784,1.0,125.48127405925341,14.811343848765715,2872.2116966281883,298.15
5155.0,72.83961477914622,1.0,128.99012622113116,14.408687818559311,3024.059940204677,298.15
5156.0,72.8382257616446,1.0,128.3772382307323,16.927111278422704,2923.8384456465565,298.15
5157.0,72.83683674414297,0.0,3.50553400612068,6.0947373537116905,2831.776692190943,298.15
5158.0,72.83544772664135,1.0,128.4650223905894,16.283685605102853,3527.8897327669356,298.15
5159.0,72.83405870913974,1.0,128.69470157629246,16.325678136729074,2694.335315812352,298.15
5160.0,72.83266969163812,1.0,124.29906607557747,17.366475052043707,2798.5389057153966,298.15
5161.0,72.8312806741365,1.0,127.60605857708487,15.83346420600789,3482.5114325970176,298.15
5162.0,72.82989165663487,1.0,130.17935299635255,20.083998851429797,3430.6208882915976,298.15
5163.0,72.82850263913325,1.0,123.64955849416155,14.212519911815026,2813.9901831347515,298.15
5164.0,72.82711362163164,1.0,129.38023517552588,13.395380334570383,2513.0467126317058,298.15
5165.0,72.82572460413002,0.0,0.0,3.424246746623642,3469.3335372457277,298.15
5166.0,72.8243355866284,1.0,122.67204752654023,13.066178208295817,3271.2649543705006,298.15
5167.0,72.82294656912677,1.0,125.2146974853236,18.95946225188588,2875.1932966562886,298.15
5168.0,72.82155755162515,1.0,126.02352444894069,18.913290238787795,2741.589841601695,298.15
5169.0,72.82016853412352,0.0,2.1721967570907506,10.477347864740928,2814.8289147058063,298.15
5170.0,72.8187795166219,1.0,121.64951702135875,16.006227853105177,3379.9811343882748,298.15
5171.0,72.8173904991203,1.0,124.79024567385909,19.941670840386212,3042.279084290929,298.15
5172.0,72.81600148161867,1.0,121.93757171764946,18.730757544606888,2798.860359724207,298.15
5173.0,72.81461246411705,1.0,119.84128479619999,19.171594235197027,3430.239303240731,298.15
5174.0,72.81322344661542,1.0,120.99541436183497,20.335851480292508,2568.2448135729765,298.15
5175.0,72.8118344291138,0.0,0.0,7.696626176818357,3237.0377976301597,298.15
5176.0,72.81044541161219,0.0,1.242673059254129,14.825592376442684,3076.358053630371,298.15
5177.0,72.80905639411057,1.0,125.42284302805622,22.450676616647765,2707.343623133161,298.15
5178.0,72.80766737660895,1.0,118.99491556451618,18.81997376066447,3001.500400093842,298.15
5179.0,72.80627835910732,0.0,0.8385287634358163,7.8868447525368826,3182.8934791650304,298.15
5180.0,72.8048893416057,1.0,119.36110259747088,20.183060204764306,2878.7612346917113,298.15
5181.0,72.80350032410408,0.0,1.498762927982764,10.96609632314856,864.3010156154925,298.15
5182.0,72.80211130660246,1.0,120.34849578015772,23.01760228230133,343.4565855600033,298.15
5183.0,72.80072228910085,0.0,0.0,8.626331270146391,1014.6740215919281,298.15
5184.0,72.79933327159922,0.0,1.905158684740018,11.85971090975777,585.710496114229,298.15
5185.0,72.7979442540976,0.0,0.0,8.338072007440392,3705.118020297654,298.15
5186.0,72.79655523659598,0.0,0.0,12.629737879063144,2698.8733347467246,298.15
5187.0,72.79516621909436,1.0,115.74727236426496,21.73599527251671,3035.202208654415,298.15
5188.0,72.79377720159275,0.0,2.2551088764825327,16.19211043433838,3223.817759998118,298.15
5189.0,72.79238818409112,1.0,122.68815200763188,19.225705274320568,2704.8902001795,298.15
5190.0,72.7909991665895,1.0,120.59659516218697,25.486327495842968,3237.832025053055,298.15
5191.0,72.78961014908788,0.0,0.0,9.364914570604594,2824.089989324918,298.15
5192.0,72.78822113158625,0.0,2.881258513965598,10.376854483081512,3433.3348468368617,298.15
5193.0,72.78683211408463,0.0,0.0,9.887679339725542,2174.9213937450936,298.15
5194.0,72.78544309658301,1.0,118.92979945221666,24.10581705261528,3290.936855237115,298.15
5195.0,72.7840540790814,0.0,5.508323464322218,11.397252003559547,2964.852502604441,298.15
5196.0,72.78266506157978,0.0,0.0,11.271340738461035,2621.375448120197,298.15
5197.0,72.78127604407815,1.0,121.37085160000828,24.71249383226612,2892.416097912967,298.15
5198.0,72.77988702657653,1.0,120.81041303211552,25.4625914067443,2779.048367824828,298.15
5199.0,72.77849800907491,1.0,120.27175609754933,24.84675284840074,3331.2253072908056,298.15
5200.0,72.7771089915733,1.0,119.88724178243244,24.664717051438817,2702.6163338734277,298.15
5201.0,72.77571997407168,0.0,0.8967259691501185,19.015695020349746,2624.350411269044,298.15
5202.0,72.77433095657005,0.0,0.6478841671979341,15.77258334312117,3476.9023359198945,298.15
5203.0,72.77294193906843,0.0,0.0,17.371841675542075,3122.1639197375357,298.15
5204.0,72.77155292156681,0.0,3.600552623932732,16.237256653092487,3153.6594546725664,298.15
5205.0,72.77016390406519,1.0,115.48849861484513,23.907738796434256,3466.8492355831986,298.15
5206.0,72.76877488656358,0.0,2.433570254292351,17.548161073427337,3329.4851137794276,298.15
5207.0,72.76738586906195,0.0,1.9591873118099965,15.290578778714696,1724.974883381379,298.15
5208.0,72.76599685156033,0.0,1.6638992050774903,16.691943635565263,3419.9921085716,298.15
5209.0,72.76460783405871,1.0,120.83947817096889,27.744740577695747,3513.1222685825046,298.15
5210.0,72.76321881655709,0.0,0.0,13.333893448840128,2933.650808095863,298.15
5211.0,72.76182979905546,1.0,113.52115646416306,24.25233405886591,3288.3543058624055,298.15
5212.0,72.76044078155385,1.0,117.70305089914926,29.6904370936461,3337.9116790411867,298.15
5213.0,72.75905176405223,0.0,0.0,16.669943858034472,3792.3863686422087,298.15
5214.0,72.75766274655061,0.0,0.0,16.998302376421485,2676.0957227922254,298.15
5215.0,72.75627372904898,0.0,0.0,18.84568396766364,575.0863153739664,298.15
5216.0,72.75488471154736,0.0,0.0,17.933220185902805,363.196073930901,298.15
5217.0,72.75349569404574,0.0,0.0,19.821189069390755,125.3991793465953,298.15
5218.0,72.75210667654413,1.0,111.67053193789073,29.079205426875422,508.19871833173227,298.15
5219.0,72.75071765904251,1.0,118.92180006612094,29.821087753848435,514.5626376860001,298.15
5220.0,72.74932864154088,0.0,5.289800146824688,18.18461760201413,0.0,298.15
5221.0,72.74793962403926,0.0,1.4443282552056933,20.25889309197915,245.43743291903522,298.15
5222.0,72.74655060653764,1.0,116.54087639662049,32.365124229266584,905.9016727529321,298.15
5223.0,72.74516158903602,0.0,0.0,19.128671204827654,409.6087890562824,298.15
5224.0,72.74377257153441,0.0,0.0,22.413695614221677,0.0,298.15
5225.0,72.74238355403278,1.0,117.03229951086074,30.633683946069144,1060.8261949275518,298.15
5226.0,72.74099453653116,0.0,0.0,22.475283130330872,187.740855753193,298.15
5227.0,72.73960551902954,0.0,0.0,21.43886661688022,335.284612450725,298.15
5228.0,72.73821650152792,1.0,120.64349948044325,31.317633951399586,872.064145331268,298.15
5229.0,72.73682748402629,0.0,0.0,22.321926988885902,240.08204049067456,298.15
5230.0,72.73543846652468,0.0,1.7113871527041342,24.31818386514049,0.0,298.15
5231.0,72.73404944902306,0.0,0.0,22.50692534367415,576.2043011186207,298.15
5232.0,72.73266043152144,0.0,4.528631909005737,23.215357445556972,779.1011954617254,298.15
5233.0,72.73127141401982,0.0,0.8120919949735571,21.67027630048057,335.68975615943907,298.15
5234.0,72.72988239651819,0.0,0.0,25.882410854081247,456.9728396765072,298.15
5235.0,72.72849337901657,1.0,115.70533044267827,34.16096041427364,86.76566060923557,298.15
5236.0,72.72710436151496,0.0,0.09507560256133656,23.19801379919206,151.32984746422943,298.15
5237.0,72.72571534401334,0.0,0.0,22.98183530033595,387.3296067241033,298.15
5238.0,72.72432632651172,1.0,114.36222082452903,35.45244218507022,727.1823189125155,298.15
5239.0,72.72293730901009,0.0,0.0,22.372144761408038,534.2464909690323,298.15
5240.0,72.72154829150847,0.0,0.0,20.13184025538621,857.2815232131005,298.15
5241.0,72.72015927400685,0.0,0.22372725768758564,24.15594262603204,1079.1922493422608,298.15
5242.0,72.71877025650524,0.0,0.7151512804567796,26.65316896044814,810.5299475905127,298.15
5243.0,72.71738123900361,0.0,0.0,27.66763940830066,0.0,298.15
5244.0,72.71599222150199,0.0,0.0,24.3395991605515,400.60416789351314,298.15
5245.0,72.71460320400037,0.0,1.3422946001438916,24.831809968888614,807.1756849541238,298.15
5246.0,72.71321418649875,0.0,0.0,25.993470416393748,458.1282979886179,298.15
5247.0,72.71182516899712,0.0,0.0,24.548816616731973,0.0,298.15
5248.0,72.71043615149551,0.0,0.0,26.33554117966973,306.6643740675787,298.15
5249.0,72.70904713399389,0.0,0.0,25.262179181537956,0.0,298.15
5250.0,72.70765811649227,0.0,0.0,27.69695007307578,402.80463949121616,298.15
5251.0,72.70626909899065,0.0,0.41412541431628874,27.266188078796965,260.1001084464924,298.15
5252.0,72.70488008148902,0.0,5.497945931527983,27.609150306937394,373.68049356109384,298.15
5253.0,72.7034910639874,0.0,0.0,25.67010527030191,913.8223998125845,298.15
5254.0,72.70210204648579,0.0,0.0,30.232272493369113,33.6645934452423,298.15
5255.0,72.70071302898417,0.0,0.0,27.406263778240685,248.4383878306672,298.15
5256.0,72.69932401148255,0.0,0.0,27.068818814038107,100.08734910079227,298.15
5257.0,72.69793499398092,0.0,2.6164890886344536,25.133699701536433,875.2451834533103,298.15
5258.0,72.6965459764793,0.0,0.0,26.651692114398625,896.2261014599171,298.15
5259.0,72.69515695897768,0.0,0.0,27.231675897528984,626.1196292941825,298.15
5260.0,72.69376794147607,0.0,1.9495894736737198,25.50724263684794,2837.1204362609246,298.15
5261.0,72.69237892397445,0.0,0.0,26.66806952731449,2456.8271451500946,298.15
5262.0,72.69098990647282,0.0,0.0,27.06352453966512,3227.0093102618202,298.15
5263.0,72.6896008889712,0.0,1.050079805294166,27.652690142110025,2576.4130901056064,298.15
5264.0,72.68821187146958,1.0,118.4167791380856,34.02166467589051,3459.0387722526193,298.15
5265.0,72.68682285396795,0.0,0.5018278791464519,27.510018297755707,2813.9212625923105,298.15
5266.0,72.68543383646634,0.0,0.0,27.131211747771168,2491.018577802354,298.15
5267.0,72.68404481896472,0.0,1.0868804339922393,27.986308273246244,3046.0559974930425,298.15
5268.0,72.6826558014631,1.0,115.46724465265214,40.28436348864645,3188.1067415146604,298.15
5269.0,72.68126678396148,0.0,1.7753685858841526,32.49848187495347,3909.0082350768926,298.15
5270.0,72.67987776645985,0.0,3.5337863466082067,29.767203034165014,3628.1087047362766,298.15
5271.0,72.67848874895823,0.0,0.0,25.91904588410692,4134.181828371331,298.15
5272.0,72.67709973145662,0.0,0.2646124181949178,27.858500788952654,2959.415542391689,298.15
5273.0,72.675710713955,0.0,0.0,29.90281701802497,3340.938847072592,298.15
5274.0,72.67432169645338,0.0,5.817432986404382,29.765209242786398,3567.056216325253,298.15
5275.0,72.67293267895175,0.0,0.0,30.8988490123714,2969.9281283648306,298.15
5276.0,72.67154366145013,0.0,1.7781950260767967,28.745437205494596,3211.2832415221656,298.15
5277.0,72.6701546439485,0.0,0.0,28.280359309232495,3594.2901657712173,298.15
5278.0,72.6687656264469,1.0,115.11102524847024,42.73521233203693,3228.6069670233956,298.15
5279.0,72.66737660894528,0.0,0.0,29.312543827636926,2483.4047649711456,298.15
5280.0,72.66598759144365,1.0,120.95244090998972,37.16453242761765,3445.071067314532,298.15
5281.0,72.66459857394203,0.0,2.2774721929866333,32.38577795274246,2174.148681743148,298.15
5282.0,72.6632095564404,0.0,4.630486951119027,26.312197548218325,3233.8313680415963,298.15
5283.0,72.66182053893878,1.0,117.55097620199012,32.24462058646046,3022.1196314248236,298.15
5284.0,72.66043152143718,0.0,0.6859533671885565,31.118955862569717,3162.0327133577584,298.15
5285.0,72.65904250393555,0.0,0.0,31.467832794410715,2808.1773296850415,298.15
5286.0,72.65765348643393,1.0,117.00140607618344,40.49445484483024,2729.964443251444,298.15
5287.0,72.6562644689323,0.0,0.0,26.996358390171796,3649.0309544201673,298.15
5288.0,72.65487545143068,0.0,0.20014986506763752,29.612633491604498,2996.4979209939993,298.15
5289.0,72.65348643392906,1.0,116.09355044687273,39.201706660944794,2309.440373673844,298.15
5290.0,72.65209741642745,0.0,1.0528247843525933,28.704828321784493,573.0703158237201,298.15
5291.0,72.65070839892583,0.0,0.4050404125333945,32.76889318375991,483.6458633872465,298.15
5292.0,72.6493193814242,0.0,0.6853873511122798,27.718416838163765,554.4146160070559,298.15
5293.0,72.64793036392258,0.0,3.990909051756182,30.56275540610928,688.3436565200755,298.15
5294.0,72.64654134642096,1.0,118.41305672104905,42.4013476884273,690.2993655133472,298.15
5295.0,72.64515232891934,0.0,1.8028623176268657,30.74214312897577,472.72432403929196,298.15
5296.0,72.64376331141773,0.0,4.8876134895521455,32.53560873298349,516.8661255608706,298.15
5297.0,72.6423742939161,0.0,3.112946503716034,31.148462942397927,476.53780170442286,298.15
5298.0,72.64098527641448,0.0,2.7473662064839273,30.880000567034404,512.3551640303085,298.15
5299.0,72.63959625891286,0.0,0.0,30.75634281519446,14.033431284765982,298.15
5300.0,72.63820724141124,1.0,119.76250282111862,41.26789635168191,764.9324472056276,298.15
5301.0,72.63681822390961,0.0,0.0,29.201297289777088,3571.789754293094,298.15
5302.0,72.635429206408,1.0,120.65989509805362,37.30181802386521,3329.0712433548224,298.15
5303.0,72.63404018890638,1.0,120.25646231835584,41.95521451615955,3153.001800554771,298.15
5304.0,72.63265117140476,0.0,0.05571383177564902,32.37155015159906,2531.376648439913,298.15
5305.0,72.63126215390314,0.0,2.447237602996515,30.47456287794551,2335.8931001304404,298.15
5306.0,72.62987313640151,0.0,0.0,28.80001830409451,2800.702096422595,298.15
5307.0,72.62848411889989,0.0,3.8949748294047626,26.68984382486707,2679.5649064685495,298.15
5308.0,72.62709510139828,1.0,122.44082596127915,40.059071083095844,2618.3584677967865,298.15
5309.0,72.62570608389666,1.0,120.26865115787176,37.06227434771186,3423.485178731248,298.15
5310.0,72.62431706639504,0.0,0.0,26.737808531715586,3450.1239342370623,298.15
5311.0,72.62292804889341,1.0,121.87741155919971,39.73379089525066,3572.65009584138,298.15
5312.0,72.62153903139179,1.0,124.5066301057377,38.15571035301189,3284.4951462909994,298.15
5313.0,72.62015001389017,1.0,121.27835475318716,40.40204585494778,2054.0541765143103,298.15
5314.0,72.61876099638856,0.0,0.34314605501457335,29.30951101793436,3232.9064526545762,298.15
5315.0,72.61737197888694,0.0,0.043166320801658865,28.331725029370592,3610.13471868431,298.15
5316.0,72.61598296138531,0.0,4.245578801572406,26.004940525074662,2806.3207882050856,298.15
5317.0,72.61459394388369,1.0,120.79005070515363,37.70556787457202,2093.4018330944655,298.15
5318.0,72.61320492638207,0.0,0.0,27.717572069328185,3268.702282368541,298.15
5319.0,72.61181590888046,1.0,125.48389287031127,36.804365787882304,2902.6358901172134,298.15
5320.0,72.61042689137884,0.0,0.3502455855336787,28.585761933464294,1847.696745319719,298.15
5321.0,72.60903787387721,0.0,2.7089829806124848,26.82008047991316,3090.1717232790916,298.15
5322.0,72.60764885637559,0.0,0.0,28.774779533847212,3315.6159062050674,298.15
5323.0,72.60625983887397,1.0,122.18865588116236,39.52855482462505,3180.3609794194967,298.15
5324.0,72.60487082137234,0.0,3.536586088265866,27.2390763881502,2908.465805754901,298.15
5325.0,72.60348180387072,1.0,121.41809342096481,39.73744960117688,2723.707496453331,298.15
5326.0,72.60209278636911,0.0,0.0,25.95259434803836,3545.9931726468535,298.15
5327.0,72.60070376886749,0.0,0.6115390735636703,26.372343234068538,2558.6250137522934,298.15
5328.0,72.59931475136587,1.0,121.21426079953544,38.33840240573293,3376.6827898805864,298.15
5329.0,72.59792573386424,1.0,122.76909586608626,39.89042578947758,3101.6581382588097,298.15
5330.0,72.59653671636262,0.0,0.26835097529261365,30.157884211448096,2674.481838971201,298.15
5331.0,72.59514769886101,0.0,0.11121677847456947,31.589056994645397,203.07860098599264,298.15
5332.0,72.59375868135939,0.0,3.050371406016521,27.366246787354605,539.8088828554054,298.15
5333.0,72.59236966385777,0.0,3.6724407617527026,27.76594637994914,1026.6693709708743,298.15
5334.0,72.59098064635614,1.0,122.66224702650446,35.77674307554615,292.39828588853067,298.15
5335.0,72.58959162885452,1.0,125.16140201446164,35.198253200246306,358.77677950488817,298.15
5336.0,72.5882026113529,0.0,1.6063611624787149,28.137343522438037,612.4584313027798,298.15
5337.0,72.58681359385128,1.0,128.90284886419843,35.93349897509446,730.0433028062243,298.15
5338.0,72.58542457634967,1.0,127.20138661936215,39.95335384585798,684.5750895373084,298.15
5339.0,72.58403555884804,0.0,0.6930858915378934,24.249711103343436,511.311132983014,298.15
5340.0,72.58264654134642,1.0,127.4811565000312,38.140474939737054,392.989206745641,298.15
5341.0,72.5812575238448,1.0,127.70247070443514,34.91655586907735,616.2239490801437,298.15
5342.0,72.57986850634317,0.0,0.0,25.15657975273843,2210.521694636588,298.15
5343.0,72.57847948884157,0.0,0.45933299139959227,27.820720880496808,3831.2613816310477,298.15
5344.0,72.57709047133994,1.0,130.19497720661707,35.16075391063672,3185.9320617372027,298.15
5345.0,72.57570145383832,1.0,126.43464655500686,35.34004022889129,2942.8898234549893,298.15
5346.0,72.5743124363367,0.0,0.30839982333404914,24.573055026753437,3825.5111496032305,298.15
5347.0,72.57292341883507,0.0,0.0,29.78385855508611,3045.7414752821837,298.15
5348.0,72.57153440133345,1.0,122.05470312211872,34.65827668577234,3488.962921663643,298.15
5349.0,72.57014538383183,1.0,127.83206103722073,35.87844526251579,3181.895969818069,298.15
5350.0,72.56875636633022,1.0,128.71900341534823,35.189276219143245,3396.894444815832,298.15
5351.0,72.5673673488286,1.0,126.9973213414427,35.89632821294106,3258.167932544587,298.15
5352.0,72.56597833132697,1.0,125.68704996803103,33.997636391692055,2886.919698491412,298.15
5353.0,72.56458931382535,1.0,126.56078302935899,34.68012822955052,2215.3071536431685,298.15
5354.0,72.56320029632373,1.0,130.70153199383304,35.73391841918466,2118.8743349076994,298.15
5355.0,72.56181127882212,1.0,133.80366462011844,32.95801282360999,2910.023267270288,298.15
5356.0,72.5604222613205,0.0,3.293574786615834,26.81282570943901,3115.088758467595,298.15
5357.0,72.55903324381887,1.0,126.35161990512364,36.828852451151135,2865.177081126571,298.15
5358.0,72.55764422631725,1.0,131.81740165840614,35.447136212305466,2683.5009664392655,298.15
5359.0,72.55625520881563,1.0,128.42931147515247,34.15072751272541,2848.7603643455313,298.15
5360.0,72.554866191314,1.0,128.85109988840122,27.635648643014846,2531.6777971507736,298.15
5361.0,72.55347717381238,1.0,129.36781803982393,34.5020256939004,2943.6494161920155,298.15
5362.0,72.55208815631077,1.0,132.381793328739,32.62242869504885,3238.9053575495777,298.15
5363.0,72.55069913880915,1.0,133.21719187613542,32.7263295466701,2941.3381410854417,298.15
5364.0,72.54931012130753,1.0,130.9314568598629,29.115804075432234,3243.4257464686248,298.15
5365.0,72.5479211038059,1.0,131.20602243080003,33.85765274682123,3058.7782954951385,298.15
5366.0,72.54653208630428,1.0,132.74035483506648,29.641618817063673,2850.9954556723733,298.15
5367.0,72.54514306880267,1.0,133.22350705591535,32.67664601867311,3293.7529515140004,298.15
5368.0,72.54375405130105,1.0,134.9094964129277,34.09609810330296,2719.093836481801,298.15
5369.0,72.54236503379943,1.0,129.2850278400758,31.048915393226103,3088.2672405514622,298.15
5370.0,72.5409760162978,1.0,132.6313062196299,34.32325625632927,3331.360452889371,298.15
5371.0,72.53958699879618,1.0,130.2785090359161,30.055169101325628,2814.734434976186,298.15
5372.0,72.53819798129456,1.0,132.94186957052568,32.627695590030676,362.69195095107534,298.15
5373.0,72.53680896379294,1.0,132.76536271787003,28.475916532404568,896.0432292876344,298.15
5374.0,72.53541994629133,1.0,133.43454618803548,33.08841220794194,0.0,298.15
5375.0,72.5340309287897,1.0,131.8829975138102,32.550793829914845,1086.8582018962131,298.15
5376.0,72.53264191128808,1.0,130.48805293411718,31.489894730677207,0.0,298.15
5377.0,72.53125289378646,1.0,129.28530967525498,29.4892626106247,17.82569974676659,298.15
5378.0,72.52986387628484,1.0,134.20704929344123,27.18334121884947,588.2058259815243,298.15
5379.0,72.52847485878323,1.0,133.73772472132427,29.051365614052948,314.0978482599031,298.15
5380.0,72.5270858412816,1.0,133.39973345509904,31.930095357943742,384.99877360900837,298.15
5381.0,72.52569682377998,1.0,138.4071260425092,29.67921681340733,313.9807748541302,298.15
5382.0,72.52430780627836,1.0,133.4552821341374,25.97496933683142,225.7207391684678,298.15
5383.0,72.52291878877674,0.0,3.3755327448150454,16.633450345116515,611.0242297369423,298.15
5384.0,72.52152977127511,1.0,139.86627246511392,31.32042660097518,482.990803329859,298.15
5385.0,72.5201407537735,1.0,131.59765499844872,29.510123833116406,809.9211397755787,298.15
5386.0,72.51875173627188,1.0,136.71410128584,25.721653186211466,528.0809117605263,298.15
5387.0,72.51736271877026,1.0,135.79057037656298,24.392097332421052,354.0065396828078,298.15
5388.0,72.51597370126863,1.0,130.05478251403326,26.51885022540232,771.2645108602549,298.15
5389.0,72.51458468376701,1.0,133.79972651990758,23.75245233014025,0.0,298.15
5390.0,72.51319566626539,1.0,139.33756143318612,27.024430171350325,0.0,298.15
5391.0,72.51180664876378,1.0,142.55203658923858,32.18066491889069,0.0,298.15
5392.0,72.51041763126216,1.0,140.14231499847273,23.57932688107986,379.6783828110469,298.15
5393.0,72.50902861376053,1.0,139.0133206275271,26.26152717987581,637.1152606805501,298.15
5394.0,72.50763959625891,1.0,138.44220425309575,29.123182571494944,0.0,298.15
5395.0,72.50625057875729,1.0,142.75279301889833,27.725140063044808,495.93341794840575,298.15
5396.0,72.50486156125567,1.0,144.1130513172985,25.634432771111268,375.80590728801747,298.15
5397.0,72.50347254375406,1.0,137.84801993725884,25.40411574069169,547.9722220477204,298.15
5398.0,72.50208352625243,1.0,134.73251904391785,23.082067111793922,2704.4291561043524,298.15
5399.0,72.50069450875081,1.0,134.74985581156812,24.682404935782504,3885.298929487448,298.15
5400.0,72.49930549124919,1.0,143.1493119978088,25.50315589104324,3494.2879572739575,298.15
5401.0,72.49791647374757,1.0,140.13920831836276,27.048496213745292,2961.003561643827,298.15
5402.0,72.49652745624594,1.0,140.93918229934437,23.247027477893305,3435.466100148254,298.15
5403.0,72.49513843874433,1.0,136.4877263274447,23.90104215337082,3152.057750782799,298.15
5404.0,72.49374942124271,1.0,139.21058268552383,22.096258566555665,2524.5687236212216,298.15
5405.0,72.49236040374109,1.0,140.55209543848954,24.288827328684405,2970.0224131211417,298.15
5406.0,72.49097138623947,1.0,142.0021364949781,25.208331308536824,2607.6996936067,298.15
5407.0,72.48958236873784,1.0,140.8080921447141,24.655374496206868,3062.7789978272704,298.15
5408.0,72.48819335123622,1.0,139.53689308492926,20.70139817264431,3092.755466488532,298.15
5409.0,72.48680433373461,1.0,140.38940988945618,23.190026017370258,3404.592847701308,298.15
5410.0,72.48541531623299,1.0,145.38744984873853,21.25357837110016,3663.9948734098994,298.15
5411.0,72.48402629873137,1.0,143.34167810438635,24.510754092975837,2601.8526578808915,298.15
5412.0,72.48263728122974,1.0,144.46642902873455,21.85587078142255,2883.6342676210934,298.15
5413.0,72.48124826372812,1.0,141.11565412061964,18.81758161259519,2893.6223509656006,298.15
5414.0,72.4798592462265,1.0,136.46866345756018,21.273551749924614,3301.4035812859097,298.15
5415.0,72.47847022872489,1.0,142.5081586394059,22.445914420833432,3504.215515730365,298.15
5416.0,72.47708121122326,1.0,141.9378911143145,21.773976075997073,3912.597682161003,298.15
5417.0,72.47569219372164,1.0,145.08153715677398,19.98409771193242,3662.3038858560253,298.15
5418.0,72.47430317622002,1.0,152.32521563022524,19.60546001971687,3069.6745367053945,298.15
5419.0,72.4729141587184,1.0,146.39997267448706,18.548369827350385,2918.3985326898537,298.15
5420.0,72.47152514121677,1.0,151.50816188223789,19.54885610056802,2151.282731109361,298.15
5421.0,72.47013612371516,1.0,146.590501703314,18.372677070473387,2764.4837221116973,298.15
5422.0,72.46874710621354,0.0,0.0,11.923955213306591,2512.1618262955453,298.15
5423.0,72.46735808871192,1.0,146.55369475471218,17.83535985850469,3269.0795834829337,298.15
5424.0,72.4659690712103,1.0,150.21083518108316,19.730875577216082,2840.1090804745154,298.15
5425.0,72.46458005370867,1.0,150.57049382306772,19.371986637676383,3403.5672496142115,298.15
5426.0,72.46319103620705,0.0,0.0,10.99733615637524,2730.5827914088823,298.15
5427.0,72.46180201870544,1.0,147.29898339491865,21.07884748630556,3164.1565174115917,298.15
5428.0,72.46041300120382,1.0,143.53160989508595,20.051777392628132,2562.389502670496,298.15
5429.0,72.4590239837022,1.0,149.1417086754096,19.13036305206155,3108.0674653796514,298.15
5430.0,72.45763496620057,1.0,151.1171938053399,16.022746274914947,2742.054623691677,298.15
5431.0,72.45624594869895,1.0,147.74984353108857,15.771856665860577,3522.0233764172103,298.15
5432.0,72.45485693119733,1.0,146.3027920838338,16.025777251548917,2910.1563816431635,298.15
5433.0,72.45346791369572,1.0,148.98770315210655,19.12222928404116,2608.197469920344,298.15
5434.0,72.4520788961941,1.0,149.3603033401058,17.515940861745527,2905.3531033079576,298.15
5435.0,72.45068987869247,1.0,148.794151704289,18.957907355899586,3275.8812727445625,298.15
5436.0,72.44930086119085,1.0,149.2607686565252,19.035242763786698,2392.761776707818,298.15
5437.0,72.44791184368923,1.0,148.65407413652358,15.264222700539134,2990.4003953451293,298.15
5438.0,72.4465228261876,1.0,151.67318435303986,16.63504221552658,3126.178434391878,298.15
5439.0,72.445133808686,0.0,1.754023198704325,6.348065210501239,3006.22457970827,298.15
5440.0,72.44374479118437,1.0,147.41948784868575,15.505732622298893,3008.7108346535033,298.15
5441.0,72.44235577368275,1.0,147.58306000965172,14.888255675787725,3484.5856443183684,298.15
5442.0,72.44096675618113,1.0,149.61266931659588,18.25510830142219,3827.62993604965,298.15
5443.0,72.4395777386795,0.0,1.7554757267398335,5.728778014570389,3066.872594069343,298.15
5444.0,72.43818872117788,1.0,151.02398330848555,15.465808484346613,3189.484277835616,298.15
5445.0,72.43679970367627,1.0,149.3634999397532,13.599056751119837,3702.9774991815357,298.15
5446.0,72.43541068617465,1.0,151.74215915654298,16.475886082338906,2658.127938080485,298.15
5447.0,72.43402166867303,1.0,150.55307967848003,12.827403997936216,2939.1526267037993,298.15
5448.0,72.4326326511714,1.0,153.65980089958498,15.67201574578007,3476.470946724282,298.15
5449.0,72.43124363366978,1.0,152.5751843057962,15.558004696962666,2623.4568053463186,298.15
5450.0,72.42985461616816,1.0,151.2488662865421,13.540790788590712,2553.901701981249,298.15
5451.0,72.42846559866655,1.0,152.76857528589372,14.884645325790384,2416.2482037624027,298.15
5452.0,72.42707658116493,1.0,155.56568111983614,14.449222060622379,3171.421950160768,298.15
5453.0,72.4256875636633,1.0,151.28982536911136,13.824180995042095,2550.4665991472207,298.15
5454.0,72.42429854616168,1.0,153.8191521782909,13.775087244876538,3140.7314454965517,298.15
5455.0,72.42290952866006,1.0,152.9034687819533,13.721604391677834,3214.3320504913454,298.15
5456.0,72.42152051115843,1.0,154.29866337027232,13.710809539602737,2775.6834674512643,298.15
5457.0,72.42013149365683,1.0,151.9305344930643,13.418055243967082,3717.3651647106726,298.15
5458.0,72.4187424761552,0.0,0.2628683712778854,0.8661510686317633,440.76448462541293,298.15
5459.0,72.41735345865358,0.0,2.639330753267446,2.690132636735534,197.7984695192468,298.15
5460.0,72.41596444115196,0.0,0.0,3.4123545914051148,1172.1013686468123,298.15
5461.0,72.41457542365033,1.0,151.14215920191356,12.928835627370342,547.477955310536,298.15
5462.0,72.41318640614871,1.0,151.43355374143576,14.5650518757166,462.89797165718744,298.15
5463.0,72.4117973886471,1.0,151.9207273288179,13.744516695291445,2844.4777861043276,298.15
5464.0,72.41040837114548,1.0,156.32587317531983,10.536073558075676,2341.7256164571104,298.15
5465.0,72.40901935364386,1.0,151.75430256278796,11.86600398783771,2506.5773532696076,298.15
5466.0,72.40763033614223,0.0,0.0,1.4453828562141422,3674.2960773259206,298.15
5467.0,72.40624131864061,0.0,1.4730417734895467,1.961539605789006,3680.0623346910024,298.15
5468.0,72.40485230113899,0.0,0.9926683159559027,1.849237687564387,2847.3171986640914,298.15
5469.0,72.40346328363738,1.0,154.95291075947148,13.007440243185528,3508.7593110764064,298.15
5470.0,72.40207426613576,0.0,0.45486575769604304,2.0014135929186656,3227.1437498270134,298.15
5471.0,72.40068524863413,1.0,156.50029138990212,14.072940586393104,3187.849862933954,298.15
5472.0,72.39929623113251,1.0,155.89488824975498,11.925711994389301,3057.152930962107,298.15
5473.0,72.39790721363089,0.0,0.0,0.0,2963.1912990758537,298.15
5474.0,72.39651819612926,1.0,162.1177085619459,10.267880799611143,3112.0405123505084,298.15
5475.0,72.39512917862766,1.0,158.89870344709158,12.389749571300605,2966.137502194268,298.15
5476.0,72.39374016112603,1.0,163.05736476176642,7.717106044982179,3165.144305883476,298.15
5477.0,72.39235114362441,0.0,0.0,0.0,1644.575196033908,298.15
5478.0,72.39096212612279,0.0,0.0,0.9088980080431209,2623.392914713101,298.15
5479.0,72.38957310862116,1.0,154.4926104594859,12.774134759219214,2771.3408848526133,298.15
5480.0,72.38818409111954,0.0,0.0,3.4356008585446873,2972.0970460362046,298.15
5481.0,72.38679507361793,1.0,162.533873800606,10.214379362745383,3650.127959872525,298.15
5482.0,72.38540605611631,1.0,156.92416207345642,12.788170451040248,3136.0591895679268,298.15
5483.0,72.38401703861469,0.0,4.5725868376690615,0.6810057862683,3647.659570975462,298.15
5484.0,72.38262802111306,0.0,0.0,0.0,3844.5869154873335,298.15
5485.0,72.38123900361144,0.0,0.0,0.3977581896579935,2620.419317436872,298.15
5486.0,72.37984998610982,1.0,157.99567752373346,9.082057167418563,3692.2651967649645,298.15
5487.0,72.37846096860821,0.0,0.0,2.2095050364164925,3066.267762480945,298.15
5488.0,72.37707195110659,0.0,2.19920696521106,0.21262427965920214,2847.8877033311333,298.15
5489.0,72.37568293360496,0.0,1.0739368305632797,0.0,2865.9723440128764,298.15
5490.0,72.37429391610334,1.0,158.4245586421105,7.084986556896942,3182.3321202149023,298.15
5491.0,72.37290489860172,0.0,0.0,0.10628267041780047,2070.1275139507707,298.15
5492.0,72.3715158811001,0.0,0.0,0.0,2726.531039660325,298.15
5493.0,72.37012686359849,1.0,157.6708193240365,9.019614779326151,431.1097734877717,298.15
5494.0,72.36873784609686,0.0,0.0,0.5440759875493333,664.3819581949917,298.15
5495.0,72.36734882859524,1.0,162.57697298582505,7.861543475158303,381.6507981926998,298.15
5496.0,72.36595981109362,0.0,0.0,2.084023269542667,0.0,298.15
5497.0,72.364570793592,0.0,3.853272103036795,2.47828596849036,664.7340266479179,298.15
5498.0,72.36318177609039,0.0,0.0,0.0,946.010847574833,298.15
5499.0,72.36179275858876,0.0,0.0,0.0,268.84834873171104,298.15
5500.0,72.36040374108714,0.0,1.7624376350830562,2.0558833818331377,1082.4074942229408,298.15
5501.0,72.35901472358552,1.0,164.4475819291736,9.9991480331786,804.3307024353624,298.15
5502.0,72.3576257060839,1.0,163.69406088060353,7.1252209630023255,130.77157395625193,298.15
5503.0,72.35623668858227,0.0,1.1956361348321167,0.0,273.06384064435633,298.15
5504.0,72.35484767108065,1.0,163.85828105017637,8.26672259114187,390.37593124873126,298.15
5505.0,72.35345865357904,1.0,157.29469130643724,12.336720868449248,435.1051455126011,298.15
5506.0,72.35206963607742,0.0,0.0,1.3189424022050373,0.0,298.15
5507.0,72.3506806185758,1.0,159.43683572843372,9.44209654481864,236.19909574079918,298.15
5508.0,72.34929160107417,1.0,164.63348668045916,10.412078363217597,306.08455256390954,298.15
5509.0,72.34790258357255,0.0,0.0,0.0,1162.1857623057406,298.15
5510.0,72.34651356607094,1.0,163.9392276780955,8.626728554968974,579.482759822514,298.15
5511.0,72.34512454856932,0.0,1.2766510057242306,3.433758073203571,220.48787165581143,298.15
5512.0,72.3437355310677,0.0,0.0,0.3762980978551169,346.4006366729643,298.15
5513.0,72.34234651356607,0.0,0.0,2.234007408687683,648.8907724880332,298.15
5514.0,72.34095749606445,1.0,165.3970883184233,10.840785252348788,367.61823955549085,298.15
5515.0,72.33956847856282,0.0,0.0,3.130877055155713,294.97718567587845,298.15
5516.0,72.3381794610612,0.0,0.2974905193876807,0.0,306.23370114755687,298.15
5517.0,72.3367904435596,0.0,0.0,0.14262086105224003,668.0299168282936,298.15
5518.0,72.33540142605797,1.0,161.91705829883682,13.995114706220145,16.041776883006605,298.15
5519.0,72.33401240855635,0.0,0.0,2.6393736140050947,119.30361908021086,298.15
5520.0,72.33262339105472,0.0,0.0,3.4735003630462926,175.08396641428618,298.15
5521.0,72.3312343735531,0.0,0.0,0.7947382046608632,113.2811332387389,298.15
5522.0,72.3298453560515,0.0,0.6820311809559181,0.0,211.51476040432505,298.15
5523.0,72.32845633854987,0.0,0.0,0.0,814.1341302924645,298.15
5524.0,72.32706732104825,0.0,0.0,0.0,862.9930514034337,298.15
5525.0,72.32567830354662,1.0,160.94497506413865,12.809881629887977,2889.0097568960146,298.15
5526.0,72.324289286045,0.0,0.0,2.2944118246934218,2941.4529226836976,298.15
5527.0,72.32290026854338,1.0,165.55554226943568,11.191353393435715,2783.923030368326,298.15
5528.0,72.32151125104176,0.0,3.5892253066053916,2.4779490090836838,2247.647465888638,298.15
5529.0,72.32012223354015,0.0,0.0,1.824013045587003,2759.065762667872,298.15
5530.0,72.31873321603852,0.0,5.123002464382865,3.623663575196619,3145.0727688864586,298.15
5531.0,72.3173441985369,1.0,161.13285165841393,13.71257793228622,3189.9078783386785,298.15
5532.0,72.31595518103528,0.0,2.5814974153980677,0.0,2150.1839539815996,298.15
5533.0,72.31456616353366,0.0,0.0,2.5361129993808422,2734.2812095434647,298.15
5534.0,72.31317714603205,1.0,161.58897596701277,8.639569261808122,3183.4249544485906,298.15
5535.0,72.31178812853042,1.0,161.9301777683374,12.485331693545822,3453.1146317237294,298.15
5536.0,72.3103991110288,1.0,163.61758210287056,13.5840885370529,3563.7491310416053,298.15
5537.0,72.30901009352718,0.0,1.381753219438458,0.0,2842.728971875643,298.15
5538.0,72.30762107602555,0.0,1.5959253981520285,1.7330246098669773,3168.953816619041,298.15
5539.0,72.30623205852393,0.0,0.0,2.7474438490226936,2773.8306123734496,298.15
5540.0,72.30484304102231,1.0,161.51071424381138,13.348212562457949,2903.139130659512,298.15
5541.0,72.3034540235207,0.0,0.0,2.4288975427504713,3313.294045632574,298.15
5542.0,72.30206500601908,0.0,0.0,0.7247288756631285,3372.144411361734,298.15
5543.0,72.30067598851745,0.0,0.0,3.1819190046249055,2192.252263499732,298.15
5544.0,72.29928697101583,0.0,0.0,0.027358682320838046,2632.1810673030977,298.15
5545.0,72.29789795351421,1.0,164.6094254673035,13.113075131775592,3243.919108845401,298.15
5546.0,72.2965089360126,0.0,5.390451285872451,2.8360800847150243,3337.4420696995094,298.15
5547.0,72.29511991851098,1.0,162.78569938419798,13.628026319532491,3461.710631707708,298.15
5548.0,72.29373090100935,0.0,0.0,2.909434923751748,2850.309757588081,298.15
5549.0,72.29234188350773,0.0,1.3333642805886712,1.1119526012075305,2804.3551680051078,298.15
5550.0,72.29095286600611,0.0,0.0,3.6362209116277895,3636.265105562525,298.15
5551.0,72.28956384850449,0.0,1.593772723020034,6.485175350289564,3266.0189215059004,298.15
5552.0,72.28817483100286,0.0,0.0,7.339046009832467,3389.824595915576,298.15
5553.0,72.28678581350125,0.0,4.364928685551628,9.946554868609958,3116.1072135156037,298.15
5554.0,72.28539679599963,0.0,0.8214082539722433,8.576712799427904,3207.4996333946483,298.15
5555.0,72.28400777849801,0.0,0.0,2.7843859047615136,500.43327664014305,298.15
5556.0,72.28261876099639,0.0,0.0,4.5944601412132124,1043.5998178540767,298.15
5557.0,72.28122974349476,0.0,0.0,5.574265623404317,614.0886674685657,298.15
5558.0,72.27984072599315,0.0,3.2705039406322256,5.629554693375191,476.67774022928114,298.15
5559.0,72.27845170849153,0.0,0.0,6.137411711773171,720.9247505674986,298.15
5560.0,72.27706269098991,0.0,0.0,11.159356003741024,579.6102241894237,298.15
5561.0,72.27567367348828,1.0,162.50281961329236,14.138480978130485,241.11818623696655,298.15
5562.0,72.27428465598666,0.0,0.0,5.093986181979495,585.8490681749432,298.15
5563.0,72.27289563848504,0.0,0.0,10.162202397754612,216.72191338666812,298.15
5564.0,72.27150662098343,1.0,160.18976404816172,15.689455895653886,1139.8435896234978,298.15
5565.0,72.27011760348181,0.0,0.0,7.975994425260068,583.6337934474587,298.15
5566.0,72.26872858598018,0.0,0.0,9.502862264688492,171.38434095758504,298.15
5567.0,72.26733956847856,0.0,0.0,8.573641367170477,362.47747785172936,298.15
5568.0,72.26595055097694,0.0,1.6362065119983817,8.170046042373507,766.0491749096955,298.15
5569.0,72.26456153347532,1.0,165.71695045670305,19.921022193601598,117.82215455087601,298.15
5570.0,72.26317251597371,1.0,163.2887902247963,16.344302104063853,3838.5786281713954,298.15
5571.0,72.26178349847208,0.0,0.5492532155081379,7.375003398771602,2780.8059960370356,298.15
5572.0,72.26039448097046,0.0,0.0,9.72039416816463,3489.6422765719494,298.15
5573.0,72.25900546346884,0.0,0.0,4.5500602557214185,2961.079312073944,298.15
5574.0,72.25761644596722,0.0,2.393934876347081,11.970650539061705,3069.94469736242,298.15
5575.0,72.25622742846559,0.0,0.0,9.88681560703889,2717.4393523686686,298.15
5576.0,72.25483841096398,0.0,0.0,9.794425671357766,3112.161776225048,298.15
5577.0,72.25344939346236,1.0,168.47352262795337,16.327848782690424,3940.004867388685,298.15
5578.0,72.25206037596074,1.0,167.3095237523004,17.259700742878596,2025.3592825767912,298.15
5579.0,72.25067135845912,0.0,1.113972657514691,9.317425342349642,3255.9060892580824,298.15
5580.0,72.24928234095749,0.0,2.7133946810940706,12.033582965699637,2752.189301217338,298.15
5581.0,72.24789332345587,0.0,0.0,6.2973374711176255,2654.537077899444,298.15
5582.0,72.24650430595426,1.0,160.78873296492446,22.444566657833004,3097.814499074773,298.15
5583.0,72.24511528845264,0.0,0.0,10.29777284156121,2537.5150407184665,298.15
5584.0,72.24372627095102,0.0,0.0,10.807868474143895,3500.976730045962,298.15
5585.0,72.24233725344939,0.0,0.0,12.022458583311499,3501.9813202440746,298.15
5586.0,72.24094823594777,0.0,0.0,12.284490210830338,3520.0994058286533,298.15
5587.0,72.23955921844615,0.0,0.9196833681389601,10.485706219229554,2492.4062931167614,298.15
5588.0,72.23817020094454,1.0,163.4199430292487,23.48087685480667,2215.323191238672,298.15
5589.0,72.23678118344291,0.0,3.816439689768771,7.627211155182086,3648.2070937328513,298.15
5590.0,72.23539216594129,0.0,0.0,11.722533914584963,4044.5242527436903,298.15
5591.0,72.23400314843967,0.0,0.0,13.20411895775425,2967.052582869539,298.15
5592.0,72.23261413093805,0.0,0.0,12.407042365589223,3526.4754379773976,298.15
5593.0,72.23122511343642,1.0,160.908242952671,19.578032388714973,3189.43033796402,298.15
5594.0,72.22983609593481,0.0,2.146851464161756,15.155105591767647,2830.9190694959157,298.15
5595.0,72.22844707843319,0.0,0.0,11.242880902758028,3392.5723909898206,298.15
5596.0,72.22705806093157,0.0,5.106644640264527,13.918600755574628,3539.92073987024,298.15
5597.0,72.22566904342995,1.0,160.5399591375763,24.609703079701784,2185.131244233955,298.15
5598.0,72.22428002592832,1.0,161.38156171379597,24.569818403305113,3044.271991763632,298.15
5599.0,72.2228910084267,1.0,157.66161000966804,27.180562637279408,3230.657850622434,298.15
5600.0,72.22150199092509,0.0,0.6842873786976384,14.889914179242414,482.0109516426611,298.15
5601.0,72.22011297342347,0.0,0.0,16.11909675445933,785.1178165315551,298.15
5602.0,72.21872395592185,0.0,1.652698923379446,15.355616031727267,305.8262837928612,298.15
5603.0,72.21733493842022,1.0,162.12333669222593,26.973486178307652,513.391918525593,298.15
5604.0,72.2159459209186,0.0,3.2384403865185027,18.822006128189216,2615.53435467283,298.15
5605.0,72.21455690341698,1.0,157.69807175848197,26.461165020869274,3446.996362900713,298.15
5606.0,72.21316788591537,1.0,160.37264058620505,28.02759355921919,2969.4683042607594,298.15
5607.0,72.21177886841375,1.0,161.19319710627045,29.653963970480458,2166.613084395241,298.15
5608.0,72.21038985091212,0.0,1.0537127610317802,19.685097277627545,2611.8010904542202,298.15
5609.0,72.2090008334105,0.0,0.0,16.317182361710962,4152.507378066042,298.15
5610.0,72.20761181590888,0.0,0.0,19.488669109394397,3182.745790313361,298.15
5611.0,72.20622279840725,1.0,160.0942340788444,28.09310963702199,2484.7898127809203,298.15
5612.0,72.20483378090564,1.0,158.753395563,30.119868608546533,3400.134773084967,298.15
5613.0,72.20344476340402,0.0,0.0,19.217092872411772,2467.7711329327776,298.15
5614.0,72.2020557459024,0.0,1.8200596830494413,18.841913694399878,3609.332652091594,298.15
5615.0,72.20066672840078,1.0,158.54448463587568,29.398636455754467,3800.9410974951616,298.15
5616.0,72.19927771089915,1.0,155.3494049382632,29.2578873495747,2607.5070192487046,298.15
5617.0,72.19788869339753,0.0,0.0,19.566438548882022,2429.8068086626968,298.15
5618.0,72.19649967589592,1.0,155.47818568447772,28.85658363198567,2757.378434795678,298.15
5619.0,72.1951106583943,0.0,5.701226037375162,18.890327958943587,3036.9011207918948,298.15
5620.0,72.19372164089268,0.0,1.7219776813378782,23.279476283536848,2885.8693129487256,298.15
5621.0,72.19233262339105,1.0,158.11568908388418,30.845740720363224,2410.9200050639715,298.15
5622.0,72.19094360588943,1.0,157.06244944553572,28.89613246348942,3477.4440575823137,298.15
5623.0,72.18955458838781,1.0,156.73284479565316,29.728741924802424,2889.8065590422298,298.15
5624.0,72.1881655708862,0.0,2.7807830931746604,22.704998030813066,3287.009290291529,298.15
5625.0,72.18677655338458,1.0,155.8017441746311,29.218662620421092,2480.857945187938,298.15
5626.0,72.18538753588295,0.0,1.3744825607789068,17.89408670087476,1531.1924223447684,298.15
5627.0,72.18399851838133,0.0,0.0,18.26165966458391,2479.994514585095,298.15
5628.0,72.1826095008797,1.0,161.0514517606934,27.81315295238622,3325.8924085610142,298.15
5629.0,72.18122048337808,0.0,1.768463361389543,18.91462965282211,3178.2732763794043,298.15
5630.0,72.17983146587648,1.0,159.0266082084871,29.369182541627204,3044.44232552069,298.15
5631.0,72.17844244837485,1.0,154.479159190822,34.882027657206095,2917.0051586333257,298.15
5632.0,72.17705343087323,0.0,2.5209536822058998,22.130859520323778,2634.4795116917458,298.15
5633.0,72.1756644133716,0.0,0.0,21.681068107911152,3609.191217703389,298.15
5634.0,72.17427539586998,0.0,0.2621521855929659,19.652300273968418,632.6637601602126,298.15
5635.0,72.17288637836836,0.0,3.89541515205367,22.541657411076752,327.4017282601273,298.15
5636.0,72.17149736086675,1.0,152.42318995270637,29.446602201299914,1218.6493439179642,298.15
5637.0,72.17010834336513,1.0,155.19399632665895,32.47181170539294,2702.958441742417,298.15
5638.0,72.1687193258635,0.0,1.0435245108582145,27.698254720568098,1908.8004274802825,298.15
5639.0,72.16733030836188,0.0,1.238883110569079,24.99706243656422,2374.477473259063,298.15
5640.0,72.16594129086026,1.0,153.0328756893469,33.38315706814323,3084.7310780501466,298.15
5641.0,72.16455227335864,1.0,158.8731627213811,35.44922144654381,2638.519667896253,298.15
5642.0,72.16316325585703,0.0,0.0,23.115653321261004,3134.5256631039574,298.15
5643.0,72.1617742383554,1.0,156.9657188411541,32.72375756942911,2308.0440393302183,298.15
5644.0,72.16038522085378,1.0,156.1762271343932,38.08354332682578,3546.50526050581,298.15
5645.0,72.15899620335216,0.0,4.5287676478483165,22.38080824117417,3027.9261614303905,298.15
5646.0,72.15760718585054,0.0,0.0,24.187761848114878,2258.2612469595515,298.15
5647.0,72.15621816834891,1.0,150.57699372988395,35.72771315902791,3622.4337263782854,298.15
5648.0,72.1548291508473,1.0,155.9871241604841,33.33314918699342,3131.997206411344,298.15
5649.0,72.15344013334568,1.0,147.7450468321654,36.78339600212163,2965.9898909323733,298.15
5650.0,72.15205111584406,1.0,148.17269608910337,34.97291625677367,2552.877470033396,298.15
5651.0,72.15066209834244,1.0,150.61832244592824,37.14409875644283,3136.906063577733,298.15
5652.0,72.14927308084081,0.0,0.4574151119496234,27.145671898394372,3668.0098235535356,298.15
5653.0,72.14788406333919,1.0,155.13461092199356,35.59219635247258,4085.4854706691067,298.15
5654.0,72.14649504583758,0.0,0.0,29.787344089788114,2886.3512389128628,298.15
5655.0,72.14510602833596,0.0,0.0,25.03093894657076,3919.1932598401227,298.15
5656.0,72.14371701083434,1.0,151.41311446318426,39.345614071598625,2817.161741433442,298.15
5657.0,72.14232799333271,1.0,151.5643353286753,39.134869058403076,3142.856971321007,298.15
5658.0,72.14093897583109,1.0,151.26993368634072,40.512476355949836,3043.97677366663,298.15
5659.0,72.13954995832947,1.0,149.5666962271377,37.355017924548555,2813.126497345641,298.15
5660.0,72.13816094082786,0.0,0.0,25.505365076581953,2622.5451025598077,298.15
5661.0,72.13677192332624,0.0,0.0,31.56467662968329,2825.9531485236616,298.15
5662.0,72.13538290582461,1.0,152.68409529900208,36.71443026521397,1626.035231699724,298.15
5663.0,72.13399388832299,1.0,149.5138607977349,35.85563844756727,2614.8563679757194,298.15
5664.0,72.13260487082137,1.0,148.06659726448143,37.27265779529996,3355.1524105591884,298.15
5665.0,72.13121585331974,1.0,151.2648085948448,35.760593190676346,3170.1755833986226,298.15
5666.0,72.12982683581814,1.0,145.67328564773044,38.99860207861496,3033.67041981116,298.15
5667.0,72.12843781831651,1.0,147.59282999955897,36.777645900127176,232.59648594455626,298.15
5668.0,72.12704880081489,0.0,0.32820216100145005,27.550413011711935,616.6188795218571,298.15
5669.0,72.12565978331327,1.0,146.60346471633122,40.25673998374572,1080.96011103728,298.15
5670.0,72.12427076581164,1.0,147.6564699953866,39.654179329265574,990.6101182462036,298.15
5671.0,72.12288174831002,1.0,146.72980808601548,38.502624639085084,628.1489057573821,298.15
5672.0,72.12149273080841,1.0,143.60290185202888,38.92557605631343,200.97540667998243,298.15
5673.0,72.12010371330679,1.0,147.12814806169575,38.69637930902767,1118.977157613319,298.15
5674.0,72.11871469580517,1.0,143.28934735754513,37.87518573779967,871.0093644696751,298.15
5675.0,72.11732567830354,0.0,0.3945693323220457,28.852970754017004,0.0,298.15
5676.0,72.11593666080192,1.0,149.24236368094458,39.961144210939835,0.0,298.15
5677.0,72.11454764330031,1.0,145.05527998239265,38.770902032534494,0.7296999773060975,298.15
5678.0,72.11315862579869,1.0,142.68942388797174,39.980809038202224,327.08819069607335,298.15
5679.0,72.11176960829707,1.0,144.93289600187765,37.46200996834286,815.8576157694633,298.15
5680.0,72.11038059079544,1.0,143.00775313544483,38.01768903323518,807.5104682189445,298.15
5681.0,72.10899157329382,1.0,146.160162625896,37.81916352993041,2717.0794528652527,298.15
5682.0,72.1076025557922,1.0,144.14457613602343,38.23636246282539,3364.8354574477094,298.15
5683.0,72.10621353829058,1.0,148.3234548651941,42.12877380692,4171.124709376345,298.15
5684.0,72.10482452078897,1.0,146.77321151675875,41.02936204098592,3250.528101772391,298.15
5685.0,72.10343550328734,1.0,143.38972090355426,37.35970826381029,2732.099848426458,298.15
5686.0,72.10204648578572,1.0,145.210893684056,40.54299559319509,3037.1738549823585,298.15
5687.0,72.1006574682841,1.0,142.32030865851297,38.88106638312822,3713.540507883416,298.15
5688.0,72.09926845078247,1.0,143.0888980999852,38.323920916773254,3386.2596324219103,298.15
5689.0,72.09787943328087,1.0,141.89739363271002,36.70583652622367,2450.2156067466676,298.15
5690.0,72.09649041577924,1.0,144.33472416482908,41.82413706109886,2932.0220521777674,298.15
5691.0,72.09510139827762,1.0,145.67261878410702,37.03145178918635,1952.1277653508914,298.15
5692.0,72.093712380776,1.0,143.9110056239408,39.774320329019346,3157.565307215789,298.15
5693.0,72.09232336327437,1.0,143.9541822350441,37.953529181173,2803.7760268633083,298.15
5694.0,72.09093434577275,1.0,143.70605112669645,41.53698396779573,2737.464640824872,298.15
5695.0,72.08954532827113,1.0,142.56940121580834,39.26270431460988,3066.188033823292,298.15
5696.0,72.08815631076952,1.0,138.29072628567474,39.69248653785694,3097.0603235615545,298.15
5697.0,72.0867672932679,1.0,144.80633347533131,39.77514532654768,3537.2823709696736,298.15
5698.0,72.08537827576627,1.0,144.8015320484291,40.61796646256344,2314.4560517611208,298.15
5699.0,72.08398925826465,1.0,139.6941169544753,40.02502840774671,2153.844699625468,298.15
5700.0,72.08260024076303,1.0,139.11683169749998,39.91056072926018,2320.5176529763726,298.15
5701.0,72.08121122326142,1.0,141.20771576150835,38.926689404665915,3842.2230700175633,298.15
5702.0,72.0798222057598,1.0,140.809664556924,36.73786608402837,2605.7322142771723,298.15
5703.0,72.07843318825817,1.0,138.76501588576483,37.6714690023098,4066.2028060178986,298.15
5704.0,72.07704417075655,1.0,136.01686387601248,41.4553921048342,3162.504474943488,298.15
5705.0,72.07565515325493,1.0,139.4722540722636,39.32167648188864,3218.810035638981,298.15
5706.0,72.0742661357533,1.0,139.80679610502335,38.56101963031276,2826.49654218994,298.15
5707.0,72.07287711825168,1.0,139.97151401159795,37.00398251333701,2820.7760298329945,298.15
5708.0,72.07148810075007,1.0,138.823903434515,36.32746464368969,1814.2935086442471,298.15
5709.0,72.07009908324845,1.0,137.0954828867236,38.39693042332045,2632.9445264614465,298.15
5710.0,72.06871006574683,1.0,139.85947450501627,41.65079879485286,2559.6302267099795,298.15
5711.0,72.0673210482452,1.0,137.39838897322545,38.62525833102187,1177.2670876676725,298.15
5712.0,72.06593203074358,1.0,135.88434774484736,40.56205301041552,2503.841988849631,298.15
5713.0,72.06454301324197,1.0,136.31242907234724,38.44190683415783,3418.7312931791175,298.15
5714.0,72.06315399574035,1.0,132.33432784684308,40.959194242854906,3028.475458490599,298.15
5715.0,72.06176497823873,1.0,135.81139126989783,38.858532009856596,3365.850107716669,298.15
5716.0,72.0603759607371,1.0,137.63771390946866,36.98262518274628,3658.976785122561,298.15
5717.0,72.05898694323548,1.0,136.55948142667938,38.912475130417775,3186.7832130854945,298.15
5718.0,72.05759792573386,1.0,139.1257509298267,43.19501244597406,2940.8486035744263,298.15
5719.0,72.05620890823224,1.0,134.62969991782222,43.036320934171826,2832.2137745302857,298.15
5720.0,72.05481989073063,1.0,136.1711174226117,40.2714400022644,3030.446088600583,298.15
5721.0,72.053430873229,1.0,136.65322401733607,38.90800011596274,2680.270930078982,298.15
5722.0,72.05204185572738,1.0,140.10131282038697,39.74133153675474,2573.9341777812583,298.15
5723.0,72.05065283822576,1.0,134.6200931931475,39.68654730552249,2741.451831747412,298.15
5724.0,72.04926382072414,1.0,131.54372162735731,38.86420728032949,2384.70291659606,298.15
5725.0,72.04787480322253,1.0,135.80848861300456,39.76955895180934,2924.0909599358415,298.15
5726.0,72.0464857857209,1.0,137.9909216852104,39.19669346090713,2721.1878685863776,298.15
5727.0,72.04509676821928,1.0,132.53575810316292,38.01798103970746,2546.8598579986356,298.15
5728.0,72.04370775071766,1.0,135.06706943948586,36.101987057745696,2608.252829316364,298.15
5729.0,72.04231873321604,0.0,2.927380020839872,27.51953933966497,2679.2699002767718,298.15
5730.0,72.04092971571441,1.0,135.0066973458187,40.01758487662373,3129.641262732899,298.15
5731.0,72.03954069821279,1.0,132.64411315842855,38.19145669436881,3084.4941358213496,298.15
5732.0,72.03815168071118,1.0,130.44312345474336,38.76524871862251,3361.546946142937,298.15
5733.0,72.03676266320956,1.0,131.67664566228265,37.44452154903421,3403.781655288868,298.15
5734.0,72.03537364570793,1.0,132.72686234578168,35.72109933961042,2589.2544394046313,298.15
5735.0,72.03398462820631,1.0,133.5629616466666,37.2963901972217,2463.1667095324997,298.15
5736.0,72.03259561070469,1.0,131.96061726331865,35.55165401062964,3185.832624316737,298.15
5737.0,72.03120659320308,1.0,130.0267103505727,35.29191163041505,3648.491780956645,298.15
5738.0,72.02981757570146,1.0,132.02278877023562,39.89808087182061,3729.287350558093,298.15
5739.0,72.02842855819983,1.0,132.51755810043377,36.40399022414013,3039.3656155213034,298.15
5740.0,72.02703954069821,0.0,0.9044010105642222,25.6027158376872,2713.0753614691344,298.15
5741.0,72.02565052319659,1.0,128.01708912773321,40.339352847190774,2750.4292427699284,298.15
5742.0,72.02426150569497,0.0,0.0,28.536778515292063,436.27365010011914,298.15
5743.0,72.02287248819336,0.0,2.2581331909849314,25.938601579366384,0.0,298.15
5744.0,72.02148347069173,1.0,126.03378844903382,37.44155957302403,328.95537799396664,298.15
5745.0,72.02009445319011,1.0,124.1173413662551,35.91874996175824,877.3594643480217,298.15
5746.0,72.01870543568849,1.0,132.47382329650773,34.81999976659771,0.0,298.15
5747.0,72.01731641818687,0.0,1.218419969766913,27.075582861063722,184.06254603709306,298.15
5748.0,72.01592740068524,0.0,1.4455023468073904,25.264245459088052,185.78348570786778,298.15
5749.0,72.01453838318363,1.0,125.65285006125198,35.92793766615944,0.0,298.15
5750.0,72.01314936568201,1.0,129.75712185345884,37.71760821126397,802.1704218318871,298.15
5751.0,72.01176034818039,0.0,0.655765533570329,27.3220344398959,597.1051370718918,298.15
5752.0,72.01037133067877,1.0,123.79277457863259,34.13124524996627,1133.5676028517178,298.15
5753.0,72.00898231317714,0.0,3.393280387157839,26.09974301989221,151.380698843051,298.15
5754.0,72.00759329567552,0.0,0.37805467957300803,22.58856620888584,2528.7710876243627,298.15
5755.0,72.00620427817391,1.0,125.9850139250173,35.67266006836842,3365.068739890552,298.15
5756.0,72.00481526067229,1.0,125.81806211204463,34.86827764401674,2432.6097161196253,298.15
5757.0,72.00342624317067,1.0,121.70883864354471,35.161934041950055,2759.6453441290423,298.15
5758.0,72.00203722566904,1.0,127.71646764383377,33.57883156283466,3027.544661478508,298.15
5759.0,72.00064820816742,1.0,126.72111289921155,38.313769951228295,3221.340086081513,298.15
5760.0,71.9992591906658,0.0,0.0,21.95392581461856,3324.864258682712,298.15
5761.0,71.99787017316419,0.0,3.0459238212283437,25.633132233634296,2408.743650183727,298.15
5762.0,71.99648115566256,0.0,0.0,21.29888308501636,2788.203038512749,298.15
5763.0,71.99509213816094,1.0,123.86845164830272,34.27774696127538,3270.4507299112847,298.15
5764.0,71.99370312065932,0.0,0.0,24.227474505445535,3075.292752329437,298.15
5765.0,71.9923141031577,0.0,0.0,22.951105452685,3500.1969842128487,298.15
5766.0,71.99092508565607,1.0,124.86256803559756,31.611859061056055,3623.2874846055906,298.15
5767.0,71.98953606815446,1.0,125.53350011751573,32.723584936784015,2373.5040290148495,298.15
5768.0,71.98814705065284,1.0,123.49125948597566,32.778175913639615,2654.623493939207,298.15
5769.0,71.98675803315122,0.0,0.0,25.718480755327796,2156.199665993629,298.15
5770.0,71.9853690156496,0.0,4.016822956675829,20.006859361975444,2769.6899810181767,298.15
5771.0,71.98397999814797,0.0,5.745606023117141,20.450096708512913,2964.8543044696394,298.15
5772.0,71.98259098064635,1.0,123.91224242362946,31.975195586892834,3458.0131628607796,298.15
5773.0,71.98120196314474,0.0,0.0,20.643490128224524,2589.382610566193,298.15
5774.0,71.97981294564312,1.0,126.72327175847153,30.750448355426933,2728.598185110067,298.15
5775.0,71.9784239281415,1.0,119.5826144740573,32.95251015853095,2828.6893873569,298.15
5776.0,71.97703491063987,0.0,0.0,14.692795244941776,2490.3446841511104,298.15
5777.0,71.97564589313825,1.0,121.01929223237181,29.066249945625152,3242.6782486379366,298.15
5778.0,71.97425687563663,0.0,0.0,16.479849741792343,3938.0922194649297,298.15
5779.0,71.97286785813502,1.0,121.66652688971064,27.387185855882116,3134.318923830093,298.15
5780.0,71.9714788406334,0.0,0.0,24.60525750007254,2356.0030882541546,298.15
5781.0,71.97008982313177,1.0,122.02748292469998,30.6469297938637,2504.9217784952402,298.15
5782.0,71.96870080563015,0.0,0.06474817379551422,21.151610318102055,2802.47898123397,298.15
5783.0,71.96731178812853,1.0,120.18860513300764,28.79165289369062,2546.008782259739,298.15
5784.0,71.9659227706269,1.0,120.62495357209978,30.298497381352238,0.0,298.15
5785.0,71.9645337531253,0.0,0.0,14.85045333405467,1147.8096135144115,298.15
5786.0,71.96314473562367,1.0,123.12077270667206,30.41815761608893,207.36066144744478,298.15
5787.0,71.96175571812205,0.0,0.0,16.34731309567236,30.2503481952657,298.15
5788.0,71.96036670062043,0.0,1.9648085586190185,16.71256863369406,489.18533217837455,298.15
5789.0,71.9589776831188,1.0,122.1280492437432,28.623008929625314,914.795522199253,298.15
5790.0,71.95758866561718,1.0,121.94523398592517,28.000565544591748,679.6886696224144,298.15
5791.0,71.95619964811557,0.0,3.306470091819471,17.288415582789742,39.18492274435778,298.15
5792.0,71.95481063061395,0.0,0.0,14.06268069418504,0.0,298.15
5793.0,71.95342161311233,0.0,0.0,16.852314732610008,0.0,298.15
5794.0,71.9520325956107,0.0,4.200966728806553,18.39696271204192,397.86283878564893,298.15
5795.0,71.95064357810908,0.0,0.0,15.076314495256765,334.2956072734079,298.15
5796.0,71.94925456060746,1.0,113.02924553398373,28.659637860169944,679.987842278582,298.15
5797.0,71.94786554310585,0.0,0.0,13.902871816804733,259.8938169607791,298.15
5798.0,71.94647652560423,0.0,0.32148633942261695,15.484694908296008,841.0498855839676,298.15
5799.0,71.9450875081026,1.0,113.10705688122812,28.408904728606178,729.3090778479645,298.15
5800.0,71.94369849060098,1.0,122.39342187171219,23.591647328585335,2575.223088871164,298.15
5801.0,71.94230947309936,1.0,117.39048609417507,26.942822088465444,3439.269379456561,298.15
5802.0,71.94092045559773,1.0,119.75142403460005,28.610152505449832,3784.313525515369,298.15
5803.0,71.93953143809613,0.0,0.0,14.6469259899598,2777.9271445463874,298.15
5804.0,71.9381424205945,1.0,115.66168454620063,22.96887617072968,2718.313723493476,298.15
5805.0,71.93675340309288,1.0,116.06541404485701,22.22597693820733,2880.090474534289,298.15
5806.0,71.93536438559126,1.0,116.27513203589322,26.284795813566568,3076.9630893436847,298.15
5807.0,71.93397536808963,0.0,2.5865562706136362,15.992723103788014,2850.1800122702443,298.15
5808.0,71.93258635058801,0.0,0.0,16.115508741042248,3141.104256674535,298.15
5809.0,71.9311973330864,0.0,0.0,12.818609515071255,3464.8106763718843,298.15
5810.0,71.92980831558478,1.0,115.8482523968541,24.798476223356634,3031.7488207126175,298.15
5811.0,71.92841929808316,0.0,2.8497650440368605,12.320119709816597,2927.749409861428,298.15
5812.0,71.92703028058153,0.0,3.4883825867191613,10.364136167830699,2712.1047860796243,298.15
5813.0,71.92564126307991,1.0,120.60169604389196,24.281697439770596,2826.9036453352737,298.15
5814.0,71.92425224557829,1.0,118.85857042120028,25.104819189396913,3468.5973206141507,298.15
5815.0,71.92286322807668,1.0,118.28457460799986,19.38888646471483,3834.468312267607,298.15
5816.0,71.92147421057506,1.0,114.60832429947183,19.121301881983793,2941.636707258925,298.15
5817.0,71.92008519307343,0.0,0.0,11.124540985323671,3533.9166354957893,298.15
5818.0,71.91869617557181,0.0,0.0,12.791309588795874,3007.0895886499607,298.15
5819.0,71.91730715807019,0.0,0.0,8.245958821239995,2532.5504421893293,298.15
5820.0,71.91591814056858,0.0,2.5183503975975032,10.833952980702794,2905.710441188944,298.15
5821.0,71.91452912306696,0.0,0.0,8.920913683646177,2113.0582289900462,298.15
5822.0,71.91314010556533,0.0,2.849268746662572,11.367441119125754,2786.1310280194293,298.15
5823.0,71.91175108806371,0.0,2.100714463259676,8.048763488734215,3309.7330861332703,298.15
5824.0,71.91036207056209,1.0,118.21044972016465,21.073334170111462,3172.351178270854,298.15
5825.0,71.90897305306046,0.0,1.4601640933772555,8.932741939794898,2868.1840869666266,298.15
5826.0,71.90758403555884,0.0,0.0,7.105851013662818,2999.5927116571893,298.15
5827.0,71.90619501805723,1.0,121.11900763595473,18.958922323241985,2891.0259625533463,298.15
5828.0,71.90480600055561,0.0,0.10274407296620679,4.607806892634075,2426.7654389603567,298.15
5829.0,71.90341698305399,0.0,0.7193363730189577,7.2453468004460255,3530.962791222757,298.15
5830.0,71.90202796555236,0.0,0.0,8.88750053092399,676.7598484359619,298.15
5831.0,71.90063894805074,0.0,0.0,4.319098140021912,61.66618388565087,298.15
5832.0,71.89924993054913,0.0,1.1371326586622168,2.459535922268845,872.6968888247611,298.15
5833.0,71.89786091304751,0.0,0.5182144735480997,2.7329942963962717,531.1682588226657,298.15
5834.0,71.89647189554589,0.0,0.0,10.10735687632586,0.0,298.15
5835.0,71.89508287804426,0.0,0.0,7.003872021585714,204.84301493585485,298.15
5836.0,71.89369386054264,0.0,0.0,5.862070989664265,356.5245933435251,298.15
5837.0,71.89230484304102,0.0,2.8497257230877495,8.718152545727635,90.42860494153621,298.15
5838.0,71.8909158255394,0.0,0.0,5.732811757025843,970.2972874841588,298.15
5839.0,71.88952680803779,0.0,0.0,6.929792194242095,368.7373124956674,298.15
5840.0,71.88813779053616,0.0,3.4553594498336797,6.2364537103637,661.1832649711814,298.15
5841.0,71.88674877303454,0.0,0.0,5.020210595107331,572.3592036656164,298.15
5842.0,71.88535975553292,1.0,114.35214440996032,16.41435016003626,747.193723529334,298.15
5843.0,71.8839707380313,1.0,114.23290597694205,17.219576542421887,1086.0011689231537,298.15
5844.0,71.88258172052969,0.0,3.8549631254522807,5.056465569968517,736.6702492694131,298.15
5845.0,71.88119270302806,0.0,4.749131436076498,4.306379135791933,1110.3664281623737,298.15
5846.0,71.87980368552644,0.0,1.7905598892103047,4.37239961538938,745.9701071348189,298.15
5847.0,71.87841466802482,0.0,1.8663729377392835,0.15536752357176553,546.0702569207291,298.15
5848.0,71.8770256505232,0.0,0.0,5.316835558956007,612.5929174667166,298.15
5849.0,71.87563663302157,0.0,4.639407786219939,2.062254144374433,0.0,298.15
5850.0,71.87424761551995,0.0,0.6377722583352395,5.694933593292799,340.57766977401076,298.15
5851.0,71.87285859801834,0.0,2.032490373354672,4.041212313619492,449.70890708853307,298.15
5852.0,71.87146958051672,0.0,0.0,4.2827403217114774,653.4324943768627,298.15
5853.0,71.8700805630151,0.0,0.0,5.353010218494232,491.0650243397987,298.15
5854.0,71.86869154551347,0.0,3.962110789150218,1.8333465932967294,616.943092036215,298.15
5855.0,71.86730252801185,0.0,1.2858633040211145,4.357092344932932,36.54071481967691,298.15
5856.0,71.86591351051024,0.0,3.4578257649396043,3.995434426446963,0.0,298.15
5857.0,71.86452449300862,1.0,116.67275849807496,12.911629283790475,85.59721918807423,298.15
5858.0,71.863135475507,0.0,0.0,1.2292514464531565,3674.8921287946505,298.15
5859.0,71.86174645800537,0.0,0.0,4.234999637734476,2454.1126766826446,298.15
5860.0,71.86035744050375,0.0,0.24530927925762858,4.318681412202405,2265.134833896087,298.15
5861.0,71.85896842300212,0.0,0.0,2.9625527963911686,3266.5389917728658,298.15
5862.0,71.8575794055005,0.0,0.0,0.3816348559201903,2583.465684278807,298.15
5863.0,71.8561903879989,0.0,2.862312942707926,1.372730569016498,2618.16612107511,298.15
5864.0,71.85480137049727,0.0,0.0,2.2103823184086426,3039.878526359277,298.15
5865.0,71.85341235299565,0.0,0.32923695946203957,3.633413770308997,2667.2975127569143,298.15
5866.0,71.85202333549402,0.0,0.7055227158211174,0.0,3830.6849531374855,298.15
5867.0,71.8506343179924,0.0,0.0,0.8052290491491123,2634.226202797603,298.15
5868.0,71.8492453004908,0.0,3.456453487689024,1.023135273135598,3197.867766976721,298.15
5869.0,71.84785628298917,0.0,0.0,1.5715088731664741,3108.8446746231352,298.15
5870.0,71.84646726548755,0.0,0.6233084418428341,0.0,3254.8149334715645,298.15
5871.0,71.84507824798592,0.0,0.5863625017396666,1.0799783377714105,2322.0881520647577,298.15
5872.0,71.8436892304843,0.0,0.0,0.7858706831406637,2398.2949103537303,298.15
5873.0,71.84230021298268,1.0,113.60295113494992,9.18440216941353,3538.14990834251,298.15
5874.0,71.84091119548106,0.0,2.0746770550842992,0.9898590949427349,2504.2577658996556,298.15
5875.0,71.83952217797945,0.0,1.77137509993068,0.02329066247461431,3107.42949949534,298.15
5876.0,71.83813316047782,1.0,115.27459187920961,12.07765584807459,4103.645745919639,298.15
5877.0,71.8367441429762,0.0,1.685551092090038,0.0,3050.65925615231,298.15
5878.0,71.83535512547458,0.0,0.8931978608820176,1.0724622873673466,3067.0128515571114,298.15
5879.0,71.83396610797296,0.0,0.0,0.0,3294.4915154654827,298.15
5880.0,71.83257709047135,0.0,0.0,0.0,3209.5182635974684,298.15
5881.0,71.83118807296972,0.0,2.7118957247555384,1.277562529288077,2979.7151030450705,298.15
5882.0,71.8297990554681,0.0,0.7371678010075032,1.0807214956331543,2643.436792210206,298.15
5883.0,71.82841003796648,1.0,116.07443943132222,9.66971565280769,3059.633643431485,298.15
5884.0,71.82702102046485,0.0,0.0,0.0,3271.6424244354284,298.15
5885.0,71.82563200296323,0.0,0.0,0.0,2483.0529444613976,298.15
5886.0,71.82424298546161,0.0,0.0,3.26055458395425,3173.7231541428246,298.15
5887.0,71.82285396796,1.0,115.7636434954244,11.732528369695103,2610.820474641523,298.15
5888.0,71.82146495045838,1.0,113.72562289536302,11.61213784939794,751.6670723365593,298.15
5889.0,71.82007593295675,0.0,2.716021746146189,0.0,714.9821086263591,298.15
5890.0,71.81868691545513,1.0,120.38739273391874,8.953885297337205,2430.5610883833797,298.15
5891.0,71.81729789795351,0.0,0.0,0.0,3667.3082487540523,298.15
5892.0,71.8159088804519,0.0,0.3247544984016309,0.0,2702.8289833426884,298.15
5893.0,71.81451986295028,0.0,0.0,1.9299806723029047,3099.6873861041195,298.15
5894.0,71.81313084544865,0.0,0.0,3.071534378488191,2917.158631313538,298.15
5895.0,71.81174182794703,0.0,0.0,4.30795407621722,3258.5882174263993,298.15
5896.0,71.81035281044541,1.0,117.71182156256842,7.867912147848985,2998.358692196478,298.15
5897.0,71.80896379294379,0.0,4.771916171175901,0.2591421622681049,3093.3506347591024,298.15
5898.0,71.80757477544216,1.0,117.91958687470927,12.74147098377104,3041.6264447234016,298.15
5899.0,71.80618575794055,0.0,0.0,0.0,3386.971770392105,298.15
5900.0,71.80479674043893,1.0,117.39858012772345,8.828119980296643,3128.5616235645807,298.15
5901.0,71.80340772293731,0.0,2.4867437472275205,0.0,3488.712841072398,298.15
5902.0,71.80201870543569,0.0,0.0,2.3483644188085595,3002.6895703422083,298.15
5903.0,71.80062968793406,0.0,0.0,0.0,3108.508959921611,298.15
5904.0,71.79924067043245,0.0,3.446979384749396,0.0,3291.253757698598,298.15
5905.0,71.79785165293083,1.0,120.45319064052475,10.632930959147497,3325.3199469054794,298.15
5906.0,71.79646263542921,0.0,0.45724409132790156,0.3828099698514061,2832.6910883505334,298.15
5907.0,71.79507361792759,1.0,125.22979311252584,10.43835230546481,3147.109805602402,298.15
5908.0,71.79368460042596,0.0,0.5869110520975941,0.0,3254.28210936781,298.15
5909.0,71.79229558292434,0.0,0.0,3.502819099058648,3016.3143660604565,298.15
5910.0,71.79090656542272,0.0,0.0,0.0,2922.9013173914627,298.15
5911.0,71.78951754792111,1.0,118.02727278711724,13.57025893987179,2771.032277355079,298.15
5912.0,71.78812853041948,1.0,123.87548596465749,11.431637353060864,2837.9101445914744,298.15
5913.0,71.78673951291786,0.0,1.3688630983062093,1.0374745005556272,2906.796192096964,298.15
5914.0,71.78535049541624,0.0,2.678857623350338,0.12712643733774404,2597.2054040080643,298.15
5915.0,71.78396147791462,0.0,2.8898704663935884,2.427475389713693,2701.126465390304,298.15
5916.0,71.78257246041301,1.0,120.52084675496312,10.704789827133155,2882.965178909734,298.15
5917.0,71.78118344291138,1.0,119.41807129045303,8.605061595006712,3576.6139541840225,298.15
5918.0,71.77979442540976,0.0,0.0,0.0,2559.8643317560586,298.15
5919.0,71.77840540790814,1.0,119.91802694207928,11.53631790124884,2337.326481108717,298.15
5920.0,71.77701639040652,0.0,0.393001087032708,0.0,640.222680439681,298.15
5921.0,71.77562737290489,1.0,125.03083123502549,10.680097242240532,658.6328361551277,298.15
5922.0,71.77423835540327,0.0,0.0,3.071832286940077,3236.6697322529712,298.15
5923.0,71.77284933790166,1.0,123.03510994497024,11.596600862640662,2591.58569472214,298.15
5924.0,71.77146032040004,0.0,0.0,0.0,3196.1394389923703,298.15
5925.0,71.77007130289842,1.0,124.94189350881364,14.056042311802464,2629.1977499478885,298.15
5926.0,71.76868228539679,1.0,121.61712336584124,12.366057562906562,3037.4293916287515,298.15
5927.0,71.76729326789517,1.0,118.1556460339337,13.432578170872889,3145.6955142107754,298.15
5928.0,71.76590425039356,1.0,124.69268977059949,6.740887052165459,2287.514049688098,298.15
5929.0,71.76451523289194,1.0,126.1084403248123,12.213410247718613,2982.8878183831544,298.15
5930.0,71.76312621539032,0.0,1.0634631807769508,3.375517620847746,2730.5519235907486,298.15
5931.0,71.76173719788869,0.0,0.0,5.257760277685861,3083.17307546398,298.15
5932.0,71.76034818038707,0.0,0.0,0.0,1863.0350891982293,298.15
5933.0,71.75895916288545,1.0,125.6871298778104,14.463387455649386,3266.612347596465,298.15
5934.0,71.75757014538382,0.0,0.33706617052309995,5.487560033591091,3736.0036283922273,298.15
5935.0,71.75618112788221,1.0,124.59661628992134,8.040960076279129,3133.4185000679313,298.15
5936.0,71.75479211038059,1.0,129.43437641594713,13.324258039183844,3068.9778436791908,298.15
5937.0,71.75340309287897,0.0,0.0,3.739420303338181,3066.559985342752,298.15
5938.0,71.75201407537735,0.0,4.228932423075158,1.917914992759707,2687.6566650000113,298.15
5939.0,71.75062505787572,0.0,0.07572348308206556,1.7148015962542198,3001.953335160694,298.15
5940.0,71.74923604037411,1.0,121.52000374468332,14.245100181821215,2574.6159774868247,298.15
5941.0,71.74784702287249,0.0,0.0,1.7336539468017038,3049.3989639017527,298.15
5942.0,71.74645800537087,0.0,2.2859489801330755,2.6986526376099955,3525.0499877908746,298.15
5943.0,71.74506898786925,1.0,125.64027449985502,14.972726469202126,2513.2340801488613,298.15
5944.0,71.74367997036762,1.0,123.20502044457231,17.06764848515899,2828.1557194321804,298.15
5945.0,71.742290952866,1.0,126.53671593301875,14.705844305970269,3227.6090544100907,298.15
5946.0,71.74090193536439,1.0,125.0979887848713,14.02422663208413,2492.674561095286,298.15
5947.0,71.73951291786277,0.0,1.1717219653115174,2.838216477857925,2965.3426161486527,298.15
5948.0,71.73812390036115,1.0,129.40993619398355,11.97671002317768,3293.9869878918776,298.15
5949.0,71.73673488285952,1.0,125.26649728347262,16.521439376772907,3017.5943723356086,298.15
5950.0,71.7353458653579,0.0,0.0,4.076240173233858,2399.4465459901294,298.15
5951.0,71.73395684785628,0.0,1.8026609108883853,6.939641245292201,3602.720239478758,298.15
5952.0,71.73256783035467,1.0,126.39176046153574,14.050658501753423,625.9635361821561,298.15
5953.0,71.73117881285305,1.0,126.08059675289691,13.562828825232998,468.1880286565683,298.15
5954.0,71.72978979535142,0.0,0.0,5.95005098277552,47.67078485191058,298.15
5955.0,71.7284007778498,1.0,129.94294150168406,15.100090827237167,0.0,298.15
5956.0,71.72701176034818,1.0,130.0653077198012,12.946991124869534,763.0763065629812,298.15
5957.0,71.72562274284655,1.0,127.92474989490816,19.37759125287083,584.81404646542,298.15
5958.0,71.72423372534494,1.0,129.79341269147164,14.51051162130436,578.1843864542494,298.15
5959.0,71.72284470784332,1.0,133.64757363884607,17.910890873412644,464.10865811077264,298.15
5960.0,71.7214556903417,1.0,127.91767343004354,17.92321414907478,797.6528348206893,298.15
5961.0,71.72006667284008,1.0,125.81852642459337,13.77179827134905,3262.2921511319755,298.15
5962.0,71.71867765533845,1.0,131.78381956968045,14.496962572669064,3110.5554791277195,298.15
5963.0,71.71728863783683,1.0,130.66879614503972,16.141482592918123,3352.759240516683,298.15
5964.0,71.71589962033522,1.0,129.47341327867514,15.173434911604057,2667.324250418598,298.15
5965.0,71.7145106028336,1.0,132.95271610901932,20.730851078619622,3681.7862702641155,298.15
5966.0,71.71312158533198,1.0,133.63368066942826,16.95064537813168,2658.424592308087,298.15
5967.0,71.71173256783035,0.0,0.0,9.407099430337535,2739.6900365706497,298.15
5968.0,71.71034355032873,1.0,130.5524202538874,18.83530727710959,2501.1671339793093,298.15
5969.0,71.70895453282711,1.0,137.8663372101507,18.526748073729784,3019.0963283179894,298.15
5970.0,71.7075655153255,1.0,133.9735236884476,18.27348047299274,2849.5417340347217,298.15
5971.0,71.70617649782388,1.0,134.43380237425418,20.957878346536962,2158.863430072779,298.15
5972.0,71.70478748032225,1.0,135.8575958555434,16.90796568663661,2754.881580655571,298.15
5973.0,71.70339846282063,1.0,133.34487903411497,22.395363954257654,2856.9427679882365,298.15
5974.0,71.702009445319,1.0,135.44398245019647,16.382282026106534,3588.536894613246,298.15
5975.0,71.70062042781738,1.0,135.49908800218782,20.875017471870365,2970.068358056431,298.15
5976.0,71.69923141031578,0.0,1.2842380389073635,6.573866183657971,3669.878036575221,298.15
5977.0,71.69784239281415,1.0,133.5080204201312,19.04536073805103,2938.929076142471,298.15
5978.0,71.69645337531253,1.0,134.92950045803371,20.111789014598124,2186.807628540523,298.15
5979.0,71.6950643578109,1.0,133.36282169844105,19.135311544011707,3668.757167443027,298.15
5980.0,71.69367534030928,1.0,135.04064882760036,19.989260997988012,3114.5253312789314,298.15
5981.0,71.69228632280766,0.0,0.0,7.72273268274582,2495.319887371685,298.15
5982.0,71.69089730530605,1.0,133.6192283387229,18.774219579518356,2149.1246029987715,298.15
5983.0,71.68950828780443,0.0,0.0,12.071743583299593,3612.793212196987,298.15
5984.0,71.6881192703028,1.0,133.74922148098418,21.330978958929705,3990.6552099473174,298.15
5985.0,71.68673025280118,0.0,0.0,10.07110041323661,3010.5220835717055,298.15
5986.0,71.68534123529956,1.0,136.1034622893366,24.46493732614254,2687.8384056984864,298.15
5987.0,71.68395221779794,1.0,137.70119515849862,19.43677412987624,2804.1653839503415,298.15
5988.0,71.68256320029633,1.0,139.25355803181276,21.441926357230926,3359.5948979012237,298.15
5989.0,71.6811741827947,1.0,136.13656649564066,21.375946880855192,2895.8652865283884,298.15
5990.0,71.67978516529308,1.0,140.67213347129353,23.924674684292953,3695.656387564006,298.15
5991.0,71.67839614779146,1.0,139.9775920503407,22.98602873515503,252.4796901570741,298.15
5992.0,71.67700713028984,1.0,139.19270882405547,22.89643995642935,740.4214691113594,298.15
5993.0,71.67561811278821,1.0,138.60834424508857,19.542262624030062,229.683391635149,298.15
5994.0,71.6742290952866,1.0,139.2533161669666,25.37627341843241,531.6396941746225,298.15
5995.0,71.67284007778498,1.0,141.572024036047,23.372899875316097,1227.6005960501352,298.15
5996.0,71.67145106028336,1.0,141.9100985496852,24.297196395495256,4115.019501767573,298.15
5997.0,71.67006204278174,1.0,142.42658220987087,22.746233961676054,3737.599571492564,298.15
5998.0,71.66867302528011,1.0,139.59584092798474,22.65662475793875,2668.730877105661,298.15
5999.0,71.6672840077785,1.0,141.07085728780535,27.863195920386907,2918.0806277537913,298.15
6000.0,71.66589499027688,1.0,143.20092894747307,21.334978560743025,3317.8599348118105,298.15
6001.0,71.66450597277526,1.0,138.76535214242918,23.056736546883812,2689.2676646967243,298.15
6002.0,71.66311695527364,1.0,139.74400665630313,28.531119333568224,3049.8097288717845,298.15
6003.0,71.66172793777201,1.0,140.79206472476372,27.03092460477885,2406.390609168117,298.15
6004.0,71.66033892027039,1.0,143.14826240802967,25.269174956499587,2879.856187202437,298.15
6005.0,71.65894990276877,1.0,143.43641250581402,28.753416336616876,3248.501103395385,298.15
6006.0,71.65756088526716,1.0,140.95695085588713,27.335218358869664,3499.4725951896385,298.15
6007.0,71.65617186776554,1.0,138.16353398476085,27.12688860831506,3607.846158896519,298.15
6008.0,71.65478285026391,1.0,142.59478855007714,27.34620177622007,4011.589517643748,298.15
6009.0,71.65339383276229,1.0,140.07075958078246,28.075096949865824,3212.2271628796234,298.15
6010.0,71.65200481526067,1.0,138.95898840833,28.391708458377657,2767.7032536273587,298.15
6011.0,71.65061579775906,1.0,139.74738403594597,32.117687475185996,3091.8707489972417,298.15
6012.0,71.64922678025744,1.0,143.78558320512542,27.407905150067574,3301.7450826703907,298.15
6013.0,71.64783776275581,1.0,146.49977372713178,27.702748195732372,3690.463192582989,298.15
6014.0,71.64644874525419,1.0,143.59865682648967,25.715673645674674,3736.527273743503,298.15
6015.0,71.64505972775257,1.0,144.2580304624197,28.3944162477812,2856.556456734006,298.15
6016.0,71.64367071025094,1.0,146.82063495089082,32.580659545587615,2604.736769622768,298.15
6017.0,71.64228169274932,1.0,140.57045110924605,30.992880399882978,2492.0773904954585,298.15
6018.0,71.64089267524771,1.0,145.73644453879012,28.061185907367445,3610.7568559202064,298.15
6019.0,71.63950365774609,1.0,144.7161641170127,29.472695928377494,3196.3690249547562,298.15
6020.0,71.63811464024447,1.0,146.3384827284747,26.955708858234427,2666.115654638556,298.15
6021.0,71.63672562274284,1.0,144.08356278925078,27.855735161543816,2567.661368104941,298.15
6022.0,71.63533660524122,1.0,143.5317282715406,30.389941526701804,3175.627997596631,298.15
6023.0,71.63394758773961,1.0,146.05955806247937,29.28015824519254,3047.0062070116937,298.15
6024.0,71.63255857023799,1.0,149.89766895334216,28.362835281149252,3141.901989540079,298.15
6025.0,71.63116955273637,1.0,148.26273016494503,31.75267977718722,3375.205914250168,298.15
6026.0,71.62978053523474,1.0,145.24452434951522,30.787219615607253,2836.8689301849813,298.15
6027.0,71.62839151773312,1.0,143.50099113847926,27.932820990475804,2441.859925055729,298.15
6028.0,71.6270025002315,1.0,142.92932621737668,27.0976680235876,3028.944514949764,298.15
6029.0,71.62561348272988,1.0,150.3125167959928,30.420958226433562,2591.5873644353264,298.15
6030.0,71.62422446522827,1.0,145.14097450393157,28.52714874313913,3054.399831079752,298.15
6031.0,71.62283544772664,1.0,146.87950482271023,28.15618421249777,1764.8071755171009,298.15
6032.0,71.62144643022502,1.0,151.0405155987958,34.55971719612715,2828.689937422381,298.15
6033.0,71.6200574127234,1.0,144.28467468015324,32.229926092822055,3285.5185490311596,298.15
6034.0,71.61866839522177,1.0,151.92097090973166,32.086982897852856,3378.709609953132,298.15
6035.0,71.61727937772017,1.0,147.9965457367177,32.448071560728344,2544.8942214831786,298.15
6036.0,71.61589036021854,1.0,146.09854987494228,30.685671436721975,3287.5966131743635,298.15
6037.0,71.61450134271692,0.0,0.0,24.08476911769845,3173.3602270756633,298.15
6038.0,71.6131123252153,1.0,147.57882521625965,33.161112455437234,2763.11528138126,298.15
6039.0,71.61172330771367,0.0,1.0502300054236358,22.0596272974295,2482.17132298148,298.15
6040.0,71.61033429021205,1.0,148.21753797001244,32.56090031253821,2696.753380915914,298.15
6041.0,71.60894527271043,1.0,145.4363519052193,31.46932806541374,2392.337521600572,298.15
6042.0,71.60755625520882,1.0,149.69322435008786,33.35396197063581,2326.961790000938,298.15
6043.0,71.6061672377072,1.0,147.21364908550217,33.883364515884935,2484.2305818418376,298.15
6044.0,71.60477822020557,1.0,151.15802568685024,33.667894246893354,3479.0505368246054,298.15
6045.0,71.60338920270395,1.0,148.06749636182997,34.855717023932165,3394.3039884652926,298.15
6046.0,71.60200018520233,1.0,149.95643998482234,34.75740591747587,3534.28807787879,298.15
6047.0,71.60061116770072,1.0,151.77622420524764,35.57215208413459,3247.2815181354276,298.15
6048.0,71.5992221501991,0.0,0.0,27.21744844616771,2799.409171082881,298.15
6049.0,71.59783313269747,0.0,0.5966369889177403,26.66438362095412,2226.1301745300034,298.15
6050.0,71.59644411519585,1.0,153.62074842263198,37.579597497415975,2660.225540918742,298.15
6051.0,71.59505509769423,0.0,0.0,24.01975340365323,3401.9687946482636,298.15
6052.0,71.5936660801926,1.0,152.27922446856414,34.88329777559448,3490.867096562691,298.15
6053.0,71.59227706269098,1.0,144.71457126271835,37.44535394125706,2941.7384089532216,298.15
6054.0,71.59088804518937,0.0,0.5892585936754636,27.639510913133368,3018.3830853960153,298.15
6055.0,71.58949902768775,1.0,152.35466298279047,35.00348120393949,3843.725783274355,298.15
6056.0,71.58811001018613,1.0,150.9383798015064,37.821752011201575,642.3160005733982,298.15
6057.0,71.5867209926845,1.0,154.24218600073834,34.75631500750344,1131.4964401136745,298.15
6058.0,71.58533197518288,0.0,2.7938903513514326,27.84659609992169,602.8537806824766,298.15
6059.0,71.58394295768127,0.0,0.0,26.94091952585042,1200.2602940410131,298.15
6060.0,71.58255394017965,1.0,151.85587518285328,34.27383162392084,280.60171768610354,298.15
6061.0,71.58116492267803,1.0,154.70256101471188,36.375079479031534,271.6523001807733,298.15
6062.0,71.5797759051764,1.0,151.32836606072024,41.916632877824085,432.61626584386903,298.15
6063.0,71.57838688767478,1.0,153.13644537599404,37.95622738890678,486.87248120300774,298.15
6064.0,71.57699787017316,1.0,157.8198556384999,42.41960817700289,387.48136661505316,298.15
6065.0,71.57560885267154,0.0,0.14813874745440708,24.80522024310119,689.0235713491843,298.15
6066.0,71.57421983516993,1.0,150.8204444800134,39.46280246948899,464.1612755222801,298.15
6067.0,71.5728308176683,1.0,151.2097463392275,32.79137526532111,287.33135027524906,298.15
6068.0,71.57144180016668,1.0,156.06825514074728,38.144113488225756,361.28752260452177,298.15
6069.0,71.57005278266506,1.0,157.92608499550602,39.56111725725007,926.4835661157085,298.15
6070.0,71.56866376516344,0.0,0.0,30.096892557316913,611.0902150791446,298.15
6071.0,71.56727474766183,1.0,157.31643992695007,36.818441526031066,0.0,298.15
6072.0,71.5658857301602,1.0,159.59860403815813,40.72005174989445,1029.109910687935,298.15
6073.0,71.56449671265858,1.0,161.10916100304624,37.567939809372625,651.840324325879,298.15
6074.0,71.56310769515696,1.0,157.58104099163862,38.42715467791421,723.8613591380297,298.15
6075.0,71.56171867765534,1.0,158.1779932970751,37.96258015614349,825.4157005600579,298.15
6076.0,71.56032966015371,1.0,152.06514451308632,36.597898854337885,843.5103216541404,298.15
6077.0,71.55894064265209,1.0,162.3247955761128,42.276038298596944,178.0721243954605,298.15
6078.0,71.55755162515048,1.0,156.12417186793058,39.21245724862841,125.14755916901225,298.15
6079.0,71.55616260764886,1.0,155.4423841106585,41.43860638689627,1339.361262294844,298.15
6080.0,71.55477359014724,1.0,157.22746060746258,41.4251111091189,255.4919338151673,298.15
6081.0,71.55338457264561,0.0,3.6014824695255907,27.33630619762291,632.6268139083941,298.15
6082.0,71.55199555514399,1.0,163.4284350091474,41.91796013909169,1071.4354089745425,298.15
6083.0,71.55060653764238,1.0,158.62988427574584,40.50884393839545,344.65801387553256,298.15
6084.0,71.54921752014076,1.0,160.87020091764347,37.377357470747576,373.86384742555293,298.15
6085.0,71.54782850263913,1.0,158.7544344505497,40.513256977928556,824.5024533346352,298.15
6086.0,71.54643948513751,0.0,0.0,27.52442836185663,574.5610054284981,298.15
6087.0,71.54505046763589,1.0,162.48198448848734,43.00865361210607,3606.8370402056576,298.15
6088.0,71.54366145013427,0.0,0.0,31.416285401685023,3020.340130267077,298.15
6089.0,71.54227243263264,1.0,162.92594077864868,39.62958635480042,3239.388286291777,298.15
6090.0,71.54088341513103,1.0,162.51011434368135,42.42948680946819,3200.3252781002698,298.15
6091.0,71.53949439762941,0.0,1.4629091307308024,26.58062077268607,3109.8397606855797,298.15
6092.0,71.53810538012779,1.0,164.06501726174835,38.332943065894995,2528.795848890413,298.15
6093.0,71.53671636262617,0.0,5.318447112312067,29.38770016250468,3511.41459660937,298.15
6094.0,71.53532734512454,1.0,159.5726016739732,44.55425849300736,2696.7690904203987,298.15
6095.0,71.53393832762293,0.0,0.0,27.74123043995098,3234.369031749903,298.15
6096.0,71.53254931012131,1.0,155.82234529380892,36.44165247905969,3545.9155443225573,298.15
6097.0,71.53116029261969,0.0,5.347837513530272,26.998017249000814,3091.980606409069,298.15
6098.0,71.52977127511807,1.0,159.48122296328128,41.8656123529311,3125.3738311591014,298.15
6099.0,71.52838225761644,0.0,2.7041656648569607,28.77004209250562,2848.159763190026,298.15
6100.0,71.52699324011482,1.0,159.01860773135846,39.6711914331448,3741.0395041664647,298.15
6101.0,71.5256042226132,0.0,3.664837052256756,31.57481154532286,2079.193143274113,298.15
6102.0,71.52421520511159,1.0,159.36336695034947,39.66586089944186,2643.7265610660506,298.15
6103.0,71.52282618760997,0.0,0.0,30.405288912006295,2538.229383545801,298.15
6104.0,71.52143717010834,1.0,160.7721302869987,41.07661134540033,2680.953072468067,298.15
6105.0,71.52004815260672,1.0,160.1172289182618,39.063615707725084,3093.29053903292,298.15
6106.0,71.5186591351051,0.0,1.4206529027816812,29.589676745735993,2881.9075079517265,298.15
6107.0,71.51727011760349,1.0,161.48520480046525,40.40950030318045,2782.734458189202,298.15
6108.0,71.51588110010186,1.0,163.21131722788988,41.67611845796663,2462.1125787069122,298.15
6109.0,71.51449208260024,0.0,0.0,28.212644984726104,3085.7007931521784,298.15
6110.0,71.51310306509862,0.0,0.0,23.572242171234087,3463.1975413692794,298.15
6111.0,71.511714047597,0.0,0.0,31.181237583116683,2942.4950814507374,298.15
6112.0,71.51032503009537,0.0,4.871959222971465,31.6517601255914,3045.1006001703113,298.15
6113.0,71.50893601259375,0.0,0.5364579130995871,30.101783137758904,3109.008953154364,298.15
6114.0,71.50754699509214,1.0,157.58842644574995,40.193273765520836,2387.353646569183,298.15
6115.0,71.50615797759052,0.0,0.0,28.419203856243254,3326.045905735304,298.15
6116.0,71.5047689600889,0.0,0.23077823197833203,30.56255244799448,2465.549559966513,298.15
6117.0,71.50337994258727,0.0,4.39656776319815,31.23173069806983,486.4260787922913,298.15
6118.0,71.50199092508565,1.0,165.1158535172824,39.52117485303786,40.874237800710546,298.15
6119.0,71.50060190758404,0.0,0.0,34.48593644627328,10.741715748203092,298.15
6120.0,71.49921289008242,1.0,168.58696188724218,36.03382658155688,695.2834435708824,298.15
6121.0,71.4978238725808,1.0,162.8275299527558,39.528098013603454,768.0716288200974,298.15
6122.0,71.49643485507917,1.0,165.94498321992484,36.685997939420126,362.44480984332085,298.15
6123.0,71.49504583757755,0.0,0.0,30.85017163972264,509.6798045073489,298.15
6124.0,71.49365682007593,0.0,0.0,25.67797187121657,342.48387248620907,298.15
6125.0,71.49226780257432,0.0,0.0,26.101174776878164,884.3132695488866,298.15
6126.0,71.4908787850727,0.0,0.0,27.45761578461716,428.8620432164551,298.15
6127.0,71.48948976757107,0.0,5.0319418300230625,29.220484862079118,325.26427564947437,298.15
6128.0,71.48810075006945,1.0,163.87700707430855,37.34165464461029,3230.6584289949965,298.15
6129.0,71.48671173256783,0.0,0.0,27.260393278655812,2851.854853504669,298.15
6130.0,71.4853227150662,0.0,1.078352965635652,27.99122409107926,3107.7294128358403,298.15
6131.0,71.4839336975646,0.0,0.4510783915286528,27.75580992998123,2345.9457967909198,298.15
6132.0,71.48254468006297,0.0,1.4793411844527364,31.218937723440035,3402.330262854934,298.15
6133.0,71.48115566256135,1.0,166.50233959252702,39.44714938446654,2831.7228438944785,298.15
6134.0,71.47976664505973,1.0,162.97318297822233,37.24027836936725,2251.718229491828,298.15
6135.0,71.4783776275581,1.0,161.60834926382924,42.12381541735871,2938.6648542243042,298.15
6136.0,71.47698861005648,0.0,1.9721309479234879,28.68110969226504,3554.571874552074,298.15
6137.0,71.47559959255487,0.0,1.9115156800146111,25.534409402125135,3662.444654308369,298.15
6138.0,71.47421057505325,0.0,0.23999776909353937,27.936384512646015,2978.690628412828,298.15
6139.0,71.47282155755163,0.0,5.187908422138741,28.379070856420178,2847.2478703463075,298.15
6140.0,71.47143254005,0.0,0.0,25.714036491653264,3077.8440598621632,298.15
6141.0,71.47004352254838,0.0,0.0,24.81988988591636,2144.3164427951297,298.15
6142.0,71.46865450504676,1.0,164.91190947694932,37.03102331599911,2879.0303781953094,298.15
6143.0,71.46726548754515,0.0,0.0,25.96193107497374,3718.862854430072,298.15
6144.0,71.46587647004353,0.0,1.1805420789448287,29.61483685701678,2694.3140952152926,298.15
6145.0,71.4644874525419,0.0,0.0,27.93794877152131,2497.0398220209872,298.15
6146.0,71.46309843504028,0.0,0.0,24.927278482590104,2655.6559606931964,298.15
6147.0,71.46170941753866,0.0,4.504827935411533,26.97481739806766,4017.4141004371827,298.15
6148.0,71.46032040003703,0.0,0.0,28.553495559645317,3012.923856621651,298.15
6149.0,71.45893138253543,0.0,0.0,22.89110716632078,2319.407019251775,298.15
6150.0,71.4575423650338,0.0,2.789080693890361,23.492670616379097,2988.93529227837,298.15
6151.0,71.45615334753218,0.0,0.0,25.415608071577857,3026.114318793356,298.15
6152.0,71.45476433003056,1.0,162.34383557234884,35.34179058222446,2965.758529623109,298.15
6153.0,71.45337531252893,0.0,1.3736265708172746,24.987303191818587,3260.7221889019474,298.15
6154.0,71.45198629502731,0.0,2.235715903030122,24.27734759236419,2623.3243631958885,298.15
6155.0,71.4505972775257,0.0,2.9077208646398587,24.06780234367731,2008.524120217674,298.15
6156.0,71.44920826002408,0.0,0.0,25.355564487909273,2480.62618874191,298.15
6157.0,71.44781924252246,0.0,1.4199593426079906,26.722331111918393,2936.354694008456,298.15
6158.0,71.44643022502083,0.0,0.0,23.1995477647849,623.3499026441751,298.15
6159.0,71.44504120751921,0.0,0.0,29.046113582008626,620.2996571357238,298.15
6160.0,71.44365219001759,0.0,2.866591223918437,27.869237509256997,2423.286669568306,298.15
6161.0,71.44226317251598,0.0,0.0,26.372453240231305,2669.5643150307446,298.15
6162.0,71.44087415501436,0.0,0.6628078301230895,24.717831500567552,3127.602392710417,298.15
6163.0,71.43948513751273,0.0,0.370659909603669,27.38555620632633,2675.2679000123917,298.15
6164.0,71.43809612001111,0.0,0.0,22.437776445285344,2864.197335357352,298.15
6165.0,71.43670710250949,0.0,2.3016654588547993,21.11660849995719,2957.673261910914,298.15
6166.0,71.43531808500786,0.0,1.3348397859349812,21.54851491125419,3306.5066937686556,298.15
6167.0,71.43392906750626,1.0,158.8884615898041,30.358945836618055,2544.671236116853,298.15
6168.0,71.43254005000463,0.0,0.6609412187988916,22.478050400107183,3212.9981438778937,298.15
6169.0,71.43115103250301,0.0,0.0,22.638652363932767,3016.516316735377,298.15
6170.0,71.42976201500139,0.0,2.6137242652531225,22.22496368859691,2287.2930333888958,298.15
6171.0,71.42837299749976,0.0,0.0,21.573393784560874,3402.68010227367,298.15
6172.0,71.42698397999814,0.0,0.0,21.661900056610264,2712.844184961336,298.15
6173.0,71.42559496249653,1.0,164.16972718585185,34.76143945881259,2590.7809647341114,298.15
6174.0,71.42420594499491,0.0,0.1294628951626328,22.238773710395943,3008.2982812121977,298.15
6175.0,71.42281692749329,0.0,1.8177079524917237,22.64694050008853,2714.0454312673073,298.15
6176.0,71.42142790999166,0.0,0.0,20.916202824226126,2896.7832672811937,298.15
6177.0,71.42003889249004,0.0,3.9355990980311515,16.96294016342905,2446.4071609268913,298.15
6178.0,71.41864987498843,0.0,1.2511295527480641,16.3320424605478,2718.206095497532,298.15
6179.0,71.41726085748681,0.0,3.239457188083281,24.163620958290288,2683.155759508098,298.15
6180.0,71.41587183998519,0.0,2.0828312611062323,18.53605706120642,2490.8797909892205,298.15
6181.0,71.41448282248356,0.0,0.0,18.135871220692035,2594.2689017141956,298.15
6182.0,71.41309380498194,0.0,0.0,19.69261611596084,3174.6494031682987,298.15
6183.0,71.41170478748032,1.0,161.23850261579315,30.095697164506575,3000.5135017713883,298.15
6184.0,71.4103157699787,0.0,3.7870511075899667,20.12932206947094,3133.694535928927,298.15
6185.0,71.40892675247709,1.0,165.7066629447518,32.16914068848184,3851.35682508445,298.15
6186.0,71.40753773497546,1.0,160.83847126924644,31.373948392586218,2646.789640615821,298.15
6187.0,71.40614871747384,0.0,0.0,16.36573059327469,1913.8095280371786,298.15
6188.0,71.40475969997222,0.0,0.0,19.812950565815648,1788.8375039750117,298.15
6189.0,71.4033706824706,0.0,0.0,16.785077478607807,3017.311519538252,298.15
6190.0,71.40198166496899,0.0,0.0,17.062306772530903,967.1146737202046,298.15
6191.0,71.40059264746736,0.0,1.2592168731620905,14.852404862837338,931.0357674925534,298.15
6192.0,71.39920362996574,1.0,163.80337968367448,23.380667740203005,558.2526649473598,298.15
6193.0,71.39781461246412,1.0,163.96698714350268,26.580781282164104,241.8350452548608,298.15
6194.0,71.3964255949625,1.0,162.55896084971008,24.435751706126485,353.83732830236295,298.15
6195.0,71.39503657746087,0.0,0.0,18.09453985564783,572.6261993935383,298.15
6196.0,71.39364755995925,0.0,0.0,15.360910704805029,880.8389624054382,298.15
6197.0,71.39225854245764,1.0,166.64065567691534,26.344407026144594,699.3673868495326,298.15
6198.0,71.39086952495602,0.0,0.8915517052474348,18.29763452310727,839.1504557872248,298.15
6199.0,71.3894805074544,0.0,0.8763107925747733,12.165724662664342,725.4528895598231,298.15
6200.0,71.38809148995277,1.0,161.6410660510346,23.502323208592134,828.8529583544384,298.15
6201.0,71.38670247245115,0.0,0.9896201220549966,15.138249894726496,0.0,298.15
6202.0,71.38531345494954,1.0,154.85110270706193,25.17478110816213,187.37353081647888,298.15
6203.0,71.38392443744792,1.0,159.82677053385825,26.574169093374138,113.02929564308658,298.15
6204.0,71.3825354199463,0.0,0.0,15.850419257656837,79.73927716449941,298.15
6205.0,71.38114640244467,1.0,163.1811890756979,24.023461007930564,501.9510109428219,298.15
6206.0,71.37975738494305,0.0,0.11357816618496058,14.215467805506973,0.0,298.15
6207.0,71.37836836744142,0.0,0.0,14.038270152031437,2817.1086801018228,298.15
6208.0,71.3769793499398,0.0,1.0246648130147078,10.082323773919935,3420.0118315761943,298.15
6209.0,71.3755903324382,0.0,0.0,12.563276575980836,2560.767930003496,298.15
6210.0,71.37420131493657,0.0,0.0,13.167040355149407,3283.937648915094,298.15
6211.0,71.37281229743495,0.0,0.0,13.368820187457196,3067.5685307270282,298.15
6212.0,71.37142327993332,0.0,1.292487818099955,10.278757993333342,2985.8654673674373,298.15
6213.0,71.3700342624317,0.0,2.998932504714997,9.33577325451627,2891.4776993652877,298.15
6214.0,71.3686452449301,1.0,159.95919819181108,21.243107255886194,2576.4647978646963,298.15
6215.0,71.36725622742847,1.0,160.15726519185696,25.564573832141484,3089.6188446723836,298.15
6216.0,71.36586720992685,0.0,1.127005503590228,9.576388453719034,2765.6525912637135,298.15
6217.0,71.36447819242522,0.0,0.241406674037552,13.468240022505906,2952.932603521388,298.15
6218.0,71.3630891749236,0.0,1.6604006134792157,14.090555475342514,3317.9066755277245,298.15
6219.0,71.36170015742198,0.0,0.0,10.683367695457777,3566.7859229773194,298.15
6220.0,71.36031113992036,1.0,158.10013797065045,18.959600121659726,3108.375478213278,298.15
6221.0,71.35892212241875,1.0,155.17685110761818,21.20116079184059,2809.1282946203482,298.15
6222.0,71.35753310491712,0.0,2.7705542675305543,10.321947242639661,2874.9252635262005,298.15
6223.0,71.3561440874155,0.0,0.0,7.922236690921651,3040.0662328234043,298.15
6224.0,71.35475506991388,0.0,0.07373219394877098,8.116483868038124,3097.379909716442,298.15
6225.0,71.35336605241226,1.0,153.3848081009221,20.19723087189304,2541.382176298518,298.15
6226.0,71.35197703491065,0.0,2.4225461577130645,10.972064676694814,2698.617257286989,298.15
6227.0,71.35058801740902,1.0,158.1060124527962,18.160125095575122,3098.9294226368174,298.15
6228.0,71.3491989999074,1.0,157.75602960386252,18.4704217899101,3444.1879597656134,298.15
6229.0,71.34780998240578,0.0,0.0,9.782889319841749,3483.9751717507434,298.15
6230.0,71.34642096490415,1.0,154.21597827750375,17.8336376679319,3651.544244386996,298.15
6231.0,71.34503194740253,1.0,156.40419871763635,17.362388277025453,2317.293352137206,298.15
6232.0,71.34364292990091,1.0,154.0274885298505,16.212517316441893,2788.8868402045873,298.15
6233.0,71.3422539123993,0.0,1.0361096295699983,5.971095328796036,3356.75438788252,298.15
6234.0,71.34086489489768,0.0,0.0,12.880564034953576,3255.9893046762236,298.15
6235.0,71.33947587739605,1.0,153.94214010045403,16.7570017647901,3237.1116552509006,298.15
6236.0,71.33808685989443,1.0,159.18821743707872,19.78397139501828,2853.760425731795,298.15
6237.0,71.33669784239281,1.0,155.75682117750355,20.245222478185486,154.28295734069263,298.15
6238.0,71.3353088248912,1.0,154.90775589728807,16.18931193721197,462.87910412013184,298.15
6239.0,71.33391980738958,1.0,159.03909489500634,17.13641105119162,190.19188352621813,298.15
6240.0,71.33253078988795,1.0,148.54155931464794,16.39502905597789,0.0,298.15
6241.0,71.33114177238633,0.0,0.0,2.6615545431299314,183.2196585868699,298.15
6242.0,71.32975275488471,1.0,152.74135162474215,12.598695900816168,2677.0608246235925,298.15
6243.0,71.32836373738309,1.0,155.53497777397212,15.722322699245575,3749.2009597188166,298.15
6244.0,71.32697471988146,1.0,155.3676024507174,14.56040681961956,3008.8196288283566,298.15
6245.0,71.32558570237985,1.0,151.00812136562612,19.16789560038267,2951.5345654714724,298.15
6246.0,71.32419668487823,0.0,2.3775737291248085,4.591360803706204,2860.2136074203627,298.15
6247.0,71.32280766737661,1.0,151.6860628533231,18.937093507775188,2967.939444650263,298.15
6248.0,71.32141864987499,1.0,155.31931596033314,13.747162971760604,2979.247462829596,298.15
6249.0,71.32002963237336,0.0,0.0,8.51354303156279,3081.6548929195174,298.15
6250.0,71.31864061487175,1.0,151.7062165953582,15.44010269154066,2568.52187662109,298.15
6251.0,71.31725159737013,0.0,0.0,5.392346431460029,2594.7649790413125,298.15
6252.0,71.31586257986851,1.0,154.07802504336928,13.007730306992938,2930.573237433887,298.15
6253.0,71.31447356236689,0.0,0.0,5.0979359180033725,3064.59613557999,298.15
6254.0,71.31308454486526,1.0,151.0179734532139,17.246921849361662,2960.732863720889,298.15
6255.0,71.31169552736364,1.0,152.10322351529555,13.294573541702405,1948.6095871341004,298.15
6256.0,71.31030650986202,1.0,151.97029398243376,12.740818422010097,3189.208963955554,298.15
6257.0,71.30891749236041,1.0,152.55866436209897,12.783522279514525,2778.534525231742,298.15
6258.0,71.30752847485878,1.0,150.72169668360078,16.49620548537891,2818.271606824248,298.15
6259.0,71.30613945735716,0.0,0.0,4.772614348867643,2550.5742726795434,298.15
6260.0,71.30475043985554,0.0,0.0,5.856885153570035,3669.0756398316385,298.15
6261.0,71.30336142235392,1.0,149.5927123171142,13.37596591857193,2466.468350043355,298.15
6262.0,71.30197240485231,0.0,0.5946409579424622,2.6750586712515814,2880.385951875929,298.15
6263.0,71.30058338735068,1.0,148.7175501666442,13.339119101710574,3514.2587312373844,298.15
6264.0,71.29919436984906,1.0,148.88074040572607,14.546940266095389,2819.160545648946,298.15
6265.0,71.29780535234744,1.0,144.9860531993026,11.699640737369442,2854.0265159048895,298.15
6266.0,71.29641633484582,1.0,149.955668030828,14.917722173247324,3010.0971061201135,298.15
6267.0,71.29502731734419,0.0,0.43149051066854593,2.72664484776276,3408.2294439525317,298.15
6268.0,71.29363829984257,1.0,150.27970313281358,6.8819793736837145,2770.035859005276,298.15
6269.0,71.29224928234096,1.0,147.6554058236165,13.569565574580924,1897.4151844767512,298.15
6270.0,71.29086026483934,1.0,143.2747669884966,9.005236164393517,2447.3355380614194,298.15
6271.0,71.28947124733772,1.0,146.32299980478643,13.305369175050467,2963.4803468683986,298.15
6272.0,71.28808222983609,0.0,0.0,3.2908983571460784,446.11495423777336,298.15
6273.0,71.28669321233447,1.0,148.4657146299131,12.01078997627788,526.468820577613,298.15
6274.0,71.28530419483286,1.0,141.52175776966402,12.357388487400087,0.0,298.15
6275.0,71.28391517733124,1.0,146.30976511757126,13.41301013513193,428.2726670237391,298.15
6276.0,71.28252615982962,1.0,147.1923614994984,10.028963736231521,474.83777377380636,298.15
6277.0,71.28113714232799,1.0,144.14884285697454,12.608241099022296,202.3332329007335,298.15
6278.0,71.27974812482637,1.0,145.6582181942768,13.290585333150236,312.7899032649744,298.15
6279.0,71.27835910732475,1.0,143.74155626178936,14.446549593721482,2395.1125842777296,298.15
6280.0,71.27697008982312,1.0,143.25171140592977,8.448668223588928,3414.0690589521428,298.15
6281.0,71.27558107232151,1.0,143.77073733898462,11.507446963456276,3076.064799478232,298.15
6282.0,71.27419205481989,1.0,142.80396522549597,8.608338983230166,3039.8266721104214,298.15
6283.0,71.27280303731827,1.0,145.87871847111302,8.456680641731861,3632.6363126692754,298.15
6284.0,71.27141401981665,1.0,142.25146569699558,11.21330979933412,2873.8223719726807,298.15
6285.0,71.27002500231502,1.0,141.6032915178909,10.574540888282955,2539.180345766915,298.15
6286.0,71.26863598481341,1.0,147.71798982803224,12.727796997175092,3225.4698582590995,298.15
6287.0,71.26724696731179,1.0,145.5460863288591,9.596162404762229,2763.227807740593,298.15
6288.0,71.26585794981017,1.0,138.57303984794183,9.9886267799225,2734.511909837415,298.15
6289.0,71.26446893230855,1.0,140.9364713505035,10.660508083966667,2998.7515681698333,298.15
6290.0,71.26307991480692,1.0,143.08633840691002,8.403402333502122,3547.1454151037074,298.15
6291.0,71.2616908973053,1.0,143.02992895370915,8.655166886062254,3191.305387804183,298.15
6292.0,71.26030187980368,1.0,138.45724731407196,12.4250900744842,3359.3269854710616,298.15
6293.0,71.25891286230207,1.0,144.5179381340738,8.955976924517028,2959.589453885534,298.15
6294.0,71.25752384480045,1.0,143.47302628113272,12.510574412091778,2057.4304597404252,298.15
6295.0,71.25613482729882,1.0,142.40416826381113,11.301465126010267,2970.9894165684263,298.15
6296.0,71.2547458097972,1.0,144.23735002134387,6.831081707745927,2824.819548107598,298.15
6297.0,71.25335679229558,1.0,141.83141535693727,11.112866056978142,2737.6977659790905,298.15
6298.0,71.25196777479397,1.0,141.57133844869736,11.08728998443135,2524.5815560954707,298.15
6299.0,71.25057875729235,1.0,143.96241182648703,10.87598129047777,3264.428974669982,298.15
6300.0,71.24918973979072,1.0,142.6235977810235,9.706761825340596,2940.5174503965254,298.15
6301.0,71.2478007222891,1.0,137.74382988231264,8.058870351732782,2333.49216389103,298.15
6302.0,71.24641170478748,1.0,141.00593616102,12.789823943140501,2472.969254863252,298.15
6303.0,71.24502268728585,1.0,137.6635585017232,9.806701914508306,2821.6695743761916,298.15
6304.0,71.24363366978424,1.0,140.19610603437198,8.203729415149429,3465.949740915393,298.15
6305.0,71.24224465228262,1.0,139.87944368418403,10.991759995008312,3502.699177889804,298.15
6306.0,71.240855634781,1.0,135.19698936179782,8.531354372925291,3360.4265792144756,298.15
6307.0,71.23946661727938,1.0,137.95199250308264,8.128965453044483,3050.266271747648,298.15
6308.0,71.23807759977775,1.0,138.6236926792143,9.342233216432557,3297.8563696174206,298.15
6309.0,71.23668858227613,1.0,136.7019620277463,8.774366532852746,874.8541912544013,298.15
6310.0,71.23529956477452,1.0,138.24109678103721,8.299205303221102,186.11145818927218,298.15
6311.0,71.2339105472729,1.0,139.16151749123733,11.890093751864194,0.0,298.15
6312.0,71.23252152977128,1.0,136.91911602661926,10.030426009955802,258.07866010001976,298.15
6313.0,71.23113251226965,1.0,137.2779227119338,12.899934965099941,835.0300992348848,298.15
6314.0,71.22974349476803,1.0,139.78994248150624,8.595104074447708,166.17868580863097,298.15
6315.0,71.22835447726641,1.0,137.3729388316709,6.843838464209055,337.09478366330524,298.15
6316.0,71.2269654597648,1.0,136.47600339546963,10.778738854917282,226.9047261196573,298.15
6317.0,71.22557644226318,1.0,133.46739245825088,14.367672194666596,433.3269152104485,298.15
6318.0,71.22418742476155,1.0,137.10153265906789,11.693065826421599,132.75255755937786,298.15
6319.0,71.22279840725993,1.0,136.04278873565607,17.308806889864243,0.0,298.15
6320.0,71.2214093897583,1.0,138.06856115952783,11.420469264630567,345.5893714395361,298.15
6321.0,71.22002037225668,1.0,134.87624787239437,11.295571141695325,405.28686856330364,298.15
6322.0,71.21863135475508,1.0,130.19241962718166,6.431973137598231,891.0577256403014,298.15
6323.0,71.21724233725345,1.0,130.2247483909821,11.852843497627642,523.2089280383694,298.15
6324.0,71.21585331975183,1.0,135.78416346702807,11.40196398381984,89.59615751141587,298.15
6325.0,71.2144643022502,1.0,132.42988663520023,10.299727754337951,243.72176832276097,298.15
6326.0,71.21307528474858,0.0,1.0405762144902135,0.9509789600650081,749.9073283511392,298.15
6327.0,71.21168626724696,1.0,133.5763667275591,11.188197052277026,351.55449684358155,298.15
6328.0,71.21029724974535,1.0,132.66575013262369,11.055707310069907,117.1293917764005,298.15
6329.0,71.20890823224373,1.0,132.59344528681035,15.848717604970204,528.8364856742352,298.15
6330.0,71.2075192147421,1.0,130.5218471162127,10.868385268224147,223.33449975594402,298.15
6331.0,71.20613019724048,1.0,132.30738706217437,12.093461932360912,667.4745639601682,298.15
6332.0,71.20474117973886,1.0,130.7146755902869,11.020596097180285,627.1321853891887,298.15
6333.0,71.20335216223724,1.0,130.98340831732222,13.589763482340473,98.11965876821819,298.15
6334.0,71.20196314473563,1.0,130.8631940232996,12.454213975568589,1125.2014338725157,298.15
6335.0,71.200574127234,1.0,130.85908440831045,11.631863848178247,456.9360515102217,298.15
6336.0,71.19918510973238,1.0,133.36204053466724,8.35439070186422,0.0,298.15
6337.0,71.19779609223076,1.0,130.62260128639912,12.965771635484751,633.2927570532938,298.15
6338.0,71.19640707472914,1.0,133.1385429456148,11.953943091543778,0.0,298.15
6339.0,71.19501805722751,1.0,134.1323092306667,12.60221229945482,864.2099001372061,298.15
6340.0,71.1936290397259,1.0,132.27518126922686,10.420779686374752,519.9866317784846,298.15
6341.0,71.19224002222428,1.0,131.2826041837582,15.967112035606613,448.79845482712915,298.15
6342.0,71.19085100472266,1.0,130.559957566212,14.918436033918919,470.35065290252925,298.15
6343.0,71.18946198722104,0.0,2.061671648948392,6.250601230604015,675.7405099593242,298.15
6344.0,71.18807296971941,1.0,129.54165296328165,15.812937650217963,302.04928224451794,298.15
6345.0,71.1866839522178,1.0,131.4499139242302,14.818142628785454,466.763372445968,298.15
6346.0,71.18529493471618,1.0,130.34396996642414,11.387405237043835,511.6892552512928,298.15
6347.0,71.18390591721456,0.0,0.0,7.715541749062601,0.0,298.15
6348.0,71.18251689971294,1.0,130.57222946564994,12.148186159223929,678.3880175767702,298.15
6349.0,71.18112788221131,1.0,128.43625622012328,13.67334673868173,737.511598032245,298.15
6350.0,71.17973886470969,1.0,127.74714606919449,15.854460569993673,628.6959030172231,298.15
6351.0,71.17834984720807,1.0,126.6484865470264,16.124965778115104,603.9278464072147,298.15
6352.0,71.17696082970646,1.0,127.96288295566924,15.914521949852677,1029.3998386053636,298.15
6353.0,71.17557181220484,1.0,129.72708072431175,14.077475308443498,454.7977004648072,298.15
6354.0,71.17418279470321,0.0,2.1178528487440795,3.825884262198123,466.85452138891446,298.15
6355.0,71.17279377720159,0.0,0.8419421512902175,10.496782608049621,241.8065607260629,298.15
6356.0,71.17140475969997,1.0,128.1472222803848,15.357384067177724,2352.9236731314923,298.15
6357.0,71.17001574219836,1.0,129.53974970856356,15.287002669046974,2916.106109386716,298.15
6358.0,71.16862672469674,0.0,0.0,4.331578640507741,2472.575349534998,298.15
6359.0,71.16723770719511,1.0,123.43982232167008,16.499393984182277,1845.7419434390638,298.15
6360.0,71.16584868969349,1.0,128.99302744227498,16.592505007696488,3319.7743901145654,298.15
6361.0,71.16445967219187,1.0,124.42843415567644,16.341384049841817,3034.2295055110017,298.15
6362.0,71.16307065469024,1.0,123.84492694231348,17.35772175903271,2496.982877142086,298.15
6363.0,71.16168163718862,1.0,121.01088395202015,20.409628482761217,3284.1512521789473,298.15
6364.0,71.16029261968701,1.0,126.45350512605614,15.732712287368198,2679.3108511666815,298.15
6365.0,71.15890360218539,1.0,121.03328494557381,17.25156924161579,3107.140921246456,298.15
6366.0,71.15751458468377,1.0,122.91437206346806,16.025371989870926,2810.5034177031075,298.15
6367.0,71.15612556718214,1.0,125.91045874519514,18.177217826323925,3719.501536848199,298.15
6368.0,71.15473654968052,1.0,126.03784495050189,16.59875264683724,2605.5383803883733,298.15
6369.0,71.15334753217891,0.0,0.0,6.89503996620297,3468.3330529958757,298.15
6370.0,71.15195851467729,0.0,0.0,5.173523915418682,1859.3677610442223,298.15
6371.0,71.15056949717567,1.0,121.67606612406544,18.60303978013349,2677.605722879087,298.15
6372.0,71.14918047967404,0.0,0.0,9.501580765427718,2169.216733268873,298.15
6373.0,71.14779146217242,0.0,0.6342438674675802,12.672613616845387,3233.2976853972136,298.15
6374.0,71.1464024446708,1.0,122.01293297742204,20.013173713174417,3080.603138899445,298.15
6375.0,71.14501342716918,1.0,122.44760775202012,18.330318051538374,2729.550496738347,298.15
6376.0,71.14362440966757,0.0,0.0,6.667876469421476,2569.1528642729186,298.15
6377.0,71.14223539216594,0.0,2.699208524804904,7.173658034008632,2645.188512352823,298.15
6378.0,71.14084637466432,0.0,1.2152068537807186,7.241059363571342,2900.739213872666,298.15
6379.0,71.1394573571627,0.0,1.8890553805255073,14.022873385851742,3812.5530202898494,298.15
6380.0,71.13806833966107,0.0,3.0743705229107214,10.959606742930582,2742.8576939113964,298.15
6381.0,71.13667932215947,1.0,120.03130801854572,19.38449031166696,4003.540717008017,298.15
6382.0,71.13529030465784,1.0,120.97826264248981,18.83124580698269,2731.0171553487467,298.15
6383.0,71.13390128715622,1.0,117.15455200722133,19.272456175216394,2506.6863119938303,298.15
6384.0,71.1325122696546,1.0,128.98957472470605,20.01032011065942,3073.0511278680656,298.15
6385.0,71.13112325215297,0.0,0.0,14.21882407338812,3458.273695728754,298.15
6386.0,71.12973423465135,0.0,2.4747146354799883,11.665962710049712,1047.4664783947524,298.15
6387.0,71.12834521714973,0.0,0.0,8.966491924616179,318.1918781337455,298.15
6388.0,71.12695619964812,1.0,123.25712503042317,26.964657311818897,214.69354756286123,298.15
6389.0,71.1255671821465,0.0,4.42561264557888,10.06451933350085,3280.3192959962566,298.15
6390.0,71.12417816464487,1.0,120.43997641824853,21.432313969940964,3565.2831191120686,298.15
6391.0,71.12278914714325,1.0,118.02856085960418,25.5943558747106,2776.42630276749,298.15
6392.0,71.12140012964163,0.0,0.0,13.978054283488948,3552.04357265199,298.15
6393.0,71.12001111214002,0.0,0.0,12.382724111633209,3436.0981043569077,298.15
6394.0,71.1186220946384,0.0,0.0,11.043322288715991,3738.4454762356067,298.15
6395.0,71.11723307713677,1.0,121.82781743617578,21.825108322283754,3060.20120594359,298.15
6396.0,71.11584405963515,0.0,0.0,12.184549024650483,3701.2542512948085,298.15
6397.0,71.11445504213353,1.0,118.92562781105295,24.30793692376256,3789.6433534495436,298.15
6398.0,71.1130660246319,0.0,1.2569033124671063,14.923735084694036,3023.6449381180482,298.15
6399.0,71.11167700713028,0.0,1.4390574558188571,14.457143145849473,3500.1903915745133,298.15
6400.0,71.11028798962867,0.0,0.0,14.918950856072268,3302.058498366948,298.15
6401.0,71.10889897212705,0.0,0.21161603990420466,13.06392057790608,2541.484467841236,298.15
6402.0,71.10750995462543,1.0,124.77224622425668,26.077030290165375,3025.6572638379366,298.15
6403.0,71.1061209371238,0.0,0.0,18.353239076521866,2662.2624076745633,298.15
6404.0,71.10473191962218,1.0,118.52760821806119,25.605391504049305,3617.937610218421,298.15
6405.0,71.10334290212057,0.0,4.626108095316864,15.800126819165838,3374.536251730932,298.15
6406.0,71.10195388461895,1.0,121.13355703934108,26.583175577918595,3116.6087417398867,298.15
6407.0,71.10056486711733,1.0,117.16920887384671,28.95717845150925,3293.568103735539,298.15
6408.0,71.0991758496157,0.0,0.49110670935484474,15.030738615180404,3549.144470404488,298.15
6409.0,71.09778683211408,0.0,0.0,20.112204981675763,3252.198882447024,298.15
6410.0,71.09639781461246,1.0,116.29266725461439,28.21712094122143,3683.25100323437,298.15
6411.0,71.09500879711084,0.0,0.0,17.638215253208713,3244.507505642317,298.15
6412.0,71.09361977960923,0.0,0.0,20.31830465508419,2104.274964004176,298.15
6413.0,71.0922307621076,0.0,0.26861841991171653,15.598662243952283,3238.5322943460865,298.15
6414.0,71.09084174460598,1.0,115.90238073888187,29.351139404286407,3122.153476389901,298.15
6415.0,71.08945272710436,0.0,0.0,19.391066578108664,3065.3494286502505,298.15
6416.0,71.08806370960274,0.0,0.0,16.79690127530624,3769.8678400139806,298.15
6417.0,71.08667469210113,0.0,4.086179023835858,19.910166506941298,2250.1842242124308,298.15
6418.0,71.0852856745995,0.0,0.1958441519848352,19.770416425230163,3352.8702187501804,298.15
6419.0,71.08389665709788,0.0,0.0,19.04117966480696,483.35138234158336,298.15
6420.0,71.08250763959626,0.0,1.7965698026300703,21.41857097746228,413.56123611659075,298.15
6421.0,71.08111862209464,0.0,0.0,18.677029937682512,87.28774667934562,298.15
6422.0,71.07972960459301,1.0,121.47482233616768,30.63978277124563,3445.5355950930652,298.15
6423.0,71.07834058709139,0.0,0.0,20.029972455580644,2282.5062704440434,298.15
6424.0,71.07695156958978,0.0,1.6688974412358226,19.251381023309335,3155.3310577781335,298.15
6425.0,71.07556255208816,1.0,115.01997488313624,31.77963962818194,3051.420397936512,298.15
6426.0,71.07417353458654,0.0,1.198583708290615,20.52785934541713,2992.956958474177,298.15
6427.0,71.07278451708491,0.0,0.6553957524136507,18.128229252103015,3688.6445045134915,298.15
6428.0,71.07139549958329,0.0,0.0,17.664152559631987,2102.2164674008486,298.15
6429.0,71.07000648208168,0.0,0.0,23.229952436964,2794.8069230744754,298.15
6430.0,71.06861746458006,0.0,0.0,19.28705790410074,2511.7401857317504,298.15
6431.0,71.06722844707843,0.0,0.6726903840499973,22.596393571472138,3067.4343195380598,298.15
6432.0,71.06583942957681,0.0,1.4984143775469148,22.339882534633748,2862.5298768322987,298.15
6433.0,71.06445041207519,0.0,0.0,21.670179440787383,3152.5201441679847,298.15
6434.0,71.06306139457357,0.0,0.6844007449472447,26.67976506051132,3009.7906678082604,298.15
6435.0,71.06167237707194,0.0,0.0,23.208838048523724,2985.9325228853836,298.15
6436.0,71.06028335957033,0.0,0.23473307670757865,24.599184387687416,3618.0508484645643,298.15
6437.0,71.05889434206871,1.0,115.74450219101752,33.82401519208455,3077.7006183950007,298.15
6438.0,71.05750532456709,1.0,116.23206589432266,32.95269298233468,2989.126432863798,298.15
6439.0,71.05611630706547,0.0,6.427939603961863,23.58562516187456,2868.567935585753,298.15
6440.0,71.05472728956384,0.0,0.7424523402514286,26.831370600597584,3344.0221588092136,298.15
6441.0,71.05333827206223,1.0,117.64389894206371,36.25525581890935,2443.8017918916457,298.15
6442.0,71.05194925456061,0.0,1.0435682211673978,28.22807257591994,2808.7171434484535,298.15
6443.0,71.05056023705899,1.0,115.43830527636364,34.836741215344844,2842.8969571377756,298.15
6444.0,71.04917121955737,0.0,3.0828613003929526,22.748860848029256,3604.96181263727,298.15
6445.0,71.04778220205574,0.0,0.0,23.831237462730517,3563.0833163767447,298.15
6446.0,71.04639318455412,0.0,2.5136120188085322,22.464716424546662,2778.5319436954505,298.15
6447.0,71.0450041670525,0.0,0.0,26.680554280864538,3213.6155090337165,298.15
6448.0,71.04361514955089,1.0,113.7181795171456,34.05720436601577,3536.1100399448524,298.15
6449.0,71.04222613204927,0.0,0.8705372642297105,19.123802393538032,3332.2128654040534,298.15
6450.0,71.04083711454764,0.0,0.0,30.69886108243895,2642.1283744173543,298.15
6451.0,71.03944809704602,1.0,117.27745062296353,34.5925464466945,2489.1562959106673,298.15
6452.0,71.0380590795444,0.0,0.0,24.742801389219803,591.6444288225614,298.15
6453.0,71.03667006204279,0.0,0.0,29.54944014723132,1138.241759847086,298.15
6454.0,71.03528104454116,0.0,0.0,23.75438929587333,1029.9532008920469,298.15
6455.0,71.03389202703954,0.0,6.7284294874347665,28.755285465407162,3124.767036747949,298.15
6456.0,71.03250300953792,0.0,0.0,25.343542139589502,2936.0136503526746,298.15
6457.0,71.0311139920363,0.0,0.023380720773719825,23.970367043936808,2791.643339315574,298.15
6458.0,71.02972497453467,0.0,2.7238623519432568,30.37779109947622,3055.77388405498,298.15
6459.0,71.02833595703305,0.0,2.4691349642150078,28.903174511781273,2830.500668340069,298.15
6460.0,71.02694693953144,0.0,2.0282778672981023,29.036760654174543,2685.197106248943,298.15
6461.0,71.02555792202982,0.0,0.0,28.032135309099292,3445.8851307071836,298.15
6462.0,71.0241689045282,1.0,119.40814558218467,38.644462933892406,2864.1707552616017,298.15
6463.0,71.02277988702657,0.0,2.176106274328775,24.99042232529953,3245.3472312345043,298.15
6464.0,71.02139086952495,0.0,0.505792682543931,27.895601989513047,2815.4232785074505,298.15
6465.0,71.02000185202334,0.0,0.5731710125525968,25.869986937897945,3830.9410938815754,298.15
6466.0,71.01861283452172,0.0,0.0,25.040396121121653,3129.041646407353,298.15
6467.0,71.0172238170201,0.0,0.0,28.87885236917145,3051.383332901634,298.15
6468.0,71.01583479951847,1.0,119.37255316821462,40.53832375449434,3617.6150861616557,298.15
6469.0,71.01444578201685,0.0,3.1262665870682294,27.46411788703237,2839.650687216947,298.15
6470.0,71.01305676451523,0.0,0.0,27.92689862368737,2861.9422829692103,298.15
6471.0,71.0116677470136,0.0,0.0,26.118024867932995,2685.657816135708,298.15
6472.0,71.010278729512,0.0,0.0,28.58732255874713,2001.1005642023451,298.15
6473.0,71.00888971201037,1.0,116.61497630760398,40.24201386997006,2921.469004592711,298.15
6474.0,71.00750069450875,0.0,0.15317916948233604,30.40228995370761,3325.5881290074267,298.15
6475.0,71.00611167700713,1.0,119.0736278430294,39.98499137585756,3194.0752866791277,298.15
6476.0,71.0047226595055,0.0,0.0,27.668441685164844,3024.730019528901,298.15
6477.0,71.0033336420039,0.0,0.0,27.687940045097893,2293.9322929927957,298.15
6478.0,71.00194462450227,0.0,2.9461815501975006,30.75719474280266,2555.333314420752,298.15
6479.0,71.00055560700065,0.0,0.0,30.869561879167033,2694.8632694744306,298.15
6480.0,70.99916658949903,0.0,0.0,28.910359590278116,2158.3162065073648,298.15
6481.0,70.9977775719974,0.0,0.0,28.456061025615565,3080.6167398116872,298.15
6482.0,70.99638855449578,0.0,0.0,31.81693210181104,2992.350752349553,298.15
6483.0,70.99499953699417,0.0,3.704616984143829,28.724400712426103,2530.5506687396974,298.15
6484.0,70.99361051949255,0.0,2.2033498505544267,31.070478816542387,2482.508703608236,298.15
6485.0,70.99222150199093,0.0,2.7339075659058096,29.302714236596398,3696.1176478975526,298.15
6486.0,70.9908324844893,1.0,119.63890845123508,37.473656360719346,3614.650820443566,298.15
6487.0,70.98944346698768,0.0,2.254375821683963,33.02075249169766,2649.537025192984,298.15
6488.0,70.98805444948606,0.0,0.0,29.982463046163467,3904.6906992853073,298.15
6489.0,70.98666543198445,1.0,117.50072978517322,38.30763738129734,2319.1184315215196,298.15
6490.0,70.98527641448283,0.0,0.0,26.940735838919828,3405.398749156666,298.15
6491.0,70.9838873969812,0.0,0.0,27.184114327022176,2886.20415353338,298.15
6492.0,70.98249837947958,0.0,1.6298441905813719,29.11096789358754,3440.632266038226,298.15
6493.0,70.98110936197796,0.0,0.32063760359485977,33.8883705298126,3634.5331955769307,298.15
6494.0,70.97972034447633,1.0,121.62745188595319,38.72501998240114,3163.520551315585,298.15
6495.0,70.97833132697473,0.0,0.0,32.945434706703594,3381.8284652545863,298.15
6496.0,70.9769423094731,0.0,1.191791582572021,29.70013179581685,2431.341574486712,298.15
6497.0,70.97555329197148,0.0,0.0,27.542085251265483,3221.613406824071,298.15
6498.0,70.97416427446986,0.0,0.2243704887496848,29.014540984320263,3306.981514252615,298.15
6499.0,70.97277525696823,1.0,120.85467400718181,37.35053722484832,3101.11562101215,298.15
6500.0,70.97138623946661,0.0,0.0,28.230840019931744,2602.6918306369366,298.15
6501.0,70.969997221965,0.0,1.3130301720480384,28.16743946526248,3545.771188897225,298.15
6502.0,70.96860820446338,0.0,0.0,26.057717856419604,3825.779572446089,298.15
6503.0,70.96721918696176,0.0,0.0,33.11007348073347,3088.117675351007,298.15
6504.0,70.96583016946013,0.0,1.3270938031792336,30.40654186611128,2307.1645430071676,298.15
6505.0,70.96444115195851,1.0,124.02691910271933,38.53532421245921,2970.30675750799,298.15
6506.0,70.96305213445689,1.0,117.63686549604297,40.391769877924546,2999.3114981831545,298.15
6507.0,70.96166311695528,1.0,123.0618796241328,38.18260013304268,3248.07601372508,298.15
6508.0,70.96027409945366,1.0,120.39587297035769,34.36103115018165,3669.330444509402,298.15
6509.0,70.95888508195203,1.0,117.25471804384833,45.961398443237556,3354.859399686559,298.15
6510.0,70.95749606445041,0.0,0.0,30.207199965147932,3832.220487028288,298.15
6511.0,70.95610704694879,1.0,120.76998698844116,38.55923720124902,3125.526268633895,298.15
6512.0,70.95471802944716,1.0,119.91967182129015,35.7371933510911,3287.8154391962075,298.15
6513.0,70.95332901194556,1.0,117.90833353059185,36.600155888292036,3449.265583370192,298.15
6514.0,70.95193999444393,0.0,0.0,33.05834113755575,3766.4999858688457,298.15
6515.0,70.95055097694231,0.0,0.0,32.68983327691696,759.5409349665939,298.15
6516.0,70.94916195944069,1.0,121.96942195089545,41.08553130892659,2987.832097012479,298.15
6517.0,70.94777294193906,1.0,121.65364585605678,37.16366223507218,2919.6419911125577,298.15
6518.0,70.94638392443744,1.0,120.63794557111056,42.52529781845259,3385.1638947017127,298.15
6519.0,70.94499490693583,0.0,0.4809856310493349,30.26652925880408,3016.4444363902644,298.15
6520.0,70.94360588943421,0.0,2.4778090057514293,30.61947955332576,2207.617393158824,298.15
6521.0,70.94221687193259,0.0,0.9389856994136176,30.11344962517826,2735.70239070274,298.15
6522.0,70.94082785443096,1.0,122.21574140717821,35.99849228105187,3896.5623508020153,298.15
6523.0,70.93943883692934,0.0,2.2110827848665893,26.555239282580292,3925.9767766534005,298.15
6524.0,70.93804981942773,0.0,0.0,27.892101926234293,2680.3954409468597,298.15
6525.0,70.93666080192611,1.0,122.4935782682523,40.188500909109486,1953.299132531838,298.15
6526.0,70.93527178442449,0.0,0.0,25.913170779719778,2315.791678076946,298.15
6527.0,70.93388276692286,1.0,120.44158769185485,38.30863408708866,2356.447445219421,298.15
6528.0,70.93249374942124,0.0,0.0,28.207380093855154,3057.1593568190074,298.15
6529.0,70.93110473191962,1.0,118.81149432884449,40.108889131332354,3492.31084682646,298.15
6530.0,70.929715714418,1.0,128.49652915930147,39.759543975587945,3419.838746517311,298.15
6531.0,70.92832669691639,1.0,121.89517614320414,36.168497119080286,2520.767213774493,298.15
6532.0,70.92693767941476,1.0,128.09673907065232,41.134686189111235,3768.939392494603,298.15
6533.0,70.92554866191314,0.0,0.09073433350232497,25.625228322372532,2671.902709022186,298.15
6534.0,70.92415964441152,0.0,1.3457591107532216,30.168627518217324,2345.8325008837523,298.15
6535.0,70.9227706269099,0.0,0.0,26.65253446337317,3774.3085273485704,298.15
6536.0,70.92138160940829,1.0,125.58783483753034,38.003729542950644,2862.3448213091333,298.15
6537.0,70.91999259190666,1.0,126.8399880957967,38.004193020935936,3213.628101676796,298.15
6538.0,70.91860357440504,1.0,127.07288244778154,37.81484060407235,2985.733384218345,298.15
6539.0,70.91721455690342,1.0,127.53645988765248,38.66633567873242,2857.678397533598,298.15
6540.0,70.9158255394018,0.0,0.0,27.944343703853182,2544.182478340828,298.15
6541.0,70.91443652190017,1.0,124.95282018738945,38.61495653258149,2749.0846083200017,298.15
6542.0,70.91304750439855,1.0,122.50483305599538,37.81262581108207,2844.852349220992,298.15
6543.0,70.91165848689694,0.0,1.2465417985085396,24.093014416580353,2939.4363696774944,298.15
6544.0,70.91026946939532,1.0,129.29731321793187,37.11533335851495,3450.8794896651134,298.15
6545.0,70.9088804518937,0.0,3.849991431141905,25.24065393180388,3239.330729869254,298.15
6546.0,70.90749143439207,1.0,127.86721468530082,33.9589848378046,329.72214354799945,298.15
6547.0,70.90610241689045,1.0,125.52696312831317,35.4954103057586,827.6497612276115,298.15
6548.0,70.90471339938884,0.0,0.0,26.313250248512176,706.1803283872316,298.15
6549.0,70.90332438188722,1.0,130.26472227305672,36.2879357604056,344.565683653687,298.15
6550.0,70.9019353643856,1.0,123.72046547557044,37.789248417892885,903.1984118512457,298.15
6551.0,70.90054634688397,1.0,127.40683859705673,38.14070622237383,351.3301345475479,298.15
6552.0,70.89915732938235,1.0,127.9035125915046,35.9632492467234,49.52222863023002,298.15
6553.0,70.89776831188072,0.0,0.0,26.16396997557308,476.9557871577863,298.15
6554.0,70.8963792943791,1.0,128.96619297025046,35.11666763157203,879.8013362541067,298.15
6555.0,70.8949902768775,1.0,129.43335729952057,36.3274620952848,535.9955541925382,298.15
6556.0,70.89360125937587,1.0,123.5742796571295,35.567892182815534,89.27406289887767,298.15
6557.0,70.89221224187425,0.0,0.03491693508458686,24.266021027341694,358.80202016562987,298.15
6558.0,70.89082322437262,1.0,124.46945036327952,38.64143495856045,919.0201897970605,298.15
6559.0,70.889434206871,1.0,131.75373206618426,32.87742328370784,595.9095161986037,298.15
6560.0,70.8880451893694,1.0,128.91576405479498,36.82292583879858,493.38720231832303,298.15
6561.0,70.88665617186777,1.0,125.32942398110298,30.82595593792044,454.3216222416444,298.15
6562.0,70.88526715436615,0.0,0.0,25.112875512843967,878.2367850230225,298.15
6563.0,70.88387813686452,1.0,129.573646578711,36.204516228050466,855.3965657030967,298.15
6564.0,70.8824891193629,0.0,2.8367792665097085,19.095462655885072,9.224555305251727,298.15
6565.0,70.88110010186128,1.0,131.86764829714588,33.124668719974125,829.2183656756556,298.15
6566.0,70.87971108435966,1.0,132.45489284330617,34.11427607224163,680.881773337379,298.15
6567.0,70.87832206685805,1.0,134.6844883834049,32.952651468277544,1057.9577430800114,298.15
6568.0,70.87693304935642,1.0,131.87814176476098,33.00789740732391,475.78606601719474,298.15
6569.0,70.8755440318548,1.0,134.1417897607633,32.30050030933197,897.6255608151741,298.15
6570.0,70.87415501435318,1.0,134.21285530143928,29.54820934979302,664.2480303064133,298.15
6571.0,70.87276599685156,0.0,0.0,26.49348696525485,109.84724085795193,298.15
6572.0,70.87137697934995,0.0,3.5093059671169047,20.345951208204426,857.4735918157717,298.15
6573.0,70.86998796184832,1.0,129.9204191021514,32.070062339449116,783.5071467358673,298.15
6574.0,70.8685989443467,0.0,2.185577833954433,19.620296575086538,272.3573754303385,298.15
6575.0,70.86720992684508,1.0,130.17399613063787,26.036379436620788,601.4041723840855,298.15
6576.0,70.86582090934346,1.0,135.46385776029146,28.61103714510131,1238.259996666565,298.15
6577.0,70.86443189184183,1.0,138.71111137003786,27.310134084007018,3163.485270531926,298.15
6578.0,70.86304287434021,1.0,134.01216866032956,32.33717719354673,3089.2995025571286,298.15
6579.0,70.8616538568386,1.0,134.15380835910034,28.604454990181246,2624.84968326026,298.15
6580.0,70.86026483933698,1.0,136.46446063958555,28.57270427921934,3097.23339619782,298.15
6581.0,70.85887582183535,1.0,134.47145408464448,27.210790974156644,3544.556655488472,298.15
6582.0,70.85748680433373,1.0,139.83480190946017,29.37922382856259,2923.9393484756915,298.15
6583.0,70.85609778683211,1.0,136.20785416679323,27.477282138164146,2753.9249476976174,298.15
6584.0,70.8547087693305,1.0,135.23476305066774,30.78139852144418,3759.1260723526684,298.15
6585.0,70.85331975182888,1.0,134.95837096130393,29.12595099209757,3110.7859593161297,298.15
6586.0,70.85193073432725,1.0,134.2713066115797,27.090269436786887,2887.6554451754714,298.15
6587.0,70.85054171682563,1.0,135.24723299470492,29.79911518804274,3025.189585687915,298.15
6588.0,70.84915269932401,1.0,136.15654146226117,27.82713160350106,3089.4335939574803,298.15
6589.0,70.84776368182239,1.0,136.0797339214241,27.623367423525536,3361.4185713077536,298.15
6590.0,70.84637466432076,1.0,135.92324887863558,24.323467316242102,3264.690807099021,298.15
6591.0,70.84498564681915,1.0,142.74177941571253,26.966593973875437,2517.135826728597,298.15
6592.0,70.84359662931753,1.0,135.53758437269292,27.544583636692106,2981.4709251342747,298.15
6593.0,70.84220761181591,1.0,138.59162770333216,29.402299722394503,2743.4514964744812,298.15
6594.0,70.84081859431429,1.0,139.90467769955012,24.8575719584165,1632.4294525723976,298.15
6595.0,70.83942957681266,1.0,140.2451362369166,30.88539946288165,3464.693030419381,298.15
6596.0,70.83804055931105,1.0,138.85535603230082,27.092822104815372,2915.682035252318,298.15
6597.0,70.83665154180943,1.0,138.67268055383087,22.56619751093862,2776.661591050156,298.15
6598.0,70.83526252430781,1.0,140.5731700914586,23.72426209889253,2395.361722155701,298.15
6599.0,70.83387350680619,1.0,140.38365100633524,28.172604513718905,3605.925854791766,298.15
6600.0,70.83248448930456,1.0,139.3830441846817,27.569570456408023,2623.058269656281,298.15
6601.0,70.83109547180294,1.0,136.53022919975297,24.80178678619256,2778.927480103985,298.15
6602.0,70.82970645430132,1.0,139.38781439854583,24.838696296018767,2920.43513269398,298.15
6603.0,70.82831743679971,1.0,138.02226270506458,21.886326338419224,1989.2925980348566,298.15
6604.0,70.82692841929808,1.0,139.41554312129028,26.789368581832072,3641.5872434537805,298.15
6605.0,70.82553940179646,1.0,141.33521556968677,21.78154533158426,3837.027153474867,298.15
6606.0,70.82415038429484,1.0,142.36164247987455,25.334330030083258,3426.368499314071,298.15
6607.0,70.82276136679322,1.0,145.9995518466546,26.148456607092267,610.2780859198381,298.15
6608.0,70.82137234929161,1.0,140.72792578341642,23.219531892951103,80.5722006627094,298.15
6609.0,70.81998333178998,1.0,144.10410438842695,24.886390864879044,804.3625560117441,298.15
6610.0,70.81859431428836,1.0,143.23761679817778,26.472280576484348,1272.3208539108332,298.15
6611.0,70.81720529678674,1.0,145.84613795630747,22.97491530469607,540.677610870779,298.15
6612.0,70.81581627928512,1.0,144.38083224865235,21.826957397289053,547.5260600739837,298.15
6613.0,70.8144272617835,1.0,140.85451973450193,21.820015617220335,114.07082976255623,298.15
6614.0,70.81303824428187,1.0,139.40092606829978,20.19220545651058,0.0,298.15
6615.0,70.81164922678026,1.0,144.49599180334647,19.915971262395384,374.21650379972016,298.15
6616.0,70.81026020927864,1.0,142.74344318925466,22.184040931612145,1018.967721180587,298.15
6617.0,70.80887119177702,1.0,141.91448778429478,20.703044256999288,970.6636831020483,298.15
6618.0,70.80748217427539,1.0,141.4772142813337,21.49217036919619,477.09015697568213,298.15
6619.0,70.80609315677377,1.0,145.12729183269593,17.50991783105173,650.6566884670702,298.15
6620.0,70.80470413927216,1.0,148.58191494187105,20.173315694021387,73.25773926026528,298.15
6621.0,70.80331512177054,1.0,144.26179740596464,22.270339713112953,538.9580063284202,298.15
6622.0,70.80192610426892,1.0,146.88670887956715,17.60628048237071,316.3132333692341,298.15
6623.0,70.80053708676729,1.0,145.48115877667925,19.73203499296966,519.1490678909059,298.15
6624.0,70.79914806926567,1.0,142.89667222283342,15.644929021037896,403.80014046355257,298.15
6625.0,70.79775905176405,1.0,147.96230649338986,16.561551916266104,397.5470702159219,298.15
6626.0,70.79637003426242,1.0,143.84602942690347,20.71209704184409,848.9977695352572,298.15
6627.0,70.79498101676081,1.0,146.74731085583224,18.18803980654081,1187.8817637961415,298.15
6628.0,70.79359199925919,1.0,146.12310868511622,22.379265302871346,440.64661921052294,298.15
6629.0,70.79220298175757,1.0,149.30468906999187,19.29470829576251,996.8881656932485,298.15
6630.0,70.79081396425595,1.0,144.8954187322051,19.286805136467926,65.13083677559786,298.15
6631.0,70.78942494675432,1.0,148.5862504379332,15.756123867781,467.69259235799626,298.15
6632.0,70.78803592925271,1.0,145.89202633081212,16.977739127185256,2644.192832575999,298.15
6633.0,70.78664691175109,1.0,146.91202877654322,16.053869523915232,3004.7168943885354,298.15
6634.0,70.78525789424947,1.0,139.70505562658718,15.162268531314249,3559.9042102920766,298.15
6635.0,70.78386887674785,1.0,153.5851456943417,18.534690266364382,3121.716508779346,298.15
6636.0,70.78247985924622,0.0,1.3116729602060908,8.749424293434535,2690.7790312846196,298.15
6637.0,70.7810908417446,1.0,147.24001382318284,17.5892018085655,3622.3292936773523,298.15
6638.0,70.77970182424298,1.0,146.62094099904547,14.857257120441304,3657.941525655848,298.15
6639.0,70.77831280674137,1.0,148.35069226827875,17.058491204854924,3856.330269464002,298.15
6640.0,70.77692378923975,1.0,151.46960725287454,12.229998319546535,3518.06775893713,298.15
6641.0,70.77553477173812,1.0,145.4829461097749,18.728160777158326,2904.3814713787306,298.15
6642.0,70.7741457542365,1.0,149.88138555897905,13.123310100707254,2522.659402633953,298.15
6643.0,70.77275673673488,0.0,4.21846121235023,3.305537432187462,2961.7783524631427,298.15
6644.0,70.77136771923327,1.0,147.96967674487513,15.676932194634936,3187.047046613097,298.15
6645.0,70.76997870173165,1.0,151.08728512429883,15.680246840206777,2800.5724543963443,298.15
6646.0,70.76858968423002,0.0,5.249269848977515,4.929961444715596,3435.318669980738,298.15
6647.0,70.7672006667284,0.0,1.5060680376125735,2.6103423067416407,3193.5634158241787,298.15
6648.0,70.76581164922678,1.0,151.86209506333998,17.07425581044127,3083.4823454629704,298.15
6649.0,70.76442263172515,0.0,1.2070347296281445,1.0767008227571218,2271.3122208464056,298.15
6650.0,70.76303361422353,1.0,151.04495940516617,11.327701022499026,2554.4385396827934,298.15
6651.0,70.76164459672192,0.0,3.0963032404651387,4.006987993221903,3204.8775639300834,298.15
6652.0,70.7602555792203,1.0,151.48126543054025,11.45248624212973,4124.348014108926,298.15
6653.0,70.75886656171868,1.0,147.9792918658282,16.432518891712714,2645.734079552564,298.15
6654.0,70.75747754421705,1.0,151.9275839976811,11.31313885446097,2695.932481522519,298.15
6655.0,70.75608852671543,1.0,150.7681426256816,16.812054968929097,2662.3147746713166,298.15
6656.0,70.75469950921382,1.0,152.61146722477318,15.581745523581022,2160.727323413209,298.15
6657.0,70.7533104917122,1.0,152.87274691278716,15.8462211239992,3248.29539075878,298.15
6658.0,70.75192147421058,1.0,156.54992347231604,17.04804330987237,3542.4670578033797,298.15
6659.0,70.75053245670895,1.0,155.55924651925613,13.172616208033084,2387.727369997248,298.15
6660.0,70.74914343920733,1.0,154.73406224433404,10.771076665126511,2557.771895237558,298.15
6661.0,70.74775442170571,1.0,154.3023797114589,12.514852219836918,3951.6010741149776,298.15
6662.0,70.7463654042041,1.0,151.9877051945151,11.422577529961373,988.7062525368403,298.15
6663.0,70.74497638670248,0.0,0.0,0.9970962845639038,370.63295739134526,298.15
6664.0,70.74358736920085,0.0,0.269597780484901,2.6468728226922407,651.1143018520845,298.15
6665.0,70.74219835169923,0.0,1.8931909084181275,1.5661511023234078,14.285808123525555,298.15
6666.0,70.7408093341976,1.0,155.0400759701794,10.53416361592929,1269.4275118206779,298.15
6667.0,70.73942031669598,0.0,0.0,1.463316893859361,525.5204198041681,298.15
6668.0,70.73803129919438,1.0,156.78874649438671,12.990056954708384,705.1069512621314,298.15
6669.0,70.73664228169275,1.0,155.67295017896075,13.720288223258654,172.49167739323963,298.15
6670.0,70.73525326419113,1.0,160.07533150264635,8.321895878818076,2257.4767399301236,298.15
6671.0,70.7338642466895,0.0,2.9369104940160558,0.9029146368290815,3118.05089501846,298.15
6672.0,70.73247522918788,1.0,158.71510806515195,11.135458747027636,3512.3216533622126,298.15
6673.0,70.73108621168626,1.0,158.41669788039877,8.884857152675284,3055.5301159291134,298.15
6674.0,70.72969719418465,1.0,153.71816410682584,10.98626659872782,2393.92680447361,298.15
6675.0,70.72830817668303,0.0,1.579547654236521,1.447692011974473,3343.2070986603258,298.15
6676.0,70.7269191591814,0.0,0.8965768178319747,2.125706852394939,3361.588302580666,298.15
6677.0,70.72553014167978,1.0,158.7670205215982,11.127813745714057,2869.057229739234,298.15
6678.0,70.72414112417816,1.0,158.668863273383,9.065996546245348,3050.902851668924,298.15
6679.0,70.72275210667654,1.0,158.7450131633483,14.967287606055233,3464.9918188018382,298.15
6680.0,70.72136308917493,0.0,6.434672430786793,2.4478344589187806,3006.129078494132,298.15
6681.0,70.7199740716733,1.0,157.82115731609483,11.805494605809706,2683.082359837103,298.15
6682.0,70.71858505417168,0.0,2.230774604470675,2.6724320591975563,3130.225979848673,298.15
6683.0,70.71719603667006,1.0,157.2089962152073,11.037209642869453,3261.3663250284085,298.15
6684.0,70.71580701916844,0.0,1.8836620246998057,3.1298459503502793,2581.4174918057997,298.15
6685.0,70.71441800166681,1.0,160.88938335135725,10.531997089801447,3334.3499998422335,298.15
6686.0,70.7130289841652,1.0,159.67686895368334,10.364860312422532,2855.2768200929713,298.15
6687.0,70.71163996666358,1.0,162.94061341682942,11.624580998412174,2470.330276062904,298.15
6688.0,70.71025094916196,0.0,0.0,3.52378875280171,3706.319719396176,298.15
6689.0,70.70886193166034,1.0,158.10684111495243,13.348540588279143,3033.543352225751,298.15
6690.0,70.70747291415871,0.0,0.505984394190126,1.4100030474025607,3262.1629874310106,298.15
6691.0,70.70608389665709,1.0,161.66154313873452,11.217405310839736,3133.998379493888,298.15
6692.0,70.70469487915548,0.0,0.427481405305579,1.5568960266250553,3327.007035572287,298.15
6693.0,70.70330586165386,0.0,3.0632533367150256,2.1277180781259712,2894.2986059250616,298.15
6694.0,70.70191684415224,0.0,0.0,2.7508570449892216,2990.9389026168224,298.15
6695.0,70.70052782665061,0.0,0.0,0.0,3675.559629798132,298.15
6696.0,70.69913880914899,0.0,0.7340995693823706,2.7538364913305746,3628.5985860878422,298.15
6697.0,70.69774979164737,1.0,160.21354667973534,10.725571962264878,2704.068073871169,298.15
6698.0,70.69636077414576,0.0,1.293344285786153,1.352780823906974,3507.845753109195,298.15
6699.0,70.69497175664414,1.0,160.59252413011976,12.85813502715304,3557.347995627025,298.15
6700.0,70.69358273914251,0.0,0.0,1.5440669950485306,1535.2022878904415,298.15
6701.0,70.69219372164089,0.0,0.0,1.8950776387656194,602.0717711812331,298.15
6702.0,70.69080470413927,1.0,161.10009129686247,9.20253117785382,933.5032218411372,298.15
6703.0,70.68941568663766,1.0,160.42468092970742,13.113439864420489,808.957272923556,298.15
6704.0,70.68802666913604,0.0,0.0,1.4674804406723367,0.0,298.15
6705.0,70.68663765163441,0.0,0.0,0.30679915637675337,241.9332194920114,298.15
6706.0,70.68524863413279,0.0,2.0409596295812404,2.3423281665304505,346.08761230751304,298.15
6707.0,70.68385961663117,0.0,0.4622448472601551,5.4392479247472805,0.0,298.15
6708.0,70.68247059912954,0.0,5.376594170609237,0.0,3098.620976534966,298.15
6709.0,70.68108158162792,0.0,0.3828701482550255,0.0,2974.8296671749345,298.15
6710.0,70.67969256412631,1.0,160.61270200841028,15.734803141427996,2496.2755612590445,298.15
6711.0,70.67830354662469,1.0,168.38885475068028,11.10527513267081,2633.7196679967888,298.15
6712.0,70.67691452912307,0.0,0.9854431084734401,0.6601905878116648,3891.1983793001177,298.15
6713.0,70.67552551162144,0.0,2.358920272841303,0.07317260684176091,2561.0778212132705,298.15
6714.0,70.67413649411982,0.0,1.410654241945939,2.8589067573710283,2797.910161834422,298.15
6715.0,70.67274747661821,0.0,1.484291037522806,5.811512529892553,2961.3073587260424,298.15
6716.0,70.67135845911659,1.0,163.7709353760598,9.09640641582516,3353.8859611380067,298.15
6717.0,70.66996944161497,0.0,0.0,0.33140888014035175,2100.293887806355,298.15
6718.0,70.66858042411334,1.0,163.54065152753904,9.870693699670655,2424.301000863332,298.15
6719.0,70.66719140661172,0.0,0.0,2.1778281125212837,2564.3564517938185,298.15
6720.0,70.6658023891101,0.0,0.0,3.2606583958723196,3102.898237398552,298.15
6721.0,70.66441337160848,1.0,161.1730224259659,14.158947546679903,3574.794100252588,298.15
6722.0,70.66302435410687,0.0,0.8516539324110329,2.471481567969076,3353.4582788469743,298.15
6723.0,70.66163533660524,0.0,0.7960382256543499,6.175427182564909,3239.5566434588936,298.15
6724.0,70.66024631910362,0.0,1.146304800107131,0.0,2473.9480077597636,298.15
6725.0,70.658857301602,1.0,163.86668881782407,9.416935326089737,3247.742068474139,298.15
6726.0,70.65746828410037,0.0,0.0,4.27059758838876,2541.608854755433,298.15
6727.0,70.65607926659877,1.0,162.68539562041443,11.58282705769332,3973.1170787425403,298.15
6728.0,70.65469024909714,0.0,2.1927954865587544,0.0,2189.882148162843,298.15
6729.0,70.65330123159552,0.0,2.5441124168436753,0.8763310253600766,2411.381599533467,298.15
6730.0,70.6519122140939,0.0,0.0,2.163310699837411,3646.4806121862393,298.15
6731.0,70.65052319659227,0.0,0.0,0.40781618139476783,3077.281258612564,298.15
6732.0,70.64913417909065,0.0,0.0,0.0,3556.7863967921535,298.15
6733.0,70.64774516158903,0.0,2.4901521376115365,1.541388618100218,3259.406113341641,298.15
6734.0,70.64635614408742,1.0,166.55830224837587,9.888636723708002,3676.594550635754,298.15
6735.0,70.6449671265858,0.0,0.0,3.523119298773506,2756.6001348077098,298.15
6736.0,70.64357810908417,0.0,0.7321483858992428,0.0,2747.2818909014027,298.15
6737.0,70.64218909158255,1.0,168.14838442153638,12.64978450929487,3016.945168960999,298.15
6738.0,70.64080007408093,0.0,0.9894577695406651,3.6675413601735336,655.1815114523837,298.15
6739.0,70.63941105657932,0.0,3.386656875816452,2.540618909581667,922.4599246900565,298.15
6740.0,70.6380220390777,0.0,2.3794135692608553,5.1242748536735485,225.05126672029468,298.15
6741.0,70.63663302157607,1.0,161.7249865646307,10.171983097702386,330.15794521247284,298.15
6742.0,70.63524400407445,0.0,0.0,1.6986266801315226,412.2075255118769,298.15
6743.0,70.63385498657283,0.0,0.08280071815184022,2.6114111701460665,405.17936111530065,298.15
6744.0,70.6324659690712,0.0,0.2480923246594573,4.915397454507108,1023.8633049687055,298.15
6745.0,70.63107695156958,0.0,2.1831055776726984,4.045533324862585,463.5565912982723,298.15
6746.0,70.62968793406797,0.0,0.9736699693764466,8.178353906170422,553.6082581672304,298.15
6747.0,70.62829891656635,1.0,156.9928130001755,12.240093501964218,819.2552977319887,298.15
6748.0,70.62690989906473,0.0,0.0,1.1822352003345284,1057.2929692541334,298.15
6749.0,70.6255208815631,0.0,0.0,7.925887411055088,487.67232330570783,298.15
6750.0,70.62413186406148,0.0,0.4177984702632665,1.4360255682629317,941.0432004650988,298.15
6751.0,70.62274284655987,0.0,0.5729491870188531,5.973097481101188,1140.193298088821,298.15
6752.0,70.62135382905825,0.0,0.6747685801686597,2.709027422364557,461.3525162384578,298.15
6753.0,70.61996481155663,0.0,0.0,0.627837831832692,302.58051321224355,298.15
6754.0,70.618575794055,1.0,165.5850605877089,14.30569944185838,1266.0401625314275,298.15
6755.0,70.61718677655338,0.0,1.7064577576103435,7.117412438233863,892.6691958135862,298.15
6756.0,70.61579775905176,0.0,0.0,2.913420317019821,504.3749974405672,298.15
6757.0,70.61440874155014,0.0,0.0,6.8120626106727045,727.6549587334068,298.15
6758.0,70.61301972404853,1.0,163.91551488647266,17.383120159353844,133.98761239581313,298.15
6759.0,70.6116307065469,0.0,4.268827107145012,3.3653014961308916,888.5840088466016,298.15
6760.0,70.61024168904528,0.0,4.049547760308004,5.712472374257569,0.0,298.15
6761.0,70.60885267154366,0.0,1.3422812813714253,9.634501236386566,875.0021247758951,298.15
6762.0,70.60746365404204,0.0,0.0,7.913427893591264,2944.8067851401615,298.15
6763.0,70.60607463654043,0.0,2.11285603186761,6.224191545373705,2698.436759601793,298.15
6764.0,70.6046856190388,0.0,0.0,7.820952309810454,2626.383340597173,298.15
6765.0,70.60329660153718,1.0,161.8759749925797,15.746183791142446,2498.865548149105,298.15
6766.0,70.60190758403556,1.0,158.55601658070066,19.666222739013975,3285.767140073024,298.15
6767.0,70.60051856653394,0.0,0.24392020728845962,9.869063599629504,2096.8521254084576,298.15
6768.0,70.59912954903231,1.0,162.0742681582535,18.023589502969617,2872.0218339407993,298.15
6769.0,70.59774053153069,0.0,0.22974031172516673,8.457888232799599,2813.3463256158675,298.15
6770.0,70.59635151402908,0.0,0.0,6.125777333177389,2941.341830201996,298.15
6771.0,70.59496249652746,1.0,163.82660540941916,15.606453459104982,3545.305860051135,298.15
6772.0,70.59357347902584,0.0,0.0,7.834924414092094,2880.1606785348245,298.15
6773.0,70.59218446152421,0.0,2.5919604811924617,8.646638235392983,2958.940741252901,298.15
6774.0,70.59079544402259,0.0,1.243378439482181,11.239075251283305,3201.9157246375707,298.15
6775.0,70.58940642652098,0.0,0.0,11.16627001908851,2589.193014511625,298.15
6776.0,70.58801740901936,0.0,1.340650495220592,9.86015390731792,3768.7867056306136,298.15
6777.0,70.58662839151773,0.0,0.0,12.158545047863743,2411.5668402351057,298.15
6778.0,70.58523937401611,1.0,163.14809880332496,17.968885040441243,3242.8491806290353,298.15
6779.0,70.58385035651449,0.0,1.8935073805550446,12.36793446756727,3039.95387784758,298.15
6780.0,70.58246133901287,0.0,0.0,8.731046032365526,2943.73837129976,298.15
6781.0,70.58107232151124,0.0,0.0,13.151660056709462,3284.9412685001353,298.15
6782.0,70.57968330400963,0.0,0.0,10.787548243985885,2737.080237526631,298.15
6783.0,70.57829428650801,0.0,0.0,6.911741732586243,3433.8981286105072,298.15
6784.0,70.57690526900639,0.0,3.4714685290006724,12.778778379148525,3379.9142220127032,298.15
6785.0,70.57551625150477,1.0,159.7282948677995,23.171530694344185,2953.341157674576,298.15
6786.0,70.57412723400314,1.0,160.83475640627583,20.784168047913603,3580.1279992962463,298.15
6787.0,70.57273821650153,1.0,157.6564367608671,21.190852022530898,3643.4350433224913,298.15
6788.0,70.57134919899991,1.0,165.7228942178866,21.859523824030525,2861.269567242579,298.15
6789.0,70.56996018149829,0.0,0.0,8.442059906786316,2983.2516964360807,298.15
6790.0,70.56857116399667,1.0,160.88060484644882,17.765940220708515,2832.5167073467787,298.15
6791.0,70.56718214649504,0.0,0.0,15.576748881523946,2828.1094115592714,298.15
6792.0,70.56579312899342,0.0,1.5157984264813082,11.416775712096598,0.0,298.15
6793.0,70.5644041114918,0.0,0.8275750546239407,17.188541394186572,338.31967873043243,298.15
6794.0,70.56301509399019,0.0,6.308444990148926,16.420792800687334,8.082981495646152,298.15
6795.0,70.56162607648857,0.0,1.0814783993906896,17.06227410159416,533.9938088499296,298.15
6796.0,70.56023705898694,1.0,160.16046311561144,22.714070612896236,321.5518452146418,298.15
6797.0,70.55884804148532,0.0,0.0,10.969076267627074,119.78615557985694,298.15
6798.0,70.5574590239837,0.0,0.0,12.28241390569854,2648.1210727405232,298.15
6799.0,70.55607000648209,0.0,0.0,13.841634460738607,2405.337368771046,298.15
6800.0,70.55468098898046,0.0,0.0949743794494402,10.09488573178761,2680.3862377044816,298.15
6801.0,70.55329197147884,0.0,1.8665715911027514,14.252975293693032,3597.183327169394,298.15
6802.0,70.55190295397722,0.0,0.0,15.054322781532612,3004.7447487843597,298.15
6803.0,70.5505139364756,0.0,0.0,13.031220378444779,2775.416551496936,298.15
6804.0,70.54912491897397,0.0,3.611659646791523,13.791329240805924,3202.541611286196,298.15
6805.0,70.54773590147235,1.0,156.72957247298834,25.72094197389914,2552.360696743625,298.15
6806.0,70.54634688397074,1.0,155.06364116076466,27.148016211942668,3380.6117357391618,298.15
6807.0,70.54495786646912,0.0,0.0,14.804816185337575,2814.5177470657295,298.15
6808.0,70.5435688489675,0.0,0.0,17.48404135077574,3263.6268939949186,298.15
6809.0,70.54217983146587,0.0,0.9201633012088494,17.396358904091805,2617.6592286276295,298.15
6810.0,70.54079081396425,1.0,158.55704834801722,27.44342310014145,3308.7614774737094,298.15
6811.0,70.53940179646264,0.0,0.0,16.231319904864474,2088.050033673136,298.15
6812.0,70.53801277896102,0.0,2.7468050889345186,15.05482163149843,3661.601059576866,298.15
6813.0,70.5366237614594,1.0,157.3166513205529,31.548124346583364,2905.4135414293496,298.15
6814.0,70.53523474395777,0.0,1.8466097918517794,19.574897571611345,2459.6195176348747,298.15
6815.0,70.53384572645615,0.0,3.6006471477555593,20.580378787433308,3886.2741011197054,298.15
6816.0,70.53245670895453,0.0,0.0,18.55749813849373,3057.354954950885,298.15
6817.0,70.5310676914529,1.0,160.08702290939343,28.61907946039434,3048.80349764068,298.15
6818.0,70.5296786739513,1.0,157.5917628667865,30.19898746032479,3055.3004596019205,298.15
6819.0,70.52828965644967,1.0,160.20428090092258,25.61857586378127,3594.8554572249896,298.15
6820.0,70.52690063894805,0.0,0.0,17.33145199683716,3309.7657874756865,298.15
6821.0,70.52551162144643,1.0,153.74598363998234,28.209878788958388,2710.3465092730225,298.15
6822.0,70.5241226039448,1.0,156.56307228881025,29.141547351459145,2450.4751847460034,298.15
6823.0,70.5227335864432,1.0,155.20442883055844,28.483922012509897,2857.619299814071,298.15
6824.0,70.52134456894157,0.0,0.0,21.209731313404077,2852.4154016697066,298.15
6825.0,70.51995555143995,1.0,156.44755220211243,30.90859085285409,2375.702796693936,298.15
6826.0,70.51856653393833,0.0,1.7153944022537257,23.836063322913333,2679.8538793207963,298.15
6827.0,70.5171775164367,0.0,0.0,26.285609073990056,2934.9373966180724,298.15
6828.0,70.51578849893508,1.0,154.46632426436756,28.776565016013702,383.61470886737663,298.15
6829.0,70.51439948143346,0.0,0.0,21.903545602116715,1004.9940259423278,298.15
6830.0,70.51301046393185,1.0,154.2266863427361,32.11063792695763,3247.0726924701144,298.15
6831.0,70.51162144643023,0.0,0.0,21.989601907122683,2791.399660012476,298.15
6832.0,70.5102324289286,1.0,151.83916670287144,29.984133438091295,2821.352709515296,298.15
6833.0,70.50884341142698,1.0,155.6565124661354,30.536168787445934,2579.5948888728926,298.15
6834.0,70.50745439392536,1.0,153.9432642939878,33.13250402043982,2862.1695632851506,298.15
6835.0,70.50606537642375,0.0,2.3021083174266086,20.883579921075828,2579.097107340542,298.15
6836.0,70.50467635892213,0.0,0.0,23.366593495306283,2762.1768056176925,298.15
6837.0,70.5032873414205,1.0,153.41828370473874,32.72700050232129,2970.4376860624134,298.15
6838.0,70.50189832391888,0.0,4.319156183346054,23.724036567177514,2662.4717910005365,298.15
6839.0,70.50050930641726,1.0,152.0708267019981,31.654747937960337,2817.456100667312,298.15
6840.0,70.49912028891563,1.0,153.5433180119313,34.14224437951602,3115.7946907420387,298.15
6841.0,70.49773127141403,0.0,0.0,22.18550490133583,2536.076177501275,298.15
6842.0,70.4963422539124,0.0,0.0,24.525739821131754,2855.5474238469274,298.15
6843.0,70.49495323641078,0.0,3.686387104649517,27.146973201062163,2765.93876767709,298.15
6844.0,70.49356421890916,1.0,153.6888897847723,35.10077479993927,2881.189406593398,298.15
6845.0,70.49217520140753,0.0,0.3184828071602846,25.406979120837477,2441.114751144163,298.15
6846.0,70.49078618390591,1.0,148.81845879224593,36.60872278388995,2733.6734589016614,298.15
6847.0,70.4893971664043,1.0,153.50162159691186,32.19424053918997,2601.25354933875,298.15
6848.0,70.48800814890268,1.0,155.1901451877413,38.82096282676782,3680.00241552057,298.15
6849.0,70.48661913140106,0.0,2.738568691390596,23.256943817857472,2583.254773096832,298.15
6850.0,70.48523011389943,0.0,1.592268798035998,27.424730679212047,3075.408669862523,298.15
6851.0,70.48384109639781,1.0,149.09075005360563,37.315646756775145,2912.500263633717,298.15
6852.0,70.48245207889619,1.0,152.3080882649918,34.069885196366634,2645.0832049776236,298.15
6853.0,70.48106306139458,1.0,152.9317044430145,38.17968460476314,3192.9632458352994,298.15
6854.0,70.47967404389296,0.0,0.0,27.280571282593765,2209.9536432219293,298.15
6855.0,70.47828502639133,1.0,148.2243822912753,40.31239534514369,2352.626776028425,298.15
6856.0,70.47689600888971,1.0,152.78723244604154,36.9573838719553,2711.817839160336,298.15
6857.0,70.47550699138809,1.0,152.53267941087842,36.48211312431128,3092.449272348318,298.15
6858.0,70.47411797388646,1.0,146.52928529936304,35.78838730154361,3145.588295444948,298.15
6859.0,70.47272895638486,1.0,151.88483586187965,33.392012806278494,2502.9744503304732,298.15
6860.0,70.47133993888323,0.0,0.22705534020581206,26.47752568410792,721.4573740489245,298.15
6861.0,70.46995092138161,1.0,151.39226216687715,36.70200465427833,1090.796478969445,298.15
6862.0,70.46856190387999,1.0,147.78866036642435,37.947844054030156,458.1751431221643,298.15
6863.0,70.46717288637836,0.0,1.5371157754039624,24.595767120420412,533.2030799623515,298.15
6864.0,70.46578386887674,1.0,150.84536697569786,37.170916051223394,285.7360240920289,298.15
6865.0,70.46439485137513,1.0,147.76379376832475,38.98062872204443,362.71296435821347,298.15
6866.0,70.46300583387351,1.0,148.40802364406957,39.30730882879459,937.2449575299261,298.15
6867.0,70.46161681637189,1.0,146.58464138397568,34.1855102756712,940.8564624085549,298.15
6868.0,70.46022779887026,1.0,151.8277425218866,39.60463800791316,429.5742909146235,298.15
6869.0,70.45883878136864,1.0,147.3684818481066,37.74685270237695,671.7150947237351,298.15
6870.0,70.45744976386702,1.0,145.2197333634558,37.98270778805482,822.3985173764388,298.15
6871.0,70.45606074636541,0.0,0.0,23.58331066549041,343.60335536080163,298.15
6872.0,70.45467172886379,1.0,147.23878742198156,41.659396110195594,42.59378485368035,298.15
6873.0,70.45328271136216,1.0,148.49055847348575,39.0364662524226,741.4367146289985,298.15
6874.0,70.45189369386054,1.0,143.27153843507406,35.601017566663465,813.9678966136895,298.15
6875.0,70.45050467635892,1.0,150.61360994330815,39.63367905760313,762.4416989087574,298.15
6876.0,70.4491156588573,1.0,146.70395995888487,39.65863319171152,368.9509792278445,298.15
6877.0,70.44772664135569,1.0,146.83610982481267,41.55847810890822,1033.4834038318984,298.15
6878.0,70.44633762385406,1.0,145.24887190189298,38.47313072800678,599.5663111437941,298.15
6879.0,70.44494860635244,1.0,145.28132127115546,39.216074479713846,98.04634018268194,298.15
6880.0,70.44355958885082,1.0,144.63660379592406,37.93725925212075,2712.6982467087137,298.15
6881.0,70.4421705713492,1.0,147.1686215792513,40.57276642211811,2690.2101799520515,298.15
6882.0,70.44078155384759,1.0,144.47826210710403,37.785046821555014,3081.8010688017644,298.15
6883.0,70.43939253634596,1.0,146.0774906040635,37.62268217295352,2418.550609382428,298.15
6884.0,70.43800351884434,1.0,142.96883099586884,39.38861995041804,3806.0950636426387,298.15
6885.0,70.43661450134272,1.0,144.22053043858733,37.051870000127714,3175.2382434836904,298.15
6886.0,70.4352254838411,1.0,141.5906947120707,42.95011930502869,2914.428146930111,298.15
6887.0,70.43383646633947,1.0,146.1554883228412,43.67171696457222,2433.7481629804597,298.15
6888.0,70.43244744883785,1.0,141.02163861868317,38.79680525289458,3209.9328051483317,298.15
6889.0,70.43105843133624,1.0,141.9842451638327,36.91075343525039,2903.0755575737167,298.15
6890.0,70.42966941383462,1.0,141.75830648719787,40.511010987850355,4055.81108441251,298.15
6891.0,70.428280396333,1.0,141.4153289389691,38.85392038370185,2447.1226400321234,298.15
6892.0,70.42689137883137,1.0,143.72957644288348,42.30961239381814,3906.4134727507408,298.15
6893.0,70.42550236132975,1.0,141.00329624722306,38.282498933177806,2503.369614353511,298.15
6894.0,70.42411334382814,1.0,144.82792441075398,41.05885763118024,3197.5366490681745,298.15
6895.0,70.42272432632652,1.0,139.30608906871316,40.18936786733037,2609.7679604767054,298.15
6896.0,70.4213353088249,1.0,141.40854861070395,38.572668570876615,3424.378336100119,298.15
6897.0,70.41994629132327,1.0,138.90558886657595,40.47949555698483,2407.551347160086,298.15
6898.0,70.41855727382165,1.0,141.5055636090907,41.80839505088186,3384.395187732085,298.15
6899.0,70.41716825632002,1.0,140.21332343244003,40.177652509665144,2319.214169074426,298.15
6900.0,70.4157792388184,1.0,139.63057282715323,40.201072990273,3835.034851417667,298.15
6901.0,70.4143902213168,1.0,142.58015633349694,38.194235443099934,2562.296077832728,298.15
6902.0,70.41300120381517,1.0,137.9384468012531,42.35750021093192,3354.55365210294,298.15
6903.0,70.41161218631355,1.0,140.64348332326077,42.1422711538103,2167.1374623225242,298.15
6904.0,70.41022316881192,1.0,137.16297772807337,39.121835906992594,2255.063731973974,298.15
6905.0,70.4088341513103,1.0,139.0124036178451,39.696874173350686,3040.6048056714344,298.15
6906.0,70.4074451338087,1.0,135.64463214034217,42.85641408532337,3611.5943287732657,298.15
6907.0,70.40605611630707,1.0,136.66387098372155,37.566491381140544,3422.2547930803707,298.15
6908.0,70.40466709880545,1.0,137.79603027063652,41.130695100449636,3804.0763137554,298.15
6909.0,70.40327808130382,1.0,142.06470676008868,38.69578295428235,2127.3967728180132,298.15
6910.0,70.4018890638022,1.0,137.73147680561456,43.490348661228026,677.5355974583644,298.15
6911.0,70.40050004630058,1.0,141.18366869644413,39.907774880957504,303.8908312530434,298.15
6912.0,70.39911102879896,1.0,137.516911058727,42.339324435182384,216.95412318927492,298.15
6913.0,70.39772201129735,1.0,135.8206183907337,38.114791319294135,311.8311356917521,298.15
6914.0,70.39633299379572,1.0,140.1614433350555,37.05822760992916,459.2060982676778,298.15
6915.0,70.3949439762941,1.0,137.2867443579632,39.10136921303526,731.5368051889081,298.15
6916.0,70.39355495879248,1.0,134.46629965697468,40.071675208437746,893.2727452759727,298.15
6917.0,70.39216594129086,1.0,136.87107800540613,38.412754554091975,682.5102413011867,298.15
6918.0,70.39077692378925,1.0,134.8057568343998,40.97171439342358,721.8088218316703,298.15
6919.0,70.38938790628762,1.0,130.51745438402418,38.9029523015431,1138.5396470256037,298.15
6920.0,70.387998888786,1.0,137.24002628610887,34.96382549211673,744.156175765377,298.15
6921.0,70.38660987128438,1.0,137.37318505429943,40.33386084533415,425.10240987455427,298.15
6922.0,70.38522085378276,1.0,138.89837941832644,37.289138179287264,703.5372064719056,298.15
6923.0,70.38383183628113,1.0,135.280932180746,38.284292244505146,1098.1184735978163,298.15
6924.0,70.38244281877951,1.0,133.43887222080235,42.156739392528046,195.1482790889483,298.15
6925.0,70.3810538012779,1.0,135.77766134883808,42.52233218265359,349.0604199014783,298.15
6926.0,70.37966478377628,1.0,135.57057666679623,37.576859713209615,1007.9204030618498,298.15
6927.0,70.37827576627465,1.0,137.20733228076003,39.86524851702844,398.25922483997977,298.15
6928.0,70.37688674877303,1.0,132.95691390659775,37.43093623372968,767.6993941015298,298.15
6929.0,70.37549773127141,1.0,132.4285377850327,37.8774896887265,3134.5842298199013,298.15
6930.0,70.3741087137698,1.0,130.87884515741703,37.113049824736066,2175.558698281131,298.15
6931.0,70.37271969626818,1.0,133.62545175436264,34.69252152227388,2744.0456198431148,298.15
6932.0,70.37133067876655,1.0,128.41854841623055,38.3410652658602,3315.7639003571603,298.15
6933.0,70.36994166126493,1.0,133.7192772958822,38.62506788022214,3261.9709101602457,298.15
6934.0,70.36855264376331,0.0,1.4004862865911238,26.52426920516703,2261.8589569242818,298.15
6935.0,70.36716362626169,1.0,132.79306822231464,40.03790677852423,2383.8396477403558,298.15
6936.0,70.36577460876006,1.0,131.4943250976753,36.763605678271034,3698.935375684971,298.15
6937.0,70.36438559125845,1.0,134.58406123174072,36.22008798029237,3320.29118493189,298.15
6938.0,70.36299657375683,1.0,132.77710453250324,38.494412558785946,3186.3407577180596,298.15
6939.0,70.36160755625521,1.0,129.0221211187545,34.083750633582184,3336.937169831187,298.15
6940.0,70.36021853875359,1.0,128.83463244215494,39.00922615133439,2427.0754204185273,298.15
6941.0,70.35882952125196,0.0,0.0,26.164045809588167,2819.953125687456,298.15
6942.0,70.35744050375035,1.0,131.09470057235072,38.89703294464171,3087.2247048677123,298.15
6943.0,70.35605148624873,1.0,127.1716751933924,39.36883107281187,3725.600118883379,298.15
6944.0,70.35466246874711,1.0,131.90988054843655,37.88080096944213,3252.6039738004397,298.15
6945.0,70.35327345124549,1.0,132.25614238996988,34.72786098027073,2784.063616567714,298.15
6946.0,70.35188443374386,1.0,126.78668508942911,33.66638221555467,3448.4873954054865,298.15
6947.0,70.35049541624224,1.0,128.21672201021417,33.1304506847746,3121.6765180616003,298.15
6948.0,70.34910639874062,0.0,0.039598614648720484,28.214082437559824,2780.951646030485,298.15
6949.0,70.34771738123901,1.0,130.32435333896115,35.493282604917184,3058.7683481669446,298.15
6950.0,70.34632836373738,1.0,131.83417601997678,34.368099042102195,3708.918420744409,298.15
6951.0,70.34493934623576,1.0,123.7674089700937,35.165697709380105,2932.022410889592,298.15
6952.0,70.34355032873414,1.0,126.80930293621485,37.501690535807676,3176.279579706601,298.15
6953.0,70.34216131123252,1.0,126.71929011031924,36.704727470127814,3652.241665819573,298.15
6954.0,70.34077229373091,0.0,0.0,25.82600523983024,2668.0628028134647,298.15
6955.0,70.33938327622928,1.0,125.77291403160672,36.06013670401509,3305.970399547394,298.15
6956.0,70.33799425872766,1.0,127.73773984843977,34.9337494128419,2045.1479494544321,298.15
6957.0,70.33660524122604,1.0,125.84606109035585,35.00306277697724,3468.971373657598,298.15
6958.0,70.33521622372442,1.0,122.6228956125714,34.650432213105155,3476.4053431160023,298.15
6959.0,70.3338272062228,0.0,6.847350992427921,24.006176794249765,0.0,298.15
6960.0,70.33243818872117,1.0,126.52730872094807,35.373890991320565,0.0,298.15
6961.0,70.33104917121956,1.0,125.95670839617945,34.37179537089044,768.7675713557447,298.15
6962.0,70.32966015371794,0.0,0.0,21.610943174784726,582.7214944581316,298.15
6963.0,70.32827113621632,1.0,125.9113494428864,34.32844727308651,3245.050241184358,298.15
6964.0,70.32688211871469,1.0,124.70122256242071,33.548424981695874,2898.3200837923605,298.15
6965.0,70.32549310121307,1.0,120.39700282758035,34.101179531213575,2041.8649593203777,298.15
6966.0,70.32410408371146,0.0,0.0,22.420240983874667,3200.985072382463,298.15
6967.0,70.32271506620984,1.0,126.40288495767008,34.109626997218555,3783.410686062522,298.15
6968.0,70.32132604870822,0.0,4.631519891283936,22.09938273444854,2615.9787829337974,298.15
6969.0,70.31993703120659,1.0,125.0032675148815,33.515099284676836,2985.292405422568,298.15
6970.0,70.31854801370497,1.0,126.5689033899222,30.866398498033313,2014.3999935432712,298.15
6971.0,70.31715899620335,1.0,123.3838978899956,30.798690788987297,2728.29340258253,298.15
6972.0,70.31576997870172,1.0,123.36467777796695,32.63104274598504,3217.7961938953313,298.15
6973.0,70.31438096120011,1.0,125.98776402850349,30.486988925820242,2596.986957779383,298.15
6974.0,70.31299194369849,1.0,127.16955933873629,35.516244406944715,2893.313713670466,298.15
6975.0,70.31160292619687,1.0,126.12923174992605,31.911009355372865,3220.3191877054333,298.15
6976.0,70.31021390869525,0.0,0.0,20.57338144378276,2345.117695755856,298.15
6977.0,70.30882489119362,0.0,0.0,21.996736095467725,2629.127616505923,298.15
6978.0,70.30743587369201,0.0,0.6611879765978297,19.087573608170658,2791.086444319326,298.15
6979.0,70.30604685619039,1.0,121.71500080737567,31.76649616139075,2499.841928174202,298.15
6980.0,70.30465783868877,1.0,123.08857440347424,31.485573481028364,2450.237674806244,298.15
6981.0,70.30326882118715,1.0,123.95231546063515,32.001474067165816,3069.1212052876936,298.15
6982.0,70.30187980368552,0.0,2.389141535496187,18.2737785944068,2402.6720346678703,298.15
6983.0,70.3004907861839,0.0,4.016497043704356,16.43088725884536,2682.4575083890722,298.15
6984.0,70.29910176868228,0.0,0.0,17.469249061520923,3519.548887054562,298.15
6985.0,70.29771275118067,1.0,118.09875959094904,27.919591904362502,3192.932201803048,298.15
6986.0,70.29632373367905,1.0,122.04483211887538,31.718028005597343,2875.950645883213,298.15
6987.0,70.29493471617742,1.0,125.52436048885008,32.57857410758742,3047.0127900110956,298.15
6988.0,70.2935456986758,1.0,119.74691204658097,28.523085641403068,2814.956121282542,298.15
6989.0,70.29215668117418,1.0,122.3687574238531,27.59834549976433,3062.4349395549007,298.15
6990.0,70.29076766367257,0.0,1.657577788511035,16.623309328210397,2375.2329488440882,298.15
6991.0,70.28937864617095,1.0,120.89303351986466,28.81803125660133,2401.398197694806,298.15
6992.0,70.28798962866932,1.0,120.30891676477769,31.403472006430736,2101.8173457149596,298.15
6993.0,70.2866006111677,1.0,117.9500446617987,30.33710388794953,1127.6401322871197,298.15
6994.0,70.28521159366608,0.0,0.0,18.763653768906156,344.02615315905507,298.15
6995.0,70.28382257616445,0.0,0.0,18.49858635254029,707.3742257521878,298.15
6996.0,70.28243355866283,0.0,0.0,17.662119022658572,570.773792963728,298.15
6997.0,70.28104454116122,0.0,2.6145518822544576,15.608854001986732,819.6319789048267,298.15
6998.0,70.2796555236596,1.0,119.22556056706641,23.94882532843543,477.3950278096624,298.15
6999.0,70.27826650615798,0.0,0.0,15.192590120605267,34.86678308111851,298.15
7000.0,70.27687748865635,1.0,117.09266431579024,25.87291338877568,2205.7996016806046,298.15
7001.0,70.27548847115473,1.0,120.65567390381376,21.759944324842156,2641.7049357103365,298.15
7002.0,70.27409945365312,0.0,3.2362145661537607,14.21271211559553,2357.6651044597447,298.15
7003.0,70.2727104361515,0.0,2.5335797228640966,12.586323422764213,2506.952505420415,298.15
7004.0,70.27132141864988,1.0,120.1752339044241,26.15360168829769,2914.8112760340787,298.15
7005.0,70.26993240114825,1.0,115.10027359597319,22.68694773510637,2877.9021497700633,298.15
7006.0,70.26854338364663,0.0,0.0,14.266758101192664,2572.388103294826,298.15
7007.0,70.26715436614501,1.0,123.03169947912228,21.90714709484669,3492.048625043136,298.15
7008.0,70.26576534864338,1.0,120.95713882831556,26.422209307100232,2924.3477607503114,298.15
7009.0,70.26437633114178,1.0,114.51531276257626,19.371268897109985,2537.933271498026,298.15
7010.0,70.26298731364015,1.0,117.94246751638649,23.636974588462582,2219.052179681253,298.15
7011.0,70.26159829613853,0.0,0.8650629346720387,9.781161118501895,1859.3233679069922,298.15
7012.0,70.2602092786369,1.0,116.05948187581555,21.13656514935109,3308.5059703144066,298.15
7013.0,70.25882026113528,1.0,112.27754873426154,22.38434793998972,2579.713584195566,298.15
7014.0,70.25743124363368,0.0,0.23544309396092097,12.255636532112618,3174.7207375168655,298.15
7015.0,70.25604222613205,0.0,0.0,11.972180137247948,3378.1622476348725,298.15
7016.0,70.25465320863043,1.0,115.63777050040005,21.583294685569246,3243.004395622531,298.15
7017.0,70.2532641911288,1.0,116.5738542263293,19.715307249265816,2406.2839846148972,298.15
7018.0,70.25187517362718,0.0,0.0,10.476059494782907,2664.969705591401,298.15
7019.0,70.25048615612556,0.0,0.0,10.654777946436338,3341.51032744161,298.15
7020.0,70.24909713862395,0.0,0.0,10.768526082195486,2126.267700337807,298.15
7021.0,70.24770812112233,0.0,0.0,10.005486920176104,2295.2449787538926,298.15
7022.0,70.2463191036207,0.0,0.0,11.426886509025785,3841.180737187982,298.15
7023.0,70.24493008611908,0.0,0.7410342278622275,9.890894375506404,2369.746759831413,298.15
7024.0,70.24354106861746,0.0,0.0,9.894242658734468,2178.3259861347706,298.15
7025.0,70.24215205111584,0.0,0.0,8.468862799800663,2673.9893180955546,298.15
7026.0,70.24076303361423,1.0,118.94391684000507,16.86754009548876,3186.2559432597127,298.15
7027.0,70.2393740161126,0.0,0.0,9.14563960164664,2723.730760258614,298.15
7028.0,70.23798499861098,0.0,1.7068573111746679,11.108922718499896,2834.6881691946214,298.15
7029.0,70.23659598110936,1.0,119.33147016532477,19.31830785886175,2726.4226454536238,298.15
7030.0,70.23520696360774,0.0,0.0,6.500503637629312,483.1277885644594,298.15
7031.0,70.23381794610611,0.0,0.0,9.664999717232465,812.3508833828319,298.15
7032.0,70.2324289286045,0.0,0.0,7.081057556317309,782.9282397590896,298.15
7033.0,70.23103991110288,0.0,0.0,9.045203876502903,227.5793479773278,298.15
7034.0,70.22965089360126,0.0,0.0,6.602132347428613,313.9689551859217,298.15
7035.0,70.22826187609964,0.0,0.0,7.892753598689167,1236.5542280004847,298.15
7036.0,70.22687285859801,0.0,4.585826245701661,5.890940894932862,848.7475419124609,298.15
7037.0,70.22548384109639,0.0,0.6814176313065391,5.745591264638306,411.81170340450836,298.15
7038.0,70.22409482359478,0.0,0.0,3.331510857744864,0.0,298.15
7039.0,70.22270580609316,0.0,3.4911894790338525,7.433304007620917,339.2910988590319,298.15
7040.0,70.22131678859154,0.0,0.0,6.948307010840694,35.33953030705243,298.15
7041.0,70.21992777108991,0.0,0.0,6.875090537924529,197.83801642545512,298.15
7042.0,70.21853875358829,0.0,0.0,6.375461675352246,161.88376974140834,298.15
7043.0,70.21714973608667,0.0,4.290895534241378,4.045902262015957,419.01724292777953,298.15
7044.0,70.21576071858506,0.0,0.7917977649371007,7.43501083729073,524.4339387203933,298.15
7045.0,70.21437170108344,0.0,1.5709901121683958,7.310207009923063,243.75717167188856,298.15
7046.0,70.21298268358181,0.0,0.7171196219304454,3.4511519555583874,52.47177058012903,298.15
7047.0,70.21159366608019,1.0,117.37881409014753,16.004633754290083,2480.27786431311,298.15
7048.0,70.21020464857857,0.0,0.18601605030446572,6.540270562901497,2339.428868325107,298.15
7049.0,70.20881563107694,0.0,0.6454558618449693,3.589684564302502,2323.383716655386,298.15
7050.0,70.20742661357534,0.0,0.25635953214570134,3.781536369672819,3122.0395910962,298.15
7051.0,70.20603759607371,0.0,0.0,5.3320388204136275,2520.092213661934,298.15
7052.0,70.20464857857209,0.0,0.0,0.9438427078578431,3395.66844536077,298.15
7053.0,70.20325956107047,0.0,0.651824693159814,1.6557297402206843,2820.993009670923,298.15
7054.0,70.20187054356884,0.0,0.26337746787921573,1.7026156476112946,3283.438580466447,298.15
7055.0,70.20048152606722,0.0,0.0,0.0,2761.698591877714,298.15
7056.0,70.19909250856561,0.0,0.0,5.684711139790341,2290.0940021758433,298.15
7057.0,70.19770349106399,0.0,2.5798128120333925,0.0,3177.7977636256146,298.15
7058.0,70.19631447356237,0.0,0.0,3.8568337244679194,2383.49242319707,298.15
7059.0,70.19492545606074,0.0,1.3930774114804185,4.682359450260961,2897.261459147601,298.15
7060.0,70.19353643855912,1.0,113.52955621811233,12.25792574230054,2927.6725196409234,298.15
7061.0,70.19214742105751,0.0,0.0,1.3463373757311285,3186.430725463738,298.15
7062.0,70.19075840355589,0.0,0.0,3.075042236376327,2699.178502761129,298.15
7063.0,70.18936938605427,0.0,0.0,2.466678120149155,3636.8955230301895,298.15
7064.0,70.18798036855264,0.0,0.0,4.409177000697588,2844.8291225247685,298.15
7065.0,70.18659135105102,0.0,3.0827286214514853,0.0,2980.8154672558494,298.15
7066.0,70.1852023335494,0.0,0.4277048318051683,0.19003734655403703,3559.019211194604,298.15
7067.0,70.18381331604778,0.0,4.404999095368474,3.131223505906253,2823.56516208234,298.15
7068.0,70.18242429854617,0.0,0.9634811750699704,1.9596671898617049,2797.166187353228,298.15
7069.0,70.18103528104454,0.0,0.0,3.2978587432616115,3765.856170960814,298.15
7070.0,70.17964626354292,0.0,2.5159636314696665,2.1764586102876664,2855.3895003324237,298.15
7071.0,70.1782572460413,0.0,0.0,1.2511048149174788,2071.003824343573,298.15
7072.0,70.17686822853967,0.0,0.5492343473834748,0.8028087846084382,3310.3453816345823,298.15
7073.0,70.17547921103807,0.0,0.0,6.134495115688297,2345.8809359903707,298.15
7074.0,70.17409019353644,0.0,5.10489643825621,4.4061871637153605,2276.1211662073188,298.15
7075.0,70.17270117603482,0.0,3.4297664099614975,2.1659426419308287,3282.6568512204676,298.15
7076.0,70.1713121585332,0.0,0.0,1.215525955153613,2212.893659233026,298.15
7077.0,70.16992314103157,0.0,0.0,2.0805797937248736,3030.1386843836353,298.15
7078.0,70.16853412352995,0.0,0.5827420470949669,2.5957333334976536,3235.856430761123,298.15
7079.0,70.16714510602833,0.0,2.057038652324552,1.6743723285401328,2794.5970126674533,298.15
7080.0,70.16575608852672,0.0,0.06945289915563828,0.0,3278.698396081235,298.15
7081.0,70.1643670710251,1.0,114.81179992112584,14.351424162946055,3360.933309956349,298.15
7082.0,70.16297805352347,0.0,0.0,1.1044706463204075,3291.6983146678367,298.15
7083.0,70.16158903602185,0.0,0.0,4.6941337359442965,3539.96838956422,298.15
7084.0,70.16020001852023,0.0,2.9410288801038615,0.8580587128923609,3363.8495019773773,298.15
7085.0,70.15881100101862,0.0,1.019301219470204,0.0,2996.7451813656553,298.15
7086.0,70.157421983517,0.0,0.0,3.222061149526707,2972.786951431464,298.15
7087.0,70.15603296601537,0.0,1.5447140703322464,0.9341666627301796,2743.7014632044247,298.15
7088.0,70.15464394851375,0.0,0.0,0.5414560582841721,2818.8662899662704,298.15
7089.0,70.15325493101213,0.0,2.121350280631644,0.0,2612.8988824251187,298.15
7090.0,70.1518659135105,0.0,6.020469525041616,1.5492472842435017,3870.4641495314336,298.15
7091.0,70.15047689600888,1.0,117.32344841073949,9.1300456557015,2552.8285336181907,298.15
7092.0,70.14908787850727,1.0,120.19393290880542,9.19276139056532,3255.6351167603752,298.15
7093.0,70.14769886100565,0.0,0.0,0.0,2963.96833608425,298.15
7094.0,70.14630984350403,0.0,0.0,0.9739884252194121,3599.134519508764,298.15
7095.0,70.1449208260024,0.0,0.07043059494853252,0.0,3047.9943207852943,298.15
7096.0,70.14353180850078,1.0,118.26967295664237,9.593812986508755,2901.557219168865,298.15
7097.0,70.14214279099917,0.0,5.8680006799647915,2.0427433236763397,3184.9231632058245,298.15
7098.0,70.14075377349755,0.0,0.0,0.0,3562.4512525214436,298.15
7099.0,70.13936475599593,1.0,120.48901148470438,10.359165713328965,3642.0041798980446,298.15
7100.0,70.1379757384943,0.0,0.0,0.0,3486.6293752641,298.15
7101.0,70.13658672099268,0.0,1.0292091104276742,0.0,3187.229515697443,298.15
7102.0,70.13519770349106,1.0,122.19214280645092,13.428356108997686,2653.477959252535,298.15
7103.0,70.13380868598944,1.0,118.34560242532628,6.605335250098986,2441.248509484636,298.15
7104.0,70.13241966848783,0.0,0.0,1.6120435558598953,2634.2133239928635,298.15
7105.0,70.1310306509862,0.0,0.0,0.0,3607.3770204975476,298.15
7106.0,70.12964163348458,0.0,0.04093962051702687,0.0,2665.6326995454447,298.15
7107.0,70.12825261598296,0.0,1.7250707576157598,0.0,240.70687212713005,298.15
7108.0,70.12686359848134,1.0,125.08328978793531,11.676478341692274,0.0,298.15
7109.0,70.12547458097973,0.0,0.0,0.0,627.1542945251932,298.15
7110.0,70.1240855634781,1.0,118.54353067907665,9.528099274894752,460.45091207507693,298.15
7111.0,70.12269654597648,1.0,117.95226025620549,10.450376768205562,348.00636338255134,298.15
7112.0,70.12130752847486,0.0,0.47191189587175675,0.0,817.0510240813821,298.15
7113.0,70.11991851097324,0.0,1.1420363311459933,0.0,469.59939573924134,298.15
7114.0,70.11852949347161,0.0,0.0,0.0,500.3106399482107,298.15
7115.0,70.11714047596999,1.0,123.2036676462593,12.265194857715239,815.1889370356826,298.15
7116.0,70.11575145846838,1.0,122.61643528005895,7.3572995541895185,1267.3250860515886,298.15
7117.0,70.11436244096676,0.0,0.10299722871553048,0.0,344.3229862539228,298.15
7118.0,70.11297342346514,1.0,119.68216301487448,9.71348012891198,2453.283708555545,298.15
7119.0,70.11158440596351,1.0,120.84931791962134,9.163348671467777,2257.978320617481,298.15
7120.0,70.11019538846189,1.0,116.37575987759767,10.67651709516848,3571.9309195796886,298.15
7121.0,70.10880637096028,0.0,0.5617502896336293,0.0,2704.8997543083588,298.15
7122.0,70.10741735345866,1.0,122.5675096780689,10.085150624902047,2979.40040793883,298.15
7123.0,70.10602833595703,1.0,123.12679581717292,10.869141951037134,3295.934560797948,298.15
7124.0,70.10463931845541,0.0,1.2015135521734917,2.3946164126571396,3955.9296985515866,298.15
7125.0,70.10325030095379,1.0,123.94863666768798,13.714602260156097,3746.151785552653,298.15
7126.0,70.10186128345217,0.0,0.0,0.6931013954516791,2735.1931191117956,298.15
7127.0,70.10047226595054,0.0,0.11594905528666469,5.23129165649503,3932.340299725841,298.15
7128.0,70.09908324844893,0.0,0.0,1.047490690147278,2950.002606417902,298.15
7129.0,70.09769423094731,1.0,122.36429296429581,13.24274849871868,2924.788236148326,298.15
7130.0,70.09630521344569,0.0,0.12024463310246064,5.627042475560581,3181.0847558382256,298.15
7131.0,70.09491619594407,1.0,122.37538275737565,12.031445392277458,3073.1250004135754,298.15
7132.0,70.09352717844244,1.0,126.36716957372082,9.016523757966583,2526.8123044088666,298.15
7133.0,70.09213816094083,0.0,0.0,2.1584120890372445,3528.9164842473115,298.15
7134.0,70.09074914343921,1.0,125.21716052129024,10.824694358782509,3138.0613231345405,298.15
7135.0,70.08936012593759,1.0,125.1740221665381,11.643187191533096,2940.113790774736,298.15
7136.0,70.08797110843597,1.0,126.87042042255152,16.437734262938136,2950.983236542473,298.15
7137.0,70.08658209093434,1.0,127.43631834708016,9.935618733808926,2152.424308647376,298.15
7138.0,70.08519307343272,1.0,127.14311746690832,13.214811793984504,3252.028666652296,298.15
7139.0,70.0838040559311,0.0,0.0,0.9136343849818847,2983.84363270237,298.15
7140.0,70.08241503842949,1.0,128.73814915408366,12.22886169886779,2610.1730672198833,298.15
7141.0,70.08102602092787,0.0,3.6387315827493745,4.544208882548672,3699.365583296224,298.15
7142.0,70.07963700342624,1.0,125.1542386042341,13.805272550124275,2782.9552201648003,298.15
7143.0,70.07824798592462,0.0,0.5637988334390831,2.8284355280953664,3345.660238660284,298.15
7144.0,70.076858968423,1.0,124.59624315423846,12.099260352755968,2983.6924773350083,298.15
7145.0,70.07546995092139,1.0,122.286753756359,14.247197312782234,3468.995108699211,298.15
7146.0,70.07408093341976,1.0,125.38020662048802,17.277869409274313,3049.7324351366497,298.15
7147.0,70.07269191591814,0.0,0.0,2.0425726435388407,2764.1176076204324,298.15
7148.0,70.07130289841652,1.0,126.72193855531813,18.0165966304555,819.0737302112836,298.15
7149.0,70.0699138809149,1.0,125.49844359433297,16.70728906087492,750.9454777091324,298.15
7150.0,70.06852486341327,1.0,126.25265308219748,17.223648825819446,976.4471251141678,298.15
7151.0,70.06713584591165,0.0,0.0,5.198792088810622,790.3417098787971,298.15
7152.0,70.06574682841004,1.0,126.60288651040592,17.15234515634098,1112.1111959502791,298.15
7153.0,70.06435781090842,1.0,129.95369980276,12.819707493014175,310.4448733975529,298.15
7154.0,70.0629687934068,1.0,130.50491583720907,13.699574232090034,792.3907241438098,298.15
7155.0,70.06157977590517,1.0,134.77537672001225,16.841102974522283,16.391418944955944,298.15
7156.0,70.06019075840355,1.0,132.01062898237257,16.050108054020086,831.7209279368184,298.15
7157.0,70.05880174090194,1.0,130.1336338762513,15.314682209761699,519.7702264879016,298.15
7158.0,70.05741272340032,1.0,128.30354991106344,10.633872375192379,828.1229076654428,298.15
7159.0,70.0560237058987,1.0,130.70909861443124,15.093636277490432,1088.2639845203535,298.15
7160.0,70.05463468839707,1.0,131.01641827777564,13.756625985629844,780.591394304111,298.15
7161.0,70.05324567089545,1.0,129.24550916526465,17.39498352463743,355.43210746326156,298.15
7162.0,70.05185665339383,1.0,132.56682479213714,16.173632304933154,118.92790955917877,298.15
7163.0,70.0504676358922,1.0,127.60092606766092,15.466053586797974,687.7426659878847,298.15
7164.0,70.0490786183906,1.0,130.58274097082636,22.425102500605703,399.8479568759595,298.15
7165.0,70.04768960088897,0.0,1.324303568471422,9.308274368961614,732.4316045818332,298.15
7166.0,70.04630058338735,1.0,130.94911674543883,19.546710054424942,322.50951956104404,298.15
7167.0,70.04491156588573,1.0,131.3777084130692,22.119772423476494,174.44194619401924,298.15
7168.0,70.0435225483841,1.0,131.778932904752,19.43170646005317,415.32843655641557,298.15
7169.0,70.0421335308825,1.0,130.35420053248964,16.387605063919693,675.4630455665372,298.15
7170.0,70.04074451338087,1.0,135.38034941494737,16.35499228516023,3343.2809691775406,298.15
7171.0,70.03935549587925,1.0,130.39759973127516,20.39522350594934,2477.9737408897327,298.15
7172.0,70.03796647837763,1.0,133.8212347513335,14.356930419751572,3547.6297586830456,298.15
7173.0,70.036577460876,1.0,134.2897078351543,18.66652564653483,2903.5817011281015,298.15
7174.0,70.03518844337438,0.0,0.0,4.555389200124895,2096.1589533754795,298.15
7175.0,70.03379942587276,1.0,133.96250996190867,19.464043402881998,3137.4092027695874,298.15
7176.0,70.03241040837115,1.0,131.86429185845216,21.243368389025274,3248.858556283244,298.15
7177.0,70.03102139086953,1.0,137.58928261442574,20.275387858442816,2452.497374648962,298.15
7178.0,70.0296323733679,1.0,131.80648861404592,21.857864262148457,2726.8568952630276,298.15
7179.0,70.02824335586628,1.0,133.20668674234437,24.202244929965968,2576.902363324517,298.15
7180.0,70.02685433836466,1.0,132.09346767207046,20.068072399508797,3213.3435289664944,298.15
7181.0,70.02546532086305,1.0,132.02157796240442,26.392393342288518,2939.665262486297,298.15
7182.0,70.02407630336143,1.0,139.29383526070274,21.25469070215503,3353.3527989830154,298.15
7183.0,70.0226872858598,1.0,137.04309836963878,23.003687818053898,3377.3951419777145,298.15
7184.0,70.02129826835818,1.0,136.33179179300203,20.006675589330705,3620.03210905615,298.15
7185.0,70.01990925085656,1.0,134.681312727559,24.84520163969055,3134.2158962162594,298.15
7186.0,70.01852023335493,1.0,138.65634475851982,23.88091203200243,3675.595610897086,298.15
7187.0,70.01713121585331,1.0,134.77915961339977,24.999462419274895,2664.5342815225295,298.15
7188.0,70.0157421983517,1.0,138.88280630675305,22.30193284629154,2943.405132800345,298.15
7189.0,70.01435318085008,1.0,135.16279612289543,19.826301378016034,2983.082659844953,298.15
7190.0,70.01296416334846,1.0,135.95581115130562,23.605056325074187,2818.3610747474327,298.15
7191.0,70.01157514584683,1.0,139.54796841687323,19.37899297713899,3427.2291111021414,298.15
7192.0,70.01018612834521,1.0,140.0497550125868,22.425155245753153,4159.7871831687,298.15
7193.0,70.0087971108436,1.0,139.66573113621618,23.748920287940305,3102.6657559464766,298.15
7194.0,70.00740809334198,1.0,135.99223411180668,28.501745731465448,3440.5331425136224,298.15
7195.0,70.00601907584036,1.0,137.67963376847527,24.48150635257934,3130.302576426039,298.15
7196.0,70.00463005833873,1.0,139.3687873162371,24.346545483437186,3148.3317554206587,298.15
7197.0,70.00324104083711,1.0,137.22277452083765,24.163124557011308,4003.944488219172,298.15
7198.0,70.00185202333549,1.0,142.76362865350504,21.754935541960883,2131.81298863932,298.15
7199.0,70.00046300583388,1.0,134.02616481167834,24.941779536690344,2067.4745040020725,298.15
7200.0,69.99907398833226,1.0,138.14469402808132,25.212643249696697,1105.186924432785,298.15
7201.0,69.99768497083063,1.0,139.03730740387186,23.23363949712941,273.2331484599511,298.15
7202.0,69.99629595332901,1.0,133.7270717476298,23.018334015313552,539.1491824441464,298.15
7203.0,69.99490693582739,1.0,137.42741568815958,24.71126150316845,1113.155907505081,298.15
7204.0,69.99351791832576,1.0,142.49473509361675,26.07606463994891,569.9293051592113,298.15
7205.0,69.99212890082416,1.0,141.32821212248606,25.231189728806736,1091.800802969949,298.15
7206.0,69.99073988332253,1.0,145.25488637153526,24.239620830599826,364.01552812236457,298.15
7207.0,69.98935086582091,1.0,145.43913753537103,27.243897556110046,715.7225795814242,298.15
7208.0,69.98796184831929,1.0,143.03997848003016,27.99375639690008,520.3623841576355,298.15
7209.0,69.98657283081766,1.0,143.00487318694232,27.36422287399504,1022.10794758525,298.15
7210.0,69.98518381331604,1.0,142.66576051987494,26.182915110866183,408.36690680868037,298.15
7211.0,69.98379479581443,1.0,136.4328982311329,28.80838477048244,162.24400079970587,298.15
7212.0,69.98240577831281,1.0,139.68553285037643,27.416907368666692,336.21219712997106,298.15
7213.0,69.98101676081119,1.0,143.49702783396967,25.584149567814276,351.75192767223496,298.15
7214.0,69.97962774330956,1.0,144.97364156389474,30.4139121850537,273.3298265701457,298.15
7215.0,69.97823872580794,1.0,144.44455026598033,29.232329162103802,258.7685036323004,298.15
7216.0,69.97684970830632,1.0,141.87619903542512,28.483792918237732,892.8916546485625,298.15
7217.0,69.97546069080471,1.0,146.48335497412657,25.710963590561832,993.1015581345301,298.15
7218.0,69.97407167330309,1.0,148.0289965448239,27.64535074328667,637.2761620433084,298.15
7219.0,69.97268265580146,1.0,146.9784870996124,33.582681159207915,2652.09626483112,298.15
7220.0,69.97129363829984,1.0,147.3475489780579,26.517735331800015,2438.9541478819638,298.15
7221.0,69.96990462079822,1.0,143.90311171769753,29.339259548883255,2044.6591039439772,298.15
7222.0,69.9685156032966,1.0,148.04377738870303,30.04730520300736,3617.5031431232396,298.15
7223.0,69.96712658579499,1.0,146.07206528033905,30.964500702359757,2368.543201516879,298.15
7224.0,69.96573756829336,1.0,147.18731145596587,27.42743776901858,3421.731074573439,298.15
7225.0,69.96434855079174,0.0,0.8706221617642211,21.100248003574738,2694.2224415219266,298.15
7226.0,69.96295953329012,1.0,146.16463905030918,27.472288161994626,2387.121755730648,298.15
7227.0,69.9615705157885,1.0,144.6468758418511,31.374086266916965,2575.561645605083,298.15
7228.0,69.96018149828687,0.0,0.0,20.03827952642689,2806.213745110433,298.15
7229.0,69.95879248078526,1.0,149.52788671260566,29.80946405004801,3776.484456859927,298.15
7230.0,69.95740346328364,1.0,146.36461495878365,33.53530088644289,2929.331059174264,298.15
7231.0,69.95601444578202,1.0,149.7833763301309,31.53198401350409,3220.232934548339,298.15
7232.0,69.9546254282804,1.0,149.64883166075856,33.205395165891076,2982.8260592438837,298.15
7233.0,69.95323641077877,1.0,147.41750744691115,33.47941616683572,3354.825597457254,298.15
7234.0,69.95184739327715,1.0,151.67447239992677,35.26042695666807,3234.8967477557508,298.15
7235.0,69.95045837577554,1.0,147.75375952926632,30.34018871995533,2768.7510999761,298.15
7236.0,69.94906935827392,1.0,152.4314053365879,34.93687114864471,2861.167726409007,298.15
7237.0,69.9476803407723,0.0,1.0342847197655907,23.26936600479241,2936.7719233421694,298.15
7238.0,69.94629132327067,1.0,149.26257435790316,32.64972317861432,2492.6223737883197,298.15
7239.0,69.94490230576905,1.0,147.41640924132562,31.249748216818933,2989.3648181215085,298.15
7240.0,69.94351328826744,1.0,149.55140407367506,35.070512229883185,2554.4551754750264,298.15
7241.0,69.94212427076582,0.0,0.0,22.100201920146045,2951.634934470544,298.15
7242.0,69.9407352532642,1.0,147.22087798428612,35.26383530798928,3192.3729357418993,298.15
7243.0,69.93934623576257,1.0,149.92708907619343,38.36318044819962,2526.3573367053264,298.15
7244.0,69.93795721826095,1.0,148.75622546442295,36.58682720686918,2425.7675593468357,298.15
7245.0,69.93656820075933,1.0,152.2918665889569,37.617609336620724,3689.157738677211,298.15
7246.0,69.9351791832577,1.0,154.23124943010805,33.43360162455694,4045.730392085045,298.15
7247.0,69.9337901657561,0.0,0.0,26.671643911512934,4016.927560691054,298.15
7248.0,69.93240114825447,1.0,155.64157135799388,32.903283789990155,2923.4693980239495,298.15
7249.0,69.93101213075285,0.0,0.0,24.95611737932262,207.4684988555744,298.15
7250.0,69.92962311325122,0.0,0.0,29.205553091772657,782.4836502902751,298.15
7251.0,69.9282340957496,0.0,1.8053109431639633,24.515574676461547,888.0969004253807,298.15
7252.0,69.926845078248,1.0,151.36899389208892,38.23153799864628,3330.5909210366276,298.15
7253.0,69.92545606074637,0.0,0.0,28.193657755606914,1925.922572527741,298.15
7254.0,69.92406704324475,1.0,151.8966714078389,38.47299698773737,2750.794921378295,298.15
7255.0,69.92267802574312,1.0,151.12550163799136,33.78738410335429,3347.377624300818,298.15
7256.0,69.9212890082415,1.0,155.00628206485527,37.643211230840706,2635.277433938884,298.15
7257.0,69.91989999073988,1.0,152.80790302144695,36.38279007411226,2654.485927831094,298.15
7258.0,69.91851097323826,0.0,0.0,29.102086931354318,3173.986635763495,298.15
7259.0,69.91712195573665,1.0,155.215619923473,33.57462923631531,1546.9592412454924,298.15
7260.0,69.91573293823502,1.0,151.23460945812113,37.895417995228144,2889.547072212211,298.15
7261.0,69.9143439207334,1.0,151.56181524261515,37.74012976857863,3084.6646111434798,298.15
7262.0,69.91295490323178,1.0,157.35170036754735,33.292932150333996,2965.7674308682545,298.15
7263.0,69.91156588573016,1.0,151.85955234652,35.70707771786179,2854.3004354924087,298.15
7264.0,69.91017686822855,0.0,0.0,23.882265391678814,2918.412311587443,298.15
7265.0,69.90878785072692,1.0,156.58762414119636,36.2883336644296,3747.344212463217,298.15
7266.0,69.9073988332253,1.0,154.57423710152077,39.04628075356793,2798.6117292906824,298.15
7267.0,69.90600981572368,1.0,154.97243261723182,38.433264418390294,2097.8676632478437,298.15
7268.0,69.90462079822206,1.0,154.93281383587865,38.49472507093653,2598.2060368512325,298.15
7269.0,69.90323178072043,1.0,156.42342622301996,36.10747914692602,2373.8430406631064,298.15
7270.0,69.90184276321881,1.0,154.26582051483862,40.68090303611234,2152.2503321995628,298.15
7271.0,69.9004537457172,0.0,3.5167661175143543,28.431516149336765,3197.8494357514205,298.15
7272.0,69.89906472821558,0.0,0.0,28.642066573769256,2352.6764172773096,298.15
7273.0,69.89767571071395,1.0,157.67132728330378,40.614715740088606,3579.655214330645,298.15
7274.0,69.89628669321233,1.0,158.32173972003162,36.71735459081584,2928.488211632073,298.15
7275.0,69.89489767571071,0.0,0.0,29.33056736906573,2871.5131156662083,298.15
7276.0,69.8935086582091,1.0,154.70835079346074,39.821881523279885,3190.9730247879484,298.15
7277.0,69.89211964070748,1.0,159.745609586219,37.90405192070182,3348.669427893361,298.15
7278.0,69.89073062320585,0.0,0.0,30.461570664435584,3350.133914326975,298.15
7279.0,69.88934160570423,0.0,0.0,30.1774232911903,2373.8355585116005,298.15
7280.0,69.88795258820261,0.0,2.1139669741917695,29.05673046929244,2497.383431163743,298.15
7281.0,69.88656357070099,1.0,158.08543483435525,39.063758909975824,3125.7239774208356,298.15
7282.0,69.88517455319936,1.0,153.88628098900074,40.48650073135817,1022.9436644667622,298.15
7283.0,69.88378553569775,0.0,4.1622766023998095,31.09801410604978,20.562073933225633,298.15
7284.0,69.88239651819613,1.0,157.2295950463583,39.65875222770268,3134.5150938976185,298.15
7285.0,69.88100750069451,1.0,157.69195499701598,41.900814466631964,3064.852631337192,298.15
7286.0,69.87961848319289,0.0,0.609392539479506,30.99982703402336,3490.1702723146464,298.15
7287.0,69.87822946569126,1.0,160.45293291754177,35.99185213286334,3157.012883243442,298.15
7288.0,69.87684044818965,0.0,4.672227916241734,26.83059541995479,2780.510503977829,298.15
7289.0,69.87545143068803,0.0,0.0,32.22014494408102,2155.9523190778564,298.15
7290.0,69.87406241318641,0.0,1.967787733249004,29.305281605159152,3470.508806585613,298.15
7291.0,69.87267339568479,1.0,161.33324864774482,40.1896819691266,2548.694525415695,298.15
7292.0,69.87128437818316,1.0,159.3807928271883,42.23646523593822,3263.3813782981356,298.15
7293.0,69.86989536068154,0.0,1.8756382059726182,29.89616329533007,3328.3791107371326,298.15
7294.0,69.86850634317992,1.0,162.21596852713782,40.01045609694004,3782.0567565713573,298.15
7295.0,69.86711732567831,0.0,0.0,28.15822538244349,3830.3660409740687,298.15
7296.0,69.86572830817668,1.0,164.43259696053616,40.73512475886228,2742.2631307756546,298.15
7297.0,69.86433929067506,0.0,0.0,31.195581990334865,2569.626684755763,298.15
7298.0,69.86295027317344,1.0,157.82391086567267,38.79820226052506,3191.204331445035,298.15
7299.0,69.86156125567182,0.0,0.0,28.09246789402643,3665.407291366258,298.15
7300.0,69.86017223817021,1.0,165.37067930617297,45.42815081059888,3337.2788113496285,298.15
7301.0,69.85878322066858,0.0,0.0,29.806121444266267,3849.9537036760494,298.15
7302.0,69.85739420316696,1.0,160.95527950616068,38.57950762726759,3487.52142537625,298.15
7303.0,69.85600518566534,0.0,3.411852016808906,31.44375762737529,2756.7013200241367,298.15
7304.0,69.85461616816372,1.0,160.5533937088702,39.86541718065027,2962.2634707559546,298.15
7305.0,69.8532271506621,0.0,0.0,27.709641870084265,3787.757588740404,298.15
7306.0,69.85183813316047,0.0,0.0,30.931829638157666,3177.1756574412516,298.15
7307.0,69.85044911565886,1.0,164.87349002137503,38.146139677039685,3238.0336452789224,298.15
7308.0,69.84906009815724,0.0,0.16883213146576506,33.140025660839214,2055.1222551831643,298.15
7309.0,69.84767108065562,1.0,166.42135846153693,40.872422675501426,3278.8191454602443,298.15
7310.0,69.84628206315399,0.0,1.758091182688357,29.243054290753808,3617.3182326923447,298.15
7311.0,69.84489304565237,0.0,0.0,30.002643979015076,3144.338457460115,298.15
7312.0,69.84350402815076,1.0,162.24640224940717,41.60127148677791,3222.97789697562,298.15
7313.0,69.84211501064914,0.0,0.0,30.072696520621335,2835.202635606554,298.15
7314.0,69.84072599314752,1.0,160.72212909254267,44.0248372905967,371.97444980897455,298.15
7315.0,69.83933697564589,0.0,10.671182848240958,31.93321868568562,225.10365752830063,298.15
7316.0,69.83794795814427,1.0,164.92158711334457,40.53655960754977,0.0,298.15
7317.0,69.83655894064265,0.0,2.0515207073495954,27.53175028904695,437.767249105512,298.15
7318.0,69.83516992314102,0.0,0.0,29.100809335589346,41.80883672872869,298.15
7319.0,69.83378090563941,0.0,3.7394515548876273,30.32665884063337,556.9759778723966,298.15
7320.0,69.83239188813779,1.0,165.4446562870957,37.565115103450196,443.81236033201606,298.15
7321.0,69.83100287063617,0.0,4.482863841036559,31.864602114165308,359.18506661480933,298.15
7322.0,69.82961385313455,0.0,4.367298126794015,27.099772628464393,3794.976482472405,298.15
7323.0,69.82822483563292,0.0,0.0,27.714609348394315,2508.6177113714657,298.15
7324.0,69.82683581813131,1.0,160.47176734300228,37.78445817672903,2739.093140234065,298.15
7325.0,69.82544680062969,1.0,160.79074811053056,40.39556795158167,3207.3937926228036,298.15
7326.0,69.82405778312807,1.0,160.997106889261,37.10263516414992,3202.569717964603,298.15
7327.0,69.82266876562645,0.0,0.770608260143356,24.95076424167117,3333.6019370792683,298.15
7328.0,69.82127974812482,1.0,162.0155142303588,40.82122086957122,2501.484442725015,298.15
7329.0,69.8198907306232,0.0,4.937857106485368,27.55193302010129,3547.861282944747,298.15
7330.0,69.81850171312158,0.0,4.537799726451786,26.156650884594544,2828.970798369821,298.15
7331.0,69.81711269561997,0.0,0.0,26.696303652757468,2317.5186604629052,298.15
7332.0,69.81572367811835,0.0,4.658461955859635,31.692894468,2761.8769718976355,298.15
7333.0,69.81433466061672,0.0,3.545402546612597,26.671460734116692,2849.57536968583,298.15
7334.0,69.8129456431151,0.0,0.0,27.65614680800143,2871.0830534935494,298.15
7335.0,69.81155662561348,0.0,0.0,26.865888420594068,2784.8325212568243,298.15
7336.0,69.81016760811187,1.0,163.22323776837365,35.11718802192571,2896.545500832929,298.15
7337.0,69.80877859061025,0.0,0.0,26.002021184739185,2103.39489505817,298.15
7338.0,69.80738957310862,0.0,0.4919887998572032,24.717010293636985,2834.648870889442,298.15
7339.0,69.806000555607,0.0,0.2125817044539159,29.247910746166546,2569.197652690749,298.15
7340.0,69.80461153810538,0.0,0.15013626069385583,27.34375699713396,2633.357095618805,298.15
7341.0,69.80322252060375,0.0,1.2476513762408143,32.12659700760775,3719.452147392892,298.15
7342.0,69.80183350310213,0.0,0.0,25.38711174089096,3022.14061104795,298.15
7343.0,69.80044448560052,0.0,0.9800442439644261,24.931319219846905,3246.937216915466,298.15
7344.0,69.7990554680989,0.0,0.0,29.727752859157945,3016.9813305325924,298.15
7345.0,69.79766645059728,0.0,0.4764470819342488,28.592771271947303,2771.04387284253,298.15
7346.0,69.79627743309565,0.0,2.280978643533898,27.046918342232164,2818.9646460882905,298.15
7347.0,69.79488841559403,0.0,0.0,23.792631054327337,3501.871630302382,298.15
7348.0,69.79349939809242,0.0,0.0,29.541178178749224,3191.3344691140733,298.15
7349.0,69.7921103805908,0.0,0.0,25.622867917152185,2304.7706998854114,298.15
7350.0,69.79072136308918,0.0,0.0,24.716460030921844,3328.6312151367733,298.15
7351.0,69.78933234558755,1.0,166.14248055247538,37.80102039772642,2509.663036944078,298.15
7352.0,69.78794332808593,0.0,0.0,25.222125876279915,513.1642355255191,298.15
7353.0,69.78655431058431,0.0,0.0,22.68592032751007,469.1176519730316,298.15
7354.0,69.78516529308268,0.0,0.0,25.00297748226297,971.6645046047406,298.15
7355.0,69.78377627558108,0.0,2.60176462927789,23.12678850748401,0.0,298.15
7356.0,69.78238725807945,1.0,162.77941926282887,28.341497532621744,1065.3512529942914,298.15
7357.0,69.78099824057783,1.0,165.03158142137605,32.55627550159359,747.4384557699797,298.15
7358.0,69.7796092230762,0.0,4.707013578635027,23.10285456285841,553.2871746765284,298.15
7359.0,69.77822020557458,0.0,0.0,21.617756145662536,0.0,298.15
7360.0,69.77683118807298,0.0,2.6494261304094335,25.005728144558233,0.0,298.15
7361.0,69.77544217057135,0.0,3.981913274220638,22.01820944369625,303.52332639711324,298.15
7362.0,69.77405315306973,0.0,2.447229911973831,24.420086746951316,722.4505972909947,298.15
7363.0,69.7726641355681,0.0,0.0,20.686253088933626,497.89752932397147,298.15
7364.0,69.77127511806648,0.0,1.5297879924851276,24.91662273546315,702.533853908313,298.15
7365.0,69.76988610056486,0.0,0.0,20.19917819664198,0.0,298.15
7366.0,69.76849708306324,0.0,0.0,17.7960247734382,515.5513884006443,298.15
7367.0,69.76710806556163,0.0,0.0,24.989118491857816,883.6672664512395,298.15
7368.0,69.76571904806,0.0,5.338140630172111,20.457299418295406,1008.5365161171472,298.15
7369.0,69.76433003055838,1.0,161.59056828774106,35.65025929142044,60.78659929264222,298.15
7370.0,69.76294101305676,0.0,0.0,22.976785312645614,376.7359953331462,298.15
7371.0,69.76155199555514,0.0,0.0,23.232444750885648,380.6327388480644,298.15
7372.0,69.76016297805353,0.0,1.333722104198199,23.547526147124707,280.6100603856735,298.15
7373.0,69.7587739605519,0.0,0.3397879731536377,21.405606894536994,817.9546794546395,298.15
7374.0,69.75738494305028,0.0,2.589146152623036,21.21362252961365,1505.7603074662452,298.15
7375.0,69.75599592554866,0.0,1.5992408791417987,23.388591487334246,109.91135893883666,298.15
7376.0,69.75460690804704,0.0,0.0,20.752029803323303,648.7788723307066,298.15
7377.0,69.75321789054541,0.0,0.0,18.797088992411616,603.5129311688108,298.15
7378.0,69.7518288730438,0.0,3.2528239935372136,21.2917449684888,611.0263754187337,298.15
7379.0,69.75043985554218,0.0,0.0,15.490173467796383,966.8943779441954,298.15
7380.0,69.74905083804056,0.0,2.8293750974304324,22.36258746825639,3535.533777775233,298.15
7381.0,69.74766182053894,0.0,0.0,22.181093988948838,2237.9912800330058,298.15
7382.0,69.74627280303731,1.0,160.35964229650094,31.661299587425805,2958.3447228021078,298.15
7383.0,69.74488378553569,0.0,0.0,21.355172577646897,2646.197813609301,298.15
7384.0,69.74349476803408,0.0,0.0,18.55637038041149,2360.318389845183,298.15
7385.0,69.74210575053246,0.0,0.0,18.281183773889293,2969.543945495598,298.15
7386.0,69.74071673303084,0.0,0.4786949370686037,15.730664724294144,3285.424286469209,298.15
7387.0,69.73932771552921,1.0,163.43976627794527,31.65475172856016,2399.3835334034416,298.15
7388.0,69.73793869802759,0.0,0.0,16.80825900968486,2684.29278244693,298.15
7389.0,69.73654968052597,0.0,0.0,18.28142908606931,2305.7650141300173,298.15
7390.0,69.73516066302436,0.0,0.0,17.871590939132698,2501.747224571959,298.15
7391.0,69.73377164552274,0.0,0.0,14.34307061130767,3131.9251753044964,298.15
7392.0,69.73238262802111,1.0,162.03196339157526,23.274013698975743,2606.531796012713,298.15
7393.0,69.73099361051949,0.0,0.0,16.657561384050947,2445.2255956403737,298.15
7394.0,69.72960459301787,0.0,3.2928711401515374,15.473778027803558,2269.1895809872894,298.15
7395.0,69.72821557551624,0.0,2.8304949864686932,15.99203369776674,2954.839301205289,298.15
7396.0,69.72682655801464,0.0,2.8156438041976997,18.14391406121722,3541.6623440273297,298.15
7397.0,69.72543754051301,1.0,159.97218531677134,26.17152299474527,2829.9834549931907,298.15
7398.0,69.72404852301139,1.0,158.73825742702027,27.03891510422292,2964.427490777703,298.15
7399.0,69.72265950550977,0.0,0.1954319960220462,16.156037096351604,2822.494993108918,298.15
7400.0,69.72127048800814,0.0,0.0,14.346184086898207,2450.538624463958,298.15
7401.0,69.71988147050652,1.0,159.20731945781526,22.69381150901876,2875.802624316128,298.15
7402.0,69.71849245300491,0.0,0.0,15.075971229756663,2974.2088711648967,298.15
7403.0,69.71710343550329,0.0,0.0,14.466796855007617,3182.882417001694,298.15
7404.0,69.71571441800167,0.0,0.0,15.949634777965912,4004.0854976679357,298.15
7405.0,69.71432540050004,0.0,1.6399506424991692,13.511225475531878,3027.6180070862624,298.15
7406.0,69.71293638299842,1.0,161.57468999288272,22.973814377067928,3044.0798726758403,298.15
7407.0,69.7115473654968,1.0,162.47253147100852,22.8796441072665,2440.285204737432,298.15
7408.0,69.71015834799519,0.0,0.0,11.22112964962894,3325.216074592253,298.15
7409.0,69.70876933049357,1.0,160.5185674395976,25.877030019851297,3754.5376211339344,298.15
7410.0,69.70738031299194,0.0,0.0,15.008926826297849,524.6145287280885,298.15
7411.0,69.70599129549032,0.0,0.0,9.91391054747558,565.0440119878922,298.15
7412.0,69.7046022779887,0.0,0.0,13.850921987243034,552.1508822990663,298.15
7413.0,69.70321326048708,1.0,161.50985375079804,18.144838436587833,494.05484469125764,298.15
7414.0,69.70182424298547,0.0,0.0,13.764298255117128,124.88039567777588,298.15
7415.0,69.70043522548384,1.0,162.38111653629673,20.059066322751796,359.0850685221443,298.15
7416.0,69.69904620798222,0.0,1.3076742191770976,12.013512826647228,0.0,298.15
7417.0,69.6976571904806,0.0,0.0,7.053893575524236,753.8714891763605,298.15
7418.0,69.69626817297898,0.0,2.7637544203014266,8.337589348345555,3049.1651552432913,298.15
7419.0,69.69487915547737,1.0,159.06380007470008,21.558134717343236,3251.5244199821796,298.15
7420.0,69.69349013797574,0.0,0.0,8.916071707573161,2164.618925575196,298.15
7421.0,69.69210112047412,1.0,162.09482968842616,18.405159912912058,3237.7100060791413,298.15
7422.0,69.6907121029725,0.0,0.6181946601625191,12.803970530628533,3445.0198423848083,298.15
7423.0,69.68932308547087,0.0,0.04478093964896736,14.26760248349945,2813.621876001559,298.15
7424.0,69.68793406796925,1.0,155.10908268413365,21.41480070025612,3125.945228084777,298.15
7425.0,69.68654505046763,0.0,2.8101879367991307,7.00299313283201,2856.7615024651845,298.15
7426.0,69.68515603296602,0.0,1.2323815224083723,12.687714839289018,2781.991264034469,298.15
7427.0,69.6837670154644,0.0,1.4991268975320542,5.600035463527898,3174.7122347936893,298.15
7428.0,69.68237799796277,1.0,155.2199637875583,17.983971900795353,3274.492090771813,298.15
7429.0,69.68098898046115,1.0,158.23222405223885,18.514129981299423,2555.903735167744,298.15
7430.0,69.67959996295953,0.0,2.1723479700738806,12.166843684478032,2248.0513372900355,298.15
7431.0,69.67821094545792,1.0,154.2781557587578,19.867384014649666,2934.635518404751,298.15
7432.0,69.6768219279563,0.0,0.0,6.815176438167388,2229.851846482043,298.15
7433.0,69.67543291045467,0.0,1.385090762207952,5.615035355333873,2340.1528774463586,298.15
7434.0,69.67404389295305,0.0,0.0,9.435762506170038,3848.5135557627345,298.15
7435.0,69.67265487545143,1.0,155.46585898733161,16.06014758082821,2672.4179026812885,298.15
7436.0,69.6712658579498,0.0,0.0,7.410567727289316,2616.4722066256245,298.15
7437.0,69.66987684044818,0.0,2.903405822772925,3.9335326565797786,3069.2879962497364,298.15
7438.0,69.66848782294657,0.0,0.0,7.745320984469558,3633.5511515154494,298.15
7439.0,69.66709880544495,0.0,2.638019667627779,7.3849816863300735,3564.8157425913705,298.15
7440.0,69.66570978794333,1.0,152.88176907598432,13.616976491878443,2597.2216241403444,298.15
7441.0,69.6643207704417,0.0,2.382426019145224,8.125908761363705,2700.750543626443,298.15
7442.0,69.66293175294008,0.0,4.908655455425919,6.9529715962791165,3133.7714944688614,298.15
7443.0,69.66154273543847,1.0,150.94543488811271,17.150880652238275,3331.8509315966603,298.15
7444.0,69.66015371793685,1.0,153.9771569421295,14.655967396402305,2805.260519656404,298.15
7445.0,69.65876470043523,1.0,159.62016649532623,15.628155665115559,2644.570049949087,298.15
7446.0,69.6573756829336,1.0,153.01848746029052,15.211316752627871,3497.06817338198,298.15
7447.0,69.65598666543198,0.0,0.14720730679403968,4.598566021897628,2991.0447446163025,298.15
7448.0,69.65459764793036,1.0,154.3112055307037,15.084198427293462,329.3892126177684,298.15
7449.0,69.65320863042874,0.0,0.09787299987011065,7.158189538252557,591.7304731965396,298.15
7450.0,69.65181961292713,1.0,147.9326237841675,16.615162000456518,626.4343124941511,298.15
7451.0,69.6504305954255,1.0,154.47930525461706,11.78537460369473,2986.8379762623445,298.15
7452.0,69.64904157792388,0.0,0.0,6.1021501587711375,3158.623897586129,298.15
7453.0,69.64765256042226,1.0,150.3482341507891,16.367450461106134,2523.0180214085185,298.15
7454.0,69.64626354292064,1.0,153.99573323895441,13.43587210141612,2889.60750834888,298.15
7455.0,69.64487452541903,1.0,150.046328394127,14.644795354052748,3749.9027563791155,298.15
7456.0,69.6434855079174,1.0,149.0185488615043,14.463329619246297,2655.6941258080797,298.15
7457.0,69.64209649041578,1.0,152.54034643290154,11.53678881423957,2675.7700256881008,298.15
7458.0,69.64070747291416,0.0,0.0,2.3582277541602354,2635.6782072654414,298.15
7459.0,69.63931845541254,1.0,147.0788504663613,14.55654365525345,2712.7110668114888,298.15
7460.0,69.63792943791091,1.0,150.41569458306984,11.839953975991463,2595.2755348528217,298.15
7461.0,69.63654042040929,1.0,149.09574422954753,14.743967309166631,3294.8405402540216,298.15
7462.0,69.63515140290768,1.0,146.33738823641485,15.290976091867604,3400.705700040872,298.15
7463.0,69.63376238540606,1.0,150.58568483776324,14.826689843984104,3337.567481214736,298.15
7464.0,69.63237336790444,1.0,149.9416065754868,16.42704392783544,3772.2939157238616,298.15
7465.0,69.63098435040281,1.0,147.74373336746757,12.022867349012476,2182.4385531049898,298.15
7466.0,69.62959533290119,1.0,147.67164594088473,12.45511796282398,2432.85138134851,298.15
7467.0,69.62820631539958,1.0,149.25039607417037,12.633290297515888,2575.7028334811753,298.15
7468.0,69.62681729789796,1.0,150.72877304974295,11.730566236226954,1735.9693877166553,298.15
7469.0,69.62542828039633,1.0,146.98128346110107,12.86411916532679,3385.516537514068,298.15
7470.0,69.62403926289471,1.0,148.97616879513293,8.098096920914713,2482.7524598078717,298.15
7471.0,69.62265024539309,0.0,1.3465598154341476,1.9530954456643768,2928.597326983739,298.15
7472.0,69.62126122789147,1.0,149.0316665431729,8.580636722390725,2562.008966094668,298.15
7473.0,69.61987221038984,1.0,146.78943864521472,9.33935114650944,2543.771331351545,298.15
7474.0,69.61848319288823,1.0,144.2805081010138,12.74845527787089,3110.997446467728,298.15
7475.0,69.61709417538661,1.0,145.10977715469986,10.730263246158513,3276.9040691595696,298.15
7476.0,69.61570515788499,1.0,146.78538765692923,12.495218480621313,2690.167186853767,298.15
7477.0,69.61431614038337,0.0,4.332395819587191,0.512027005553527,3923.0191860369264,298.15
7478.0,69.61292712288174,1.0,144.32726956604887,13.173566409620241,2923.983248735406,298.15
7479.0,69.61153810538013,1.0,147.15280158543132,10.314575218431461,2993.380309315094,298.15
7480.0,69.61014908787851,1.0,144.20830332554468,6.693625355199702,3810.7945071717686,298.15
7481.0,69.60876007037689,1.0,145.0069621747673,11.128957853548714,1153.8769892372934,298.15
7482.0,69.60737105287527,1.0,148.10750466974235,6.112882726348441,277.5181937327364,298.15
7483.0,69.60598203537364,1.0,146.07092067865491,7.529079835510024,982.5875986541857,298.15
7484.0,69.60459301787202,1.0,141.0451196352528,8.646332914523692,313.1522592368028,298.15
7485.0,69.6032040003704,1.0,142.3905355008017,8.331664993776865,704.8150498886309,298.15
7486.0,69.60181498286879,1.0,146.49887402308974,9.23470930645766,724.2614020658373,298.15
7487.0,69.60042596536717,1.0,143.59519071916947,8.157858029853003,278.96799804963007,298.15
7488.0,69.59903694786554,1.0,140.2709463931202,7.359795372721583,1146.8321936625275,298.15
7489.0,69.59764793036392,1.0,140.80738044835243,13.410106172153945,1187.0621139074601,298.15
7490.0,69.5962589128623,1.0,144.18471946707794,8.783050579539612,142.31315365263123,298.15
7491.0,69.59486989536069,1.0,144.62772975750812,5.53897887929274,570.4210742158534,298.15
7492.0,69.59348087785907,1.0,142.0508075574449,9.37231467266129,820.3127203937122,298.15
7493.0,69.59209186035744,1.0,147.65502178186992,7.765933198052771,0.0,298.15
7494.0,69.59070284285582,1.0,143.47047216470307,8.237473551654723,509.1875102789708,298.15
7495.0,69.5893138253542,1.0,140.6759820965754,11.514412667035508,0.0,298.15
7496.0,69.58792480785257,1.0,139.06163889597667,9.103323669268192,733.7924166026612,298.15
7497.0,69.58653579035095,1.0,138.43124759310265,7.634405455905114,530.1128912929801,298.15
7498.0,69.58514677284934,1.0,141.30174174655892,10.92974148796455,369.08398349240747,298.15
7499.0,69.58375775534772,1.0,139.08683719494874,12.37860784803954,0.0,298.15
7500.0,69.5823687378461,1.0,143.98760653715502,11.109635223559872,290.3342827975523,298.15
7501.0,69.58097972034447,1.0,143.24208799568348,4.930714635887976,681.8534537665505,298.15
7502.0,69.57959070284285,1.0,141.005629704006,7.7028834766893794,485.64984333548625,298.15
7503.0,69.57820168534124,1.0,136.43724535734384,10.114720958983533,917.6947439736498,298.15
7504.0,69.57681266783962,1.0,137.3934581723378,9.524668395399672,895.0076595261986,298.15
7505.0,69.575423650338,1.0,141.73552276828622,9.36981073601874,880.1343247425647,298.15
7506.0,69.57403463283637,1.0,137.15155189991032,8.035358040435899,311.6416390586437,298.15
7507.0,69.57264561533475,1.0,140.9157269804623,7.18545160313022,603.3177729478156,298.15
7508.0,69.57125659783313,1.0,139.1224506658001,14.268066841858964,161.91794859623786,298.15
7509.0,69.5698675803315,1.0,137.86461562310248,10.205679457952282,58.69653845711434,298.15
7510.0,69.5684785628299,1.0,135.81685463924182,11.511845499507986,913.9548771049117,298.15
7511.0,69.56708954532827,1.0,137.01697738357063,10.236280357376321,84.40919430502817,298.15
7512.0,69.56570052782665,1.0,137.4438286807787,10.361487132680532,46.78096819812998,298.15
7513.0,69.56431151032503,1.0,139.2027959259496,10.183299313771382,536.8453828494664,298.15
7514.0,69.5629224928234,1.0,134.38378879217925,8.045452972191075,405.19331685244697,298.15
7515.0,69.5615334753218,1.0,135.619425522973,7.284225853086652,435.4758735999612,298.15
7516.0,69.56014445782017,1.0,136.10433883514733,11.269523212027504,1307.5764133491743,298.15
7517.0,69.55875544031855,1.0,137.3287625951851,10.919881150457748,151.67913650225302,298.15
7518.0,69.55736642281693,1.0,133.33847990639686,12.534882327384492,3206.620206979246,298.15
7519.0,69.5559774053153,1.0,132.11956548625088,12.182986664349436,2992.4170434257167,298.15
7520.0,69.55458838781368,1.0,136.61580597685978,9.063077332743216,3356.8486884241165,298.15
7521.0,69.55319937031206,1.0,131.14812820968734,13.14961806182325,3220.9012928379893,298.15
7522.0,69.55181035281045,1.0,137.58097576094792,12.467986340708746,3074.968259224019,298.15
7523.0,69.55042133530883,1.0,133.90371128491523,12.396206715547814,3243.467548211912,298.15
7524.0,69.5490323178072,1.0,130.34453122864792,15.702377957097609,2311.412948180994,298.15
7525.0,69.54764330030558,1.0,132.64376699131708,15.366366965729522,2339.127323063338,298.15
7526.0,69.54625428280396,1.0,134.44916643774,12.659630160762251,2676.7804773341863,298.15
7527.0,69.54486526530235,1.0,132.03508110787075,12.497129742015074,3653.709105948585,298.15
7528.0,69.54347624780073,1.0,133.1109566973258,13.663215228515444,2721.1319729438624,298.15
7529.0,69.5420872302991,1.0,134.58621880037575,10.322640433351658,3172.9530345908797,298.15
7530.0,69.54069821279748,1.0,132.10188428622064,10.45714948088298,3116.2064326453283,298.15
7531.0,69.53930919529586,1.0,130.11248590587317,13.135377830994178,2851.3789018159673,298.15
7532.0,69.53792017779423,1.0,131.3948868164085,10.085190608461824,3243.3037576856564,298.15
7533.0,69.53653116029261,1.0,135.24107218813037,13.195693992302026,3600.4798656341554,298.15
7534.0,69.535142142791,1.0,135.64884811541518,12.413018448776159,2367.4690868881607,298.15
7535.0,69.53375312528938,1.0,126.58680125039743,10.440779431475056,2755.0526746127966,298.15
7536.0,69.53236410778776,1.0,133.7643273947374,12.388543362160155,3183.671143816174,298.15
7537.0,69.53097509028613,1.0,131.5277849043279,15.16029988500501,3675.133704594228,298.15
7538.0,69.52958607278451,1.0,132.9009661020486,12.764038904353171,2884.9471449081557,298.15
7539.0,69.5281970552829,1.0,129.1569412733214,12.906635404377317,3255.710785414218,298.15
7540.0,69.52680803778128,1.0,126.02552567860077,13.544708917311725,3165.042892922407,298.15
7541.0,69.52541902027966,1.0,131.40177480930163,13.953804771581327,2986.6081175274617,298.15
7542.0,69.52403000277803,1.0,127.53946812661732,12.463876584377191,2443.07207724452,298.15
7543.0,69.52264098527641,0.0,0.0,4.017481585547246,2691.6178530430775,298.15
7544.0,69.52125196777479,1.0,126.18773368897416,11.274028342920168,3778.059686646253,298.15
7545.0,69.51986295027316,1.0,130.53587351430622,11.942349022421139,2493.9698496057863,298.15
7546.0,69.51847393277156,1.0,129.21313332908764,12.361168178648306,2751.500167654208,298.15
7547.0,69.51708491526993,1.0,130.5229658209795,14.876463460321974,3165.2088620212567,298.15
7548.0,69.51569589776831,0.0,1.5940366333428466,4.3966481050408674,571.1957606176816,298.15
7549.0,69.51430688026669,1.0,127.21545781604603,13.950404192511442,649.3339474994203,298.15
7550.0,69.51291786276506,0.0,0.0,5.821117514379726,193.68267179687462,298.15
7551.0,69.51152884526346,1.0,126.56453298615992,15.344359848427718,140.4686941231509,298.15
7552.0,69.51013982776183,1.0,127.06625690910292,14.132454366367952,400.0021449198099,298.15
7553.0,69.50875081026021,1.0,125.04862732492934,12.765143512777124,817.9001231116156,298.15
7554.0,69.50736179275859,1.0,128.0704652303656,13.38610536635038,143.52928123957327,298.15
7555.0,69.50597277525696,1.0,129.49008184554484,12.226601415185984,552.9328384658137,298.15
7556.0,69.50458375775534,1.0,124.77306518834607,15.729176588812823,320.57644803699657,298.15
7557.0,69.50319474025373,1.0,129.56255652986786,13.839447015896626,0.0,298.15
7558.0,69.50180572275211,1.0,126.57333337527761,14.782634972627177,51.175331654762715,298.15
7559.0,69.50041670525049,0.0,0.5743579923740103,5.729985585574826,818.8575707141547,298.15
7560.0,69.49902768774886,0.0,0.0,8.341004610138974,288.5020275404262,298.15
7561.0,69.49763867024724,1.0,121.38489552151323,18.29459378746444,935.6552769033474,298.15
7562.0,69.49624965274562,1.0,125.83297090418371,16.45567502709461,486.9536831388769,298.15
7563.0,69.49486063524401,0.0,1.8814952858160714,9.380265960620118,20.906451892179234,298.15
7564.0,69.49347161774239,1.0,123.4929246479709,12.803371832253761,667.1432459954908,298.15
7565.0,69.49208260024076,0.0,3.9789109532317255,11.0424582988798,2435.7357154499537,298.15
7566.0,69.49069358273914,0.0,1.750946337127252,8.795673080661789,2551.4255791625164,298.15
7567.0,69.48930456523752,1.0,122.34494019656505,17.780599133533748,3484.9687307685867,298.15
7568.0,69.4879155477359,0.0,0.0734953281303188,5.9313864816458635,2327.703662343831,298.15
7569.0,69.48652653023429,1.0,130.02966872851786,17.07563243916877,2683.0111695192118,298.15
7570.0,69.48513751273266,1.0,120.98052200855156,19.44958053085976,3041.507407793427,298.15
7571.0,69.48374849523104,1.0,125.01355209603015,19.707326896530564,2109.317760226319,298.15
7572.0,69.48235947772942,1.0,122.80194752135908,19.994780702294904,2865.5199123555894,298.15
7573.0,69.4809704602278,0.0,1.6841432650897907,7.321589796430053,2534.527843658844,298.15
7574.0,69.47958144272617,1.0,126.2272926936849,17.120924172892536,2750.0535556088635,298.15
7575.0,69.47819242522456,1.0,122.10924768476772,19.66320883530488,2971.56833827258,298.15
7576.0,69.47680340772294,1.0,125.51840537632842,21.06930578800524,2371.8543825886327,298.15
7577.0,69.47541439022132,0.0,5.291900360655495,9.704459955408007,2020.237337272226,298.15
7578.0,69.4740253727197,0.0,0.15789607892673815,12.98093965548457,3712.378294769783,298.15
7579.0,69.47263635521807,0.0,1.8699560513621032,10.209728952120958,2895.0172099629344,298.15
7580.0,69.47124733771645,0.0,0.0,10.363280422557287,3917.3979850593405,298.15
7581.0,69.46985832021484,1.0,122.04321862054215,21.97534328108969,2421.7476903709717,298.15
7582.0,69.46846930271322,1.0,121.41119954041245,23.335101477127083,2467.2108710671814,298.15
7583.0,69.4670802852116,1.0,123.56755327596453,18.25319351817147,2293.259451772624,298.15
7584.0,69.46569126770997,0.0,2.8700771101579368,8.958887123381599,2816.9236203923183,298.15
7585.0,69.46430225020835,0.0,0.0,10.850854559446343,2096.576606992558,298.15
7586.0,69.46291323270673,1.0,124.84513286090542,28.25691605642101,2990.761861507203,298.15
7587.0,69.46152421520512,0.0,3.6452576241780377,11.417773786963325,2855.8294668386234,298.15
7588.0,69.4601351977035,0.0,2.0175845402149917,11.937572979928662,2873.4622203232384,298.15
7589.0,69.45874618020187,1.0,119.50297450123567,23.69910532702832,3536.7161819346315,298.15
7590.0,69.45735716270025,1.0,119.1259421312623,24.67265033630408,3051.957002400751,298.15
7591.0,69.45596814519863,0.0,0.0,13.237402203297478,2745.5881283322105,298.15
7592.0,69.454579127697,0.0,2.261338282828271,15.526535272858187,3201.1763390218866,298.15
7593.0,69.4531901101954,0.0,0.0,10.886223782939512,2702.8844072629063,298.15
7594.0,69.45180109269377,1.0,121.62242036546154,22.00498402086027,2987.8964854100223,298.15
7595.0,69.45041207519215,0.0,0.0,16.225801870641547,171.45262875949237,298.15
7596.0,69.44902305769052,1.0,121.69818514040026,24.08076000411554,1039.4225257075022,298.15
7597.0,69.4476340401889,1.0,119.6436001192665,21.684104868521818,0.0,298.15
7598.0,69.4462450226873,0.0,3.177323789748355,11.795348640720746,675.1309680569319,298.15
7599.0,69.44485600518567,1.0,122.06164690031099,23.088295735053673,619.5124999665624,298.15
7600.0,69.44346698768405,0.0,3.4189679301419145,15.004393180745316,106.54677544104726,298.15
7601.0,69.44207797018242,1.0,122.57119236212733,26.20161408888479,266.08190858513024,298.15
7602.0,69.4406889526808,0.0,0.34219291404987373,14.79104311591707,375.01319117370133,298.15
7603.0,69.43929993517918,0.0,0.0,16.502333047885767,575.8914342318217,298.15
7604.0,69.43791091767756,1.0,116.22353323093456,25.038506115534492,2910.0950288145787,298.15
7605.0,69.43652190017595,0.0,0.0,18.706548171148484,3166.2347179223957,298.15
7606.0,69.43513288267432,1.0,115.92114085370704,31.68590012487429,3309.3039235143633,298.15
7607.0,69.4337438651727,0.0,0.1639687477374121,15.834542313996387,2899.7934051294797,298.15
7608.0,69.43235484767108,1.0,116.95080406532038,27.87194852222875,3671.8678862326633,298.15
7609.0,69.43096583016946,1.0,117.74916977164881,27.936974628756047,3377.385786270524,298.15
7610.0,69.42957681266785,1.0,119.24877761081457,27.633179874212114,3579.0759836568254,298.15
7611.0,69.42818779516622,1.0,117.24946948514038,28.929109430293618,3260.2516989345804,298.15
7612.0,69.4267987776646,0.0,0.0,18.800372179934698,3228.435627202327,298.15
7613.0,69.42540976016298,0.0,0.0,17.068211486076116,2777.1652085871947,298.15
7614.0,69.42402074266136,1.0,115.5447579704133,30.993253689140854,2833.247829057087,298.15
7615.0,69.42263172515973,0.0,0.0,18.918494714912537,2430.0124696417747,298.15
7616.0,69.42124270765811,0.0,3.1990955536240073,17.935022847152876,3075.4739223401252,298.15
7617.0,69.4198536901565,0.0,0.0,24.007833410343636,2037.8967775996632,298.15
7618.0,69.41846467265488,0.0,4.219213305469604,18.94467075680426,3422.362103337514,298.15
7619.0,69.41707565515325,0.0,3.4107975051459083,19.937536029249614,2910.919221312548,298.15
7620.0,69.41568663765163,0.0,0.0,19.99786411670946,2445.223131185511,298.15
7621.0,69.41429762015001,0.0,0.0,19.59028835578193,2715.89633956052,298.15
7622.0,69.4129086026484,1.0,116.89912453022309,31.00839228016024,3336.0963106506524,298.15
7623.0,69.41151958514678,0.0,2.7477427879018963,18.555633029767982,3917.302757228946,298.15
7624.0,69.41013056764515,0.0,0.0,21.75483509341543,2659.739598352136,298.15
7625.0,69.40874155014353,0.0,2.1634774146634443,17.105994205682308,3424.5925736549702,298.15
7626.0,69.40735253264191,0.0,2.8790447695294668,18.274300490302966,3760.189301483296,298.15
7627.0,69.40596351514029,0.0,0.0,24.9462175403633,2479.715855991631,298.15
7628.0,69.40457449763866,0.0,0.0,18.790351358986808,3448.0292532583167,298.15
7629.0,69.40318548013705,0.0,1.6978798405242437,17.54814296495297,3145.99850633908,298.15
7630.0,69.40179646263543,0.0,0.36176880729838,19.264702706658408,2339.8679306600106,298.15
7631.0,69.40040744513381,0.0,0.0,25.615387803076036,3000.5902730187986,298.15
7632.0,69.39901842763219,0.0,0.0,18.52279235538058,3316.5874826498666,298.15
7633.0,69.39762941013056,0.0,0.0,20.456353713170415,3421.9339162979845,298.15
7634.0,69.39624039262895,0.0,0.0,19.62175339968857,401.91387785584817,298.15
7635.0,69.39485137512733,1.0,118.11958429169117,32.27089403208703,594.1030006340212,298.15
7636.0,69.39346235762571,0.0,0.0,22.13621132383384,650.851768179773,298.15
7637.0,69.39207334012409,0.0,0.0,22.241689793753334,944.0123720750755,298.15
7638.0,69.39068432262246,1.0,116.13237584089573,37.26760424836716,692.3411952467154,298.15
7639.0,69.38929530512084,1.0,114.39229907150042,31.14676773988014,254.1388586850576,298.15
7640.0,69.38790628761922,0.0,4.0235301240653945,23.60557178264206,1239.4329524909392,298.15
7641.0,69.38651727011761,0.0,0.0,24.706141992885613,256.4062904099263,298.15
7642.0,69.38512825261598,0.0,0.0,22.16765847627842,364.24225237301016,298.15
7643.0,69.38373923511436,0.0,1.210122893874704,25.384349248867526,709.2783329142599,298.15
7644.0,69.38235021761274,0.0,0.0,23.735010785172978,1514.1049884169254,298.15
7645.0,69.38096120011112,0.0,0.0,25.515362111572067,640.6589484802128,298.15
7646.0,69.37957218260951,0.0,1.2138602698321037,24.69645952684033,275.280127421099,298.15
7647.0,69.37818316510788,0.0,0.0,20.857043441804727,0.0,298.15
7648.0,69.37679414760626,0.0,0.0,27.96771913211135,0.0,298.15
7649.0,69.37540513010464,0.0,4.1120995372724325,29.718022552156253,503.83820465325493,298.15
7650.0,69.37401611260302,0.0,1.3806252891637625,25.241277009543527,690.8021489793842,298.15
7651.0,69.3726270951014,0.0,0.0,23.91596060517325,2.697495049564793,298.15
7652.0,69.37123807759977,0.0,0.0,29.047234592995604,577.7477777684239,298.15
7653.0,69.36984906009816,0.0,1.2051952495935545,30.001607828179665,2143.6836234030516,298.15
7654.0,69.36846004259654,0.0,2.3189253239625223,25.90279093542804,2979.402326159807,298.15
7655.0,69.36707102509492,0.0,0.0,25.95410904946781,3251.0579612849174,298.15
7656.0,69.36568200759329,0.0,0.8723248567903605,26.39253424143103,2414.661820755787,298.15
7657.0,69.36429299009167,0.0,0.0,23.245411637321812,3220.9390809413335,298.15
7658.0,69.36290397259006,0.0,0.0,26.250611124136185,3061.7407733485074,298.15
7659.0,69.36151495508844,0.0,0.3828423121832202,30.539800693405823,3541.8644617024624,298.15
7660.0,69.36012593758682,0.0,0.0,26.786600444724115,4238.578737330735,298.15
7661.0,69.35873692008519,0.0,1.7524494805166075,25.122648471452834,2703.765745699024,298.15
7662.0,69.35734790258357,0.0,1.1604581302646146,28.432784206166033,3415.935550206649,298.15
7663.0,69.35595888508195,0.0,0.0,26.158109348303192,3205.146500011665,298.15
7664.0,69.35456986758032,0.0,0.0,27.52757218766766,2533.3483176179175,298.15
7665.0,69.35318085007872,0.0,0.0,25.1670800135172,2720.1634690842748,298.15
7666.0,69.35179183257709,0.0,4.356603591897274,25.76858183783597,2555.3378536213954,298.15
7667.0,69.35040281507547,0.0,0.0,29.554105113523285,3299.925172310512,298.15
7668.0,69.34901379757385,1.0,115.92902631914616,38.3840796682312,3791.0649807399463,298.15
7669.0,69.34762478007222,0.0,0.0,26.652488804190973,3534.1405008269944,298.15
7670.0,69.34623576257061,0.0,0.0,28.61215926825747,2154.022580960416,298.15
7671.0,69.34484674506899,0.0,0.4246468231980467,27.215531337130514,3152.9086586302906,298.15
7672.0,69.34345772756737,1.0,119.97138457949889,36.95248962951977,2590.7688610758555,298.15
7673.0,69.34206871006575,0.0,1.0863207511739295,31.076935799103577,3738.9701275179214,298.15
7674.0,69.34067969256412,0.0,0.0,30.38441130584112,3190.241483931939,298.15
7675.0,69.3392906750625,0.0,6.559424624849522,28.81422515901502,2739.082803545461,298.15
7676.0,69.33790165756088,0.0,0.18719656984781988,29.24497118110964,3190.9175990442573,298.15
7677.0,69.33651264005927,1.0,115.57775294864331,39.01430300476856,1935.8813058595977,298.15
7678.0,69.33512362255765,0.0,3.36424540575941,30.11978752350525,2964.1549404365896,298.15
7679.0,69.33373460505602,0.0,0.0,27.53882889907534,2948.636234185535,298.15
7680.0,69.3323455875544,1.0,121.13644800434462,41.04851724982119,2730.5125404076066,298.15
7681.0,69.33095657005278,0.0,0.0,30.067663428771144,2563.724828791237,298.15
7682.0,69.32956755255117,0.0,3.406972252246949,28.86070680604569,3448.937751083915,298.15
7683.0,69.32817853504955,0.0,0.4789854949190566,28.460196349150912,241.65307235324366,298.15
7684.0,69.32678951754792,0.0,3.0758640984800225,31.267240461570083,680.9355414032145,298.15
7685.0,69.3254005000463,1.0,122.1249266255833,39.27451588475196,328.16191773347805,298.15
7686.0,69.32401148254468,1.0,114.98698698852716,38.19424293971884,364.1130815022916,298.15
7687.0,69.32262246504305,0.0,3.039459320022302,28.89349342428935,674.2950465238546,298.15
7688.0,69.32123344754143,0.0,0.0,31.32414081393995,212.4706012800977,298.15
7689.0,69.31984443003982,1.0,115.47902728766705,36.44786502582029,441.61737236865406,298.15
7690.0,69.3184554125382,0.0,0.0,29.080747554263432,678.4916243633952,298.15
7691.0,69.31706639503658,1.0,119.37822120201461,42.06309063912821,1258.8184661394246,298.15
7692.0,69.31567737753495,0.0,0.07865859178385043,29.53404137278299,473.91644561781504,298.15
7693.0,69.31428836003333,0.0,0.0,30.47328610015232,794.0387502630763,298.15
7694.0,69.31289934253172,1.0,118.85131562173193,42.17961991593501,89.56356296157185,298.15
7695.0,69.3115103250301,1.0,120.02455979318151,41.79807320258318,1093.560531287631,298.15
7696.0,69.31012130752848,0.0,1.5920660382619707,29.060864636442854,216.97732586955283,298.15
7697.0,69.30873229002685,1.0,121.45551213686093,39.7138439695875,453.69871182790195,298.15
7698.0,69.30734327252523,0.0,4.336137296983758,31.86261135126329,679.0578236894492,298.15
7699.0,69.30595425502361,0.0,0.0,31.939893736775943,226.82797127221318,298.15
7700.0,69.30456523752198,1.0,117.97392324058109,39.818013435437024,878.597975257363,298.15
7701.0,69.30317622002038,1.0,120.80390893782427,39.88747855662569,268.1959712037469,298.15
7702.0,69.30178720251875,1.0,116.74513078799725,40.54586094524382,790.9335663938359,298.15
7703.0,69.30039818501713,0.0,0.0,32.80852934688937,873.972304906436,298.15
7704.0,69.2990091675155,0.0,2.380972586430643,32.17690193988028,702.5999673110746,298.15
7705.0,69.29762015001388,0.0,0.0,31.38688759879338,748.134374982088,298.15
7706.0,69.29623113251228,0.0,0.0,27.703979878277867,1386.4617766845536,298.15
7707.0,69.29484211501065,1.0,116.60068870464303,39.34137439655266,645.8984109850111,298.15
7708.0,69.29345309750903,0.0,0.11606492855127601,29.422286896559225,538.4722128485124,298.15
7709.0,69.2920640800074,1.0,123.15744139417066,42.78215328220902,617.7686361061403,298.15
7710.0,69.29067506250578,0.0,2.6887010088920746,29.321627799675955,945.2937194838678,298.15
7711.0,69.28928604500416,0.0,0.26416697127396227,32.36732051238999,1315.8498052542643,298.15
7712.0,69.28789702750254,0.0,4.786121121034711,28.55475915689375,441.69386217331703,298.15
7713.0,69.28650801000093,0.0,0.0,28.673757742390983,180.43086212213518,298.15
7714.0,69.2851189924993,0.0,0.0,30.6338457392628,3173.488473222629,298.15
7715.0,69.28372997499768,1.0,115.23171579110114,42.8266757283515,2917.341867403805,298.15
7716.0,69.28234095749606,0.0,0.0,29.091035465122303,3535.227322299188,298.15
7717.0,69.28095193999444,1.0,123.69877635929649,34.17149977571273,2962.868253691025,298.15
7718.0,69.27956292249283,0.0,3.726055697520592,26.171469923394096,3386.261418300599,298.15
7719.0,69.2781739049912,1.0,120.01934394371875,39.952737616114156,3029.846163515388,298.15
7720.0,69.27678488748958,1.0,123.26581607131561,36.21766284536966,2394.4728635215565,298.15
7721.0,69.27539586998796,1.0,124.82780418922003,37.40229025178167,3028.641247689612,298.15
7722.0,69.27400685248634,0.0,0.026702835990893625,29.138720517845524,3374.30800284662,298.15
7723.0,69.27261783498471,1.0,117.23795882398258,33.9691812347117,2239.509380766715,298.15
7724.0,69.27122881748309,1.0,123.44181111749073,38.16181033746054,2485.8432510412977,298.15
7725.0,69.26983979998148,0.0,1.814068447974208,26.450706262802946,2403.4186252049844,298.15
7726.0,69.26845078247986,0.0,0.0,25.667737009057877,2429.7216814248095,298.15
7727.0,69.26706176497824,0.0,0.0,27.01305275580711,3166.187139169734,298.15
7728.0,69.26567274747661,1.0,120.81796085967574,36.362509340194066,2876.084560511261,298.15
7729.0,69.26428372997499,1.0,117.63173525664405,39.44075969437444,3314.608025718743,298.15
7730.0,69.26289471247338,1.0,126.38764948848385,40.83814146767143,2793.4938905245317,298.15
7731.0,69.26150569497176,0.0,0.0,27.50326813821363,2913.883839042678,298.15
7732.0,69.26011667747014,0.0,3.8063767204194088,26.912496530298416,3410.4170100797987,298.15
7733.0,69.25872765996851,1.0,126.55154056380435,37.17337234288346,2621.540523733908,298.15
7734.0,69.25733864246689,0.0,0.0,25.620671828818228,2991.6505928710503,298.15
7735.0,69.25594962496527,1.0,124.69813706332206,35.12596389179087,3067.2189027807485,298.15
7736.0,69.25456060746366,1.0,126.44134115370903,34.2638016142447,2161.7176053936278,298.15
7737.0,69.25317158996204,0.0,2.303548929844225,24.789187565748243,3055.3283059112177,298.15
7738.0,69.25178257246041,1.0,126.25836706441952,40.77929224937486,3023.3879207685754,298.15
7739.0,69.25039355495879,0.0,2.634017568757287,25.84524776587686,3031.12068583432,298.15
7740.0,69.24900453745717,1.0,125.1863562700575,31.05534466129914,2274.0849838077447,298.15
7741.0,69.24761551995554,0.0,0.0,25.78191015686459,3458.877011897717,298.15
7742.0,69.24622650245394,1.0,126.14846973474752,33.56517395511913,2989.162105868741,298.15
7743.0,69.24483748495231,0.0,0.4888422195319778,26.829402668465416,2258.9863526430304,298.15
7744.0,69.24344846745069,1.0,123.85600788193808,36.457758799766395,596.6097354143989,298.15
7745.0,69.24205944994907,1.0,123.7439930400844,36.52159681775623,232.33417454392412,298.15
7746.0,69.24067043244744,0.0,1.0658743408034703,26.16749127318369,819.0278605741343,298.15
7747.0,69.23928141494582,1.0,126.38493706410064,35.32412944137156,863.7200994656131,298.15
7748.0,69.23789239744421,1.0,127.17224453239093,32.9254078164124,823.2659286516191,298.15
7749.0,69.23650337994259,1.0,126.92605714812582,35.61759555954541,338.38804440892187,298.15
7750.0,69.23511436244097,0.0,3.622751739532307,27.712567891750766,460.4563283445344,298.15
7751.0,69.23372534493934,1.0,131.22438957121582,39.18728552078066,587.0763750367523,298.15
7752.0,69.23233632743772,0.0,0.0,24.776313773363277,812.6627266481321,298.15
7753.0,69.2309473099361,1.0,127.38942981173155,34.82730314721871,136.51752903789867,298.15
7754.0,69.22955829243449,0.0,2.025090499963577,25.95398682167168,532.7232899612727,298.15
7755.0,69.22816927493287,1.0,130.53830945886907,37.82802980740992,1154.2569594243514,298.15
7756.0,69.22678025743124,1.0,129.2299842829636,33.55625679625976,312.47353219129747,298.15
7757.0,69.22539123992962,1.0,126.84418090863099,35.81024750216209,490.8684763822198,298.15
7758.0,69.224002222428,1.0,128.15518121055877,32.492960282106345,1415.397731610265,298.15
7759.0,69.22261320492638,0.0,0.0,24.688052376250045,415.50468726043243,298.15
7760.0,69.22122418742477,1.0,130.89824500377534,35.82287382424606,0.0,298.15
7761.0,69.21983516992314,0.0,4.059040413701516,20.95706114552331,479.90191414783214,298.15
7762.0,69.21844615242152,1.0,129.06316986192883,32.34585432658851,1085.9587574154111,298.15
7763.0,69.2170571349199,1.0,128.48734605811342,35.20873748149309,870.123877404103,298.15
7764.0,69.21566811741828,1.0,130.90630916084027,34.31091590501388,156.85433054301444,298.15
7765.0,69.21427909991665,1.0,133.857233113194,34.97862566926796,645.49576788235,298.15
7766.0,69.21289008241504,1.0,128.1871482309452,34.389220290713595,438.4087453384085,298.15
7767.0,69.21150106491342,1.0,135.33349688881586,31.72686956813844,784.4221819074412,298.15
7768.0,69.2101120474118,0.0,0.0,26.77170534230953,284.4514645562947,298.15
7769.0,69.20872302991017,1.0,130.59549776049832,32.301919881834245,3137.2802603703844,298.15
7770.0,69.20733401240855,1.0,128.7712252506485,25.494159795834285,3524.3309566033336,298.15
7771.0,69.20594499490693,1.0,134.50626960023874,31.015519425226998,1862.6321531020526,298.15
7772.0,69.20455597740532,1.0,132.65543049586685,30.416981892111398,2893.6977538818855,298.15
7773.0,69.2031669599037,1.0,133.7109102969975,32.81637759333326,3834.907832337468,298.15
7774.0,69.20177794240207,1.0,131.39978767072552,30.0246851552761,2788.191336955274,298.15
7775.0,69.20038892490045,0.0,0.0,23.01165965646485,2664.783822260774,298.15
7776.0,69.19899990739883,1.0,132.8721884588771,31.675377011646315,3083.30298433062,298.15
7777.0,69.19761088989722,1.0,134.0355392308069,28.235083834380166,2742.3241709115773,298.15
7778.0,69.1962218723956,1.0,132.92440588531912,29.79093791502024,2303.1397175073403,298.15
7779.0,69.19483285489397,1.0,131.10945669020813,28.255848537498636,3191.1334005785297,298.15
7780.0,69.19344383739235,1.0,141.51062667847455,30.017123667019504,3017.5853912831176,298.15
7781.0,69.19205481989073,0.0,0.0,17.79537903233437,3727.881236401662,298.15
7782.0,69.1906658023891,1.0,135.9351649981522,29.338713184609237,3483.664379565549,298.15
7783.0,69.18927678488748,0.0,0.0,18.395280103776162,3538.6277320848712,298.15
7784.0,69.18788776738587,1.0,131.23968950767542,28.41572539164301,3612.9179921983105,298.15
7785.0,69.18649874988425,1.0,136.47863931500396,32.740670379862216,3914.0520888430183,298.15
7786.0,69.18510973238263,1.0,136.90942892918937,27.527079062563196,2590.9762655516547,298.15
7787.0,69.183720714881,1.0,139.74828131427847,24.04362282092277,3042.061504868165,298.15
7788.0,69.18233169737938,1.0,137.94390174663766,29.91028186718964,3544.8215112554917,298.15
7789.0,69.18094267987777,1.0,136.8845922234446,29.662232026415776,3173.9543288094483,298.15
7790.0,69.17955366237615,1.0,135.22894420242187,23.256340812687498,3311.035576760489,298.15
7791.0,69.17816464487453,1.0,141.31271795851578,25.664862799007707,3311.228817187115,298.15
7792.0,69.1767756273729,1.0,140.20467104178675,27.780754359939607,3472.983466630861,298.15
7793.0,69.17538660987128,1.0,135.27296878391462,27.729465147559054,3237.3134441457223,298.15
7794.0,69.17399759236966,1.0,138.58347411873092,26.401861380537945,2604.9461838033462,298.15
7795.0,69.17260857486804,1.0,139.08713392170935,26.21372885337576,3062.058062734524,298.15
7796.0,69.17121955736643,1.0,138.17148263804054,24.00193570933199,2680.3246964493237,298.15
7797.0,69.1698305398648,1.0,141.08503500313554,20.746465003074736,3533.644512556988,298.15
7798.0,69.16844152236318,1.0,141.4789424166039,29.707189382143422,3119.6221371375577,298.15
7799.0,69.16705250486156,1.0,139.29485501638072,23.233518002920924,134.1062886620864,298.15
7800.0,69.16566348735994,1.0,139.3308437818138,25.364811112372077,665.7092915047913,298.15
7801.0,69.16427446985833,1.0,143.822512584506,24.436074966331244,659.8349010964547,298.15
7802.0,69.1628854523567,1.0,142.72505771674693,26.383213036221704,0.0,298.15
7803.0,69.16149643485508,1.0,140.9262530442296,24.53087875781356,387.30625220138427,298.15
7804.0,69.16010741735346,1.0,137.1235107702642,24.375281925108492,993.5310490177878,298.15
7805.0,69.15871839985184,1.0,142.07562512559335,18.3783680148179,278.2227757990379,298.15
7806.0,69.15732938235021,1.0,143.1701196389679,21.865986894917878,506.1791593858156,298.15
7807.0,69.15594036484859,1.0,135.1952137039448,24.893031524947695,2644.996540244217,298.15
7808.0,69.15455134734698,1.0,142.60833396463158,24.473103729873948,3239.6831518896943,298.15
7809.0,69.15316232984536,1.0,141.2658527586348,20.919556120123104,3369.668712898132,298.15
7810.0,69.15177331234374,1.0,141.98250940210235,19.391931725924238,2843.5619096964424,298.15
7811.0,69.15038429484211,1.0,140.59670417553954,22.68268417031537,3542.1925486527266,298.15
7812.0,69.14899527734049,1.0,142.65494440863444,16.181408955545574,2536.4743144396834,298.15
7813.0,69.14760625983888,1.0,146.57352051829005,19.58405106403354,2825.9004520964136,298.15
7814.0,69.14621724233726,1.0,142.44247172070445,25.365843556794328,2944.6208403651503,298.15
7815.0,69.14482822483563,1.0,146.0548554230481,24.485059626894827,2942.376243962207,298.15
7816.0,69.14343920733401,1.0,142.08140816562235,22.276723932004685,2363.627344449144,298.15
7817.0,69.14205018983239,1.0,146.05773052336596,21.67712288124634,2675.9453113361797,298.15
7818.0,69.14066117233077,1.0,144.50109653906,16.784419311990046,2544.0050206421483,298.15
7819.0,69.13927215482914,1.0,145.58245682447412,19.058545671841426,2254.1959435999897,298.15
7820.0,69.13788313732753,1.0,145.0069228363687,19.754675321061804,2852.893665842838,298.15
7821.0,69.13649411982591,1.0,146.76407619183635,18.654317086623724,3052.448267511194,298.15
7822.0,69.13510510232429,1.0,139.363284268041,19.195030110967412,3163.0486969577346,298.15
7823.0,69.13371608482267,1.0,142.34214378564562,22.383181750742597,2926.2024663426255,298.15
7824.0,69.13232706732104,1.0,146.9622296605138,18.358263712165403,2558.1431040025104,298.15
7825.0,69.13093804981943,1.0,141.34303434404558,18.555077737820987,2573.8930393514856,298.15
7826.0,69.12954903231781,0.0,0.0,10.571283249863205,2525.0043443504333,298.15
7827.0,69.12816001481619,1.0,146.5663223468309,15.89343860327034,2855.8865045539765,298.15
7828.0,69.12677099731457,1.0,144.96376276829923,16.876732236816437,3273.7180701334005,298.15
7829.0,69.12538197981294,1.0,145.52937031438972,16.87614915550319,2812.7734170969056,298.15
7830.0,69.12399296231132,1.0,148.06343818498033,18.305043234955676,3010.125329389013,298.15
7831.0,69.1226039448097,1.0,150.05961561595865,17.26806729807354,3155.4196242675653,298.15
7832.0,69.12121492730809,1.0,145.60934423824668,17.126065649729163,3287.66012364983,298.15
7833.0,69.11982590980647,1.0,146.75966415328583,16.193965279060052,3920.220271179052,298.15
7834.0,69.11843689230484,1.0,146.62353829518108,15.151131257400502,2897.783850584709,298.15
7835.0,69.11704787480322,1.0,142.83202077588118,18.42152971020787,2868.965346162252,298.15
7836.0,69.1156588573016,1.0,149.17261015778405,16.26440700647483,3371.1745420397037,298.15
7837.0,69.11426983979999,1.0,151.29509479283774,18.04407825547707,379.5363959795609,298.15
7838.0,69.11288082229837,1.0,151.72247309078335,14.271180325644032,1179.1824624257538,298.15
7839.0,69.11149180479674,0.0,0.0,4.999964233676032,741.9239019592824,298.15
7840.0,69.11010278729512,1.0,146.77957461105623,15.726068664909672,904.5341918284857,298.15
7841.0,69.1087137697935,1.0,150.04221309599598,15.729414398277479,0.0,298.15
7842.0,69.10732475229187,1.0,152.19440397674268,17.3655625933775,871.0737881540697,298.15
7843.0,69.10593573479025,1.0,150.81446944050757,14.731561232531142,202.4935558498484,298.15
7844.0,69.10454671728864,0.0,0.6892530917554567,6.982045741179335,750.7030357687908,298.15
7845.0,69.10315769978702,1.0,153.61612417485836,16.033232993479697,372.61031911858225,298.15
7846.0,69.1017686822854,0.0,0.0,4.859473505120236,578.0389191294388,298.15
7847.0,69.10037966478377,1.0,150.817151184981,12.9386186181502,2241.4340567808467,298.15
7848.0,69.09899064728215,1.0,155.4564499102506,16.296142455113532,1909.0030159344078,298.15
7849.0,69.09760162978054,1.0,151.31279792858132,12.646705741358362,2937.1451646071105,298.15
7850.0,69.09621261227892,1.0,148.98063627825985,14.34941488906572,3262.4239100144327,298.15
7851.0,69.0948235947773,1.0,150.62228825394558,14.116618629180202,2417.065965088455,298.15
7852.0,69.09343457727567,0.0,0.0,3.6374356096508715,2602.246650222286,298.15
7853.0,69.09204555977405,1.0,153.49786018314455,13.100867384906365,2039.0334216682495,298.15
7854.0,69.09065654227243,1.0,150.72529642625102,12.049223216197262,3429.4591319299234,298.15
7855.0,69.0892675247708,1.0,153.71706170471353,10.251942446094452,2575.6381111499786,298.15
7856.0,69.0878785072692,1.0,151.52776047954353,16.34375777007256,2527.581853030583,298.15
7857.0,69.08648948976757,1.0,148.43116328613218,12.277224337225935,2817.063630178431,298.15
7858.0,69.08510047226595,1.0,154.4276311537703,12.882886093326526,3403.7701106561776,298.15
7859.0,69.08371145476433,1.0,154.25645505561232,12.727302005640517,2884.042579978713,298.15
7860.0,69.0823224372627,1.0,155.34037684231566,15.129196937673974,3156.512411378005,298.15
7861.0,69.0809334197611,1.0,152.70604031558557,16.723380295357643,3593.717665297417,298.15
7862.0,69.07954440225947,1.0,152.653155009903,12.9241723210722,2938.173002756109,298.15
7863.0,69.07815538475785,1.0,155.66624298056612,12.138388323430146,2954.765869456584,298.15
7864.0,69.07676636725623,1.0,158.5265310324163,10.0130619217464,3141.885050546265,298.15
7865.0,69.0753773497546,0.0,0.026607195760076054,0.0,2652.64103799101,298.15
7866.0,69.07398833225298,1.0,156.3097274329795,8.422326226467163,3662.1850260328024,298.15
7867.0,69.07259931475136,1.0,154.72481874694688,10.325633655049122,2328.205130961618,298.15
7868.0,69.07121029724975,1.0,152.00447589654368,7.533912689562184,2698.690507011227,298.15
7869.0,69.06982127974813,1.0,158.17633451963292,13.973297236390618,2584.2474774644015,298.15
7870.0,69.0684322622465,0.0,2.164249186653303,2.509379392583917,2978.8685875852398,298.15
7871.0,69.06704324474488,1.0,157.93840503556189,11.009482699813585,3154.3047871960425,298.15
7872.0,69.06565422724326,0.0,0.0,3.720526548059975,2961.614656688709,298.15
7873.0,69.06426520974165,0.0,1.4224547818024333,0.0,2853.961081659327,298.15
7874.0,69.06287619224003,1.0,158.92126068662637,9.538901251976652,2786.9152509474548,298.15
7875.0,69.0614871747384,1.0,160.83050567461842,7.1449427898404405,2430.4585249643537,298.15
7876.0,69.06009815723678,0.0,2.3551114964038593,2.653827080217102,3198.4514180904434,298.15
7877.0,69.05870913973516,1.0,157.47429618914154,9.293484149311713,886.6959344391682,298.15
7878.0,69.05732012223353,0.0,0.0,0.9192289730517201,514.2486755331665,298.15
7879.0,69.05593110473191,1.0,158.0371778050957,12.880896507737603,476.81619526414556,298.15
7880.0,69.0545420872303,1.0,158.4467579736999,13.567497678189257,150.9114869650425,298.15
7881.0,69.05315306972868,1.0,159.69189185068691,10.602863587472006,1105.0147448686362,298.15
7882.0,69.05176405222706,0.0,3.2255762066267324,1.3897565715541735,3967.6919771384905,298.15
7883.0,69.05037503472543,0.0,0.0,0.0,2900.099564138605,298.15
7884.0,69.04898601722381,1.0,163.49780939761868,13.950535894423687,3499.3613938736444,298.15
7885.0,69.0475969997222,0.0,0.0,0.07104260079394809,3012.467181619719,298.15
7886.0,69.04620798222058,1.0,159.80770295017467,10.527185672363238,3524.7252563761626,298.15
7887.0,69.04481896471896,1.0,157.06128742558892,9.470752814834658,2660.058690563765,298.15
7888.0,69.04342994721733,1.0,154.57286184452042,12.744361252272606,2960.132968126814,298.15
7889.0,69.04204092971571,1.0,158.78690255647544,10.63589117722126,2848.057718551222,298.15
7890.0,69.04065191221409,1.0,155.94477048672124,11.757413931538407,3004.7803711462143,298.15
7891.0,69.03926289471246,0.0,0.0,0.8812241713450245,3530.0436289434083,298.15
7892.0,69.03787387721086,0.0,0.08283590643038966,0.0,3492.555496538401,298.15
7893.0,69.03648485970923,1.0,162.51479990999474,12.011659485332439,2824.0599100411246,298.15
7894.0,69.03509584220761,0.0,0.0,0.7802879471863667,1940.6168666563694,298.15
7895.0,69.03370682470599,0.0,2.1643228675563573,0.0,2914.6101044977586,298.15
7896.0,69.03231780720436,0.0,0.23367151857744092,0.0,2883.842082442667,298.15
7897.0,69.03092878970276,0.0,2.4511790415444,0.32425467607454345,3351.4913779126464,298.15
7898.0,69.02953977220113,1.0,159.5001177582456,11.882982640541492,2626.403463606934,298.15
7899.0,69.02815075469951,0.0,0.0,3.3902899094195322,2613.5208917116806,298.15
7900.0,69.02676173719789,0.0,0.0,0.0,2947.0464635077906,298.15
7901.0,69.02537271969626,1.0,157.8314680941436,10.05488561940302,3452.564569285211,298.15
7902.0,69.02398370219464,1.0,162.16972743083087,11.019430771835344,3100.077585050307,298.15
7903.0,69.02259468469303,0.0,3.5186891043716213,0.627756174769809,3567.62138978452,298.15
7904.0,69.02120566719141,1.0,159.92291857799404,12.115728669739108,2768.6403562617256,298.15
7905.0,69.01981664968979,0.0,1.4988817864843533,1.4011316072663471,3395.9848615454243,298.15
7906.0,69.01842763218816,1.0,157.8675616004616,8.02968765152042,2983.1100184472984,298.15
7907.0,69.01703861468654,0.0,0.4296059001242288,0.0,3954.5517480827375,298.15
7908.0,69.01564959718492,0.0,1.5928152998680492,0.7640773783401146,3051.7588870893755,298.15
7909.0,69.01426057968331,0.0,0.0,2.1968731049886077,2775.895959473089,298.15
7910.0,69.01287156218169,0.0,0.0,0.4810977259812932,2735.29249075313,298.15
7911.0,69.01148254468006,0.0,1.7056349651296936,0.0,2733.153765458666,298.15
7912.0,69.01009352717844,0.0,0.0,0.0,165.68920909085006,298.15
7913.0,69.00870450967682,1.0,165.40254077570802,11.740918667953704,885.265565170782,298.15
7914.0,69.0073154921752,1.0,163.15725818821525,9.640650819117647,818.0802882953449,298.15
7915.0,69.00592647467359,1.0,164.11349619194942,10.658251464600037,3256.146583749196,298.15
7916.0,69.00453745717196,0.0,0.0,2.6733138302877077,2785.2608925543254,298.15
7917.0,69.00314843967034,1.0,158.47684267315773,8.046850726746644,2964.6685803564387,298.15
7918.0,69.00175942216872,1.0,163.93740981364533,9.739416514378874,3299.4309233179915,298.15
7919.0,69.0003704046671,0.0,0.0,0.0,3227.8826451711757,298.15
7920.0,68.99898138716547,0.0,0.07651338487199533,1.4687166463481747,3075.9177591511034,298.15
7921.0,68.99759236966386,0.0,2.5911664875301748,2.4061649801226723,3487.3148139630207,298.15
7922.0,68.99620335216224,1.0,164.79124507311855,7.82729493115936,3265.079362892754,298.15
7923.0,68.99481433466062,1.0,167.62429563974183,10.956896703356657,2022.701137767764,298.15
7924.0,68.993425317159,0.0,0.36654961511568585,2.8501271802428034,2718.6379488901066,298.15
7925.0,68.99203629965737,0.0,0.0,0.0,3349.9407781846135,298.15
7926.0,68.99064728215575,0.0,0.0,1.100590977905525,3281.055155047986,298.15
7927.0,68.98925826465414,0.0,0.9902961415963909,0.0,2680.903354013154,298.15
7928.0,68.98786924715252,0.0,2.4202247723447186,0.1015704703214606,3062.125925209619,298.15
7929.0,68.9864802296509,1.0,159.9268709911552,6.352050983367858,3171.25925084668,298.15
7930.0,68.98509121214927,0.0,0.020340419505162244,4.513477229660539,3079.5606266965865,298.15
7931.0,68.98370219464765,0.0,3.8346484150602347,1.0080694577527471,2225.2196015795803,298.15
7932.0,68.98231317714603,0.0,0.0,0.18705380035965113,3236.2321602301945,298.15
7933.0,68.98092415964442,0.0,2.2180868187315235,2.6490066342321144,3380.6823759148715,298.15
7934.0,68.9795351421428,0.0,1.1748265948311514,0.0,3607.1342993068315,298.15
7935.0,68.97814612464117,1.0,165.98180783801118,9.859881574161871,2399.0046018825665,298.15
7936.0,68.97675710713955,0.0,0.0,5.456707759005038,2782.9132167664284,298.15
7937.0,68.97536808963793,0.0,0.0,6.201128108949124,3699.012291381569,298.15
7938.0,68.9739790721363,0.0,0.04829671767554065,1.3700834884102178,2776.0339897133495,298.15
7939.0,68.9725900546347,0.0,0.0,4.9338182973975435,3177.5584338996487,298.15
7940.0,68.97120103713307,0.0,0.0,3.6006279353667567,3461.5004658285648,298.15
7941.0,68.96981201963145,0.0,0.6024653476396892,0.08255029921586088,3022.335566187973,298.15
7942.0,68.96842300212982,0.0,4.251800549382653,1.2293636907985004,2906.8003299933807,298.15
7943.0,68.9670339846282,0.0,0.9594549227393099,6.499437382302269,2893.759431065698,298.15
7944.0,68.96564496712658,0.0,1.4895739755475756,0.4933274025575569,3214.619381159145,298.15
7945.0,68.96425594962497,0.0,2.7743025113638184,8.308398221972416,383.72301076546864,298.15
7946.0,68.96286693212335,0.0,0.0,2.5674129841816886,797.6241219508181,298.15
7947.0,68.96147791462172,0.0,0.0,7.17284379182806,238.14324095682582,298.15
7948.0,68.9600888971201,0.0,5.7784180424018805,3.433915493862362,932.4379404375622,298.15
7949.0,68.95869987961848,0.0,0.0,5.881387752949312,117.10860764432266,298.15
7950.0,68.95731086211686,0.0,2.659837589553077,7.2767251112549145,724.0274211965918,298.15
7951.0,68.95592184461525,0.0,2.296054847089474,7.434136673177741,693.3663218597945,298.15
7952.0,68.95453282711362,0.0,0.0,3.523996431591822,590.1840365103591,298.15
7953.0,68.953143809612,0.0,0.7397005615067893,3.132718115321074,844.8786252092941,298.15
7954.0,68.95175479211038,0.0,0.3496181408198557,4.912468827398488,239.918147659753,298.15
7955.0,68.95036577460876,0.0,0.7861094724045137,2.5703805620175117,336.7348925630265,298.15
7956.0,68.94897675710715,0.0,0.0,5.933163758212011,162.57679710899203,298.15
7957.0,68.94758773960552,0.0,0.0,3.924895074210795,503.15653628329545,298.15
7958.0,68.9461987221039,0.0,0.0,8.04419489567051,457.9891956774313,298.15
7959.0,68.94480970460228,0.0,0.0,4.81535871688752,799.9811559456782,298.15
7960.0,68.94342068710066,0.0,2.823163174429885,2.582230038137522,635.4843046595392,298.15
7961.0,68.94203166959903,0.0,4.329647526709829,9.270404518762772,741.4746738258604,298.15
7962.0,68.94064265209741,0.0,3.327320976178114,6.9477438294747955,430.9537445575292,298.15
7963.0,68.9392536345958,0.0,2.049346061196241,6.8248752322460895,642.0911660379571,298.15
7964.0,68.93786461709418,0.0,0.0,9.224549963238069,1134.927029227671,298.15
7965.0,68.93647559959255,0.0,0.0,8.963941037066126,28.71167531099951,298.15
7966.0,68.93508658209093,0.0,0.50013778807476,5.789740355466722,0.0,298.15
7967.0,68.93369756458931,0.0,0.0,6.6384880281696885,3132.9507444226033,298.15
7968.0,68.9323085470877,0.0,1.375162134481712,5.473381268860672,2422.59337665256,298.15
7969.0,68.93091952958608,1.0,165.2430284816567,14.954247344008504,2133.0529510635843,298.15
7970.0,68.92953051208445,1.0,164.75322530915778,19.386007556164135,2699.820698806218,298.15
7971.0,68.92814149458283,0.0,2.442329323630808,9.211499319638266,2575.9377742441266,298.15
7972.0,68.92675247708121,0.0,0.0,10.185831891302225,3378.832174005259,298.15
7973.0,68.92536345957959,1.0,165.52963808435985,21.476173201022597,3251.275052850099,298.15
7974.0,68.92397444207796,0.0,0.0,10.643506304583038,3405.7009007859633,298.15
7975.0,68.92258542457635,0.0,0.0,11.044391332124158,2419.0166231611774,298.15
7976.0,68.92119640707473,1.0,164.38364032967067,15.183293635200403,2818.407820985909,298.15
7977.0,68.91980738957311,0.0,2.8967548667109875,9.063384327547254,2280.0679415437453,298.15
7978.0,68.91841837207149,0.0,1.1626664857517106,11.912567910581943,2101.3966549280476,298.15
7979.0,68.91702935456986,0.0,0.04956449336828841,7.726724337252492,2653.342135854573,298.15
7980.0,68.91564033706825,0.0,0.7389251918297258,10.554216251755745,3250.3426933344917,298.15
7981.0,68.91425131956663,0.0,0.32502996294042297,11.66305116256867,2280.512421694273,298.15
7982.0,68.91286230206501,0.0,0.0,11.730445973250626,2727.8942014706377,298.15
7983.0,68.91147328456339,0.0,0.0,11.80415158257898,3263.5381809243077,298.15
7984.0,68.91008426706176,0.0,0.0,12.507515554984103,3526.86568506035,298.15
7985.0,68.90869524956014,1.0,162.5961849506061,21.871890396104583,3019.202238573381,298.15
7986.0,68.90730623205852,1.0,162.34163445725264,18.704195504479408,2747.4380154062924,298.15
7987.0,68.90591721455691,0.0,1.6107765647848051,13.005992556807449,2421.6398210785846,298.15
7988.0,68.90452819705528,1.0,161.61135368535386,22.777809237203076,2595.3729326181906,298.15
7989.0,68.90313917955366,1.0,163.36737933225143,19.424648225438812,2958.532773382447,298.15
7990.0,68.90175016205204,0.0,0.0,15.50519130049583,2910.0755803737216,298.15
7991.0,68.90036114455042,0.0,4.344056907930238,13.989844959248757,3188.590255622249,298.15
7992.0,68.89897212704881,0.0,0.19229621234823088,10.267026013122413,2784.1326448423906,298.15
7993.0,68.89758310954718,0.0,5.576648614922192,11.664901990098498,2251.6861784261964,298.15
7994.0,68.89619409204556,0.0,0.8386491172544012,12.42256329319823,3832.3625028757388,298.15
7995.0,68.89480507454394,0.0,0.0,12.655831204738746,3372.8233301270016,298.15
7996.0,68.89341605704232,0.0,0.0,14.66383353250511,2400.422698091079,298.15
7997.0,68.8920270395407,0.0,0.0,12.275428814621577,924.6399047572077,298.15
7998.0,68.89063802203907,1.0,158.66930117964543,26.860530138759287,96.36523466780375,298.15
7999.0,68.88924900453746,0.0,0.0,16.925911040455702,451.9758054913694,298.15
8000.0,68.88785998703584,1.0,161.72524764131842,26.280037128229534,413.63865588478103,298.15
8001.0,68.88647096953422,1.0,159.4042473019981,25.32705095507935,563.8613944046268,298.15
8002.0,68.88508195203259,0.0,0.44534387952961074,17.408726518876747,3095.2328603337837,298.15
8003.0,68.88369293453097,1.0,163.4516707109535,25.136253698752938,3239.970671718032,298.15
8004.0,68.88230391702936,0.0,0.0,14.44444664814375,2508.8104501315975,298.15
8005.0,68.88091489952774,0.0,4.953481572578857,18.636666760873467,3011.6732404781033,298.15
8006.0,68.87952588202612,1.0,157.18880190628826,27.067938535164597,3366.2822942237995,298.15
8007.0,68.87813686452449,0.0,0.0,15.232168865156526,3843.5395113692725,298.15
8008.0,68.87674784702287,1.0,158.42269632007557,26.01658691854772,2388.8939597232634,298.15
8009.0,68.87535882952125,0.0,2.2311777746826817,15.5914309370629,2704.668487771646,298.15
8010.0,68.87396981201962,1.0,154.08022200867708,31.52605282734167,2156.209651916493,298.15
8011.0,68.87258079451802,0.0,0.0,17.58740736722541,3597.370818098159,298.15
8012.0,68.87119177701639,1.0,158.8609698692616,28.136809645619472,3314.769734220869,298.15
8013.0,68.86980275951477,0.0,3.6960758940375764,19.532462355011944,3197.3377571497895,298.15
8014.0,68.86841374201315,1.0,159.3466992772265,25.760177523378246,4029.8426073230653,298.15
8015.0,68.86702472451152,1.0,155.4315122901936,30.76808120580535,3465.995957562052,298.15
8016.0,68.86563570700991,0.0,0.0,17.474020406412873,2632.221830285528,298.15
8017.0,68.86424668950829,1.0,162.3169147371753,32.74046829935656,2203.1431645404737,298.15
8018.0,68.86285767200667,0.0,0.0,18.53864731546006,3744.845279425236,298.15
8019.0,68.86146865450505,1.0,155.75610498982647,31.555253064553273,3364.4117126867022,298.15
8020.0,68.86007963700342,1.0,161.35523829992934,24.474743103556364,2644.211740258915,298.15
8021.0,68.8586906195018,1.0,160.07521557264525,27.429935298491454,2611.108920847386,298.15
8022.0,68.85730160200018,1.0,160.53062720523914,29.474226303387944,3843.924553572017,298.15
8023.0,68.85591258449857,0.0,0.0,16.10479505630506,3442.5598888342565,298.15
8024.0,68.85452356699695,0.0,0.0,21.76380742610681,2712.4304762913166,298.15
8025.0,68.85313454949532,0.0,0.3172621628901783,21.38708956658645,3296.3678299743333,298.15
8026.0,68.8517455319937,1.0,157.59034057319505,28.90932439654263,3175.6200277120056,298.15
8027.0,68.85035651449208,0.0,0.8686446371804013,21.139731255387915,3778.34944367501,298.15
8028.0,68.84896749699047,1.0,159.95082608907893,33.053558329619094,3082.72298864096,298.15
8029.0,68.84757847948885,1.0,152.11441429142906,27.252395759359644,2749.8978354547367,298.15
8030.0,68.84618946198722,0.0,2.0481782819837377,19.177744364575673,3543.71713947613,298.15
8031.0,68.8448004444856,1.0,153.25883322869996,31.326369342124927,2213.0829559744084,298.15
8032.0,68.84341142698398,0.0,2.038744432305091,22.275338333163788,626.2242549860127,298.15
8033.0,68.84202240948235,0.0,0.0,22.310738901209294,90.3677404315161,298.15
8034.0,68.84063339198073,1.0,153.35893072519545,34.47366181037548,3078.990876403752,298.15
8035.0,68.83924437447912,0.0,0.0,23.823803417546642,3409.1611965420184,298.15
8036.0,68.8378553569775,0.0,0.0,24.477242934983707,2509.271669596128,298.15
8037.0,68.83646633947588,1.0,154.8060891122482,30.362675037781372,3285.741560983388,298.15
8038.0,68.83507732197425,0.0,0.0,23.730580120266346,2159.1992149117114,298.15
8039.0,68.83368830447263,1.0,156.1827112136293,32.990260716648194,2936.1299920611045,298.15
8040.0,68.83229928697102,1.0,155.63174603256863,36.8386647605547,2714.0482396287675,298.15
8041.0,68.8309102694694,0.0,4.021945464398828,24.366753325957564,3016.189312919483,298.15
8042.0,68.82952125196778,0.0,0.8727559787042585,22.81077044083806,2864.2967019300754,298.15
8043.0,68.82813223446615,1.0,154.73048848644368,36.14063368594925,3011.2627042331414,298.15
8044.0,68.82674321696453,1.0,156.6170614070403,35.725612938757116,2804.0211492137587,298.15
8045.0,68.82535419946291,0.0,0.0,23.04359178637115,3293.0681242210444,298.15
8046.0,68.82396518196128,1.0,149.3141460967269,34.199401392334885,2455.4061163639753,298.15
8047.0,68.82257616445968,0.0,0.47671358075410925,24.410136973815288,2625.0009989383616,298.15
8048.0,68.82118714695805,1.0,149.0432987451954,37.80518682058428,3196.4372090124643,298.15
8049.0,68.81979812945643,0.0,5.846379931603126,25.858762792284043,2523.815098527414,298.15
8050.0,68.81840911195481,0.0,3.467648193159096,27.1087534295037,3748.135020406438,298.15
8051.0,68.81702009445318,0.0,5.155559895226091,24.752374896163825,2344.6780006569898,298.15
8052.0,68.81563107695158,1.0,151.71086481869747,36.6265120130632,3301.3660766428766,298.15
8053.0,68.81424205944995,1.0,152.65293101072356,38.78832032053049,3430.4359567141546,298.15
8054.0,68.81285304194833,1.0,150.02442877208867,35.50537386353801,3041.4825786272163,298.15
8055.0,68.8114640244467,1.0,152.99929394458235,36.64409740356211,3678.544333354293,298.15
8056.0,68.81007500694508,1.0,147.77527647559464,33.73994658129076,3406.643261903804,298.15
8057.0,68.80868598944346,1.0,144.38676050280222,35.12416095424429,2789.8891916472853,298.15
8058.0,68.80729697194184,1.0,148.33487649917072,36.161081274970954,2702.135955037535,298.15
8059.0,68.80590795444023,1.0,146.52314994500637,34.802672187082315,3213.4177589874766,298.15
8060.0,68.8045189369386,1.0,153.282762216366,39.86757865910965,1995.5800182713353,298.15
8061.0,68.80312991943698,1.0,153.85730549651223,35.540209399724276,3691.8987073115713,298.15
8062.0,68.80174090193536,1.0,145.95796928498643,39.0324047412704,3635.9630369519928,298.15
8063.0,68.80035188443374,0.0,3.077444554124895,27.923273244058983,3920.7422262368486,298.15
8064.0,68.79896286693213,1.0,151.10161399150283,37.728685289442346,653.569300246274,298.15
8065.0,68.7975738494305,0.0,0.0,30.861282547062498,1039.2097067961795,298.15
8066.0,68.79618483192888,1.0,147.4359372521821,33.238804495057465,625.200552795533,298.15
8067.0,68.79479581442726,1.0,146.74750050604052,37.62394626223163,2644.372637928174,298.15
8068.0,68.79340679692564,1.0,149.67485925113738,35.91161410132329,2724.77691340481,298.15
8069.0,68.79201777942401,1.0,144.72752119306125,34.20251904645377,2943.1299239685445,298.15
8070.0,68.79062876192239,1.0,147.1808490302089,35.89576436644222,2786.368167265833,298.15
8071.0,68.78923974442078,1.0,145.54277610494958,38.506041067551614,2515.064010842036,298.15
8072.0,68.78785072691916,1.0,148.06447362158582,37.0732207297545,3089.27502515341,298.15
8073.0,68.78646170941754,1.0,146.17929092205765,40.52421660805726,3542.4690039462807,298.15
8074.0,68.78507269191591,1.0,145.17888093276215,38.32433169843134,3559.25424145512,298.15
8075.0,68.78368367441429,1.0,145.7034891999403,38.187006917846944,2904.5748015699855,298.15
8076.0,68.78229465691268,1.0,150.81932234535122,38.284674012657376,3658.491901634891,298.15
8077.0,68.78090563941106,1.0,144.7315615072753,38.82808711674209,2096.2256183640366,298.15
8078.0,68.77951662190944,1.0,143.00028065583732,38.24827839940664,3458.653844852916,298.15
8079.0,68.77812760440781,1.0,146.62543761208258,37.431865101206924,3736.364607391024,298.15
8080.0,68.77673858690619,1.0,144.64794059707418,41.31034635369698,3465.431556308691,298.15
8081.0,68.77534956940457,1.0,141.3720557006009,38.04698321134697,3577.955196003657,298.15
8082.0,68.77396055190296,1.0,149.81357430157675,38.61171258792451,3306.5900998850016,298.15
8083.0,68.77257153440134,1.0,143.41027120288942,40.355877961846154,3286.076276130247,298.15
8084.0,68.77118251689971,1.0,143.10219580449655,40.18753835181117,2425.12323906356,298.15
8085.0,68.76979349939809,1.0,144.13522648739792,37.73894469229023,3488.7515542312444,298.15
8086.0,68.76840448189647,1.0,147.62790496897588,41.199187258381244,2269.4573429182014,298.15
8087.0,68.76701546439485,1.0,139.25526877009045,40.79962709690731,3448.5261965471686,298.15
8088.0,68.76562644689324,1.0,143.66551938848824,40.102156376553225,3069.3764196610564,298.15
8089.0,68.76423742939161,1.0,147.73130784930913,38.885171860962345,2764.993848062053,298.15
8090.0,68.76284841188999,1.0,142.81537243548036,38.9746730280179,3654.458395950692,298.15
8091.0,68.76145939438837,1.0,139.31548123184393,39.433270149711156,3101.846763388378,298.15
8092.0,68.76007037688674,1.0,140.53497023509692,37.33570639102698,3084.759494446869,298.15
8093.0,68.75868135938512,1.0,142.25060348634943,39.82825226612571,2353.341227337213,298.15
8094.0,68.75729234188351,1.0,144.67754286279586,41.77727222338489,3462.5444361112995,298.15
8095.0,68.75590332438189,1.0,140.44761313290732,41.76508942261498,2783.9862703397603,298.15
8096.0,68.75451430688027,1.0,142.97447015560263,39.18323673768028,3037.9225051259937,298.15
8097.0,68.75312528937864,1.0,137.33416741733393,42.1826506071869,528.3524601417239,298.15
8098.0,68.75173627187702,1.0,137.063034930314,43.93182076346804,257.0139658129815,298.15
8099.0,68.7503472543754,1.0,139.1010755496001,39.344595357397424,624.3228540278055,298.15
8100.0,68.74895823687379,1.0,143.42602786018554,41.42925845157212,291.3275999768141,298.15
8101.0,68.74756921937217,1.0,139.91276739042854,35.321256525448625,653.335649584163,298.15
8102.0,68.74618020187054,1.0,140.187841866403,37.39219551044168,0.0,298.15
8103.0,68.74479118436892,1.0,139.90865180525097,40.17168179265019,359.6112762195835,298.15
8104.0,68.7434021668673,1.0,141.63761403915453,37.88963283183746,494.9742409130284,298.15
8105.0,68.74201314936568,1.0,137.29011831783384,44.16848852843161,165.70280061222888,298.15
8106.0,68.74062413186407,1.0,140.13283063228027,41.1691582079197,627.4180109755656,298.15
8107.0,68.73923511436244,1.0,136.262748985919,41.90564525971357,352.1122984328953,298.15
8108.0,68.73784609686082,1.0,142.7167746400283,39.82172723839157,497.9301140632864,298.15
8109.0,68.7364570793592,1.0,135.8345107356273,37.77687251210057,306.82312524273004,298.15
8110.0,68.73506806185758,1.0,135.38907073732778,38.74302111645417,840.4206445251746,298.15
8111.0,68.73367904435595,1.0,138.55106783317288,40.30240665771234,691.231590309639,298.15
8112.0,68.73229002685434,1.0,137.18209413939178,38.41583226241501,3389.937602247181,298.15
8113.0,68.73090100935272,1.0,137.52153494311125,41.075596570375964,3089.1106341232644,298.15
8114.0,68.7295119918511,1.0,137.03557048672235,41.109140775616986,3702.155551564128,298.15
8115.0,68.72812297434947,1.0,133.64777072644782,39.595844423237395,3209.6210192644444,298.15
8116.0,68.72673395684785,1.0,139.8412929439108,35.75543015652265,3002.6247984461393,298.15
8117.0,68.72534493934623,1.0,137.87878358142996,43.01256769254213,2434.52657520171,298.15
8118.0,68.72395592184462,1.0,138.74047529481794,38.96484199746677,3305.7564741677097,298.15
8119.0,68.722566904343,1.0,133.99750325184962,44.93656868004631,3735.8681270385496,298.15
8120.0,68.72117788684137,1.0,136.00246487697783,40.614542356832246,2546.2098991887306,298.15
8121.0,68.71978886933975,1.0,135.23478219587025,38.757334343263835,3029.2217640043445,298.15
8122.0,68.71839985183813,1.0,137.20698609673678,40.03879300905309,2625.1800415232356,298.15
8123.0,68.7170108343365,1.0,137.0394272201356,34.85809645205645,2748.5547877818735,298.15
8124.0,68.7156218168349,1.0,134.49137610110142,41.06753161471577,2191.494413071431,298.15
8125.0,68.71423279933327,1.0,130.17190411559372,44.16368023805197,3718.617940301109,298.15
8126.0,68.71284378183165,1.0,137.7858752284183,34.44818331089567,3750.565955602434,298.15
8127.0,68.71145476433003,0.0,1.3246108431367394,28.077017305334568,2398.078478141052,298.15
8128.0,68.7100657468284,1.0,131.6136675961214,38.35468749282805,3679.604920935234,298.15
8129.0,68.70867672932678,1.0,133.7915862661264,40.279381549388724,3122.7039167273883,298.15
8130.0,68.70728771182517,1.0,128.98349116511199,42.71783758492951,2074.2650042970363,298.15
8131.0,68.70589869432355,1.0,134.85929980036178,39.04784507545806,2066.8954282951363,298.15
8132.0,68.70450967682193,0.0,0.0,32.57136659881907,3065.7394776466867,298.15
8133.0,68.7031206593203,1.0,131.34416334188205,38.381731397037676,3801.1888453606625,298.15
8134.0,68.70173164181868,1.0,132.2166707441649,38.84415656090826,2646.993141887854,298.15
8135.0,68.70034262431707,1.0,133.87415023276697,38.46801675307338,3114.5535719412264,298.15
8136.0,68.69895360681545,1.0,131.41884782815595,40.187097748848785,3265.130957370648,298.15
8137.0,68.69756458931383,0.0,1.5127656785228605,26.66423535949308,2423.724225568491,298.15
8138.0,68.6961755718122,1.0,130.63251974596426,39.09748611681057,3593.839779677809,298.15
8139.0,68.69478655431058,1.0,130.39176928804062,34.72837151648141,3018.542563439164,298.15
8140.0,68.69339753680896,1.0,130.44196562323083,36.54722708006606,2695.337241936164,298.15
8141.0,68.69200851930734,1.0,129.55884042448025,35.67921514108054,2331.9952912787858,298.15
8142.0,68.69061950180573,1.0,125.76313202905052,37.03412869595654,629.248623181875,298.15
8143.0,68.6892304843041,1.0,127.72396326740923,36.05316609468685,398.5371785280731,298.15
8144.0,68.68784146680248,0.0,0.5831631958148317,28.897651260435584,362.2556752999203,298.15
8145.0,68.68645244930086,1.0,128.5107103069674,34.59001270433177,571.0790329327236,298.15
8146.0,68.68506343179924,1.0,128.50968820672963,32.6732924963853,625.6114653033394,298.15
8147.0,68.68367441429763,0.0,0.0,23.289161848419695,69.04783482671894,298.15
8148.0,68.682285396796,1.0,126.38043403373273,37.989327478871,928.53906446051,298.15
8149.0,68.68089637929438,1.0,127.04352636027247,33.76796307593821,454.0734151666097,298.15
8150.0,68.67950736179276,1.0,127.26898949327305,36.42888718476624,646.9989458535208,298.15
8151.0,68.67811834429114,0.0,0.012253262064384509,24.829409851893846,534.1089021980828,298.15
8152.0,68.67672932678951,1.0,128.50455500836497,36.97179693987494,356.3528889190634,298.15
8153.0,68.67534030928789,0.0,0.0,24.618229177682476,819.3114839374132,298.15
8154.0,68.67395129178628,0.0,0.0,30.63317682955551,528.4302512675973,298.15
8155.0,68.67256227428466,1.0,123.59780616997708,38.66484739412893,3316.0818063602333,298.15
8156.0,68.67117325678304,1.0,132.90686046711505,33.90986710113654,2599.3207477781234,298.15
8157.0,68.66978423928141,1.0,123.81827399471997,33.44414463227833,3146.0205050096147,298.15
8158.0,68.66839522177979,1.0,125.06727756426267,40.66765991019718,2460.68213187479,298.15
8159.0,68.66700620427818,0.0,1.2317260519175635,21.776478272594268,3381.1014464902987,298.15
8160.0,68.66561718677656,0.0,0.8597314387469259,23.703053262476484,3786.95249420324,298.15
8161.0,68.66422816927493,1.0,126.93153814140177,33.671477371914385,3185.8358286890684,298.15
8162.0,68.66283915177331,1.0,124.43487109031503,33.42641857935451,2702.4430424429215,298.15
8163.0,68.66145013427169,1.0,125.8585827791903,29.64168273055706,2705.691898560208,298.15
8164.0,68.66006111677007,1.0,125.23860132971059,34.063805534757606,4040.45717650805,298.15
8165.0,68.65867209926844,1.0,124.15267403441537,30.83190858740033,3163.49296229881,298.15
8166.0,68.65728308176683,1.0,125.28650005930356,35.603598016783536,3316.848869268109,298.15
8167.0,68.65589406426521,0.0,2.514352954743253,19.422615982298638,2654.093891790218,298.15
8168.0,68.65450504676359,1.0,124.26501463854429,32.34921237364399,3027.9584760071284,298.15
8169.0,68.65311602926197,1.0,124.09147495569316,27.438554150828843,1972.639153868448,298.15
8170.0,68.65172701176034,0.0,2.5448375327875405,17.35706554304338,3362.7212283154313,298.15
8171.0,68.65033799425873,0.0,2.290390536933502,19.864271398486164,2818.221638354317,298.15
8172.0,68.64894897675711,1.0,127.34451479104993,29.9435925718163,3170.2034422918728,298.15
8173.0,68.64755995925549,1.0,119.20443758491047,34.20215473007224,2729.0335274812865,298.15
8174.0,68.64617094175387,0.0,2.156398889089687,20.873321047573654,3950.078792565224,298.15
8175.0,68.64478192425224,1.0,124.46267009613175,33.41146508197151,2937.7105897593938,298.15
8176.0,68.64339290675062,1.0,120.74263539298043,29.73690566375426,2807.8137671832365,298.15
8177.0,68.642003889249,0.0,0.5993949934652585,21.554810939305217,3405.155392823397,298.15
8178.0,68.64061487174739,1.0,125.00899526854475,28.581618801433,2711.416649954054,298.15
8179.0,68.63922585424577,1.0,120.35824234933756,28.21876999071118,2734.838576342273,298.15
8180.0,68.63783683674414,1.0,123.21890591864343,25.871827434057106,3165.438641519566,298.15
8181.0,68.63644781924252,1.0,124.07328867089403,30.10455864244286,3297.0647993220828,298.15
8182.0,68.6350588017409,1.0,119.28047083964917,29.72655418160133,2892.7120358158063,298.15
8183.0,68.63366978423929,0.0,0.0,20.56468633003599,3248.8077293672477,298.15
8184.0,68.63228076673767,1.0,122.22472351457803,29.174552567247844,3424.365874074786,298.15
8185.0,68.63089174923604,1.0,119.45175545048954,32.689527365516795,199.8995622241561,298.15
8186.0,68.62950273173442,1.0,119.09682072761548,28.63597166779192,440.265133975974,298.15
8187.0,68.6281137142328,0.0,0.0,20.09176831159343,460.23071409113453,298.15
8188.0,68.62672469673117,0.0,1.909864498648883,17.140834260387543,209.35935716643218,298.15
8189.0,68.62533567922955,1.0,122.26604302446388,25.70126353144345,1306.1895428898106,298.15
8190.0,68.62394666172794,0.0,0.0,18.829886567168984,0.0,298.15
8191.0,68.62255764422632,1.0,121.99068861680513,26.92926279534821,934.5597197565111,298.15
8192.0,68.6211686267247,1.0,118.30083639344706,28.599708213764565,780.23255257354,298.15
8193.0,68.61977960922307,1.0,116.31392128953439,27.37548221146355,783.1100682213902,298.15
8194.0,68.61839059172145,1.0,119.13518995865611,24.772583636758373,533.5718190628163,298.15
8195.0,68.61700157421984,1.0,122.54732188408201,28.397383667909217,967.0979965829187,298.15
8196.0,68.61561255671822,0.0,1.5627915441712557,14.141237223644989,342.9579825804931,298.15
8197.0,68.6142235392166,1.0,119.59883061984853,26.999053505948506,3336.2089508426516,298.15
8198.0,68.61283452171497,0.0,0.0,18.120061685383092,3057.034756316929,298.15
8199.0,68.61144550421335,1.0,118.41360354495194,24.44070920568642,2552.9373252001333,298.15
8200.0,68.61005648671173,1.0,119.47456463064408,27.389269277303327,3019.6713133766343,298.15
8201.0,68.6086674692101,1.0,116.54537237042005,25.586205330112904,3132.247490694818,298.15
8202.0,68.6072784517085,0.0,0.0,16.289680189880055,3022.257157427904,298.15
8203.0,68.60588943420687,1.0,118.33513423711585,22.563953189652494,3353.708514343748,298.15
8204.0,68.60450041670525,0.0,0.0,14.501069038533057,4453.419928715593,298.15
8205.0,68.60311139920363,1.0,116.61828452291088,20.91281810090048,3461.065349596294,298.15
8206.0,68.601722381702,1.0,119.48092861247642,27.125379939366695,3156.408390381232,298.15
8207.0,68.6003333642004,1.0,118.41501094515121,19.191349173040905,3191.8502804663617,298.15
8208.0,68.59894434669877,1.0,117.54854199900167,22.38678204118787,3086.072592602617,298.15
8209.0,68.59755532919715,1.0,116.00690540925183,20.960777887628716,2787.158426567701,298.15
8210.0,68.59616631169553,1.0,121.83167086119492,24.047988827002822,3668.6976108114477,298.15
8211.0,68.5947772941939,0.0,0.0,16.39757473701697,3229.40874541969,298.15
8212.0,68.59338827669228,1.0,118.47469100375324,23.54289276574227,2648.2642187097736,298.15
8213.0,68.59199925919066,0.0,0.0,18.078725262554677,4193.100214095503,298.15
8214.0,68.59061024168905,0.0,0.08643350820200732,8.87985317339043,3480.6436470804574,298.15
8215.0,68.58922122418743,0.0,1.0902311623773902,8.808964708244874,2611.2706202930094,298.15
8216.0,68.5878322066858,0.0,0.0,9.423716888997685,2748.608312776285,298.15
8217.0,68.58644318918418,0.0,0.0,11.292499073519096,2971.363034927197,298.15
8218.0,68.58505417168256,0.0,2.836848432353765,8.692636996349087,3495.1988075998106,298.15
8219.0,68.58366515418095,0.0,4.196685692766564,9.03581956581194,3644.1010824450836,298.15
8220.0,68.58227613667933,0.0,0.0,11.647192604848462,2698.4720348963547,298.15
8221.0,68.5808871191777,1.0,117.19753540141946,17.5800540256513,2968.45306437997,298.15
8222.0,68.57949810167608,1.0,122.29271679237257,17.576782918402415,1560.8229760237928,298.15
8223.0,68.57810908417446,0.0,2.7038974596380982,8.874156783658748,2658.353351300495,298.15
8224.0,68.57672006667283,0.0,0.0,8.848892984982067,2654.320787624537,298.15
8225.0,68.57533104917121,0.0,0.0,11.347301370062047,3512.2661256892957,298.15
8226.0,68.5739420316696,0.0,2.278928825190282,7.181292709518453,2508.1219809993745,298.15
8227.0,68.57255301416798,1.0,114.2840344507277,17.338572601891478,3021.633688297919,298.15
8228.0,68.57116399666636,0.0,2.5914518240646687,9.815536583521967,2893.2234165800314,298.15
8229.0,68.56977497916473,0.0,0.7964520958788325,10.057275794336515,3019.555046549978,298.15
8230.0,68.56838596166311,1.0,117.75790009600038,21.143104314573517,2941.538350723963,298.15
8231.0,68.5669969441615,0.0,0.0,8.950655060285177,2140.915064287308,298.15
8232.0,68.56560792665988,0.0,0.0,8.043138087221543,2503.101132628686,298.15
8233.0,68.56421890915826,0.0,3.483121090531046,8.756639169383067,2934.1567506930205,298.15
8234.0,68.56282989165663,1.0,115.74825650565096,16.81167611068482,2168.1181291141265,298.15
8235.0,68.56144087415501,0.0,0.0,6.594617617997046,2971.9190404467704,298.15
8236.0,68.56005185665339,0.0,0.0,3.2957748909924356,3501.6029719019334,298.15
8237.0,68.55866283915176,0.0,0.45986508771718065,8.611216154585641,2936.5205392106514,298.15
8238.0,68.55727382165016,0.0,0.0,7.005803644388878,3137.8155830544997,298.15
8239.0,68.55588480414853,0.0,0.0,7.98094626600583,2915.5942478877423,298.15
8240.0,68.55449578664691,0.0,0.0,0.3633580806387755,3204.223394143265,298.15
8241.0,68.55310676914529,0.0,2.013835905500279,5.896344367926801,3044.378807552069,298.15
8242.0,68.55171775164366,1.0,113.97341211786654,14.037413918783283,2412.9840852378506,298.15
8243.0,68.55032873414206,0.0,0.0,8.724454028353087,3121.7188375737164,298.15
8244.0,68.54893971664043,0.0,0.0,6.708135522976242,3096.7154222464037,298.15
8245.0,68.54755069913881,0.0,0.0,5.74240916765018,2910.3583878096542,298.15
8246.0,68.54616168163719,0.0,3.2437932182522005,4.1875805625867795,2871.3479631732985,298.15
8247.0,68.54477266413556,0.0,0.0386113715996561,5.725783028719932,2848.532103774009,298.15
8248.0,68.54338364663394,0.0,1.1941996082365511,2.8133712241273203,2928.714672977871,298.15
8249.0,68.54199462913232,0.0,1.2781538169633289,4.35519053157452,3345.214138773868,298.15
8250.0,68.54060561163071,0.0,0.13385523305523792,3.198006844763423,3599.245735857515,298.15
8251.0,68.53921659412909,1.0,115.82315342577907,18.912603874154104,3496.147919411911,298.15
8252.0,68.53782757662746,1.0,118.49379292486029,17.103634830687366,3168.681045456574,298.15
8253.0,68.53643855912584,0.0,0.34782759363580035,6.10269523619731,2989.574965936966,298.15
8254.0,68.53504954162422,0.0,3.333276220538557,0.6680818595687095,3063.07556843146,298.15
8255.0,68.53366052412261,0.0,1.4790947194919144,5.379995243814713,2954.1330192825844,298.15
8256.0,68.53227150662099,0.0,0.0,3.83018057341115,3529.62084297287,298.15
8257.0,68.53088248911936,1.0,114.88005685957431,15.822254744950978,281.3312104594314,298.15
8258.0,68.52949347161774,0.0,0.0,3.8140177137558244,370.2302688001846,298.15
8259.0,68.52810445411612,0.0,2.900744179075159,2.9908457022024155,640.922060034389,298.15
8260.0,68.5267154366145,0.0,0.0,3.3479425901928543,727.8365176495515,298.15
8261.0,68.52532641911289,0.0,0.0,0.0,271.9838425129956,298.15
8262.0,68.52393740161126,0.0,0.7618543783665461,1.0076825116844645,122.89987864539927,298.15
8263.0,68.52254838410964,0.0,0.0,3.2345188290070377,0.0,298.15
8264.0,68.52115936660802,0.0,0.7017940013751851,4.690028056021033,58.20586783748479,298.15
8265.0,68.5197703491064,0.0,4.502382314639632,1.0726098178072114,311.0151374395469,298.15
8266.0,68.51838133160477,0.0,2.1753432124493357,2.004527819725821,343.56896227890536,298.15
8267.0,68.51699231410316,0.0,0.06435122619584024,0.0,400.93385203535917,298.15
8268.0,68.51560329660154,0.0,0.0,4.87157905634983,77.93136655585198,298.15
8269.0,68.51421427909992,0.0,0.0,4.0454547104202865,0.0,298.15
8270.0,68.5128252615983,0.0,1.694029973214359,2.9827016419575543,544.3299729522575,298.15
8271.0,68.51143624409667,0.0,0.0,2.3703944858405217,544.4718387345565,298.15
8272.0,68.51004722659505,0.0,5.100749221129678,4.636483123399142,717.6284817061617,298.15
8273.0,68.50865820909344,0.0,0.034346702876112856,0.0,785.474461592295,298.15
8274.0,68.50726919159182,0.0,0.11637872979545069,0.0,637.4269749862702,298.15
8275.0,68.5058801740902,0.0,0.0,3.335811148332213,540.1633798690627,298.15
8276.0,68.50449115658857,0.0,1.1834516015109122,3.1084511659808096,806.8290721691978,298.15
8277.0,68.50310213908695,0.0,0.0,0.0,998.7895841493613,298.15
8278.0,68.50171312158533,0.0,5.1577428265192475,0.0,262.98801073352945,298.15
8279.0,68.50032410408372,0.0,3.1385202553604645,4.299824883504376,769.7907897316676,298.15
8280.0,68.4989350865821,0.0,2.345034555035625,1.5850076352426812,281.3764513840499,298.15
8281.0,68.49754606908047,1.0,113.94093412174621,12.290051019247487,576.7187901284401,298.15
8282.0,68.49615705157885,1.0,117.82435343651748,8.200017222036536,874.6159853884268,298.15
8283.0,68.49476803407723,0.0,2.8805848047117464,1.8888256746810705,404.14539332106165,298.15
8284.0,68.4933790165756,0.0,1.4130424457579633,0.0,166.52643922768834,298.15
8285.0,68.491989999074,1.0,115.20659748399446,6.322453738207252,339.1568338341232,298.15
8286.0,68.49060098157237,0.0,0.0,1.863486018988972,166.18621481379023,298.15
8287.0,68.48921196407075,0.0,0.0,3.2764434959124893,123.7472216776327,298.15
8288.0,68.48782294656912,0.0,0.0,0.0,922.6132814342113,298.15
8289.0,68.4864339290675,0.0,3.64223523740362,0.0,686.4677157982071,298.15
8290.0,68.48504491156588,1.0,113.49819616426583,13.720745604474033,247.9697819438134,298.15
8291.0,68.48365589406427,0.0,1.5626928811078737,0.0,2278.8241651292738,298.15
8292.0,68.48226687656265,0.0,0.0,0.0,2196.8621402820627,298.15
8293.0,68.48087785906102,0.0,0.0,3.591744298598348,3167.066363805277,298.15
8294.0,68.4794888415594,1.0,113.71483362095039,9.335763105359769,3256.9176303423565,298.15
8295.0,68.47809982405778,1.0,117.30775009053777,8.694461818466426,2563.1285892847445,298.15
8296.0,68.47671080655616,0.0,3.5992387695114347,1.7151337568340783,4005.7886813714226,298.15
8297.0,68.47532178905455,0.0,0.6309298409248192,0.0,2781.14165278086,298.15
8298.0,68.47393277155292,0.0,0.0,0.0,2480.039253043827,298.15
8299.0,68.4725437540513,1.0,121.5141694153167,7.275345113939936,3787.5706220969782,298.15
8300.0,68.47115473654968,1.0,122.1489080110007,10.383188315438938,2835.5603655929344,298.15
8301.0,68.46976571904806,0.0,0.2478852733412747,0.1425979303072613,2671.7516041763192,298.15
8302.0,68.46837670154643,1.0,124.31894069758344,12.008156091955692,2974.710208102306,298.15
8303.0,68.46698768404482,0.0,1.957333352998782,1.788474135881846,2626.556688762389,298.15
8304.0,68.4655986665432,0.0,1.626383724633239,1.1695050907109386,3093.1673734778046,298.15
8305.0,68.46420964904158,0.0,0.0,0.8611081027306573,3322.125957909167,298.15
8306.0,68.46282063153996,0.0,1.4947439216490648,0.0,2792.3680289722743,298.15
8307.0,68.46143161403833,0.0,0.516493826319859,1.3504475514986178,2654.215940363009,298.15
8308.0,68.46004259653671,0.0,1.2384652813911459,0.0,2196.1223638302986,298.15
8309.0,68.4586535790351,0.0,0.0,0.0,3267.679844371187,298.15
8310.0,68.45726456153348,0.0,0.3051888602759305,2.5861865815186977,3137.790209085119,298.15
8311.0,68.45587554403185,0.0,0.0,1.6167499075207785,2898.403001099159,298.15
8312.0,68.45448652653023,0.0,0.0,0.003229092218131946,2419.3984818702684,298.15
8313.0,68.45309750902861,1.0,123.41468787583595,12.532611290463482,3337.012034232229,298.15
8314.0,68.451708491527,0.0,0.0,0.0,2946.578363379796,298.15
8315.0,68.45031947402538,0.0,0.25536611960084443,0.0,2467.42014567379,298.15
8316.0,68.44893045652375,1.0,122.3010422472377,8.726544965635204,3298.967231677445,298.15
8317.0,68.44754143902213,1.0,122.44691453688766,11.704829253553044,2819.71226963466,298.15
8318.0,68.44615242152051,1.0,121.15769764756502,7.3238548815507265,2970.0436136754624,298.15
8319.0,68.44476340401889,0.0,0.6461470874523044,0.0,2271.7432382198735,298.15
8320.0,68.44337438651726,0.0,1.1220542940282425,1.3329502878575812,2988.3777517247486,298.15
8321.0,68.44198536901565,1.0,124.08468495960621,8.319917736406717,417.5241179882934,298.15
8322.0,68.44059635151403,0.0,4.129832897211741,0.0,446.1407354979564,298.15
8323.0,68.43920733401241,0.0,0.5579552588352558,0.0,1956.9787874454162,298.15
8324.0,68.43781831651079,0.0,0.1525930074313785,2.305465306855952,3017.3958663354233,298.15
8325.0,68.43642929900916,1.0,120.86920314098286,9.720153569202287,2797.828053819674,298.15
8326.0,68.43504028150755,0.0,1.0386192073263485,0.0,3147.975248626617,298.15
8327.0,68.43365126400593,1.0,124.97856899877178,8.652330731130478,3141.7406643625313,298.15
8328.0,68.43226224650431,1.0,123.11271722686246,10.563208840839136,2938.56512160731,298.15
8329.0,68.43087322900269,1.0,125.05248739896712,8.263638862610112,3052.54416633149,298.15
8330.0,68.42948421150106,1.0,123.24396098823993,15.649513169888532,2358.2906952641783,298.15
8331.0,68.42809519399944,1.0,125.72711996457858,6.814601720480221,3526.894941382322,298.15
8332.0,68.42670617649782,1.0,126.4921325593568,10.924036775125758,3294.9655476955977,298.15
8333.0,68.42531715899621,1.0,126.64994916342347,12.191488068208542,2210.9870056323066,298.15
8334.0,68.42392814149459,1.0,124.98258216023963,10.4862760643541,3521.679183940573,298.15
8335.0,68.42253912399296,1.0,122.41864114481989,12.648842408749552,3649.446957896565,298.15
8336.0,68.42115010649134,1.0,123.63460258197195,10.682423121548704,2992.51493593797,298.15
8337.0,68.41976108898972,1.0,126.70816176044148,15.625368155227072,2957.5358921766597,298.15
8338.0,68.41837207148811,1.0,131.3237878744826,10.281238357274267,3407.328089917596,298.15
8339.0,68.41698305398648,1.0,124.87885366782703,7.868122681330366,3402.747887908195,298.15
8340.0,68.41559403648486,1.0,126.97916325906849,10.180938263837085,3311.583684831633,298.15
8341.0,68.41420501898324,1.0,124.77248586663342,13.80355756374847,3228.4602450592643,298.15
8342.0,68.41281600148162,0.0,0.0,2.903942592115578,3855.336826173725,298.15
8343.0,68.41142698398,1.0,124.89871192757082,14.848091183626535,2992.5598935453713,298.15
8344.0,68.41003796647837,1.0,121.75722276940454,14.479333148568784,3146.429333556694,298.15
8345.0,68.40864894897676,1.0,130.1531510728108,12.278813296873128,3521.08708115068,298.15
8346.0,68.40725993147514,1.0,121.8269887882467,12.737470830681621,2344.9557041890494,298.15
8347.0,68.40587091397352,0.0,0.0,3.1091160817901273,2853.316200687322,298.15
8348.0,68.40448189647189,1.0,124.76052397603343,17.960134780883553,3810.5494995145013,298.15
8349.0,68.40309287897027,1.0,125.67601663385092,15.65593291396416,3302.2859435233663,298.15
8350.0,68.40170386146866,1.0,131.2794928993477,18.303234852892817,3050.508839200601,298.15
8351.0,68.40031484396704,0.0,0.4790315375021259,6.2990744538387835,2225.027464996172,298.15
8352.0,68.39892582646542,1.0,126.13790620472776,14.600375953528946,3347.3801420239097,298.15
8353.0,68.39753680896379,1.0,127.25428805461495,12.797943120270464,746.8444800558142,298.15
8354.0,68.39614779146217,0.0,0.0,5.4968333256433475,122.43499734621628,298.15
8355.0,68.39475877396055,1.0,129.00048273088646,15.132471713731459,605.7021711602895,298.15
8356.0,68.39336975645892,1.0,129.74066105295782,15.245085088647413,0.0,298.15
8357.0,68.39198073895732,1.0,134.07056089815512,15.189183340654898,871.5703465611048,298.15
8358.0,68.39059172145569,0.0,0.0,1.5642578471943631,299.90309626323403,298.15
8359.0,68.38920270395407,0.0,0.0,8.599665729804657,442.54811531082487,298.15
8360.0,68.38781368645245,1.0,129.48649712207774,16.078941327991686,802.7349051139993,298.15
8361.0,68.38642466895082,0.0,2.255102125325254,3.4518695474996743,770.1209855544957,298.15
8362.0,68.38503565144921,1.0,131.54496144570447,17.564481479620248,666.0039491726144,298.15
8363.0,68.38364663394759,1.0,132.33832805313583,14.995771160061926,860.5854969582872,298.15
8364.0,68.38225761644597,1.0,131.98716043916502,18.12445946290339,643.2722831790162,298.15
8365.0,68.38086859894435,1.0,129.17874933188043,18.984774817368038,1007.0114921260051,298.15
8366.0,68.37947958144272,1.0,134.5200472566008,19.47181633269989,0.0,298.15
8367.0,68.3780905639411,1.0,133.77268588722302,17.235528939033575,2753.0537442991194,298.15
8368.0,68.37670154643948,1.0,134.28840209516022,16.91847762506421,2715.748976730398,298.15
8369.0,68.37531252893787,0.0,3.011533104281978,6.688157667773975,2778.0890287850466,298.15
8370.0,68.37392351143625,1.0,133.5786811131095,16.696726114405283,3053.455457878777,298.15
8371.0,68.37253449393462,1.0,136.35140756120657,18.365300462039222,3062.1780982682603,298.15
8372.0,68.371145476433,1.0,133.9629433078218,18.180629530347314,2962.4361494001555,298.15
8373.0,68.36975645893138,1.0,132.78231788081177,17.12150390085095,2873.6743709590964,298.15
8374.0,68.36836744142977,1.0,133.53019083554813,16.67874800396078,4163.535627558823,298.15
8375.0,68.36697842392815,1.0,133.7315363929663,19.03496578383868,2611.223353990879,298.15
8376.0,68.36558940642652,1.0,132.7940201776348,18.58070955901272,2723.739745355307,298.15
8377.0,68.3642003889249,1.0,138.16308644215766,17.338840900941044,3150.0739986290205,298.15
8378.0,68.36281137142328,1.0,135.22548725507372,21.635598433505116,3452.639452874245,298.15
8379.0,68.36142235392165,1.0,134.9902716465644,23.803891910724055,2347.7910821434893,298.15
8380.0,68.36003333642003,1.0,135.93516242858132,22.35427231701965,2586.520352125117,298.15
8381.0,68.35864431891842,1.0,142.35557062304395,19.100873195901013,2886.609607653814,298.15
8382.0,68.3572553014168,1.0,132.80657504370822,20.711316092798942,2343.563368512231,298.15
8383.0,68.35586628391518,1.0,133.736706385685,24.225742681960778,3349.704162214123,298.15
8384.0,68.35447726641355,1.0,132.70841217997085,18.8437884123345,3121.983154041604,298.15
8385.0,68.35308824891193,1.0,135.69141737675713,23.115827729000763,3886.0079082386083,298.15
8386.0,68.35169923141032,1.0,137.07894210351878,18.734877918663543,3501.797128224842,298.15
8387.0,68.3503102139087,1.0,135.6342198147377,25.438846858496937,3256.107804812722,298.15
8388.0,68.34892119640708,1.0,135.70613166097914,21.299883908853683,3384.037095096033,298.15
8389.0,68.34753217890545,1.0,137.5807804994114,27.028166645699866,2850.2914859973685,298.15
8390.0,68.34614316140383,1.0,136.29507137512852,26.22513488673767,2849.9715468824083,298.15
8391.0,68.34475414390221,1.0,138.48037808860528,22.66650542511404,3129.887969961152,298.15
8392.0,68.34336512640058,1.0,140.64633653714105,21.633097168889943,3780.782564482559,298.15
8393.0,68.34197610889898,1.0,139.85527278468888,23.756557378407212,3373.021887163501,298.15
8394.0,68.34058709139735,1.0,140.5919955328893,23.21601340638129,2863.614734945336,298.15
8395.0,68.33919807389573,1.0,141.33108059961356,22.993134141752993,2887.6958103019333,298.15
8396.0,68.33780905639411,1.0,139.6688075391124,20.631067756255025,2239.1774352047955,298.15
8397.0,68.33642003889248,1.0,138.86818787430295,23.229897212101758,636.7404435989937,298.15
8398.0,68.33503102139088,1.0,137.657529564,22.23364278458316,738.636312131556,298.15
8399.0,68.33364200388925,1.0,138.81671576310555,25.90456432391764,462.14539881528225,298.15
8400.0,68.33225298638763,1.0,138.75234673853384,27.04839758602667,183.07844959411915,298.15
8401.0,68.330863968886,1.0,141.9944936869383,26.766493864823776,3065.948091768568,298.15
8402.0,68.32947495138438,1.0,141.3288092897922,26.178799974196323,3100.6689297792927,298.15
8403.0,68.32808593388276,1.0,142.41384721055164,23.943764209466682,2477.6472547927647,298.15
8404.0,68.32669691638114,1.0,138.24057410656724,26.36639076016384,2927.7688422917254,298.15
8405.0,68.32530789887953,1.0,144.6671308563366,27.815414541142637,2092.3523474863987,298.15
8406.0,68.3239188813779,1.0,140.48971417178376,25.199962617208087,3122.2665685251136,298.15
8407.0,68.32252986387628,1.0,139.13698488816493,26.89194197177097,3474.320369493457,298.15
8408.0,68.32114084637466,1.0,140.96185499656832,26.57935094830841,3253.685716708624,298.15
8409.0,68.31975182887304,1.0,148.17604147289055,30.549384108604997,2468.7796329256403,298.15
8410.0,68.31836281137143,1.0,141.58496805887074,29.106540815915874,3259.295574631619,298.15
8411.0,68.3169737938698,1.0,141.98396635265578,28.837979175806506,2890.350579521461,298.15
8412.0,68.31558477636818,1.0,142.5503182992136,24.26256809567669,3129.996924037603,298.15
8413.0,68.31419575886656,1.0,142.90309348502973,28.39903857924605,2716.49524389181,298.15
8414.0,68.31280674136494,1.0,141.64416702598277,27.95175882831347,2702.159438136219,298.15
8415.0,68.31141772386331,1.0,144.09562480573007,28.16342545578841,2828.5281821911512,298.15
8416.0,68.31002870636169,1.0,146.5649982665079,25.499004276126843,3733.440911299815,298.15
8417.0,68.30863968886008,1.0,144.9988115456172,26.709839158098234,3612.255201749264,298.15
8418.0,68.30725067135846,1.0,141.84985861814448,29.044284519751685,2566.7356972795806,298.15
8419.0,68.30586165385684,1.0,143.92339014627552,31.713813182259265,2487.3880518681385,298.15
8420.0,68.30447263635521,1.0,143.67589553213537,28.41472811488743,2959.2297625203682,298.15
8421.0,68.30308361885359,1.0,145.36156329457054,29.03214717422968,2890.879595344661,298.15
8422.0,68.30169460135198,1.0,148.65015207374393,33.76232209245526,3943.2447120053107,298.15
8423.0,68.30030558385036,1.0,145.37009754428843,29.68863475196621,2644.8451716870063,298.15
8424.0,68.29891656634874,1.0,145.75853294948882,30.255679424394174,2587.2811658616247,298.15
8425.0,68.29752754884711,1.0,150.44680244649447,30.502057594276256,2894.0834100423817,298.15
8426.0,68.29613853134549,1.0,148.54159042452648,28.176258555999464,3304.5869219823653,298.15
8427.0,68.29474951384387,0.0,1.36771848614111,22.354537389342607,2675.3644726327116,298.15
8428.0,68.29336049634225,1.0,151.60190879858052,30.037291158750143,2642.870460733618,298.15
8429.0,68.29197147884064,1.0,148.3439285886794,31.536936037323674,2290.467423355451,298.15
8430.0,68.29058246133901,1.0,142.68361134299064,32.728310580512805,2761.853501131368,298.15
8431.0,68.28919344383739,1.0,149.63880583398353,36.03392596413534,1023.0831061129351,298.15
8432.0,68.28780442633577,1.0,144.09992303408916,29.502669654640417,772.1620303260945,298.15
8433.0,68.28641540883415,1.0,149.20658912325388,34.219670057509006,67.98240384157242,298.15
8434.0,68.28502639133254,0.0,0.0,24.431143507025332,410.61764535892337,298.15
8435.0,68.28363737383091,1.0,147.4885723074728,31.51838308574093,755.3376435166681,298.15
8436.0,68.28224835632929,1.0,147.96829173983465,34.276487563223526,1031.2972330096682,298.15
8437.0,68.28085933882767,1.0,147.23341058110182,36.63208132266985,1127.4146852807808,298.15
8438.0,68.27947032132604,1.0,148.46925252402272,31.850168507407744,426.1947179589667,298.15
8439.0,68.27808130382442,1.0,151.99157341196437,34.12416107802406,788.694371701444,298.15
8440.0,68.27669228632281,1.0,148.06072413945398,34.65344323307792,587.3096723767696,298.15
8441.0,68.27530326882119,1.0,151.28950851204937,35.1103719354691,458.0642632799129,298.15
8442.0,68.27391425131957,1.0,147.9180934769374,35.78361790504482,521.8374913853371,298.15
8443.0,68.27252523381794,1.0,149.9940736025515,34.722367287280335,526.1381806375681,298.15
8444.0,68.27113621631632,1.0,151.44277433442426,35.62255637879124,3588.2890481114177,298.15
8445.0,68.2697471988147,1.0,148.52159540960278,32.8578397232804,2850.55778579299,298.15
8446.0,68.26835818131309,1.0,147.9939998435327,35.25864890439382,3563.014910536907,298.15
8447.0,68.26696916381147,0.0,1.1718738451235557,24.11066087556126,3507.1869071313236,298.15
8448.0,68.26558014630984,1.0,154.23776821100458,32.7263324388518,3984.0722182994077,298.15
8449.0,68.26419112880822,0.0,0.0,24.386365594020837,3670.1170854507973,298.15
8450.0,68.2628021113066,1.0,150.91047603232525,36.163528161006084,2741.3041952800213,298.15
8451.0,68.26141309380498,1.0,152.58788240829747,36.67262287414549,3314.1057676872383,298.15
8452.0,68.26002407630337,1.0,152.56482621589478,33.31281232824344,3631.8221366308203,298.15
8453.0,68.25863505880174,1.0,153.22564163042207,34.15642756627807,2693.3835516146673,298.15
8454.0,68.25724604130012,0.0,0.0,27.749423218096926,3287.300333102933,298.15
8455.0,68.2558570237985,1.0,150.52425204903133,37.45635631023851,2942.387740158916,298.15
8456.0,68.25446800629688,1.0,151.26768087322452,38.391208421469955,2320.3821797333044,298.15
8457.0,68.25307898879525,1.0,153.8494352651527,39.53355896150398,3242.337800055327,298.15
8458.0,68.25168997129364,0.0,0.44284428968332246,27.964058154179977,3485.464802780971,298.15
8459.0,68.25030095379202,1.0,155.41841471866803,36.13792396492597,2204.608575415512,298.15
8460.0,68.2489119362904,0.0,0.6136749813457597,27.372631730744946,2910.242949074284,298.15
8461.0,68.24752291878877,0.0,0.0,30.70300715831052,2574.22066962149,298.15
8462.0,68.24613390128715,1.0,157.95779121672433,43.11991514454099,3200.48201290665,298.15
8463.0,68.24474488378553,0.0,3.0302785174751214,28.494262001644536,2486.580673112365,298.15
8464.0,68.24335586628392,0.0,0.0,28.771829946099267,2274.793451674045,298.15
8465.0,68.2419668487823,1.0,155.89634226508582,39.2895341475443,3475.918223464684,298.15
8466.0,68.24057783128067,1.0,153.87960844620346,37.960306692501604,2998.485368311898,298.15
8467.0,68.23918881377905,1.0,155.82182066222,40.43498630991477,3115.5532291406016,298.15
8468.0,68.23779979627743,1.0,158.191550884625,40.228080480693386,3235.677331691843,298.15
8469.0,68.2364107787758,1.0,160.9463462434192,38.98892806737256,2684.8051645146106,298.15
8470.0,68.2350217612742,1.0,157.84901420480884,37.70779783117197,2960.870282318001,298.15
8471.0,68.23363274377257,1.0,156.94768977970324,35.32735949205425,2358.740279535824,298.15
8472.0,68.23224372627095,1.0,155.61952446669625,40.08619608419821,3224.795656774594,298.15
8473.0,68.23085470876933,1.0,157.0453629317258,39.11099575253879,3362.872146823854,298.15
8474.0,68.2294656912677,0.0,3.239585078642405,27.24146278492069,497.17126513616125,298.15
8475.0,68.22807667376608,0.0,0.0,26.522815195520288,3331.454284762965,298.15
8476.0,68.22668765626447,1.0,155.0362274853527,40.31373099794707,2736.7026884428947,298.15
8477.0,68.22529863876285,0.0,0.0,25.722142205861537,3864.2928381621505,298.15
8478.0,68.22390962126123,0.0,1.222309582986986,29.732525477472663,4336.980431143138,298.15
8479.0,68.2225206037596,0.0,0.589150964098981,30.93477410773423,3263.1706796486574,298.15
8480.0,68.22113158625798,1.0,156.29663353170426,40.40239487503771,3631.739814744675,298.15
8481.0,68.21974256875636,1.0,160.44709040768137,38.529293995750045,2901.9186011558977,298.15
8482.0,68.21835355125475,0.0,0.0,26.8221333182607,3132.6471245993594,298.15
8483.0,68.21696453375313,0.0,0.0,30.681643079710287,2133.680842935804,298.15
8484.0,68.2155755162515,0.0,0.0,32.01005079272424,2894.6833445760767,298.15
8485.0,68.21418649874988,0.0,0.0,28.40179381109719,3121.8161975860003,298.15
8486.0,68.21279748124826,1.0,159.37057910005115,40.686455581575395,3221.6338796820014,298.15
8487.0,68.21140846374664,0.0,2.7434243220488295,32.95709961120901,2723.398359840822,298.15
8488.0,68.21001944624503,1.0,156.3948149487449,40.43465550970525,2902.241808939977,298.15
8489.0,68.2086304287434,1.0,160.43149296233702,38.95634742991775,3294.167847122946,298.15
8490.0,68.20724141124178,0.0,0.41015898324741545,31.966615175713166,2963.566921921855,298.15
8491.0,68.20585239374016,1.0,159.92940134095065,38.32592560045663,2193.0157239593877,298.15
8492.0,68.20446337623854,1.0,161.78470489073274,37.19854994934552,3158.7329550507834,298.15
8493.0,68.20307435873693,0.0,0.11744852495670552,31.58836189004624,3543.620685314149,298.15
8494.0,68.2016853412353,1.0,161.13423075706146,39.093952242612865,3516.001467248697,298.15
8495.0,68.20029632373368,0.0,1.7055098606355874,29.299557962053377,3220.9062157685057,298.15
8496.0,68.19890730623206,0.0,0.0,28.674607512834157,2550.4794030361295,298.15
8497.0,68.19751828873044,0.0,0.7127888730341314,29.00610461484081,3497.304976182651,298.15
8498.0,68.19612927122881,1.0,159.93125394878274,42.89246064337992,3653.5784187191116,298.15
8499.0,68.19474025372719,1.0,160.34170128045662,43.4342881399863,2561.401522112073,298.15
8500.0,68.19335123622558,0.0,0.0,33.70995491815,1852.8177453981298,298.15
8501.0,68.19196221872396,1.0,162.0314557739546,42.25126731184754,3393.6204967365034,298.15
8502.0,68.19057320122234,1.0,161.2258745497872,40.95631202221359,2332.4902926472178,298.15
8503.0,68.18918418372071,0.0,0.9399804281224886,27.023025996361884,3871.906038076153,298.15
8504.0,68.18779516621909,1.0,161.22715170500288,39.58281514696652,2387.491054237351,298.15
8505.0,68.18640614871748,0.0,0.0,34.41145201479859,435.21686958353104,298.15
8506.0,68.18501713121586,1.0,161.57181584866544,39.03306420229467,629.1054157616907,298.15
8507.0,68.18362811371424,0.0,0.15137583918553307,33.03892664348201,0.0,298.15
8508.0,68.18223909621261,0.0,0.5779720716376539,29.99547140419863,1503.2790330811313,298.15
8509.0,68.18085007871099,1.0,160.40713801416607,34.31503131602486,361.6487712094666,298.15
8510.0,68.17946106120937,1.0,159.07694720645472,41.139113882280654,206.30361580109252,298.15
8511.0,68.17807204370774,0.0,1.48809250783053,32.393800756033826,91.46919936695105,298.15
8512.0,68.17668302620613,0.0,0.0,29.633041352412327,3324.8154931116965,298.15
8513.0,68.17529400870451,0.0,0.40797994458376075,32.23687591137495,3255.352599087071,298.15
8514.0,68.17390499120289,0.0,0.0,26.191599042338805,2169.398798158656,298.15
8515.0,68.17251597370127,1.0,162.3914882545815,36.72179274126503,2331.499754233813,298.15
8516.0,68.17112695619964,0.0,0.0,29.95217159147468,3436.4736186079035,298.15
8517.0,68.16973793869803,0.0,0.0,30.454486735602416,3188.733718877056,298.15
8518.0,68.16834892119641,0.0,1.1286407867647248,32.2082528318872,2298.518144698735,298.15
8519.0,68.16695990369479,0.0,0.0,30.657457439267713,2952.980606111984,298.15
8520.0,68.16557088619317,0.0,0.39060578743696145,26.798793250649,3109.4505382050247,298.15
8521.0,68.16418186869154,0.0,0.977899908635017,29.63161412092652,3986.3111493412207,298.15
8522.0,68.16279285118992,1.0,161.57761748337103,40.354826167065426,3240.4405451753746,298.15
8523.0,68.1614038336883,0.0,0.0,25.157896451437182,2889.2304747145517,298.15
8524.0,68.16001481618669,0.0,5.780021482066103,28.856463370593104,2770.704449765088,298.15
8525.0,68.15862579868507,1.0,161.92483107137522,38.16459358528154,3064.4693542976256,298.15
8526.0,68.15723678118344,0.0,1.4852586192457267,27.413165793393723,2780.024398321623,298.15
8527.0,68.15584776368182,0.0,4.6206699863307,29.701947422607915,2562.1736750489367,298.15
8528.0,68.1544587461802,0.0,1.8819136965306114,26.196184394784243,3044.391579851251,298.15
8529.0,68.15306972867859,0.0,0.0,29.33204182779318,3334.3464515557844,298.15
8530.0,68.15168071117697,0.0,0.0,29.52148313932576,3631.4955417216115,298.15
8531.0,68.15029169367534,1.0,161.5428652441373,40.496462656112385,2488.215018966468,298.15
8532.0,68.14890267617372,0.0,2.100595403301935,25.82265901694906,3272.1498813050885,298.15
8533.0,68.1475136586721,0.0,1.3491102039246703,24.91837658489588,3218.2489241910625,298.15
8534.0,68.14612464117047,0.0,0.0,28.487582842375883,2402.79334086353,298.15
8535.0,68.14473562366885,0.0,0.0,27.197922235460208,3144.1761809824043,298.15
8536.0,68.14334660616724,1.0,160.59476604312619,43.66426695284366,4009.9071984479515,298.15
8537.0,68.14195758866562,0.0,2.3503177718825117,28.484758845218085,3083.0112727082574,298.15
8538.0,68.140568571164,0.0,0.28678265402252884,27.52642025566098,3008.7038544900156,298.15
8539.0,68.13917955366237,0.0,0.5121893601857818,26.915035981133727,2977.8338750019284,298.15
8540.0,68.13779053616075,0.0,0.0,24.6177015347076,2283.3981612427033,298.15
8541.0,68.13640151865914,0.0,0.0,28.16072950925572,3339.202517397638,298.15
8542.0,68.13501250115752,0.0,2.2933762555580963,26.68874414152281,2534.5518437512856,298.15
8543.0,68.1336234836559,0.0,0.10015579645742995,26.544593328453388,3708.3535827550218,298.15
8544.0,68.13223446615427,0.0,2.161438901605721,26.752899003838753,2692.1194186526013,298.15
8545.0,68.13084544865265,0.0,0.0,26.863303011112787,2884.592588518225,298.15
8546.0,68.12945643115103,0.0,0.0,22.656882291848568,3610.6983672026827,298.15
8547.0,68.1280674136494,0.0,1.6993954213503515,27.824468975439668,2469.8019562060967,298.15
8548.0,68.1266783961478,0.0,1.7447808142298644,24.185054287743235,2908.8587658775364,298.15
8549.0,68.12528937864617,0.0,1.900158183272367,25.48660236349462,3037.8968472296506,298.15
8550.0,68.12390036114455,0.0,0.0,28.26437668438074,2431.343306386071,298.15
8551.0,68.12251134364293,0.0,1.4641264987038285,29.116548567093506,3654.058978017213,298.15
8552.0,68.1211223261413,0.0,2.642371192343155,21.7535365093918,2757.9885007137036,298.15
8553.0,68.1197333086397,0.0,0.0,25.15769928073485,3175.100183782637,298.15
8554.0,68.11834429113807,0.0,0.0,25.48374910201002,3003.2978381260923,298.15
8555.0,68.11695527363645,0.0,3.1990256023313477,21.625879498596795,3132.15564603269,298.15
8556.0,68.11556625613483,0.0,0.0,26.220197294058515,3230.7415855561853,298.15
8557.0,68.1141772386332,0.0,1.4996946748301248,24.61893757515057,3118.1847217440213,298.15
8558.0,68.11278822113158,0.0,0.0,24.594904924711653,2608.06678098853,298.15
8559.0,68.11139920362996,0.0,0.0,22.109857431441235,2820.891041935107,298.15
8560.0,68.11001018612835,0.0,2.6888160571540602,24.670154307864536,2855.1898108749547,298.15
8561.0,68.10862116862673,0.0,0.0,25.357563517180534,3107.2972616059574,298.15
8562.0,68.1072321511251,0.0,0.0,23.694356534498038,2689.5210473688144,298.15
8563.0,68.10584313362348,0.0,1.2563362027019227,22.173112901333376,2659.6917972364263,298.15
8564.0,68.10445411612186,0.0,1.2557194327942467,22.136111247145163,3071.9721826118093,298.15
8565.0,68.10306509862025,0.0,0.0,23.293003746152568,3319.4733909295064,298.15
8566.0,68.10167608111863,1.0,164.0160832516584,32.736478188127,4292.052347054397,298.15
8567.0,68.100287063617,1.0,157.58969553607736,34.30201329898455,3267.0835045373515,298.15
8568.0,68.09889804611538,0.0,1.6843318919169983,21.233682380589286,3963.6317604235105,298.15
8569.0,68.09750902861376,0.0,0.5949578496105943,19.500735008873512,3248.120680494466,298.15
8570.0,68.09612001111213,0.0,0.0,22.552655275532725,2452.9119145749237,298.15
8571.0,68.09473099361051,0.0,0.04965373595497348,20.612104086853765,1911.105850267027,298.15
8572.0,68.0933419761089,0.0,1.1751521538378933,23.00644386110481,140.98237896786281,298.15
8573.0,68.09195295860728,0.0,0.0,21.188296611398474,262.9658581472453,298.15
8574.0,68.09056394110566,1.0,158.78115711509963,32.3106202435804,3190.8102851172353,298.15
8575.0,68.08917492360403,0.0,5.23264612955384,18.643808419075825,2914.301366495015,298.15
8576.0,68.08778590610241,0.0,2.8608448491461274,20.818226453956836,2380.2817898776393,298.15
8577.0,68.0863968886008,0.0,0.0,18.856849201575628,2291.838225167965,298.15
8578.0,68.08500787109918,0.0,0.0,17.558737258867747,3677.3028188744242,298.15
8579.0,68.08361885359756,0.0,0.0,18.07897886053721,3323.121908228095,298.15
8580.0,68.08222983609593,0.0,2.570302397711349,18.509901430196315,3014.078372724616,298.15
8581.0,68.08084081859431,1.0,157.60209707331782,31.983204066653713,3226.3655136814878,298.15
8582.0,68.07945180109269,1.0,161.47617191902,28.00481736860013,2967.440573202806,298.15
8583.0,68.07806278359106,0.0,0.0,16.330010428489103,3003.2910436084617,298.15
8584.0,68.07667376608946,0.0,0.0,19.002092661637086,2562.0548650306955,298.15
8585.0,68.07528474858783,0.0,0.0,18.561992560398487,3705.592401681137,298.15
8586.0,68.07389573108621,1.0,162.50450258886383,27.255147941865662,2446.2898152194107,298.15
8587.0,68.07250671358459,1.0,160.7798125664836,27.708584411401823,3409.7189039802142,298.15
8588.0,68.07111769608296,0.0,0.0,19.828436479306088,3512.0428947918945,298.15
8589.0,68.06972867858136,0.0,1.4762995046200156,18.96518595745451,3096.732390140369,298.15
8590.0,68.06833966107973,1.0,163.00832489526462,28.55403426058826,3616.4729108399215,298.15
8591.0,68.06695064357811,0.0,1.3136775751999203,14.667029791280482,2536.667948426123,298.15
8592.0,68.06556162607649,0.0,0.0,22.846065710280058,3176.7753129237876,298.15
8593.0,68.06417260857486,1.0,160.24551338686794,28.818797243934206,2723.0897562202786,298.15
8594.0,68.06278359107324,1.0,161.21392245313427,27.480246143069486,2281.2602977216493,298.15
8595.0,68.06139457357162,0.0,1.1939922954292843,13.77042648887197,3025.1459035351045,298.15
8596.0,68.06000555607001,0.0,0.0,17.900675531500134,2283.6839262061667,298.15
8597.0,68.05861653856839,0.0,0.9389509631790248,14.670838371116563,2959.5929960870826,298.15
8598.0,68.05722752106676,0.0,0.7365054858407543,15.069632413849273,3125.050093068109,298.15
8599.0,68.05583850356514,1.0,161.05720273454887,21.7616880004,2872.944968375565,298.15
8600.0,68.05444948606352,0.0,0.0,12.434038384781237,2697.361314059006,298.15
8601.0,68.05306046856191,1.0,154.54416406294783,25.670800883546928,2973.865061541958,298.15
8602.0,68.05167145106029,1.0,159.48081495919234,26.60857661580833,3466.5788899382474,298.15
8603.0,68.05028243355866,0.0,4.263243692559305,15.708999207750237,3289.4277127427304,298.15
8604.0,68.04889341605704,0.0,0.030736658717027333,15.403288655698912,569.8569131135938,298.15
8605.0,68.04750439855542,0.0,0.0,13.689250892577451,634.0292377535161,298.15
8606.0,68.0461153810538,1.0,160.03038789960038,22.747772152351764,1187.3816289144766,298.15
8607.0,68.04472636355217,0.0,0.8452277158790772,13.951088796103404,93.6621008745758,298.15
8608.0,68.04333734605056,1.0,161.27718563059676,24.8177308102618,364.06177960856735,298.15
8609.0,68.04194832854894,1.0,159.01777213661597,22.89653108155006,102.15827601215153,298.15
8610.0,68.04055931104732,0.0,1.01234862280307,15.154894652962225,1062.697997299089,298.15
8611.0,68.0391702935457,1.0,163.26215183268735,21.976547189614642,1086.6291900886383,298.15
8612.0,68.03778127604407,1.0,161.51405768286213,20.16318894846611,1035.3801086169249,298.15
8613.0,68.03639225854246,0.0,5.575642279438784,11.936773350500616,691.7308236518214,298.15
8614.0,68.03500324104084,0.0,0.0,11.946880378617784,633.2741761561543,298.15
8615.0,68.03361422353922,1.0,162.6449364913538,21.328775545703902,339.56682153802177,298.15
8616.0,68.0322252060376,1.0,156.60857943010075,23.916577010121404,769.5009731779578,298.15
8617.0,68.03083618853597,0.0,0.8423527643963002,12.706344140678885,51.18929016173536,298.15
8618.0,68.02944717103435,0.0,1.745086838622122,7.857590377188185,49.99410044424047,298.15
8619.0,68.02805815353274,0.0,0.0,13.76070442623137,352.9358904693921,298.15
8620.0,68.02666913603112,1.0,158.04504607993965,14.698642155503055,1160.9392256640917,298.15
8621.0,68.0252801185295,0.0,2.1691257310575582,14.587087435436402,320.1576157021143,298.15
8622.0,68.02389110102787,1.0,155.8030639682479,19.32511326357843,367.4694073205944,298.15
8623.0,68.02250208352625,1.0,161.29946383915984,19.30606891576179,600.7948131856118,298.15
8624.0,68.02111306602463,0.0,0.0,9.354087035065834,814.7473798142147,298.15
8625.0,68.01972404852302,1.0,161.5917756782816,20.05591107673272,938.531625084235,298.15
8626.0,68.0183350310214,0.0,2.385606895588483,9.042237642452537,107.57806054448378,298.15
8627.0,68.01694601351977,1.0,156.3976697024471,18.551576527847054,466.1387572462951,298.15
8628.0,68.01555699601815,0.0,0.0,11.31865085813974,578.6378974065943,298.15
8629.0,68.01416797851653,1.0,155.03705508106665,19.56991575699437,613.7520746102444,298.15
8630.0,68.0127789610149,1.0,155.735608575881,16.208436981937883,803.2520530931872,298.15
8631.0,68.0113899435133,0.0,0.0,9.511916037554624,787.2418588689146,298.15
8632.0,68.01000092601167,0.0,2.9905105693605307,8.856946418572434,508.92968219849047,298.15
8633.0,68.00861190851005,1.0,160.1811994450318,16.44111996403042,903.6312643675816,298.15
8634.0,68.00722289100842,0.0,0.47501218336749157,9.001611537194021,839.3257492498019,298.15
8635.0,68.0058338735068,1.0,153.08902395108444,16.83684230662184,811.163830371823,298.15
8636.0,68.00444485600518,1.0,153.6073831132485,16.50443184894696,314.78001426429523,298.15
8637.0,68.00305583850357,1.0,154.27356511491735,16.250191192311735,749.6989138534561,298.15
8638.0,68.00166682100195,1.0,152.0561669746528,11.550189029691316,921.5604995911303,298.15
8639.0,68.00027780350032,1.0,151.50063106306445,15.286311727705794,320.01947741766,298.15
8640.0,67.9988887859987,1.0,159.10314143261348,17.657244651791455,546.0797206011093,298.15
8641.0,67.99749976849708,1.0,154.6237089591834,15.947375901213935,1048.066552176309,298.15
8642.0,67.99611075099546,0.0,0.0,3.150104242683338,638.8743454577166,298.15
8643.0,67.99472173349385,0.0,1.9455150931393907,7.615110051112213,469.22906732695645,298.15
8644.0,67.99333271599222,1.0,150.4740494626162,14.821477861054154,1011.9399362963748,298.15
8645.0,67.9919436984906,1.0,150.46014573270787,12.733463709996737,335.20341962723717,298.15
8646.0,67.99055468098898,1.0,150.94663675954683,19.63982296175839,0.0,298.15
8647.0,67.98916566348736,0.0,3.9417909455287656,2.7280605701169955,227.08943011707748,298.15
8648.0,67.98777664598573,1.0,151.83017475730853,16.549572069858513,897.8976009987165,298.15
8649.0,67.98638762848412,0.0,0.0,2.9712497771082598,682.3776809650359,298.15
8650.0,67.9849986109825,0.0,2.882918495758794,4.674132226771988,523.8566684674194,298.15
8651.0,67.98360959348088,1.0,151.05175258725762,12.363431138709055,871.6702431352373,298.15
8652.0,67.98222057597926,0.0,0.0,1.5040124466055782,558.443742142328,298.15
8653.0,67.98083155847763,1.0,150.5867365887811,14.984848871816727,422.1241082231384,298.15
8654.0,67.97944254097601,1.0,152.3603692473237,14.586009469292273,792.508524847851,298.15
8655.0,67.9780535234744,1.0,151.85839789987406,15.959731339505046,366.1922115066036,298.15
8656.0,67.97666450597278,1.0,154.9558734800051,13.371239002060843,671.7131692388193,298.15
8657.0,67.97527548847115,0.0,0.0,7.882682107377965,221.6378979253417,298.15
8658.0,67.97388647096953,0.0,0.1113082313477698,3.7023076208952017,130.63507556596312,298.15
8659.0,67.97249745346791,1.0,148.3240519710191,14.17616942219162,196.77110742048825,298.15
8660.0,67.9711084359663,1.0,146.0874859070153,10.057073083516357,490.87061689397393,298.15
8661.0,67.96971941846468,1.0,151.64127180450936,11.458532934720433,273.04880940059434,298.15
8662.0,67.96833040096305,0.0,1.1037154032695082,3.667892337262853,282.88315933103354,298.15
8663.0,67.96694138346143,1.0,149.744027882498,12.288803272754162,446.25568453813685,298.15
8664.0,67.96555236595981,1.0,149.85179447167002,12.722994352677588,474.7041361868141,298.15
8665.0,67.96416334845819,1.0,146.96772773975994,10.522825903665202,0.0,298.15
8666.0,67.96277433095656,1.0,145.9697134403518,12.340915922888385,0.0,298.15
8667.0,67.96138531345495,1.0,148.21940297167797,12.215544078992977,640.0924888645361,298.15
8668.0,67.95999629595333,1.0,150.65932466528847,9.415615492501543,2762.4862506900267,298.15
8669.0,67.95860727845171,1.0,151.48618269250025,13.071570885054921,2126.9276502946404,298.15
8670.0,67.95721826095009,1.0,149.3114844882772,8.121119753368626,3254.820440126444,298.15
8671.0,67.95582924344846,1.0,147.24648555277935,11.910379181655731,3517.0507726525752,298.15
8672.0,67.95444022594685,1.0,147.57950916107947,15.076812741859097,2981.5202943013674,298.15
8673.0,67.95305120844523,1.0,146.72340830551667,12.735547989838555,3629.069048822693,298.15
8674.0,67.95166219094361,0.0,0.0,2.6273572601145023,3522.759542142336,298.15
8675.0,67.95027317344199,1.0,146.2703781658055,9.286959027311752,2828.9932362107356,298.15
8676.0,67.94888415594036,1.0,142.78840254537846,14.709741892276085,2508.6356458439323,298.15
8677.0,67.94749513843874,1.0,145.42919551106317,13.813811880858744,2730.5484920275103,298.15
8678.0,67.94610612093712,1.0,149.37835532988504,9.143212864661114,3462.009509475524,298.15
8679.0,67.94471710343551,1.0,147.1958566498207,9.827454332050669,2985.773839309296,298.15
8680.0,67.94332808593389,0.0,0.0,3.3273404254665517,3347.923078086408,298.15
8681.0,67.94193906843226,1.0,144.57121771688793,14.375475313097922,1993.7910870496742,298.15
8682.0,67.94055005093064,1.0,142.50929383451304,7.981676041208376,3200.294185116027,298.15
8683.0,67.93916103342902,1.0,144.10109800014146,8.45711726000411,2943.9368059248873,298.15
8684.0,67.93777201592741,1.0,146.48283458292232,10.174066659287595,2930.851465262541,298.15
8685.0,67.93638299842578,1.0,145.31018425784563,5.927121478737106,3431.55861485102,298.15
8686.0,67.93499398092416,1.0,149.4243354139115,10.400612095566487,3013.7794169745703,298.15
8687.0,67.93360496342254,1.0,146.0981884841584,12.762414018467677,3117.4584471787275,298.15
8688.0,67.93221594592092,1.0,143.4940177930611,7.292241657920175,3486.9414762036013,298.15
8689.0,67.9308269284193,1.0,144.37176584037323,10.486071373620423,2701.7315199239238,298.15
8690.0,67.92943791091767,1.0,142.02637289449925,8.982241032100234,3063.4386524230363,298.15
8691.0,67.92804889341606,1.0,139.5723799023035,13.539170455370645,2983.877544015472,298.15
8692.0,67.92665987591444,1.0,145.11921231803458,8.940604114863007,2926.6442528554517,298.15
8693.0,67.92527085841282,1.0,144.16158590146077,13.230119344535625,2833.406778795171,298.15
8694.0,67.92388184091119,1.0,140.93267347004505,8.831719411449344,2662.8641312026284,298.15
8695.0,67.92249282340957,1.0,141.90870044750517,11.640146135361283,2770.200469299841,298.15
8696.0,67.92110380590796,1.0,143.9614880909966,10.550333341454847,2590.1404587993775,298.15
8697.0,67.91971478840634,1.0,142.77024601429704,9.730862758724868,3637.869531298943,298.15
8698.0,67.91832577090472,1.0,137.0168562333595,8.373496157623023,795.6947627601734,298.15
8699.0,67.91693675340309,1.0,140.83173471754264,10.669640882650835,629.4030144560883,298.15
8700.0,67.91554773590147,1.0,139.6006266997085,9.089478876927018,3358.1125104768357,298.15
8701.0,67.91415871839985,1.0,142.40034285773973,8.576205913685524,3234.7809485514854,298.15
8702.0,67.91276970089822,1.0,141.95378706574368,13.05130131979077,2573.1683100225387,298.15
8703.0,67.91138068339662,1.0,142.3876556387547,11.14831574020969,3512.9756480431342,298.15
8704.0,67.90999166589499,1.0,136.33165979483184,11.359905433249331,2533.500309338847,298.15
8705.0,67.90860264839337,1.0,136.8758325260332,9.236863870626864,3857.790271955455,298.15
8706.0,67.90721363089175,1.0,141.1472703893748,9.682180839880292,3149.789208651719,298.15
8707.0,67.90582461339012,1.0,136.8327182053929,9.576814522930496,3097.8960352833747,298.15
8708.0,67.90443559588851,1.0,134.36699763564124,10.815302351101968,3407.384484756338,298.15
8709.0,67.90304657838689,1.0,139.0102836236809,11.47615778721726,3403.55724347157,298.15
8710.0,67.90165756088527,1.0,136.1875977044543,10.122149790323425,2766.1784456340856,298.15
8711.0,67.90026854338365,1.0,141.5055908433475,8.585080333595037,3595.50746017537,298.15
8712.0,67.89887952588202,1.0,137.69764652957485,11.837677696638789,3252.4244742254596,298.15
8713.0,67.8974905083804,1.0,137.12463559023388,10.380698687538894,2605.189621388267,298.15
8714.0,67.89610149087878,1.0,135.6143031468198,7.383253233240507,2784.709035401602,298.15
8715.0,67.89471247337717,1.0,140.0356544223157,6.001113285583126,3221.940163746104,298.15
8716.0,67.89332345587555,1.0,136.8517872371482,11.086961911832443,2522.192190529385,298.15
8717.0,67.89193443837392,1.0,134.7767375973328,8.817239265860024,2385.0176786454317,298.15
8718.0,67.8905454208723,1.0,133.6109857487544,11.486536275252057,2839.569772084208,298.15
8719.0,67.88915640337068,1.0,135.0811781394754,9.060016640019459,2126.533615506662,298.15
8720.0,67.88776738586907,1.0,132.680927207056,11.00942751609433,3714.847679114738,298.15
8721.0,67.88637836836745,1.0,137.2158086428661,10.02661971877478,3642.3291672589667,298.15
8722.0,67.88498935086582,1.0,130.21129920360158,14.507749236697741,3846.5005334634734,298.15
8723.0,67.8836003333642,1.0,133.94281217719603,12.932501214758176,2885.033528999568,298.15
8724.0,67.88221131586258,1.0,135.4850538161596,13.838015804823733,2629.226506861062,298.15
8725.0,67.88082229836095,1.0,134.60342445727363,11.191510188467339,3450.8902726354913,298.15
8726.0,67.87943328085933,1.0,131.8370353158766,12.933378844640458,2757.6230683826143,298.15
8727.0,67.87804426335772,1.0,134.87724512660947,11.518377983080521,2615.693859611501,298.15
8728.0,67.8766552458561,1.0,130.95229459265468,14.465021852255472,2981.211458296001,298.15
8729.0,67.87526622835448,1.0,132.76969071808358,11.379611324641653,3262.151901504454,298.15
8730.0,67.87387721085285,1.0,134.1365704253949,8.746498706106522,250.04165518055538,298.15
8731.0,67.87248819335123,1.0,133.44784194751387,7.612660948047446,665.7765350667702,298.15
8732.0,67.87109917584962,1.0,130.49895550746268,15.303551726278878,25.362697305050006,298.15
8733.0,67.869710158348,1.0,134.7232576704348,12.959525141945058,415.0085108210162,298.15
8734.0,67.86832114084638,1.0,131.84081612496456,13.213767873332666,642.0474524391628,298.15
8735.0,67.86693212334475,0.0,1.7701475214983677,5.289278936136029,546.4134244749522,298.15
8736.0,67.86554310584313,1.0,134.80801352836008,8.921189690261485,242.51701946327682,298.15
8737.0,67.86415408834151,1.0,133.59425509712182,11.721713993697827,757.457139143639,298.15
8738.0,67.86276507083988,1.0,133.36827537194506,12.105870021375166,591.9392417973958,298.15
8739.0,67.86137605333828,1.0,130.92750043213155,14.261927178962296,0.0,298.15
8740.0,67.85998703583665,1.0,132.12982926975948,11.433160352458852,659.4791530566386,298.15
8741.0,67.85859801833503,1.0,130.51814359996152,10.521668576144009,352.121484921544,298.15
8742.0,67.85720900083341,1.0,126.9001450090237,10.64606346366493,316.12629654944834,298.15
8743.0,67.85581998333178,1.0,130.27572479125433,15.669220769419862,209.31102088270376,298.15
8744.0,67.85443096583018,1.0,129.93952227132286,11.907597525226683,148.68054531999252,298.15
8745.0,67.85304194832855,1.0,130.4949325345839,12.452972156274264,572.357649939886,298.15
8746.0,67.85165293082693,1.0,128.57594909003123,15.059747633371735,691.2506128337806,298.15
8747.0,67.8502639133253,1.0,126.8446537943139,12.460916963967223,553.6500040927531,298.15
8748.0,67.84887489582368,1.0,130.00200306475017,10.541594783794391,832.5546993113866,298.15
8749.0,67.84748587832206,1.0,125.08950770247527,10.958963533562502,703.642236472017,298.15
8750.0,67.84609686082044,1.0,131.475559928946,14.275985809101382,0.0,298.15
8751.0,67.84470784331883,1.0,127.23166465239345,15.589212238394275,178.98058231835495,298.15
8752.0,67.8433188258172,1.0,128.1523097422468,14.31378245428919,916.2546163576458,298.15
8753.0,67.84192980831558,1.0,128.6837963555494,15.794473596837209,55.38688598025482,298.15
8754.0,67.84054079081396,0.0,1.4072832256635461,1.7468257927800268,0.0,298.15
8755.0,67.83915177331234,0.0,0.0,2.0643657897238574,1141.4819924539881,298.15
8756.0,67.83776275581073,1.0,128.68194578982968,20.097191776317832,603.8912303615359,298.15
8757.0,67.8363737383091,1.0,127.23224699665451,18.16934261076391,260.753157420416,298.15
8758.0,67.83498472080748,1.0,124.78939751040885,17.3957451739977,3071.9090316114066,298.15
8759.0,67.83359570330586,1.0,124.31120974880668,14.63014346269171,2802.885495319961,298.15
8760.0,67.83220668580424,1.0,125.09729003176452,15.691297679549185,3614.751658756844,298.15
8761.0,67.83081766830261,1.0,122.59641918249685,16.371454453327086,2657.1199745941444,298.15
8762.0,67.82942865080099,1.0,129.59283279565926,19.28530803132723,2615.803057634568,298.15
8763.0,67.82803963329938,0.0,3.540677433591108,7.59715003674926,2636.059699399609,298.15
8764.0,67.82665061579776,1.0,126.16860526490174,18.04958398942094,2568.1401782049925,298.15
8765.0,67.82526159829614,0.0,0.0,6.816003616140725,3034.8044691447058,298.15
8766.0,67.82387258079451,0.0,0.0,9.002700025041078,3263.6685342838737,298.15
8767.0,67.82248356329289,1.0,126.31506720256341,18.19297630389902,3705.2176803231596,298.15
8768.0,67.82109454579128,1.0,128.50583571694693,17.864683355173412,3156.4107715586797,298.15
8769.0,67.81970552828966,1.0,122.76957497499497,16.445207888726475,3295.852422385841,298.15
8770.0,67.81831651078804,1.0,121.2782754309695,17.955406538425986,3057.06585294046,298.15
8771.0,67.81692749328641,1.0,127.44214954081922,16.16967828421894,2616.692984505313,298.15
8772.0,67.81553847578479,1.0,119.31310568850061,18.5303492476681,3602.775946904197,298.15
8773.0,67.81414945828317,1.0,120.9857921756317,19.011051225783902,2614.970254563689,298.15
8774.0,67.81276044078155,0.0,0.0,4.072998364442938,3488.4980196840124,298.15
8775.0,67.81137142327994,1.0,119.31178651663242,18.783670811579018,3158.0226441312625,298.15
8776.0,67.80998240577831,0.0,2.6496366977225634,7.047761531286749,3444.80838625707,298.15
8777.0,67.80859338827669,1.0,124.71928630149016,20.72849095666125,3127.2885339872464,298.15
8778.0,67.80720437077507,0.0,0.0,11.235845992204531,3737.2260959169253,298.15
8779.0,67.80581535327345,1.0,125.38228330321687,19.260057485368005,2800.7142356886498,298.15
8780.0,67.80442633577184,1.0,125.6173872376192,21.49949240185119,3431.148670045611,298.15
8781.0,67.80303731827021,0.0,0.0,11.81104291344777,2959.6883367487885,298.15
8782.0,67.80164830076859,1.0,120.75842541431234,20.340344801323358,2638.4461209228343,298.15
8783.0,67.80025928326697,0.0,5.383383087016946,14.213048126697982,3373.765407187968,298.15
8784.0,67.79887026576534,0.0,1.71813014342569,9.771029216243868,2547.0027549036186,298.15
8785.0,67.79748124826372,1.0,121.95917694064444,24.53941447068138,2291.9905150609247,298.15
8786.0,67.7960922307621,1.0,124.43993358650668,21.26239752180833,2094.957830662882,298.15
8787.0,67.79470321326049,0.0,0.7193338711735288,10.215159934771417,2731.1883175664043,298.15
8788.0,67.79331419575887,1.0,119.67866749227457,21.462681662982135,523.7861318299515,298.15
8789.0,67.79192517825724,0.0,0.19097641689548228,10.148788834570423,498.2443897683848,298.15
8790.0,67.79053616075562,0.0,2.474539257340386,14.275047905494652,377.1907305042316,298.15
8791.0,67.789147143254,1.0,115.69065548179628,19.57379549051038,280.57796539359293,298.15
8792.0,67.78775812575239,1.0,119.6062008803466,25.992116509241743,577.4534436017854,298.15
8793.0,67.78636910825077,0.0,3.2950615712345335,11.41968647461718,0.0,298.15
8794.0,67.78498009074914,1.0,118.7903906564884,25.31761387118004,834.8673408165841,298.15
8795.0,67.78359107324752,1.0,123.55542876516917,23.87318482987804,526.3114694022395,298.15
8796.0,67.7822020557459,1.0,123.10668259154096,24.617877276341225,169.07686956173865,298.15
8797.0,67.78081303824428,0.0,0.0,13.07387100475782,353.4447822231652,298.15
8798.0,67.77942402074267,1.0,118.11674273949173,25.258040482664654,453.99918951758053,298.15
8799.0,67.77803500324104,0.0,0.0,15.04336209856623,16.366724587065903,298.15
8800.0,67.77664598573942,0.0,6.348303999351695,11.986713808919045,3243.8519998508837,298.15
8801.0,67.7752569682378,1.0,123.55658627527615,23.246264846207332,3256.6398799175754,298.15
8802.0,67.77386795073618,0.0,0.2987374009233918,14.353176187842156,2951.921400301184,298.15
8803.0,67.77247893323455,0.0,0.0,14.146130809013137,3126.3970843847615,298.15
8804.0,67.77108991573294,0.0,0.2788441166627104,18.531232415425926,3988.8743491757677,298.15
8805.0,67.76970089823132,0.0,0.5809048393443949,16.19138371479219,2725.3640256054614,298.15
8806.0,67.7683118807297,0.0,0.0,14.80222638292424,2679.1049955511735,298.15
8807.0,67.76692286322807,0.0,0.1906941176660644,15.631666146791886,2244.8471789251703,298.15
8808.0,67.76553384572645,1.0,121.43470955116587,25.837348045044216,3717.4788197718435,298.15
8809.0,67.76414482822483,1.0,113.89146064765276,26.518162894424833,2642.469658755737,298.15
8810.0,67.76275581072322,1.0,120.04420187580074,25.123970404108046,2929.2499933305667,298.15
8811.0,67.7613667932216,0.0,3.2753839168096257,15.896661480973185,2723.2635969766825,298.15
8812.0,67.75997777571997,0.0,0.0,19.3951826327679,3325.905050413023,298.15
8813.0,67.75858875821835,0.0,4.03628471345985,18.424886166769323,3063.96618859149,298.15
8814.0,67.75719974071673,0.0,0.0,17.957289480775042,3052.359571153196,298.15
8815.0,67.7558107232151,0.0,1.0508562625995,18.507101432663358,3862.4229331315323,298.15
8816.0,67.7544217057135,0.0,0.0,18.636180973373065,3780.3457519091785,298.15
8817.0,67.75303268821187,0.0,0.0,18.525852738385982,3441.7053252784813,298.15
8818.0,67.75164367071025,0.0,0.0,20.253645684072264,3037.6282367871427,298.15
8819.0,67.75025465320863,0.0,1.6643193723961052,20.326550915901024,1781.0396001568815,298.15
8820.0,67.748865635707,1.0,119.1968780064861,26.386653703737316,3249.465970464236,298.15
8821.0,67.74747661820538,0.0,0.0,19.586841725391903,2851.3663518951016,298.15
8822.0,67.74608760070377,1.0,113.78427925768531,26.968763189597638,2826.603547410429,298.15
8823.0,67.74469858320215,1.0,117.91348327881198,31.615766576645786,2078.3555553590513,298.15
8824.0,67.74330956570053,0.0,1.005427034069178,22.108521334900907,2992.040345630697,298.15
8825.0,67.7419205481989,0.0,0.0,19.47786198981348,2737.0060965449343,298.15
8826.0,67.74053153069728,0.0,4.4485804170572525,20.715894896467685,3282.566868840449,298.15
8827.0,67.73914251319566,0.0,0.0,16.808681090895018,3645.1663773463906,298.15
8828.0,67.73775349569405,0.0,0.0,23.39730180219485,3253.0054387137016,298.15
8829.0,67.73636447819243,0.0,0.0,23.06587803208792,2860.7411189214354,298.15
8830.0,67.7349754606908,0.0,1.6925491190370232,24.1869133491028,897.5360687219606,298.15
8831.0,67.73358644318918,0.0,0.0,25.091413723223642,707.7595206176857,298.15
8832.0,67.73219742568756,0.0,0.0,19.696252552467698,741.2726485196457,298.15
8833.0,67.73080840818594,0.0,2.265758356434444,24.26733582916882,471.09500227685015,298.15
8834.0,67.72941939068433,0.0,1.1019961187643321,25.69312436665445,538.3640731323216,298.15
8835.0,67.7280303731827,1.0,117.19380762802298,29.748407430265495,495.3624896272485,298.15
8836.0,67.72664135568108,0.0,1.8617133358476892,22.68353371442395,0.0,298.15
8837.0,67.72525233817946,0.0,0.0,22.48424420796764,16.24841957206354,298.15
8838.0,67.72386332067784,0.0,0.0,25.199363605974753,2479.085017630123,298.15
8839.0,67.72247430317623,1.0,118.0883101878531,28.677157254451604,2116.5516603638785,298.15
8840.0,67.7210852856746,0.0,0.0,27.570094311729036,2973.84507708363,298.15
8841.0,67.71969626817298,0.0,0.0,23.773705940355768,2541.0169598763514,298.15
8842.0,67.71830725067136,0.0,0.0,26.087037216074897,2497.443614147401,298.15
8843.0,67.71691823316974,0.0,2.2177566929866472,24.254138398762198,2782.6970667239725,298.15
8844.0,67.71552921566811,1.0,116.65621607066996,35.578509419190226,1945.5614284672579,298.15
8845.0,67.71414019816649,0.0,2.042451957148418,19.943693098209046,3562.4930655102166,298.15
8846.0,67.71275118066488,0.0,0.0,24.12418313488653,2655.3773572838913,298.15
8847.0,67.71136216316326,0.0,0.751654566195176,26.847384532240415,1701.182614027899,298.15
8848.0,67.70997314566164,0.0,1.5577978211540433,25.86497357442496,2999.1357124018227,298.15
8849.0,67.70858412816001,1.0,112.7831120614537,32.05558390519503,2865.431499369444,298.15
8850.0,67.70719511065839,0.0,2.0538069075904324,25.73355787345666,2924.6428464185706,298.15
8851.0,67.70580609315678,0.0,0.0,24.07967537405149,2487.296535567192,298.15
8852.0,67.70441707565516,1.0,123.32256188672744,34.06316195533097,3537.906076700723,298.15
8853.0,67.70302805815354,0.0,0.0,22.95141664977385,3302.4000376911217,298.15
8854.0,67.70163904065191,0.0,3.261843032817525,27.530432704291332,3062.4108923079575,298.15
8855.0,67.70025002315029,0.0,0.0,28.706525448586724,2742.5976352500334,298.15
8856.0,67.69886100564867,0.0,0.0,30.939720404672272,2744.3451152899506,298.15
8857.0,67.69747198814704,0.0,0.0,23.65981646188174,4122.095223206833,298.15
8858.0,67.69608297064543,0.0,0.6610797107076458,28.438369758125972,2986.2312193306493,298.15
8859.0,67.69469395314381,0.0,2.471709820450193,28.71731166717081,2833.7312205250305,298.15
8860.0,67.69330493564219,0.0,4.102489425732808,25.935437748507507,2390.2766102553887,298.15
8861.0,67.69191591814057,0.0,3.3875855621021866,25.37574717627279,2569.8825447732033,298.15
8862.0,67.69052690063894,0.0,0.0,25.162140087393894,2992.184578397698,298.15
8863.0,67.68913788313733,0.0,2.692557988172649,26.447149392698304,3051.2874564598087,298.15
8864.0,67.68774886563571,0.0,0.9322158479708748,28.0837077031503,3574.1568441203485,298.15
8865.0,67.68635984813409,0.0,0.0,30.60075249295331,2723.0441763842064,298.15
8866.0,67.68497083063247,0.0,0.0,30.195700995898143,3378.6703173587744,298.15
8867.0,67.68358181313084,0.0,0.0,24.690645213798206,2976.155533530465,298.15
8868.0,67.68219279562922,0.0,0.08837055542832213,26.5141780714672,767.0248146354733,298.15
8869.0,67.6808037781276,0.0,0.0,30.942648565713366,664.1267496148665,298.15
8870.0,67.67941476062599,1.0,114.07531572494334,36.854037287900745,468.492970948573,298.15
8871.0,67.67802574312437,0.0,1.1414761438097103,28.35278049236823,853.6377115646585,298.15
8872.0,67.67663672562274,0.0,1.4979174908837394,25.04782619454058,681.4739838281707,298.15
8873.0,67.67524770812112,0.0,0.0,31.0541983996317,229.90655652118397,298.15
8874.0,67.6738586906195,1.0,120.01236149325798,34.81295221386945,502.87638948869585,298.15
8875.0,67.67246967311789,0.0,0.0,25.462746896528607,438.17226064208216,298.15
8876.0,67.67108065561627,0.0,0.0,31.11853047647154,153.98809902602636,298.15
8877.0,67.66969163811464,0.0,1.5735802911600558,33.00014350052981,421.0832397633403,298.15
8878.0,67.66830262061302,0.0,0.0,28.512561475681018,898.9757452176793,298.15
8879.0,67.6669136031114,0.0,0.20202613320933552,29.094421892931482,883.5029751973201,298.15
8880.0,67.66552458560977,0.0,0.0,31.14312703456403,819.873989590189,298.15
8881.0,67.66413556810815,0.0,0.03980446615042142,29.93514097379675,772.9021882040893,298.15
8882.0,67.66274655060654,0.0,0.0,28.633018599964608,572.8480311074305,298.15
8883.0,67.66135753310492,0.0,0.0,28.46500056051775,289.36726478807486,298.15
8884.0,67.6599685156033,1.0,114.32389647598673,36.2904081570239,697.461130749472,298.15
8885.0,67.65857949810167,0.0,0.0,30.06700493904552,0.0,298.15
8886.0,67.65719048060005,0.0,0.0,29.4487729751706,264.66723822552876,298.15
8887.0,67.65580146309844,0.0,0.0,28.783378973201188,886.9509475528115,298.15
8888.0,67.65441244559682,0.0,1.5826007658947325,27.663705995509602,327.63883238889554,298.15
8889.0,67.6530234280952,0.0,0.5298272805001386,27.91537603054232,724.1574342213053,298.15
8890.0,67.65163441059357,0.0,0.0,31.093418592218807,372.8353012604679,298.15
8891.0,67.65024539309195,1.0,118.37677847961888,41.67262301017307,692.7011891689681,298.15
8892.0,67.64885637559033,1.0,119.04237714120653,39.205619886317244,0.0,298.15
8893.0,67.6474673580887,0.0,0.0,29.015543124975302,945.4590961708433,298.15
8894.0,67.6460783405871,0.0,0.0,28.169065423071896,109.12653837813087,298.15
8895.0,67.64468932308547,0.0,0.453403872793546,31.890028247910315,23.004583130364665,298.15
8896.0,67.64330030558385,0.0,1.8216183609835435,30.03446459033696,3587.731743756454,298.15
8897.0,67.64191128808223,0.0,0.0,30.743744944850214,3098.0454379772077,298.15
8898.0,67.6405222705806,0.0,0.0,30.733503057703217,3290.7795257758175,298.15
8899.0,67.639133253079,1.0,122.68440002234554,39.362175823006524,3137.0154198943974,298.15
8900.0,67.63774423557737,0.0,3.375121120218646,27.591373319564365,2970.6760903782497,298.15
8901.0,67.63635521807575,1.0,121.36950386484499,37.939289829704435,3207.7366565104903,298.15
8902.0,67.63496620057413,1.0,120.75021435506166,42.323770707315276,3275.0616697234655,298.15
8903.0,67.6335771830725,1.0,123.54465570386783,38.48346615442082,3068.252751168331,298.15
8904.0,67.63218816557088,1.0,124.30530186717544,39.12224280592199,2270.234841563622,298.15
8905.0,67.63079914806926,1.0,119.56438008105549,37.60914282724172,3861.8251286927975,298.15
8906.0,67.62941013056765,1.0,117.70026837135313,37.42000013242813,2522.8474660305355,298.15
8907.0,67.62802111306603,1.0,119.5061089747698,38.31966423333923,3065.862593208601,298.15
8908.0,67.6266320955644,0.0,7.377714327481409,33.37140803515283,3841.815939575282,298.15
8909.0,67.62524307806278,1.0,116.69802388703174,41.21042066632225,2978.1089379503055,298.15
8910.0,67.62385406056116,1.0,119.4625573623192,38.72653055449021,2718.1196041418875,298.15
8911.0,67.62246504305955,1.0,117.36671816276551,42.01478580046882,2886.4146458783566,298.15
8912.0,67.62107602555793,1.0,121.18052531427368,39.41952955262258,2901.6726120520175,298.15
8913.0,67.6196870080563,0.0,0.0,32.48756239348867,3187.0208230462213,298.15
8914.0,67.61829799055468,0.0,0.0,34.21007039959457,3172.7058547260954,298.15
8915.0,67.61690897305306,0.0,0.0,31.710606800770716,3401.036226932031,298.15
8916.0,67.61551995555143,0.0,1.471448778053493,29.724170233825657,2384.608146151025,298.15
8917.0,67.61413093804981,1.0,124.58106865098216,40.913731183962504,3738.734950152413,298.15
8918.0,67.6127419205482,0.0,0.0,29.435555262637237,2900.1090045690867,298.15
8919.0,67.61135290304658,1.0,121.67539418821198,35.542158603396174,2556.156334654385,298.15
8920.0,67.60996388554496,1.0,121.77521504851926,37.9128339947939,2558.501139030299,298.15
8921.0,67.60857486804333,0.0,0.43101017670807784,27.224481530730742,3399.1843923512824,298.15
8922.0,67.60718585054171,1.0,122.41381590678414,37.71438471618847,2796.225844122393,298.15
8923.0,67.6057968330401,1.0,124.50775279958212,42.73891358461261,2514.23603872347,298.15
8924.0,67.60440781553848,0.0,2.937650938152885,31.265964562398032,2681.346394652946,298.15
8925.0,67.60301879803686,1.0,121.08995534409584,39.769436555982374,2920.0164756087192,298.15
8926.0,67.60162978053523,1.0,122.47112094912939,40.445311916739016,621.4764803664411,298.15
8927.0,67.60024076303361,0.0,2.1480609561659425,24.760330887273273,0.0,298.15
8928.0,67.59885174553199,0.0,0.0,30.07745364287776,679.3336068286015,298.15
8929.0,67.59746272803037,1.0,119.05983683676065,40.41247789439677,510.01994242972984,298.15
8930.0,67.59607371052876,0.0,0.5391858646776916,23.735872240274183,673.4256917540191,298.15
8931.0,67.59468469302713,0.0,1.1825192409337724,29.838115452984603,0.0,298.15
8932.0,67.59329567552551,0.0,0.0,25.20125095513807,67.52827051454398,298.15
8933.0,67.59190665802389,1.0,123.13040976680648,33.95776349744436,2366.865289320522,298.15
8934.0,67.59051764052226,1.0,122.89070598826068,40.65243366772032,3396.614908417803,298.15
8935.0,67.58912862302066,1.0,122.8309067897516,35.70818127634832,3017.900719450508,298.15
8936.0,67.58773960551903,0.0,1.6522173487734293,26.185163038406525,3135.2145707072978,298.15
8937.0,67.58635058801741,1.0,122.47775510329335,39.582476402323095,2165.1357279841613,298.15
8938.0,67.58496157051579,1.0,124.8570269793985,36.77532632585757,3015.2641894103504,298.15
8939.0,67.58357255301416,0.0,0.0,26.899870625043704,2421.805523683396,298.15
8940.0,67.58218353551254,1.0,122.42600443661523,36.71757121881791,2282.905698811549,298.15
8941.0,67.58079451801092,1.0,128.17040563647925,37.71370504079727,2852.313595838298,298.15
8942.0,67.57940550050931,1.0,125.06441810101892,36.38452547798053,2666.8891400022226,298.15
8943.0,67.57801648300769,1.0,126.95894752045864,36.94233779820875,3136.715781663554,298.15
8944.0,67.57662746550606,0.0,0.0,25.51691859761244,3760.5146560596304,298.15
8945.0,67.57523844800444,1.0,125.16103140063709,37.13324845486034,2304.4248522347057,298.15
8946.0,67.57384943050282,1.0,128.941496563175,36.900333096139676,3623.7264501514624,298.15
8947.0,67.57246041300121,1.0,133.5170991882342,40.017115282900185,2844.984314097078,298.15
8948.0,67.57107139549959,0.0,0.0,25.14654017996796,3363.575900692213,298.15
8949.0,67.56968237799796,1.0,127.30387726810615,35.39125162492528,3153.6612695811004,298.15
8950.0,67.56829336049634,0.0,0.9822368593678281,26.100216218128452,2794.3941302870417,298.15
8951.0,67.56690434299472,1.0,126.7504836747504,37.43203754632859,2688.406451346319,298.15
8952.0,67.5655153254931,0.0,2.0239414908838125,23.012061793632174,3429.413164842029,298.15
8953.0,67.56412630799147,1.0,126.59383660286055,35.30926502848597,2662.163815305071,298.15
8954.0,67.56273729048986,1.0,129.24742912275917,29.73637309311203,3052.5322623678726,298.15
8955.0,67.56134827298824,1.0,127.86041912912243,34.180504480038216,3164.25144121487,298.15
8956.0,67.55995925548662,1.0,132.2339861725226,36.77852769492285,3195.7145630944538,298.15
8957.0,67.558570237985,1.0,127.94305073013297,32.87781100576308,3950.4647608580485,298.15
8958.0,67.55718122048337,1.0,128.94297617406386,34.559102957424415,2490.568302534449,298.15
8959.0,67.55579220298176,1.0,132.26231542079444,32.91313391401874,3400.24035904727,298.15
8960.0,67.55440318548014,1.0,127.78907248523001,32.04052176051575,3685.931324812491,298.15
8961.0,67.55301416797852,1.0,130.63224402212828,35.632996415217896,2829.0096340468485,298.15
8962.0,67.5516251504769,1.0,126.35753362710327,31.27085580901045,3856.8384641446705,298.15
8963.0,67.55023613297527,0.0,0.0,23.84085813012154,1026.7161332073858,298.15
8964.0,67.54884711547365,1.0,132.07541841904197,33.67471904308704,306.70488225809436,298.15
8965.0,67.54745809797203,1.0,129.03888445647053,31.076935061541548,818.3066172429087,298.15
8966.0,67.54606908047042,1.0,130.3368544719942,32.9573995979043,383.4517155764129,298.15
8967.0,67.5446800629688,1.0,133.0450423548669,30.499481357230817,1214.5071541597506,298.15
8968.0,67.54329104546717,1.0,130.7273199337339,33.304771614462965,1005.6416028810584,298.15
8969.0,67.54190202796555,0.0,1.9603779983612852,19.30114922851435,760.3449035436163,298.15
8970.0,67.54051301046393,0.0,0.5138052579158531,21.10794323292222,3625.7677019916846,298.15
8971.0,67.53912399296232,1.0,133.8610131044822,31.07664597497899,3184.379084784587,298.15
8972.0,67.5377349754607,1.0,136.01977219849036,33.68700317528516,3590.2247150251346,298.15
8973.0,67.53634595795907,0.0,0.7619616396939899,21.46216366118341,3177.5425357758977,298.15
8974.0,67.53495694045745,1.0,137.21214710699445,32.93108976010343,3070.5322716914907,298.15
8975.0,67.53356792295583,1.0,135.9593774192403,31.886715706253504,2729.665561311033,298.15
8976.0,67.5321789054542,1.0,132.78434480184987,31.655129363047394,3475.2560892720803,298.15
8977.0,67.5307898879526,1.0,137.35605435078034,29.616065927770734,3296.998104875205,298.15
8978.0,67.52940087045097,1.0,135.14822604575332,32.19113001960931,3560.103029779397,298.15
8979.0,67.52801185294935,1.0,133.82425854136594,29.122609802931727,3411.6329553731284,298.15
8980.0,67.52662283544772,1.0,135.67335871006168,26.059961919050405,3332.6215664568454,298.15
8981.0,67.5252338179461,1.0,137.90628403625504,28.966671621584684,3144.7463421070943,298.15
8982.0,67.52384480044448,1.0,136.5869694739535,30.122135137298184,3266.1525957614745,298.15
8983.0,67.52245578294287,1.0,140.09172138753314,25.637438407526325,3752.067799190797,298.15
8984.0,67.52106676544125,0.0,2.588601956054814,16.900972858273363,3289.657207283717,298.15
8985.0,67.51967774793962,1.0,137.49197412609385,25.958236461390836,3310.107929537628,298.15
8986.0,67.518288730438,1.0,134.04945402815383,29.89817632569937,2960.8736769025963,298.15
8987.0,67.51689971293638,1.0,136.3146229920494,31.499368669550815,4021.886913091642,298.15
8988.0,67.51551069543476,1.0,137.16273844139928,27.377302633568686,2764.8679763178857,298.15
8989.0,67.51412167793315,1.0,138.9011963312225,28.677531019414527,3956.568380172949,298.15
8990.0,67.51273266043152,1.0,139.00972935999394,28.391350613160217,2519.1079419132293,298.15
8991.0,67.5113436429299,1.0,138.1453215982026,30.324986575214957,2867.297520515899,298.15
8992.0,67.50995462542828,1.0,138.2784591089162,25.53126832549894,2382.457880398404,298.15
8993.0,67.50856560792666,1.0,139.9587339608104,26.191557420871884,2765.8620857567266,298.15
8994.0,67.50717659042503,1.0,136.44749096819646,25.707306385662857,3051.629905974518,298.15
8995.0,67.50578757292342,1.0,142.7834143886803,26.332659355563838,2927.0913899510815,298.15
8996.0,67.5043985554218,1.0,134.11771678702243,31.11790961301861,2389.99964980942,298.15
8997.0,67.50300953792018,1.0,142.71357839034755,25.770278771148,3460.777342168165,298.15
8998.0,67.50162052041856,1.0,139.3897297758658,23.704601091033357,2524.9687703349337,298.15
8999.0,67.50023150291693,1.0,142.1372709022585,22.849435028315376,2631.8931166096527,298.15
9000.0,67.49884248541531,1.0,140.8668307145665,27.589031653077974,0.0,298.15
9001.0,67.4974534679137,1.0,141.07573161837138,22.988438477563676,55.41716197632843,298.15
9002.0,67.49606445041208,1.0,141.8231002397721,25.900374549313682,577.2945958819788,298.15
9003.0,67.49467543291046,1.0,142.68138754511037,22.888581956789405,418.1874577842128,298.15
9004.0,67.49328641540883,1.0,140.2215935255063,21.44007597872606,818.4469889992889,298.15
9005.0,67.49189739790721,1.0,143.72141749870235,25.07397147870622,184.86435868906761,298.15
9006.0,67.49050838040559,1.0,138.92327819791464,22.284719104306202,441.8353435606219,298.15
9007.0,67.48911936290398,1.0,141.74501692023972,24.23327710392075,516.2818438836061,298.15
9008.0,67.48773034540235,1.0,143.9999226535974,24.151945367421053,428.50217703569547,298.15
9009.0,67.48634132790073,1.0,144.62917661402767,24.015530854192612,709.2827052793776,298.15
9010.0,67.48495231039911,1.0,143.60648833454619,22.099259420417045,119.6970445292531,298.15
9011.0,67.48356329289749,1.0,141.82125480151882,23.839303250281116,679.4363750120351,298.15
9012.0,67.48217427539586,1.0,145.144356764722,20.28251369384197,898.9823275015076,298.15
9013.0,67.48078525789425,1.0,141.6624438495089,16.885949589628815,211.62002487030952,298.15
9014.0,67.47939624039263,1.0,147.6786327656128,23.18889277612481,640.3379570060179,298.15
9015.0,67.47800722289101,1.0,143.55270319720285,21.84057058373399,3206.692147889069,298.15
9016.0,67.47661820538939,1.0,140.33437261342877,20.00871034411263,2747.733791686155,298.15
9017.0,67.47522918788776,1.0,141.40376318679057,18.001249440074254,2927.9048400858865,298.15
9018.0,67.47384017038615,1.0,144.60113022141138,16.605827781022462,3587.0835881107187,298.15
9019.0,67.47245115288453,1.0,145.0769025300919,20.696340956582286,4196.267371496787,298.15
9020.0,67.47106213538291,1.0,149.68248412432632,23.77254141095229,3045.4062240964486,298.15
9021.0,67.46967311788129,1.0,142.7612676957073,19.854861074289875,3375.0016794025332,298.15
9022.0,67.46828410037966,1.0,145.5744374987239,19.172104483197586,2637.5261135895234,298.15
9023.0,67.46689508287804,1.0,143.2007871530421,19.647512622923045,2473.503422604945,298.15
9024.0,67.46550606537642,1.0,144.79483299362238,23.98222583084365,2223.170137040702,298.15
9025.0,67.46411704787481,1.0,150.2236319498852,20.813823157796765,2588.2809838171565,298.15
9026.0,67.46272803037319,1.0,143.74681435856786,17.11321990265861,3010.3094341511355,298.15
9027.0,67.46133901287156,1.0,148.09438427068605,18.885371226747722,3412.279669425069,298.15
9028.0,67.45994999536994,0.0,0.9360811352235308,9.300408471968518,3952.384411259205,298.15
9029.0,67.45856097786832,1.0,147.1193918610773,16.217616509589895,2204.741462693564,298.15
9030.0,67.45717196036671,1.0,148.65393832290016,19.759165437603972,2690.7748955936463,298.15
9031.0,67.45578294286508,1.0,144.8913358232677,16.290763159252837,3208.7555925131546,298.15
9032.0,67.45439392536346,1.0,151.83890085535924,14.650793831199792,3606.5041317693735,298.15
9033.0,67.45300490786184,1.0,152.71555332569014,17.725476750255837,2588.227431617778,298.15
9034.0,67.45161589036022,1.0,148.47795360274176,17.194574773416168,3061.8022017010203,298.15
9035.0,67.4502268728586,1.0,154.37375380890964,17.160409408800657,2604.3036823811112,298.15
9036.0,67.44883785535697,1.0,147.8843261867842,15.382190931290186,2897.9851669457794,298.15
9037.0,67.44744883785536,1.0,150.02218706595144,15.472642558165402,2585.3609607150265,298.15
9038.0,67.44605982035374,1.0,152.71177452226004,18.90108140191815,4201.789017150644,298.15
9039.0,67.44467080285212,1.0,148.43799536984278,17.286579839540234,2871.2239423589276,298.15
9040.0,67.4432817853505,1.0,146.4702114026603,14.20576881548713,2719.241335988381,298.15
9041.0,67.44189276784887,1.0,146.15090780256577,11.961895131477942,3213.5201664936108,298.15
9042.0,67.44050375034726,0.0,4.9098109902445195,3.9164309611361534,2896.0761791136306,298.15
9043.0,67.43911473284564,1.0,149.1851729555008,15.946474033553493,3786.918387239012,298.15
9044.0,67.43772571534402,1.0,150.22873622222448,14.132530911444798,1956.9292992244048,298.15
9045.0,67.43633669784239,1.0,148.24467005388294,13.791537434310504,519.8943555017815,298.15
9046.0,67.43494768034077,1.0,153.3784733398128,13.86261467590362,491.2705356408738,298.15
9047.0,67.43355866283915,1.0,149.47919306391475,14.754536536668425,675.1592451416916,298.15
9048.0,67.43216964533752,0.0,0.0,6.353503065982512,3147.983891568707,298.15
9049.0,67.43078062783592,1.0,152.4952817459601,14.560441618663807,3545.3367404894493,298.15
9050.0,67.42939161033429,0.0,0.0,4.52141292982378,2940.217280890031,298.15
9051.0,67.42800259283267,1.0,151.79153110554677,13.763352474052994,3265.453174844971,298.15
9052.0,67.42661357533105,1.0,155.77333888459594,13.033373995405109,3335.0141757568585,298.15
9053.0,67.42522455782942,1.0,153.66723268885775,15.753796976210303,3673.0085402557334,298.15
9054.0,67.42383554032781,1.0,153.17085323109396,15.282769044285542,2925.195506452521,298.15
9055.0,67.42244652282619,0.0,0.5119038789676672,7.82120110138309,3715.8024742807615,298.15
9056.0,67.42105750532457,0.0,0.0,4.704247309163479,2786.6883767393774,298.15
9057.0,67.41966848782295,1.0,158.24572907070208,12.263395325907737,3026.0278046338967,298.15
9058.0,67.41827947032132,1.0,151.76220394050222,11.277894580850031,3372.5859205384722,298.15
9059.0,67.4168904528197,1.0,154.40526863274744,14.974326799508933,3576.3926444851572,298.15
9060.0,67.41550143531808,0.0,0.2740423671167751,1.1802879333045628,3315.96698673161,298.15
9061.0,67.41411241781647,0.0,2.4033236618852243,4.401360008675076,2735.685471797078,298.15
9062.0,67.41272340031485,0.0,2.628253936412373,1.0231617403564444,3615.9862065834363,298.15
9063.0,67.41133438281322,1.0,154.6334861685973,13.184548231596297,2997.354775763394,298.15
9064.0,67.4099453653116,1.0,155.60004437174078,10.144732356521045,2234.886279229229,298.15
9065.0,67.40855634780998,1.0,155.88640617160502,13.822305023522127,3463.5849978368906,298.15
9066.0,67.40716733030837,1.0,149.88491766261953,9.539053049174353,2628.4311187475682,298.15
9067.0,67.40577831280675,1.0,151.70530028027645,12.534689645394579,2631.8281923726186,298.15
9068.0,67.40438929530512,1.0,154.2405620492478,11.446493964914731,3572.5406905072914,298.15
9069.0,67.4030002778035,1.0,154.5335054338055,11.95393437198121,3233.5686275606586,298.15
9070.0,67.40161126030188,0.0,0.0,0.8168342495675611,2487.999816676282,298.15
9071.0,67.40022224280025,0.0,1.785841085072422,0.6630381649596897,2328.7341349052235,298.15
9072.0,67.39883322529863,1.0,156.43417756903773,11.74750403114917,2516.18569895991,298.15
9073.0,67.39744420779702,1.0,156.09993769612836,9.257679287901546,2267.3197341219684,298.15
9074.0,67.3960551902954,1.0,153.79919624287436,9.150248349877074,2313.5814902646516,298.15
9075.0,67.39466617279378,0.0,0.0,0.40073831502260915,3130.971797223615,298.15
9076.0,67.39327715529215,0.0,0.0,0.23184081734217354,2304.377393901435,298.15
9077.0,67.39188813779053,0.0,0.0,0.0,2831.070525822471,298.15
9078.0,67.39049912028892,0.0,0.15053177057695546,2.7970033152460383,639.7718368734659,298.15
9079.0,67.3891101027873,1.0,158.24267982817378,10.117412613306321,0.0,298.15
9080.0,67.38772108528568,1.0,154.1090855548952,10.265675061565473,254.2045569945844,298.15
9081.0,67.38633206778405,1.0,158.53827973198074,7.919300399109106,464.92859134185886,298.15
9082.0,67.38494305028243,1.0,155.68672606332166,14.877359117313638,902.316196148538,298.15
9083.0,67.38355403278081,0.0,0.0,5.548027464204895,413.86182295481404,298.15
9084.0,67.38216501527918,1.0,160.20275162541375,8.858284336112922,446.2970991012941,298.15
9085.0,67.38077599777758,1.0,163.4500231774191,12.948590101484628,469.19586887943314,298.15
9086.0,67.37938698027595,1.0,158.9310025197194,10.17148390871598,0.0,298.15
9087.0,67.37799796277433,0.0,0.0,3.626411993523005,730.853339388406,298.15
9088.0,67.37660894527271,1.0,159.5662154589749,10.96063521635014,716.2575076172177,298.15
9089.0,67.37521992777108,0.0,2.2371876209312718,0.4295537309400333,785.2846707490804,298.15
9090.0,67.37383091026948,1.0,160.89590193172066,5.019055014835346,3778.469634687207,298.15
9091.0,67.37244189276785,1.0,166.0983893631294,8.333696751026611,2767.736083211004,298.15
9092.0,67.37105287526623,0.0,0.0,0.1606926641950684,2077.301464404285,298.15
9093.0,67.3696638577646,0.0,0.6009282459209918,0.5011993804739783,3496.764835553737,298.15
9094.0,67.36827484026298,0.0,3.690215627014284,0.0,2984.6995614258312,298.15
9095.0,67.36688582276136,0.0,3.540696283217967,0.0,2784.857636027392,298.15
9096.0,67.36549680525974,1.0,155.617912030419,11.173492066082678,2465.693631819767,298.15
9097.0,67.36410778775813,1.0,160.3894252783853,7.157760217319722,2901.554546022243,298.15
9098.0,67.3627187702565,0.0,3.5367927117589466,0.2838011216396574,3598.240842916074,298.15
9099.0,67.36132975275488,1.0,167.5446136668819,12.560517061839786,3778.0827860990294,298.15
9100.0,67.35994073525326,0.0,1.676756707941892,0.7967086167624132,2248.9832159716298,298.15
9101.0,67.35855171775164,0.0,0.0,0.6952519091594337,1990.4392628894702,298.15
9102.0,67.35716270025003,1.0,158.62698684488626,5.8320478307597545,2656.6618657127283,298.15
9103.0,67.3557736827484,0.0,5.286039452396897,0.0,2659.4027706633137,298.15
9104.0,67.35438466524678,1.0,163.00507443529065,14.275329937411035,2651.2634009390836,298.15
9105.0,67.35299564774516,1.0,159.36368169388135,8.80786107516415,3043.961722661334,298.15
9106.0,67.35160663024354,1.0,161.0130728790019,12.680055526278746,2643.398270607194,298.15
9107.0,67.35021761274191,0.0,0.739003075769346,0.0,2295.2683555250774,298.15
9108.0,67.34882859524029,1.0,163.01144003455363,9.544065662255585,2638.132375574371,298.15
9109.0,67.34743957773868,0.0,0.0,1.215286760360997,3633.9368838643472,298.15
9110.0,67.34605056023706,0.0,0.0,0.39279243764873445,2942.128934655599,298.15
9111.0,67.34466154273544,0.0,0.0,1.0118898235344616,3238.515056312112,298.15
9112.0,67.34327252523381,0.0,2.477179014558012,0.0,2736.5971511599637,298.15
9113.0,67.34188350773219,0.0,0.0,0.0,2389.944034282584,298.15
9114.0,67.34049449023058,0.0,1.1109868235652371,0.0,3400.0402105932485,298.15
9115.0,67.33910547272896,0.0,3.3884561557440525,0.0,3126.4115190193293,298.15
9116.0,67.33771645522734,0.0,0.52382905983602,0.0,3145.1461826674786,298.15
9117.0,67.33632743772571,0.0,0.0,2.6755332644887724,3036.325108462569,298.15
9118.0,67.33493842022409,0.0,0.4620077279313258,0.7761165649746313,2529.613621774411,298.15
9119.0,67.33354940272247,0.0,0.15055544029354687,1.6646951967469,3616.431041763267,298.15
9120.0,67.33216038522085,0.0,2.9689226203744576,1.0268205706480797,789.4100153241969,298.15
9121.0,67.33077136771924,0.0,0.740556147304219,0.0,409.47107231291096,298.15
9122.0,67.32938235021761,0.0,0.0,0.9224820174919771,798.7850947429067,298.15
9123.0,67.32799333271599,0.0,2.4964453126476966,1.238646784190405,78.63960430294958,298.15
9124.0,67.32660431521437,0.0,2.9315643159855704,2.6240014289706433,2108.5580179503127,298.15
9125.0,67.32521529771275,0.0,0.0,0.0,2050.234165304284,298.15
9126.0,67.32382628021114,0.0,3.651777056314964,0.0,3618.3181217610536,298.15
9127.0,67.32243726270951,0.0,0.8689066337438618,1.6932620432678929,3536.0863068464346,298.15
9128.0,67.32104824520789,0.0,0.6748757701385488,2.1589497440703465,3008.3115322164085,298.15
9129.0,67.31965922770627,0.0,2.3982302857664717,1.158824544460159,2979.6474065938046,298.15
9130.0,67.31827021020464,0.0,0.0,1.692817187732223,3486.209636414517,298.15
9131.0,67.31688119270302,0.0,2.2732468128730905,3.559807866699698,3004.4725940251346,298.15
9132.0,67.3154921752014,0.0,0.0,0.9071166438561341,3140.5958119450215,298.15
9133.0,67.31410315769979,0.0,0.0,1.3946179428099894,2827.1262889309087,298.15
9134.0,67.31271414019817,0.0,0.0,2.252226216854555,2669.9658558840015,298.15
9135.0,67.31132512269654,0.0,1.3508997193945096,0.0,3610.1583096504796,298.15
9136.0,67.30993610519492,0.0,0.0,2.0211320565886077,2856.3852103004156,298.15
9137.0,67.3085470876933,0.0,3.8359217525789915,2.3311415860004527,2595.017665844966,298.15
9138.0,67.30715807019169,0.0,2.8334053299255326,5.9773151181089235,3507.0255794825366,298.15
9139.0,67.30576905269007,0.0,3.1768487396692815,2.1115933395890076,4018.8778841744747,298.15
9140.0,67.30438003518844,0.0,0.2972784088570182,3.2781386860461623,2583.3690130458194,298.15
9141.0,67.30299101768682,0.0,0.6143417523498204,4.9033766215370544,2812.101168978209,298.15
9142.0,67.3016020001852,0.0,0.0,1.4167179589592571,3242.7503426571207,298.15
9143.0,67.30021298268358,0.0,2.372401883648489,6.1369954562074955,2225.617325041699,298.15
9144.0,67.29882396518195,0.0,0.9049332460427837,7.087959813917098,2880.3328438978915,298.15
9145.0,67.29743494768034,0.0,1.3515758398478421,3.53418617036116,3197.7738517839766,298.15
9146.0,67.29604593017872,0.0,4.022314168511722,2.633420201478506,2498.2349473455365,298.15
9147.0,67.2946569126771,0.0,0.0,7.2685483708063385,3341.5381956853716,298.15
9148.0,67.29326789517548,0.0,0.0,5.709921731450205,3015.21076061951,298.15
9149.0,67.29187887767385,0.0,0.7782763037291666,4.397523736006403,3515.8575231567625,298.15
9150.0,67.29048986017224,0.0,0.0,7.342473073077767,2426.1488939720007,298.15
9151.0,67.28910084267062,0.0,0.0,7.2916032023001005,3183.5523952975855,298.15
9152.0,67.287711825169,0.0,1.1744270184902368,4.036800103083117,3493.8028954304937,298.15
9153.0,67.28632280766737,0.0,0.0,5.41890005525558,3654.197004749042,298.15
9154.0,67.28493379016575,0.0,3.118598480131611,6.272466641949145,694.1230304789079,298.15
9155.0,67.28354477266413,0.0,0.0,5.317659990524559,782.242949572005,298.15
9156.0,67.28215575516252,0.0,2.6749434772369876,2.563916697272637,120.57359561662656,298.15
9157.0,67.2807667376609,0.0,1.5752396478692692,3.682116762228133,759.791780746405,298.15
9158.0,67.27937772015927,0.0,0.0,2.9990662417753833,430.2794552133057,298.15
9159.0,67.27798870265765,0.0,0.0,7.012498128639567,626.4171510101323,298.15
9160.0,67.27659968515603,0.0,0.0,3.735340435720463,669.7190593876112,298.15
9161.0,67.2752106676544,0.0,0.0,6.772620865349312,111.03411654620976,298.15
9162.0,67.2738216501528,0.0,2.4948433504878187,10.355023147969337,707.9917527004438,298.15
9163.0,67.27243263265117,0.0,0.0,9.715647180732471,434.7266681309631,298.15
9164.0,67.27104361514955,1.0,166.51327682297426,13.16493007597597,65.70626216331277,298.15
9165.0,67.26965459764793,0.0,0.0,4.519635026431779,448.66399628534725,298.15
9166.0,67.2682655801463,0.0,1.6846432674015106,5.759434354434946,507.01397793215324,298.15
9167.0,67.26687656264468,0.0,0.0,5.151921196592106,707.9249566932924,298.15
9168.0,67.26548754514307,0.0,0.0,4.355505580087499,0.0,298.15
9169.0,67.26409852764145,0.0,0.0,7.958647409855745,3061.715900115703,298.15
9170.0,67.26270951013983,0.0,0.0,9.64748088020988,3192.4916101875647,298.15
9171.0,67.2613204926382,1.0,159.7463095931135,20.37275947182537,3426.9601213832702,298.15
9172.0,67.25993147513658,0.0,0.0,7.6326386743624015,3471.964844127039,298.15
9173.0,67.25854245763496,0.0,0.25357678637253706,8.26529995440054,2423.1710722930966,298.15
9174.0,67.25715344013335,0.0,3.021797738525665,9.777913813226082,3159.835920376053,298.15
9175.0,67.25576442263173,0.0,2.2318902958049276,9.035524930137258,2930.981345043059,298.15
9176.0,67.2543754051301,0.0,2.9064505630811213,11.15353582602705,2841.2889450639814,298.15
9177.0,67.25298638762848,1.0,164.76326234074727,20.58737775703249,3013.806871738168,298.15
9178.0,67.25159737012686,0.0,0.7924324191044704,9.141165701720388,2542.323559200476,298.15
9179.0,67.25020835262524,0.0,0.0,6.3038465280715315,3228.726697305981,298.15
9180.0,67.24881933512363,0.0,0.35706263566460406,13.463021334150698,2713.983211251378,298.15
9181.0,67.247430317622,0.0,1.421829812451299,9.17136467105459,3416.9896676025196,298.15
9182.0,67.24604130012038,0.0,3.472269324725376,11.554154158484604,2692.3036536045497,298.15
9183.0,67.24465228261876,0.0,1.6350463856078772,7.0805932107832295,2164.339399213097,298.15
9184.0,67.24326326511714,0.0,2.9551483497039204,11.246261991199635,2304.148145241442,298.15
9185.0,67.24187424761551,0.0,0.0,11.705546161639703,2367.9072841141574,298.15
9186.0,67.2404852301139,0.0,0.0,12.034989847885878,3014.0548946132026,298.15
9187.0,67.23909621261228,0.0,1.022905512539291,18.18725479713644,3770.7771576970335,298.15
9188.0,67.23770719511066,1.0,164.8906244147302,20.884852101601535,2748.3224647808865,298.15
9189.0,67.23631817760904,1.0,161.68011139959785,24.11725487304286,3278.3817861634952,298.15
9190.0,67.23492916010741,1.0,161.72866781835756,23.734926987194378,3579.138952721776,298.15
9191.0,67.23354014260579,0.0,1.6370756692229644,11.483835262202193,3350.4894371885057,298.15
9192.0,67.23215112510418,1.0,159.03352117901628,24.785200794480033,3843.0887558873173,298.15
9193.0,67.23076210760256,1.0,165.43720738308014,23.014358300840907,3693.9555855576236,298.15
9194.0,67.22937309010094,1.0,159.40258670329396,25.39737336529145,3251.891804720008,298.15
9195.0,67.22798407259931,0.0,0.0,17.876132793713616,2899.422113085674,298.15
9196.0,67.22659505509769,1.0,161.292870020324,24.369821173424356,2803.363160161771,298.15
9197.0,67.22520603759608,1.0,165.19777145246678,23.71235903905262,2787.907634189327,298.15
9198.0,67.22381702009446,1.0,162.42855408544335,26.70224945966289,3437.151601502539,298.15
9199.0,67.22242800259284,0.0,1.7894337482356653,17.65106542272874,760.0424304143102,298.15
9200.0,67.22103898509121,1.0,160.8832090946651,23.17443751904524,659.112458546342,298.15
9201.0,67.21964996758959,0.0,0.0,14.299414560356254,584.9639861357703,298.15
9202.0,67.21826095008797,0.0,0.0,16.86716122636092,143.36698849105187,298.15
9203.0,67.21687193258634,0.0,0.0,15.433706155415207,676.598243185151,298.15
9204.0,67.21548291508473,1.0,160.73147874409926,23.969394904616312,545.21931256166,298.15
9205.0,67.21409389758311,0.0,3.1270794798977684,17.294422542239754,1201.3129196472823,298.15
9206.0,67.21270488008149,0.0,0.8198804672231541,17.799494462185823,47.01305728142751,298.15
9207.0,67.21131586257987,1.0,161.33562688508596,25.954888847557136,246.65922701337018,298.15
9208.0,67.20992684507824,1.0,163.48070484594132,27.00679731269816,0.0,298.15
9209.0,67.20853782757663,1.0,160.34633684405574,25.92182736378436,423.636589562898,298.15
9210.0,67.20714881007501,1.0,159.1241885341495,25.082823473639987,0.0,298.15
9211.0,67.20575979257339,1.0,157.31752706932596,26.55157760149171,915.2327056312276,298.15
9212.0,67.20437077507177,0.0,4.817815162227236,17.963526933658656,882.5660286891741,298.15
9213.0,67.20298175757014,0.0,1.2544724132834382,14.993018541307027,444.08745102483607,298.15
9214.0,67.20159274006852,0.0,0.0,17.39577670878025,144.93474488603175,298.15
9215.0,67.2002037225669,0.0,0.0,18.683212325902666,0.0,298.15
9216.0,67.19881470506529,1.0,161.47767630642318,31.199533355047574,253.46503166389778,298.15
9217.0,67.19742568756367,1.0,155.85945436401497,28.312013662086294,3611.0356312010745,298.15
9218.0,67.19603667006204,1.0,162.58454379527123,26.609771011038436,2943.720774820679,298.15
9219.0,67.19464765256042,0.0,0.0,18.977268692980704,3796.7079921263226,298.15
9220.0,67.1932586350588,0.0,3.3892583001022585,18.46424010026324,3442.9126227253178,298.15
9221.0,67.19186961755719,1.0,158.82633139171529,31.00003254204539,2773.7583557589005,298.15
9222.0,67.19048060005557,1.0,157.77779203880547,29.38266855413686,2398.483811181566,298.15
9223.0,67.18909158255394,0.0,0.0,14.699783015309706,3101.503942582728,298.15
9224.0,67.18770256505232,1.0,161.6519088159414,38.15190922691222,3182.0090453125194,298.15
9225.0,67.1863135475507,1.0,158.65509332205147,31.034495318336788,2680.335741750426,298.15
9226.0,67.18492453004907,0.0,0.0,21.141563997772376,3061.9054186573303,298.15
9227.0,67.18353551254745,1.0,152.5162235328852,27.986849323991873,2962.2592194458625,298.15
9228.0,67.18214649504584,0.0,0.4224012931985367,18.359641673958155,3064.9154659513065,298.15
9229.0,67.18075747754422,1.0,156.24247135302014,31.409042674396034,3042.342250375565,298.15
9230.0,67.1793684600426,1.0,152.43812882397125,32.50467383682098,3361.5708021647615,298.15
9231.0,67.17797944254097,0.0,0.0,23.470113122677315,3433.0846288019416,298.15
9232.0,67.17659042503935,1.0,154.31472539323428,32.71705357325351,2901.2280317429645,298.15
9233.0,67.17520140753774,1.0,155.5131176049144,29.980713187678873,3916.8286486248217,298.15
9234.0,67.17381239003612,1.0,157.0276506107951,27.459259787377345,2633.0168002912524,298.15
9235.0,67.1724233725345,0.0,3.556064761863856,22.63033372232987,2820.376700203719,298.15
9236.0,67.17103435503287,0.0,2.1653803662293334,21.933755387894333,3232.7468445972454,298.15
9237.0,67.16964533753125,0.0,0.0,20.625793563894838,3806.0088677027575,298.15
9238.0,67.16825632002963,1.0,155.38929966431718,35.14272434171587,3235.913095892823,298.15
9239.0,67.166867302528,1.0,154.45974639979477,30.36859505887177,2442.097481416864,298.15
9240.0,67.1654782850264,0.0,0.0,25.09196197275271,3369.7590829517094,298.15
9241.0,67.16408926752477,1.0,154.85151681826957,31.091757094856572,3127.020600015989,298.15
9242.0,67.16270025002315,1.0,158.1205498997465,34.470747252905014,2382.023177776086,298.15
9243.0,67.16131123252153,1.0,153.5672557488802,36.30902640208185,3225.091724279063,298.15
9244.0,67.1599222150199,1.0,149.48334072310064,33.86290174707528,3154.4914392067344,298.15
9245.0,67.1585331975183,1.0,153.14345035863164,38.23453466438421,2744.5674208227992,298.15
9246.0,67.15714418001667,1.0,149.96823754708885,38.883664883548846,4428.490641160122,298.15
9247.0,67.15575516251505,1.0,154.7044338288457,35.58539329065023,611.0779278665061,298.15
9248.0,67.15436614501343,0.0,1.2504632606668775,26.387169944700304,625.7891010930015,298.15
9249.0,67.1529771275118,1.0,151.80980975707922,37.631020033506594,787.6395240561405,298.15
9250.0,67.15158811001018,0.0,0.0,26.73185037396667,563.2723861988993,298.15
9251.0,67.15019909250856,1.0,151.2760530162644,36.67561142045082,115.40409132880109,298.15
9252.0,67.14881007500695,0.0,0.01971354793860254,24.851355595694525,0.0,298.15
9253.0,67.14742105750533,1.0,149.50140900014273,32.60695118927937,489.7405394936141,298.15
9254.0,67.1460320400037,1.0,147.81285605503913,33.378544765331604,405.7414203258437,298.15
9255.0,67.14464302250208,1.0,153.6086623946152,41.330089871247935,0.0,298.15
9256.0,67.14325400500046,1.0,149.75304672709564,37.22417353572208,1070.7095968073654,298.15
9257.0,67.14186498749885,0.0,0.3979714174205312,26.19866475159184,537.4787869133896,298.15
9258.0,67.14047596999723,1.0,150.89837225440016,39.463435470638046,1004.175645056864,298.15
9259.0,67.1390869524956,0.0,0.7671968703183218,25.446251278211868,2082.001225882369,298.15
9260.0,67.13769793499398,1.0,146.96511974090345,38.34045331795735,3917.7045621017423,298.15
9261.0,67.13630891749236,1.0,145.53894825006898,37.43179025888713,3019.6701820791973,298.15
9262.0,67.13491989999073,1.0,147.89784507108328,38.357017306677136,3408.9522251325798,298.15
9263.0,67.13353088248911,1.0,150.01094081463674,36.841801059192704,2679.5120476100324,298.15
9264.0,67.1321418649875,1.0,147.10068695958228,35.67103866703624,2905.0738862169687,298.15
9265.0,67.13075284748588,0.0,0.0,26.08884986395742,3214.12123558579,298.15
9266.0,67.12936382998426,1.0,153.43390343262672,36.29095788998003,3248.5931770234683,298.15
9267.0,67.12797481248263,1.0,143.7330846589929,38.023333521049175,2369.364694407155,298.15
9268.0,67.12658579498101,0.0,0.0,24.928299321163458,2527.2558107397317,298.15
9269.0,67.1251967774794,1.0,152.1735829483146,35.67823430831905,2639.4555196591605,298.15
9270.0,67.12380775997778,1.0,147.31015387266987,38.645206508144675,2625.776585532854,298.15
9271.0,67.12241874247616,1.0,145.49500645748805,38.20652823442703,2425.646261963379,298.15
9272.0,67.12102972497453,1.0,149.72129365160896,38.96558618584929,2154.4815410640185,298.15
9273.0,67.11964070747291,1.0,146.8273701574498,38.57795083718123,3153.26525122936,298.15
9274.0,67.11825168997129,1.0,145.62424924748734,43.972616285089245,3086.447356606683,298.15
9275.0,67.11686267246967,1.0,146.66996594197062,39.12014255466413,3490.5280231301235,298.15
9276.0,67.11547365496806,1.0,144.40064763780026,38.1631458127816,3274.105657509105,298.15
9277.0,67.11408463746643,1.0,143.3006839946081,39.240684880303455,3107.960938046008,298.15
9278.0,67.11269561996481,0.0,0.0,31.22130750273138,2351.8920107762615,298.15
9279.0,67.11130660246319,1.0,142.82679066491798,39.08870585392395,3319.9187386260933,298.15
9280.0,67.10991758496156,1.0,145.01535683303857,40.68107982049008,2125.1677098144737,298.15
9281.0,67.10852856745996,1.0,145.5881311917289,40.15546355691807,2678.3207758689955,298.15
9282.0,67.10713954995833,1.0,146.52952325752105,38.80415931235023,3437.384718739223,298.15
9283.0,67.10575053245671,1.0,146.93725577221122,39.69752512711159,3078.1871175671076,298.15
9284.0,67.10436151495509,1.0,143.03580402785855,42.833482549614224,2908.1354819959292,298.15
9285.0,67.10297249745346,1.0,144.94425621970228,40.08795563020932,2383.783487743941,298.15
9286.0,67.10158347995184,1.0,144.67940391354315,37.60079204930842,2271.0252821053346,298.15
9287.0,67.10019446245022,1.0,144.03818460169248,39.02796144132095,3632.750133032279,298.15
9288.0,67.09880544494861,1.0,141.8657107549691,35.36447291754732,3323.8515750058737,298.15
9289.0,67.09741642744699,1.0,140.30917407450346,40.060622663815835,1206.5773066435877,298.15
9290.0,67.09602740994536,1.0,143.70467623848293,42.52716359391963,5.748147133976147,298.15
9291.0,67.09463839244374,1.0,138.19208916235243,37.07786786979617,619.9062565884544,298.15
9292.0,67.09324937494212,1.0,141.37015486708003,40.19119589931798,1082.2537448800367,298.15
9293.0,67.09186035744051,1.0,135.67382503184234,41.94615588466234,572.3151643960051,298.15
9294.0,67.09047133993889,1.0,138.3230639241784,42.18865137369544,2167.255610817642,298.15
9295.0,67.08908232243726,1.0,139.1663374356421,42.59891942891737,3852.8565841140644,298.15
9296.0,67.08769330493564,1.0,143.61790348035328,36.1089970353783,3921.19060962761,298.15
9297.0,67.08630428743402,1.0,142.39323942533488,41.0269656030263,2932.1591070347536,298.15
9298.0,67.0849152699324,1.0,139.1828978027026,36.88081821458951,3435.7071481812936,298.15
9299.0,67.08352625243077,1.0,141.98900802666057,37.93474486198688,3153.411944568333,298.15
9300.0,67.08213723492916,1.0,142.11471506488436,41.69713806286862,3327.702052829155,298.15
9301.0,67.08074821742754,1.0,139.36590162303676,40.32480947370378,2831.5678532611237,298.15
9302.0,67.07935919992592,1.0,136.19917374450284,41.493827465594435,2914.78053026838,298.15
9303.0,67.0779701824243,1.0,138.7508016293678,38.06300174920886,3943.8856273750916,298.15
9304.0,67.07658116492267,1.0,138.76176079950906,43.01612024355888,2890.0287314186207,298.15
9305.0,67.07519214742106,1.0,135.80767923058193,41.37644427184879,3558.407048950689,298.15
9306.0,67.07380312991944,1.0,139.36749722681952,41.771476933756254,2340.2699387628218,298.15
9307.0,67.07241411241782,1.0,138.90892030745266,37.67686963030529,2726.125545454963,298.15
9308.0,67.0710250949162,1.0,139.05202260513587,42.3028333423122,2934.384418755147,298.15
9309.0,67.06963607741457,1.0,138.40592010170238,39.19689572558478,3375.0875756204696,298.15
9310.0,67.06824705991295,1.0,139.23012955884272,38.552010960576624,2977.4948808350073,298.15
9311.0,67.06685804241133,1.0,136.81426878560967,41.069380368330805,2712.6398657687673,298.15
9312.0,67.06546902490972,1.0,137.47274480878266,40.93972109767261,3131.298243462991,298.15
9313.0,67.0640800074081,1.0,135.79523093596458,37.93809305565614,2348.3444076811306,298.15
9314.0,67.06269098990647,1.0,135.10146864923234,43.888820979962524,2450.589283373613,298.15
9315.0,67.06130197240485,1.0,139.4338822581267,43.33554265468483,2502.431797259228,298.15
9316.0,67.05991295490323,1.0,131.1283785492746,40.77926541815174,3355.9379713831,298.15
9317.0,67.05852393740162,1.0,137.8388008319795,40.35794138818338,3512.688415076603,298.15
9318.0,67.0571349199,1.0,134.02444242416357,40.086024557615424,2511.127355481771,298.15
9319.0,67.05574590239837,1.0,133.46929728783405,36.13328182512412,3689.9619245910067,298.15
9320.0,67.05435688489675,1.0,135.63331403003193,39.49900390305536,2881.3584960143207,298.15
9321.0,67.05296786739513,1.0,131.2156455853559,39.39701808529072,2519.313956718147,298.15
9322.0,67.0515788498935,1.0,132.57544703116494,37.92268071392335,3211.5675978310187,298.15
9323.0,67.05018983239188,1.0,132.25216643333434,38.392281553427665,2678.9002893313786,298.15
9324.0,67.04880081489027,1.0,133.50397299259146,34.02486869250536,523.069718949105,298.15
9325.0,67.04741179738865,0.0,0.0,26.590292400053585,1032.3496484932152,298.15
9326.0,67.04602277988702,1.0,137.36050543357013,40.67159776294735,348.36012584899566,298.15
9327.0,67.0446337623854,1.0,137.58551087081213,42.24917667160529,566.3621233471811,298.15
9328.0,67.04324474488378,1.0,128.24594356292835,36.622577670585436,255.31504486737967,298.15
9329.0,67.04185572738217,1.0,134.1198412253201,38.848334717554884,686.3220813363603,298.15
9330.0,67.04046670988055,1.0,134.62931265508266,40.635291414381776,596.8139385833521,298.15
9331.0,67.03907769237892,1.0,133.63861028719205,37.18127706169878,965.7106957960395,298.15
9332.0,67.0376886748773,1.0,130.53927966542787,39.542304998086905,209.56857814887115,298.15
9333.0,67.03629965737568,1.0,131.28874506470746,37.9596344216895,741.8802726303111,298.15
9334.0,67.03491063987406,1.0,129.85154582176185,40.371514959284255,942.7567348538407,298.15
9335.0,67.03352162237245,1.0,130.39791224192237,35.138966779118604,346.7204169921931,298.15
9336.0,67.03213260487082,1.0,128.28233263949767,35.381922631849676,455.5333498916076,298.15
9337.0,67.0307435873692,0.0,0.0,28.114876469518595,566.8077620379769,298.15
9338.0,67.02935456986758,1.0,127.11927982152052,37.605052369857106,417.1361749836504,298.15
9339.0,67.02796555236596,1.0,129.9916405665641,37.15583261160467,562.1076574700835,298.15
9340.0,67.02657653486433,1.0,127.26364030596972,38.32541881600254,735.8771502943707,298.15
9341.0,67.02518751736272,1.0,130.50199009933638,35.071755101375274,460.0788488349267,298.15
9342.0,67.0237984998611,0.0,0.0,24.02190465576372,457.3388661827847,298.15
9343.0,67.02240948235948,1.0,130.2467460236217,35.672806740869696,593.4007124478205,298.15
9344.0,67.02102046485786,1.0,131.90556494686976,35.75518438355741,360.18764495457356,298.15
9345.0,67.01963144735623,0.0,3.7867737984310956,25.819626097373074,377.5097565095052,298.15
9346.0,67.01824242985461,1.0,122.85805707265285,38.874595523053266,2948.9021691882235,298.15
9347.0,67.016853412353,0.0,0.0,27.686804737924717,2706.1520286867485,298.15
9348.0,67.01546439485138,1.0,127.71582517028035,37.036657222366394,3420.5716665908794,298.15
9349.0,67.01407537734976,0.0,1.096706836661022,26.230734739717935,2585.2642390850733,298.15
9350.0,67.01268635984813,1.0,124.06811712143671,34.70919850404974,2719.8882763033935,298.15
9351.0,67.01129734234651,1.0,125.44322247261194,33.67371382020692,2579.925979074249,298.15
9352.0,67.00990832484489,0.0,0.31056918494459085,22.79385955701489,3166.9817012912463,298.15
9353.0,67.00851930734328,1.0,127.55530268256511,33.65974493262761,3365.5367552815846,298.15
9354.0,67.00713028984165,1.0,128.03981292961979,34.83096458872591,4036.467061885722,298.15
9355.0,67.00574127234003,0.0,1.0570341037601705,22.354539491945527,2320.7995862369926,298.15
9356.0,67.00435225483841,0.0,0.8066834434624447,24.911732071433754,2939.527713673418,298.15
9357.0,67.00296323733679,1.0,126.97137254666582,33.976765041688076,3625.18131920092,298.15
9358.0,67.00157421983516,0.0,0.13279708077582106,23.372448847158953,2906.785568834671,298.15
9359.0,67.00018520233355,1.0,127.68101499115733,36.40701980774429,3234.5774780562106,298.15
9360.0,66.99879618483193,1.0,120.55808537027265,28.731044628344875,2827.248843940273,298.15
9361.0,66.99740716733031,0.0,3.679293376622137,22.831966659366813,3253.132592368321,298.15
9362.0,66.99601814982869,1.0,120.2375586045567,28.569110976917166,2679.3111736657384,298.15
9363.0,66.99462913232706,1.0,122.71918439445895,33.72841597229914,3538.701250753887,298.15
9364.0,66.99324011482544,1.0,124.5522075917813,34.61271834136697,2762.575478929331,298.15
9365.0,66.99185109732383,1.0,126.49877548142472,30.044942110511435,3252.998140108755,298.15
9366.0,66.99046207982221,1.0,117.56575828261855,30.1077424040683,3131.559578916135,298.15
9367.0,66.98907306232059,0.0,0.0,18.921745874315857,3542.3497525586668,298.15
9368.0,66.98768404481896,0.0,1.8878395403497803,22.357843682020757,2616.204043999126,298.15
9369.0,66.98629502731734,1.0,126.49790238086602,31.314588334146887,2865.109000799965,298.15
9370.0,66.98490600981572,0.0,0.0,21.233919450556122,2862.173305525158,298.15
9371.0,66.98351699231411,1.0,123.03825246560557,30.838544683338522,2982.584443960243,298.15
9372.0,66.98212797481249,1.0,122.10292891975236,29.374404344325832,2880.9067045677666,298.15
9373.0,66.98073895731086,0.0,0.0,23.512131301429484,3497.4596058665575,298.15
9374.0,66.97934993980924,1.0,120.74980729396414,31.52010619858638,3328.7372336532994,298.15
9375.0,66.97796092230762,1.0,120.91084070542152,28.2917274606663,2385.2141570020913,298.15
9376.0,66.97657190480601,0.0,1.0348801898422173,19.073941806658045,172.38211706758722,298.15
9377.0,66.97518288730438,1.0,122.99132123595774,28.49968569523847,3514.8388400121244,298.15
9378.0,66.97379386980276,0.0,1.171179021029754,22.98691349454284,2409.3967659817963,298.15
9379.0,66.97240485230114,1.0,122.84354794594366,31.328746143789616,2293.319606081163,298.15
9380.0,66.97101583479952,1.0,123.84257389216202,29.373819947344256,3015.3335569523883,298.15
9381.0,66.9696268172979,1.0,124.08963302855295,32.939178146127,3704.8026015986643,298.15
9382.0,66.96823779979627,0.0,0.0,22.186025584295425,3236.514884090073,298.15
9383.0,66.96684878229466,1.0,119.63354746538201,28.481250510681303,3013.904923178161,298.15
9384.0,66.96545976479304,0.0,0.0,17.881770611135188,3267.704102359432,298.15
9385.0,66.96407074729142,0.0,0.0,17.75272784454799,3116.1090369931976,298.15
9386.0,66.9626817297898,0.0,0.0,16.30296255472409,2191.483554077357,298.15
9387.0,66.96129271228817,1.0,123.20912817146481,31.62567773022581,3158.736202375509,298.15
9388.0,66.95990369478656,1.0,125.6004049068387,25.730614173111842,2781.8472092358797,298.15
9389.0,66.95851467728494,0.0,0.4435210761985222,19.373592886503463,3356.7515704353063,298.15
9390.0,66.95712565978332,0.0,0.20093807701660818,18.77376732450621,3275.67664340193,298.15
9391.0,66.95573664228169,0.0,2.02378488811065,16.483405667405663,2261.889564669618,298.15
9392.0,66.95434762478007,1.0,115.84715381554385,30.62109357790883,3743.0034739273683,298.15
9393.0,66.95295860727845,0.0,0.06782575452658343,13.423593547923026,2781.4142580843236,298.15
9394.0,66.95156958977682,1.0,122.34239162793791,26.246914586773222,2806.3483837402046,298.15
9395.0,66.95018057227522,1.0,118.3396257692881,25.16611286538076,3615.11964609109,298.15
9396.0,66.94879155477359,1.0,116.81391366317548,27.927261524453193,3276.05098517655,298.15
9397.0,66.94740253727197,0.0,0.0,16.437365022180128,3357.610501594089,298.15
9398.0,66.94601351977035,0.0,0.0,11.901098147450472,2397.529468902137,298.15
9399.0,66.94462450226872,1.0,117.17737504072058,27.79743014331723,3113.4445415608147,298.15
9400.0,66.94323548476711,0.0,4.993994085067537,16.003377461030187,2589.2267677969717,298.15
9401.0,66.94184646726549,1.0,117.95039956128112,22.624181967847107,2937.275543048201,298.15
9402.0,66.94045744976387,0.0,0.0,13.806103708546537,3007.7147740925575,298.15
9403.0,66.93906843226225,1.0,118.62566927763736,21.606733695650806,3876.0724476494834,298.15
9404.0,66.93767941476062,1.0,120.89404435890461,23.705045317448043,3740.789479877398,298.15
9405.0,66.936290397259,0.0,0.041488533104141204,14.133385162916184,1768.0227045354634,298.15
9406.0,66.93490137975738,1.0,119.65981975037012,22.896709200682817,3083.570964409745,298.15
9407.0,66.93351236225577,0.0,0.0,12.422941947878755,121.8110428695922,298.15
9408.0,66.93212334475415,1.0,121.82849028503183,19.786706078205597,678.5189393820865,298.15
9409.0,66.93073432725252,0.0,1.3382470056057496,13.583509660165317,0.0,298.15
9410.0,66.9293453097509,1.0,120.57100294678712,18.675920477065553,641.237846173043,298.15
9411.0,66.92795629224928,0.0,0.8699760173587857,12.485300255632318,207.10021315915338,298.15
9412.0,66.92656727474767,0.0,1.965242871505105,8.470691734542799,339.29376431471974,298.15
9413.0,66.92517825724605,1.0,115.69910412081116,22.062576696081347,348.6550944027425,298.15
9414.0,66.92378923974442,0.0,0.0,11.715204303088157,242.71694462146087,298.15
9415.0,66.9224002222428,1.0,120.80198902423659,22.331973835543,252.22375296463179,298.15
9416.0,66.92101120474118,0.0,3.716003223589034,13.051868523124108,360.5919293252888,298.15
9417.0,66.91962218723955,1.0,114.68603803307687,23.207114321027564,446.0842038596562,298.15
9418.0,66.91823316973793,0.0,0.5949830578349011,7.487413881330976,613.1798701479352,298.15
9419.0,66.91684415223632,0.0,0.0,10.469091832808365,1151.7302454712847,298.15
9420.0,66.9154551347347,0.0,0.0,14.521061975593447,168.34813377339458,298.15
9421.0,66.91406611723308,0.0,0.6786156056071423,10.38740195758405,544.3808679261425,298.15
9422.0,66.91267709973145,0.0,2.7182842277521693,8.200657753005549,770.6285225977208,298.15
9423.0,66.91128808222983,0.0,1.0760621073382581,9.533146922535296,251.70416100879822,298.15
9424.0,66.90989906472822,0.0,0.0,8.685151050499291,0.0,298.15
9425.0,66.9085100472266,0.0,1.2266297047864099,6.828183793828989,2547.814882146954,298.15
9426.0,66.90712102972498,0.0,0.0,10.839091241326381,2164.232994664952,298.15
9427.0,66.90573201222335,0.0,0.9818406645206742,10.035054788129486,3637.424753362494,298.15
9428.0,66.90434299472173,0.0,3.3270061458315543,5.855078079515877,3531.609831465503,298.15
9429.0,66.90295397722011,0.0,0.0,8.2081277058687,3662.3417351655976,298.15
9430.0,66.90156495971848,0.0,1.8994117049601713,7.019346061587775,3800.2155514885912,298.15
9431.0,66.90017594221688,1.0,112.80677433713062,14.670798331533298,3029.041861998892,298.15
9432.0,66.89878692471525,0.0,2.9264262206676155,4.849472672754344,3846.6158530783705,298.15
9433.0,66.89739790721363,0.0,0.0,4.951568567322182,3585.871928160509,298.15
9434.0,66.89600888971201,0.0,0.0,7.243613119638074,3433.135727379999,298.15
9435.0,66.89461987221038,0.0,1.6564423965278354,6.216000522729201,3366.341045605191,298.15
9436.0,66.89323085470878,0.0,0.8676160379787805,4.980098659583043,3382.386226335927,298.15
9437.0,66.89184183720715,0.0,0.0,5.954693564546661,3776.8790993749244,298.15
9438.0,66.89045281970553,1.0,113.20404109324123,18.11379337310098,3421.2818486612437,298.15
9439.0,66.8890638022039,0.0,0.0,7.112159208546066,3205.6498195679183,298.15
9440.0,66.88767478470228,0.0,0.0,8.253935615958738,2676.9626131206624,298.15
9441.0,66.88628576720066,1.0,113.57760927287649,15.521807752865133,2662.697793351353,298.15
9442.0,66.88489674969904,0.0,0.2754604572045522,9.11864249246426,2412.291892713716,298.15
9443.0,66.88350773219743,0.0,0.0,6.340789707179151,3477.752875130326,298.15
9444.0,66.8821187146958,0.0,1.0162074434723434,4.428120271934059,2951.623505928492,298.15
9445.0,66.88072969719418,1.0,119.58307997472235,15.450396895038706,1908.9129071138327,298.15
9446.0,66.87934067969256,0.0,0.0,2.500733926283204,3149.38618017354,298.15
9447.0,66.87795166219094,0.0,0.31007806562755574,4.271972981490267,2823.3851833740996,298.15
9448.0,66.87656264468933,0.0,4.808009413217293,5.620486445062259,2879.9473086072176,298.15
9449.0,66.8751736271877,0.0,0.0,5.8255383066503805,3993.1416726939306,298.15
9450.0,66.87378460968608,0.0,2.8380552520579507,3.5456537323834345,2695.3182714351547,298.15
9451.0,66.87239559218446,0.0,2.551261952515231,9.87865202643742,3272.922106653106,298.15
9452.0,66.87100657468284,0.0,2.035366165451864,3.709542695835198,3129.087173429276,298.15
9453.0,66.86961755718121,0.0,3.0775213718816268,0.43654174118033096,3137.937955429228,298.15
9454.0,66.86822853967959,0.0,0.6684551119344837,6.255977498137197,2848.437485856059,298.15
9455.0,66.86683952217798,0.0,0.0,4.848752708271071,294.3769394541914,298.15
9456.0,66.86545050467636,0.0,2.6077633455411435,3.921167827007962,581.603448424291,298.15
9457.0,66.86406148717474,0.0,2.698937037548589,2.332621285207261,438.4628281154235,298.15
9458.0,66.86267246967311,0.0,2.633352285087357,3.9606637894335512,739.0448027629293,298.15
9459.0,66.86128345217149,0.0,0.10602387250190456,6.350996848912315,625.2029573024295,298.15
9460.0,66.85989443466988,0.0,0.0,3.2814904943116336,0.0,298.15
9461.0,66.85850541716826,0.0,0.45591051416568007,0.0,0.0,298.15
9462.0,66.85711639966664,0.0,2.2448135018369064,0.0,324.60331500199845,298.15
9463.0,66.85572738216501,0.0,2.4404643087513405,3.2577172195286823,843.25479971362,298.15
9464.0,66.85433836466339,0.0,0.0,0.2973438889505089,271.7437128434462,298.15
9465.0,66.85294934716177,1.0,117.04683917761635,12.004306120085975,631.2039499745604,298.15
9466.0,66.85156032966015,1.0,113.21799957732428,10.41662601152381,709.6285623514786,298.15
9467.0,66.85017131215854,1.0,118.725897269153,10.149818918127394,689.2331594844978,298.15
9468.0,66.84878229465691,0.0,0.0,0.2736915397849866,308.25967847922914,298.15
9469.0,66.84739327715529,0.0,1.8708296283174772,0.3486481612568859,97.87193181250643,298.15
9470.0,66.84600425965367,0.0,0.0,3.239266927444352,40.38150128815954,298.15
9471.0,66.84461524215205,0.0,2.45729419526344,2.7152230997385454,1540.597014176946,298.15
9472.0,66.84322622465044,1.0,117.40086175855028,8.930860277566058,659.5171932550763,298.15
9473.0,66.84183720714881,0.0,0.0,0.0,1144.6808662966437,298.15
9474.0,66.84044818964719,1.0,118.40112437944961,12.017269425070447,208.19557093312403,298.15
9475.0,66.83905917214557,1.0,115.41127446236374,13.31717347540964,937.2348623652708,298.15
9476.0,66.83767015464394,1.0,118.66987388379084,13.196970252046995,332.9927302580385,298.15
9477.0,66.83628113714232,1.0,116.2998953584586,8.895475542746762,489.8605452284098,298.15
9478.0,66.8348921196407,0.0,0.0,2.931548630767826,2536.4295520921173,298.15
9479.0,66.83350310213909,0.0,0.0,0.0,2538.9447814237765,298.15
9480.0,66.83211408463747,0.0,0.0,0.31482022256368886,2721.37887029751,298.15
9481.0,66.83072506713584,0.0,3.2596384495410575,1.6697162828316627,2487.0466272792137,298.15
9482.0,66.82933604963422,0.0,2.1469273438432928,0.0,2484.302283166447,298.15
9483.0,66.8279470321326,1.0,121.28762602460657,14.857263932340064,2720.034931462632,298.15
9484.0,66.82655801463099,1.0,121.44493125439665,13.213334978848732,2459.889529517192,298.15
9485.0,66.82516899712937,0.0,0.0,1.7517125524639072,2913.875521657981,298.15
9486.0,66.82377997962774,0.0,0.0,0.0,2534.021820165449,298.15
9487.0,66.82239096212612,0.0,0.0,0.1708977380984555,4057.2312997183294,298.15
9488.0,66.8210019446245,0.0,0.0,1.899372630685455,3076.998421652041,298.15
9489.0,66.81961292712288,0.0,0.0,0.0,3226.9032078050973,298.15
9490.0,66.81822390962125,0.0,0.0,0.0,3880.9960878741686,298.15
9491.0,66.81683489211964,0.0,0.0,2.031273680129484,2994.2043585438823,298.15
9492.0,66.81544587461802,0.0,0.0,0.0,3061.5578156573106,298.15
9493.0,66.8140568571164,0.0,5.040712768161676,0.7776582977462696,2886.761010925149,298.15
9494.0,66.81266783961478,0.0,0.0,0.0,3220.978240040658,298.15
9495.0,66.81127882211315,0.0,0.4640388328630854,0.0,3170.9460501939557,298.15
9496.0,66.80988980461154,0.0,2.1600421340182865,0.0,2957.7724438903506,298.15
9497.0,66.80850078710992,0.0,0.6677792735541659,1.0780952447471785,2758.415477300336,298.15
9498.0,66.8071117696083,1.0,119.66546788641757,8.55897434024149,2887.0875503318953,298.15
9499.0,66.80572275210667,0.0,0.0,0.26134043789076594,3591.677334869092,298.15
9500.0,66.80433373460505,0.0,0.0,0.0,2769.253624513799,298.15
9501.0,66.80294471710343,1.0,117.05501673219251,8.905144254705235,3148.972957227893,298.15
9502.0,66.8015556996018,0.0,2.0156577732675918,2.5923336479216537,2796.6645644335176,298.15
9503.0,66.8001666821002,1.0,115.45356301335462,7.639300635318284,2945.720316019828,298.15
9504.0,66.79877766459857,0.0,2.3135669346469228,1.598657870469362,3065.350741450556,298.15
9505.0,66.79738864709695,0.0,0.0,0.04404110033895056,3268.404381035894,298.15
9506.0,66.79599962959533,0.0,2.2933612446263596,0.0,3254.9414353865563,298.15
9507.0,66.7946106120937,1.0,119.30711455463292,7.574146347333513,2612.70300735183,298.15
9508.0,66.7932215945921,0.0,0.0,0.0,294.5296199750261,298.15
9509.0,66.79183257709047,0.0,1.3801485792474983,0.0,681.5580913673285,298.15
9510.0,66.79044355958885,0.0,2.2127398447649,0.0,272.2673485555068,298.15
9511.0,66.78905454208723,0.0,0.0,1.4707251167786521,696.2272121867152,298.15
9512.0,66.7876655245856,0.0,1.7168167635076526,0.0,707.6898035311614,298.15
9513.0,66.78627650708398,1.0,115.59218597763943,9.829438874403625,1037.26820458374,298.15
9514.0,66.78488748958237,1.0,118.04510576235839,10.18765322230762,331.57660881029005,298.15
9515.0,66.78349847208075,0.0,3.0790963596125565,1.3998800485066036,2410.7113169287454,298.15
9516.0,66.78210945457913,0.0,0.0,1.8039644840061806,2534.5786785604137,298.15
9517.0,66.7807204370775,1.0,117.23226992345681,7.664986561492682,2170.302638382561,298.15
9518.0,66.77933141957588,1.0,120.16710671548896,10.012588078652314,2643.360769057073,298.15
9519.0,66.77794240207426,0.0,0.0,3.199967044250972,2696.906257211071,298.15
9520.0,66.77655338457265,0.0,0.0,0.0,3485.6421556538667,298.15
9521.0,66.77516436707103,1.0,121.45037517349587,10.96231335282776,3340.1804399094244,298.15
9522.0,66.7737753495694,1.0,122.93104838306107,10.533679220061472,3218.2347673069867,298.15
9523.0,66.77238633206778,1.0,122.51225530817474,9.797105045092247,3177.7414998332542,298.15
9524.0,66.77099731456616,0.0,3.239507319628566,4.341264779878937,2721.1621486066283,298.15
9525.0,66.76960829706454,1.0,124.04090197995136,11.217941172103634,3061.673666636776,298.15
9526.0,66.76821927956293,1.0,124.29845839030104,14.356993605105226,2655.961462684004,298.15
9527.0,66.7668302620613,0.0,2.7759256176441784,1.3405814500484796,2236.9387615314217,298.15
9528.0,66.76544124455968,1.0,122.64464833995373,12.378874950171738,3314.627506949583,298.15
9529.0,66.76405222705806,1.0,120.74862003158711,10.336555018936231,2800.865377423812,298.15
9530.0,66.76266320955644,0.0,2.8755433710812364,0.46487037606356885,3319.6073865762137,298.15
9531.0,66.76127419205481,1.0,124.4521510584963,12.58957624961546,2776.3601568518307,298.15
9532.0,66.7598851745532,0.0,0.3319969297903153,2.7393870816843373,3022.4718676772945,298.15
9533.0,66.75849615705158,1.0,123.00014023862524,13.20647795939589,3281.7664640464,298.15
9534.0,66.75710713954996,1.0,123.23219883120379,12.86740780988517,3049.3144438034287,298.15
9535.0,66.75571812204834,1.0,126.91358209091973,9.448213466856702,3601.3796217295417,298.15
9536.0,66.75432910454671,1.0,127.43834396785266,10.668436524731387,2841.3379662519073,298.15
9537.0,66.75294008704509,1.0,127.1576487859085,14.21959560768063,3559.388105017024,298.15
9538.0,66.75155106954348,0.0,1.8891893541420925,0.0,2392.9508308984687,298.15
9539.0,66.75016205204186,1.0,127.04628597034247,13.332530057595603,3440.563984051074,298.15
9540.0,66.74877303454024,0.0,0.31334599277574043,2.63350549442931,3183.0457114615497,298.15
9541.0,66.74738401703861,1.0,125.67941898223812,14.760689978778613,2867.530369119568,298.15
9542.0,66.74599499953699,1.0,129.18640734447354,14.00876908431561,2886.2549039995274,298.15
9543.0,66.74460598203537,1.0,125.61962859696665,11.92119501921636,3234.6106431814424,298.15
9544.0,66.74321696453376,1.0,127.60005885249642,11.976179918087976,3589.0523356310623,298.15
9545.0,66.74182794703214,0.0,0.0,2.513394526718309,3426.621566623644,298.15
9546.0,66.74043892953051,0.0,0.0,4.947238339191854,3807.252942685414,298.15
9547.0,66.73904991202889,0.0,0.0,0.0,2739.9119122644934,298.15
9548.0,66.73766089452727,1.0,125.65201084016321,14.390750584691734,2852.142608482523,298.15
9549.0,66.73627187702564,1.0,129.68384606837597,12.40300386169208,2972.205599985425,298.15
9550.0,66.73488285952403,0.0,0.0,4.787826570873381,3114.81565380668,298.15
9551.0,66.73349384202241,1.0,128.45471927633758,15.273333939108536,2249.8613214253305,298.15
9552.0,66.73210482452079,1.0,128.75360539886765,11.29601063476078,2977.222080620401,298.15
9553.0,66.73071580701917,1.0,124.3446468069109,14.435913002584202,2549.434061495572,298.15
9554.0,66.72932678951754,1.0,127.83017908091637,15.401862900191066,2854.5277823510382,298.15
9555.0,66.72793777201593,1.0,129.71341871841432,15.44005909233716,2720.9864265459605,298.15
9556.0,66.72654875451431,0.0,1.0214219139889351,5.1860688875237155,2519.14396526519,298.15
9557.0,66.72515973701269,1.0,129.0677024270984,13.097966523734128,2517.57167675252,298.15
9558.0,66.72377071951107,1.0,131.39394757854143,13.597698371122787,2993.687050464324,298.15
9559.0,66.72238170200944,1.0,129.7488207475512,13.14547695913842,2698.6382793421963,298.15
9560.0,66.72099268450782,1.0,130.2708479117269,17.32835132971325,2387.475655894598,298.15
9561.0,66.7196036670062,0.0,0.5995521182276923,6.136053410942577,3011.1587556167947,298.15
9562.0,66.71821464950459,1.0,132.90815382596057,16.461783053746647,3159.703711525637,298.15
9563.0,66.71682563200297,1.0,129.32195848517867,13.239655447296014,3087.4358434888895,298.15
9564.0,66.71543661450134,1.0,130.00518320721147,16.893146071568246,3886.141267745317,298.15
9565.0,66.71404759699972,1.0,129.80555847046855,18.472155484890003,3230.870353114389,298.15
9566.0,66.7126585794981,1.0,130.8428272628512,13.557569228221311,2436.042712641213,298.15
9567.0,66.71126956199649,1.0,135.26821808412,16.461514556133814,2351.9287113564246,298.15
9568.0,66.70988054449487,1.0,133.47168845435672,14.528015877886903,3287.9372864407865,298.15
9569.0,66.70849152699324,1.0,129.65021469874492,17.11239200163567,2710.529086705739,298.15
9570.0,66.70710250949162,1.0,131.15305879350376,16.327925731908614,4276.634507171009,298.15
9571.0,66.70571349199,0.0,0.8880983225921149,9.188194580359854,3174.4145887358004,298.15
9572.0,66.70432447448837,0.0,0.0,8.963103731598348,3053.484187400671,298.15
9573.0,66.70293545698675,0.0,0.0,11.496632893382834,3009.279347964549,298.15
9574.0,66.70154643948514,1.0,136.75022003107662,18.93101073750723,2897.3893088237564,298.15
9575.0,66.70015742198352,1.0,132.32700771613244,19.959352655132268,74.65023079640514,298.15
9576.0,66.6987684044819,1.0,136.30588622865025,18.32543296849269,0.0,298.15
9577.0,66.69737938698027,1.0,137.26593854883058,17.418006126206997,976.6783152706156,298.15
9578.0,66.69599036947865,0.0,0.0,11.644261480316066,873.4451792482348,298.15
9579.0,66.69460135197704,1.0,132.64427318380285,22.710862736775894,370.54353440169103,298.15
9580.0,66.69321233447542,1.0,134.35224923531698,21.82323087311628,872.4593899785918,298.15
9581.0,66.6918233169738,1.0,132.6626254947427,20.860624210820763,42.24420763044719,298.15
9582.0,66.69043429947217,1.0,135.79120530503835,18.801826342446628,439.27796235034486,298.15
9583.0,66.68904528197055,1.0,135.26001135952856,23.40148055489296,561.0370263469624,298.15
9584.0,66.68765626446893,1.0,136.85661301786496,22.467411594717078,943.4469840188057,298.15
9585.0,66.6862672469673,1.0,139.5737172128985,25.683443645629236,569.1904347474183,298.15
9586.0,66.6848782294657,1.0,138.4416223216306,19.341828099676338,690.8039439527022,298.15
9587.0,66.68348921196407,1.0,137.90841431651478,23.7409877401007,3211.4146362946935,298.15
9588.0,66.68210019446245,1.0,132.30799536813853,23.32420207767828,3424.1829044149436,298.15
9589.0,66.68071117696083,1.0,138.29782836573122,21.714143943592557,3288.288023344838,298.15
9590.0,66.6793221594592,1.0,141.5953867576019,25.47232767216448,2639.172581202268,298.15
9591.0,66.6779331419576,1.0,130.568988790852,23.718069336041058,2948.523031102146,298.15
9592.0,66.67654412445597,1.0,139.63414944100322,21.183582405672194,2890.4741808670524,298.15
9593.0,66.67515510695435,1.0,137.86261983901315,23.109396118700953,2945.3293913249263,298.15
9594.0,66.67376608945273,1.0,136.46843559407142,21.62722471761533,2680.524287978745,298.15
9595.0,66.6723770719511,1.0,140.65258380132565,22.85476099011604,3001.8334208661518,298.15
9596.0,66.67098805444948,1.0,143.06826877214277,25.512846595885527,2914.0027871430693,298.15
9597.0,66.66959903694786,1.0,141.0930882545222,26.338086131736443,2959.946214758657,298.15
9598.0,66.66821001944625,1.0,138.61303660538306,24.986051735572772,2314.650441434782,298.15
9599.0,66.66682100194463,1.0,137.50090990472907,23.214096592616073,2443.00101055052,298.15
9600.0,66.665431984443,1.0,140.34456773719378,25.788728070376315,2744.4514470824115,298.15
9601.0,66.66404296694138,1.0,142.33160277207273,26.730769641019254,3292.0671614634894,298.15
9602.0,66.66265394943976,1.0,139.58048458217667,21.39509857346415,2989.745111878211,298.15
9603.0,66.66126493193815,1.0,140.06203600014933,25.947341132518353,3878.434333898443,298.15
9604.0,66.65987591443653,1.0,147.7282829861385,25.548763655914673,3862.7877759746216,298.15
9605.0,66.6584868969349,1.0,143.8258945269683,28.148066310292766,2941.767613803436,298.15
9606.0,66.65709787943328,1.0,144.24709360469987,27.208787064411094,3210.3358523049924,298.15
9607.0,66.65570886193166,1.0,138.27866229919027,27.647097877502404,2669.286192970381,298.15
9608.0,66.65431984443003,1.0,140.3234283749475,25.883959930172363,3733.4741683855814,298.15
9609.0,66.65293082692841,1.0,142.43652460105804,27.116932333677564,3259.6365215756605,298.15
9610.0,66.6515418094268,1.0,140.1235254974239,29.296974003007207,3478.146578540855,298.15
9611.0,66.65015279192518,1.0,146.5713540741431,27.44483970795402,3011.651002259559,298.15
9612.0,66.64876377442356,1.0,146.36799256284,28.17173581351187,3474.0134002148275,298.15
9613.0,66.64737475692193,1.0,141.98603001038347,24.867213243697297,2575.811883932887,298.15
9614.0,66.64598573942031,1.0,147.7560850192439,28.13048651993911,2797.5146603534236,298.15
9615.0,66.6445967219187,1.0,143.74429676398145,24.34317459783238,3033.5731907586087,298.15
9616.0,66.64320770441708,1.0,150.1715348481524,27.66355332841598,3229.7162467707567,298.15
9617.0,66.64181868691546,1.0,144.59474087026203,29.089372997589848,926.6913524541023,298.15
9618.0,66.64042966941383,1.0,145.86990049827745,30.77020560859619,0.0,298.15
9619.0,66.63904065191221,1.0,148.078972551525,27.345489299064475,325.97666689339695,298.15
9620.0,66.63765163441059,1.0,148.03377489478387,30.4076046795628,385.8362768329945,298.15
9621.0,66.63626261690897,1.0,146.45223010166507,32.89391958521039,420.10652306619505,298.15
9622.0,66.63487359940736,1.0,145.1441614886288,28.75674615826229,603.9481433929557,298.15
9623.0,66.63348458190573,1.0,146.94969712149268,27.104593460513442,27.763392875840566,298.15
9624.0,66.63209556440411,1.0,144.02404139365964,31.120924542254063,859.1262550678443,298.15
9625.0,66.63070654690249,1.0,146.57410767289292,28.27657026511465,3681.4537270999976,298.15
9626.0,66.62931752940086,1.0,143.81120879367916,29.264469641273948,3159.8858976326164,298.15
9627.0,66.62792851189926,1.0,142.45292962435101,33.081116046917565,3010.7534104363554,298.15
9628.0,66.62653949439763,1.0,147.05690224225876,35.26596211652762,2452.5559463642526,298.15
9629.0,66.62515047689601,1.0,150.18428975485492,29.530809327748237,2898.781541408631,298.15
9630.0,66.62376145939439,1.0,149.62208877175084,30.285720140849907,2744.175866777989,298.15
9631.0,66.62237244189276,1.0,147.45987168315065,31.109803234381747,2958.5247576937413,298.15
9632.0,66.62098342439114,1.0,152.0549106717794,31.094067021637233,2751.4225547267015,298.15
9633.0,66.61959440688952,1.0,146.773951226873,36.42770923883001,2670.4510661368363,298.15
9634.0,66.61820538938791,1.0,143.79659360278757,31.53901613493244,2511.329160824501,298.15
9635.0,66.61681637188629,1.0,143.40208912700083,32.03605270814145,3024.6488546462842,298.15
9636.0,66.61542735438466,0.0,0.0,26.377801328037513,2543.775959903726,298.15
9637.0,66.61403833688304,1.0,151.0137444201149,34.427246772395925,2727.237211623083,298.15
9638.0,66.61264931938142,1.0,147.78799004093048,35.46895832314255,2849.044580304826,298.15
9639.0,66.61126030187981,1.0,150.6297591156763,31.752277711056095,3097.7100900840755,298.15
9640.0,66.60987128437819,1.0,153.68386308156389,32.72097592440107,3092.8736900649906,298.15
9641.0,66.60848226687656,1.0,147.36981581197352,31.857359566915033,2953.0095600029254,298.15
9642.0,66.60709324937494,1.0,151.3587034629823,35.84969471503628,2666.586459366862,298.15
9643.0,66.60570423187332,1.0,151.72959758255328,36.91103603801178,2847.3351747906295,298.15
9644.0,66.6043152143717,1.0,148.62058127544145,33.321715080594274,2613.9544793478767,298.15
9645.0,66.60292619687007,1.0,154.1221083581671,33.98888787218702,3009.3872300657235,298.15
9646.0,66.60153717936846,1.0,150.4336579022896,34.257272495429376,3430.975933418426,298.15
9647.0,66.60014816186684,1.0,150.4269470463896,31.897304926909783,3205.799234613791,298.15
9648.0,66.59875914436522,1.0,156.5928957041848,33.87551617969417,3838.627368917704,298.15
9649.0,66.5973701268636,1.0,153.02715437859848,37.03691865684331,3074.7930500080565,298.15
9650.0,66.59598110936197,1.0,154.20445610979118,33.7972413607404,3200.6299993933903,298.15
9651.0,66.59459209186036,1.0,155.44495518654105,35.96407420053469,2636.9537781508125,298.15
9652.0,66.59320307435874,1.0,150.88292810422573,33.23104797169235,2544.8139800355084,298.15
9653.0,66.59181405685712,1.0,155.62457217644967,35.7968378748441,2779.0525935346614,298.15
9654.0,66.5904250393555,1.0,151.6641067254923,35.087364672913424,2552.462770304734,298.15
9655.0,66.58903602185387,1.0,151.77380023570174,33.881075515387266,181.26901498033675,298.15
9656.0,66.58764700435225,0.0,0.0,28.191309608152814,680.2148940372119,298.15
9657.0,66.58625798685063,1.0,152.0079642892502,38.456309439401494,3494.273768952479,298.15
9658.0,66.58486896934902,1.0,155.65587012018625,34.84843230280835,2823.935988609063,298.15
9659.0,66.5834799518474,0.0,0.6366153437274897,26.54845068399773,3321.149015883914,298.15
9660.0,66.58209093434577,1.0,152.9365297014703,37.22685506780426,3513.132658316314,298.15
9661.0,66.58070191684415,1.0,155.91636979483164,33.52140200098,2011.5642072078888,298.15
9662.0,66.57931289934253,1.0,153.85477106070365,34.51862492536194,2371.2762896780637,298.15
9663.0,66.57792388184092,1.0,153.92815887066493,40.195669789836906,3218.783803118843,298.15
9664.0,66.5765348643393,1.0,155.0235335240762,35.463459384036575,3202.381794885775,298.15
9665.0,66.57514584683767,0.0,1.104169942124304,30.390080552570204,3038.2328624276047,298.15
9666.0,66.57375682933605,1.0,156.2269672917722,35.13035966065319,2525.6890479496706,298.15
9667.0,66.57236781183443,1.0,154.62556241772234,39.39117212780693,3235.9262903973176,298.15
9668.0,66.5709787943328,0.0,2.01819793528328,27.501182796412923,3109.231441809911,298.15
9669.0,66.56958977683118,0.0,0.0,27.903535871694764,2177.1274373508268,298.15
9670.0,66.56820075932957,1.0,154.4986684285149,42.201042442631596,3664.99852554447,298.15
9671.0,66.56681174182795,0.0,0.0,25.87819566869983,3363.1704430291197,298.15
9672.0,66.56542272432633,1.0,158.77150160637248,39.80176554041059,1912.2117915841063,298.15
9673.0,66.5640337068247,1.0,156.64095487831258,39.81503028563696,2230.859001607211,298.15
9674.0,66.56264468932308,1.0,157.2943124849436,45.69972560683108,2992.542827618919,298.15
9675.0,66.56125567182147,1.0,159.4621332372655,36.63192315718635,2825.2436671450873,298.15
9676.0,66.55986665431985,0.0,0.0,27.65282945864008,4220.666578926955,298.15
9677.0,66.55847763681822,1.0,154.04781149076376,40.71805094988818,2233.5391803314087,298.15
9678.0,66.5570886193166,1.0,157.6614959141041,38.69929580606294,3415.4388235242077,298.15
9679.0,66.55569960181498,1.0,158.4000323050536,38.23422265499029,2825.46804329248,298.15
9680.0,66.55431058431336,1.0,157.20925172428062,41.24488213723747,2297.34221177552,298.15
9681.0,66.55292156681173,1.0,161.5137680046879,38.78593775575533,3365.587878650274,298.15
9682.0,66.55153254931012,1.0,152.24472013829202,37.56106471394539,3573.6208176544596,298.15
9683.0,66.5501435318085,0.0,2.6684760798320304,30.96933008007032,2913.3850066156137,298.15
9684.0,66.54875451430688,0.0,1.8848819961706504,30.304412131299554,4324.755334487483,298.15
9685.0,66.54736549680526,1.0,159.7397354491313,38.93894124049138,3199.013366014937,298.15
9686.0,66.54597647930363,1.0,150.86103283877853,38.894061567807,2829.881346880041,298.15
9687.0,66.54458746180202,1.0,162.02251785367002,37.797365748633545,1170.8417750256554,298.15
9688.0,66.5431984443004,1.0,156.67129270400847,41.232976538697365,641.4611727130497,298.15
9689.0,66.54180942679878,0.0,0.0,29.032350383363077,3680.741981188977,298.15
9690.0,66.54042040929716,0.0,0.0,28.224167677485255,3063.804413734903,298.15
9691.0,66.53903139179553,1.0,160.53371915486653,37.19330278778014,1960.9790041916347,298.15
9692.0,66.53764237429391,1.0,161.23098472722495,40.69224548057284,2491.7367433618424,298.15
9693.0,66.5362533567923,0.0,2.1271457011071164,28.858248660041045,3722.751560322242,298.15
9694.0,66.53486433929068,1.0,161.9338378909829,35.77352776915137,2610.5452790477307,298.15
9695.0,66.53347532178906,0.0,0.6025857724901112,27.466781679845575,3138.9833651813087,298.15
9696.0,66.53208630428743,1.0,161.25478409015037,39.48759066737038,3577.087966088612,298.15
9697.0,66.53069728678581,0.0,0.0,29.5585322210702,2772.685089920111,298.15
9698.0,66.52930826928419,0.0,0.0,29.48923265430323,3123.806489822805,298.15
9699.0,66.52791925178258,0.0,2.133386925680745,29.20704930922388,3233.2393050939277,298.15
9700.0,66.52653023428095,0.0,1.9946076060341436,26.949629000099797,2590.749269471754,298.15
9701.0,66.52514121677933,1.0,162.6335455402655,38.19058725055314,3222.146506554493,298.15
9702.0,66.52375219927771,0.0,0.0,32.43929006218024,2944.7689852945045,298.15
9703.0,66.52236318177609,0.0,2.169199657191275,32.12507814735679,3169.1591432861596,298.15
9704.0,66.52097416427446,1.0,158.50228201793487,41.16494163804296,2893.715638627273,298.15
9705.0,66.51958514677285,1.0,163.9509097113094,40.96548936964469,2988.8894414696015,298.15
9706.0,66.51819612927123,1.0,160.87557127076818,41.8034258931053,2302.8661119440094,298.15
9707.0,66.51680711176961,0.0,4.012447488466279,27.592897653096333,2785.5223742754206,298.15
9708.0,66.51541809426799,1.0,158.09109342796225,39.94977857552723,2018.7821851545414,298.15
9709.0,66.51402907676636,0.0,4.201217470962958,27.53492863086492,2984.264510369469,298.15
9710.0,66.51264005926474,1.0,161.06392121445967,37.53576429465855,3510.420576620348,298.15
9711.0,66.51125104176313,0.0,0.0,30.5373755905056,3103.6060157701545,298.15
9712.0,66.50986202426151,1.0,162.58890888540537,41.69110165929987,2802.711995627448,298.15
9713.0,66.50847300675989,1.0,160.5601401578038,39.28768471686541,2996.4045316653874,298.15
9714.0,66.50708398925826,0.0,0.0,33.04699102609797,3625.539566445856,298.15
9715.0,66.50569497175664,0.0,0.0,30.023275634512487,2902.7902887970677,298.15
9716.0,66.50430595425502,1.0,160.8245207267544,37.92324680076267,2554.5307693003633,298.15
9717.0,66.50291693675341,1.0,163.7411186452064,37.222254356966616,3345.8353609397054,298.15
9718.0,66.50152791925179,1.0,160.51710047120085,41.50873222867005,2829.2088494909763,298.15
9719.0,66.50013890175016,0.0,0.0,29.60240118322899,178.546917735379,298.15
9720.0,66.49874988424854,0.0,0.0,30.663137519936594,475.3823888882519,298.15
9721.0,66.49736086674692,0.0,0.0,23.69766409539122,362.6802490975506,298.15
9722.0,66.4959718492453,0.0,3.12482290997376,29.618912381599753,475.371394590621,298.15
9723.0,66.49458283174368,0.0,0.0,27.97389903322466,809.7222985247363,298.15
9724.0,66.49319381424206,1.0,161.37282379680858,36.065952810477775,78.96111541129557,298.15
9725.0,66.49180479674044,0.0,0.4620088467229332,28.728637871067924,562.1620453267402,298.15
9726.0,66.49041577923882,0.0,0.0,31.02293620917037,61.270580348180204,298.15
9727.0,66.4890267617372,1.0,168.61568356380604,43.35500728003739,178.39888599299866,298.15
9728.0,66.48763774423557,1.0,162.97867933410245,39.072898938495314,1051.2509129667856,298.15
9729.0,66.48624872673396,1.0,164.22064238037305,37.004712693712804,660.1757353321588,298.15
9730.0,66.48485970923234,1.0,165.72402195151363,36.7746500788806,3244.029253826283,298.15
9731.0,66.48347069173072,0.0,2.2027581780359204,30.247136357443363,2203.827604584216,298.15
9732.0,66.4820816742291,0.0,0.5557954035922877,26.084209081423715,2454.652002507588,298.15
9733.0,66.48069265672747,0.0,0.0,29.315937898593063,2504.824651316465,298.15
9734.0,66.47930363922586,0.0,4.822141623438816,28.51812591638123,2823.9507342644924,298.15
9735.0,66.47791462172424,0.0,0.0,28.168045916201198,2614.0385764278494,298.15
9736.0,66.47652560422262,0.0,0.0,24.423850071111886,3469.2556531422088,298.15
9737.0,66.47513658672099,1.0,162.2392468966381,36.799330699219006,3259.3214619675246,298.15
9738.0,66.47374756921937,0.0,0.0,24.392412482758694,2422.6236005101036,298.15
9739.0,66.47235855171775,0.0,1.957456353072603,26.05642553061677,3381.4831319593923,298.15
9740.0,66.47096953421612,1.0,158.27437592581106,39.03084465659288,4158.909242547325,298.15
9741.0,66.46958051671452,1.0,163.87985278275826,39.539684184593796,3038.968168500591,298.15
9742.0,66.46819149921289,0.0,0.0,27.29452534803698,3511.840157790288,298.15
9743.0,66.46680248171127,0.0,5.336599358344942,25.527646765764615,2629.3180562683297,298.15
9744.0,66.46541346420965,0.0,0.0,29.840064687650703,3507.4553648446636,298.15
9745.0,66.46402444670802,0.0,0.0,25.199894101898213,2652.208401752279,298.15
9746.0,66.46263542920641,0.0,0.0,23.90437031573849,3397.475713833076,298.15
9747.0,66.46124641170479,0.0,0.0,27.53399353670146,2737.010253162292,298.15
9748.0,66.45985739420317,1.0,162.6854752948443,36.88059786486202,3401.425918767381,298.15
9749.0,66.45846837670155,0.0,0.0,24.65047044018063,2179.474777865989,298.15
9750.0,66.45707935919992,0.0,0.0,25.813752419136193,3475.359839718126,298.15
9751.0,66.4556903416983,0.0,0.8509932634046098,26.352571140657705,2875.742917050654,298.15
9752.0,66.45430132419668,0.0,0.0,25.689180578741297,2450.274019857568,298.15
9753.0,66.45291230669507,0.0,0.0,26.043746531602146,2769.6563247262325,298.15
9754.0,66.45152328919345,0.0,0.0,23.874440281730664,3191.246100183854,298.15
9755.0,66.45013427169182,0.0,2.421252616789935,25.8293912691671,3355.3517655949545,298.15
9756.0,66.4487452541902,0.0,4.181936382638916,24.597649295353808,2554.149246535778,298.15
9757.0,66.44735623668858,1.0,163.14683305842274,33.40347739487499,3352.6887023365944,298.15
9758.0,66.44596721918697,0.0,3.3133314423052735,23.68539842863074,3160.8404980207006,298.15
9759.0,66.44457820168535,0.0,0.0,23.80395478900835,2356.532923679646,298.15
9760.0,66.44318918418372,1.0,161.5667798182844,30.82939589180534,0.0,298.15
9761.0,66.4418001666821,0.0,4.159523654906495,22.309198437877495,552.919875293262,298.15
9762.0,66.44041114918048,1.0,165.05147534386475,33.56540075288036,3337.1356324080016,298.15
9763.0,66.43902213167885,1.0,163.78852271818428,30.443043946643407,2774.5842565732682,298.15
9764.0,66.43763311417723,1.0,165.3797002137519,31.756111556256915,3006.0322968597875,298.15
9765.0,66.43624409667562,0.0,0.6533029109556721,27.76618636029629,3213.6703399990924,298.15
9766.0,66.434855079174,0.0,0.0,20.301611493705707,2744.017310605014,298.15
9767.0,66.43346606167238,0.0,0.0,21.63859353035817,3571.83626430676,298.15
9768.0,66.43207704417075,1.0,162.93035445814596,30.503135010477916,3972.4115824661867,298.15
9769.0,66.43068802666913,0.0,1.4848732937676024,21.77739422981198,3087.004884722171,298.15
9770.0,66.42929900916752,0.0,0.0,20.125542009476597,2669.1065825763053,298.15
9771.0,66.4279099916659,0.0,2.149743707878553,21.09634004801159,3177.540642153352,298.15
9772.0,66.42652097416428,0.0,0.9140379329527398,19.901559103234018,2945.887320309213,298.15
9773.0,66.42513195666265,0.0,0.0,23.353508260281234,3667.2190542022836,298.15
9774.0,66.42374293916103,0.0,0.0,21.125950022112377,2971.334619278346,298.15
9775.0,66.42235392165941,0.0,0.0,18.66725559207516,3057.716866179312,298.15
9776.0,66.42096490415778,0.0,0.0,22.259670142584476,2249.9912544803847,298.15
9777.0,66.41957588665618,1.0,163.84831749366253,28.321527526779008,3266.28640548459,298.15
9778.0,66.41818686915455,0.0,0.0,16.84834676878241,2692.9943545325027,298.15
9779.0,66.41679785165293,0.0,0.0,19.85247290218788,3087.2212497305113,298.15
9780.0,66.41540883415131,0.0,2.5088832624274207,23.577287923042515,2432.689566499515,298.15
9781.0,66.41401981664968,0.0,0.35308578455925144,15.633093889071707,3663.711466116238,298.15
9782.0,66.41263079914808,0.0,0.0,16.433911740100736,3232.1652749139503,298.15
9783.0,66.41124178164645,1.0,162.62316913712004,30.513454809950552,2951.8737930544135,298.15
9784.0,66.40985276414483,0.0,3.2851835734495007,17.402765133200784,3483.7771085330596,298.15
9785.0,66.4084637466432,1.0,163.10586158199777,29.766487487290295,2642.1308756240524,298.15
9786.0,66.40707472914158,0.0,1.4126741433673582,16.54118312272999,3024.2348163498027,298.15
9787.0,66.40568571163996,0.0,0.0,18.33522421961864,3205.2289434690974,298.15
9788.0,66.40429669413834,0.0,2.4453902267796237,21.416288881976104,3129.730214970275,298.15
9789.0,66.40290767663673,0.0,5.522756817236673,15.109896680041,2414.551282176554,298.15
9790.0,66.4015186591351,0.0,0.0,19.462478901889256,2798.4222154798126,298.15
9791.0,66.40012964163348,0.0,0.0,18.518371730399306,2122.006477243812,298.15
9792.0,66.39874062413186,0.0,0.41822017103750025,13.80195126522098,412.4555875323561,298.15
9793.0,66.39735160663024,0.0,2.0858447726917504,17.801179248862347,665.0814992036495,298.15
9794.0,66.39596258912863,0.0,0.0,16.562104182043665,543.6416979264017,298.15
9795.0,66.394573571627,0.0,0.0,16.36516425900068,988.4913125543239,298.15
9796.0,66.39318455412538,1.0,161.0101898423009,26.63738974834138,949.2661980394382,298.15
9797.0,66.39179553662376,0.0,1.4249234096158385,14.982442466288163,589.9239575201906,298.15
9798.0,66.39040651912214,0.0,0.0,15.616045549274967,0.0,298.15
9799.0,66.38901750162051,1.0,162.35588463489887,25.73465615150611,735.1446548153565,298.15
9800.0,66.38762848411889,1.0,163.55947193008163,26.54199123257458,229.70311915331888,298.15
9801.0,66.38623946661728,0.0,0.5723368415668258,11.60797463040956,808.6582408720456,298.15
9802.0,66.38485044911566,0.0,0.0,17.196908519520168,609.5086140873963,298.15
9803.0,66.38346143161404,1.0,162.37329295078166,21.90558925437697,729.7992513587693,298.15
9804.0,66.38207241411241,0.0,0.0,15.632315408604118,675.714251396653,298.15
9805.0,66.38068339661079,1.0,157.85354762276057,23.98731481463512,1337.182555007493,298.15
9806.0,66.37929437910918,1.0,159.35501531680782,20.94041494059744,682.5491603272108,298.15
9807.0,66.37790536160756,1.0,158.6780568301933,24.44558377573927,51.619424745476465,298.15
9808.0,66.37651634410594,1.0,157.79366097940883,21.165986033562014,875.2369046746293,298.15
9809.0,66.37512732660431,0.0,4.3609949489517605,15.09552359336468,349.23344817654305,298.15
9810.0,66.37373830910269,0.0,5.17465968146131,11.184292722079345,971.1660620146313,298.15
9811.0,66.37234929160107,1.0,158.4249357289249,19.331148711480417,1040.4094905096872,298.15
9812.0,66.37096027409945,0.0,0.21851557786377607,15.3595108770124,717.80702876803,298.15
9813.0,66.36957125659784,1.0,158.51619464952051,22.33295973533309,52.49730129878549,298.15
9814.0,66.36818223909621,1.0,161.4472017153397,23.520206963241,338.76913823267176,298.15
9815.0,66.36679322159459,1.0,161.76213501322536,19.73845331276021,969.6103851661826,298.15
9816.0,66.36540420409297,1.0,154.25808022302104,17.35955958137904,1200.1687957191705,298.15
9817.0,66.36401518659135,0.0,1.134070716368972,14.504299482972089,521.6901905409782,298.15
9818.0,66.36262616908974,0.0,0.0,10.801850140758235,403.74901111953045,298.15
9819.0,66.36123715158811,0.0,4.188991017385173,11.604946693878201,86.64965477066346,298.15
9820.0,66.35984813408649,1.0,158.88434360801153,21.72183128942344,91.230379206757,298.15
9821.0,66.35845911658487,1.0,155.704743083469,19.448035108007836,2847.217966801531,298.15
9822.0,66.35707009908324,1.0,156.9203115330037,20.386514155753552,2995.8190838182154,298.15
9823.0,66.35568108158162,0.0,0.0,12.992341210895358,2215.652441389249,298.15
9824.0,66.35429206408,1.0,158.39839830246456,19.4110804957442,3619.716456803006,298.15
9825.0,66.35290304657839,1.0,159.45286477450387,21.206932364997574,3965.6729605125,298.15
9826.0,66.35151402907677,1.0,154.0563766385041,14.927169132307732,3255.6683757274877,298.15
9827.0,66.35012501157514,1.0,160.99217214314217,21.149931360737064,3158.7632728003828,298.15
9828.0,66.34873599407352,1.0,160.25460284374049,15.467553224664092,3375.5455777054613,298.15
9829.0,66.3473469765719,1.0,154.1596108716237,20.487210949390523,3505.027449895449,298.15
9830.0,66.34595795907029,0.0,0.1734464492696976,8.99751936528775,3552.509872117898,298.15
9831.0,66.34456894156867,1.0,159.947396219622,17.782798959117397,3604.9256111735376,298.15
9832.0,66.34317992406704,0.0,2.9373637417999494,7.567860789048286,3195.193929044665,298.15
9833.0,66.34179090656542,1.0,154.688711932429,17.045762245188072,2934.976261521631,298.15
9834.0,66.3404018890638,0.0,1.9401218139324616,5.66817644772418,2661.2615121453946,298.15
9835.0,66.33901287156218,0.0,7.1406674246071145,6.736799076336831,3307.2387754195934,298.15
9836.0,66.33762385406055,1.0,155.15808485719018,21.52632906866285,3135.2744943661282,298.15
9837.0,66.33623483655894,0.0,0.0,9.456332766892464,3580.1994125509364,298.15
9838.0,66.33484581905732,1.0,154.92115999348937,14.768514799720105,3095.115546249324,298.15
9839.0,66.3334568015557,1.0,154.89679441016705,16.92819142256847,3447.077549696503,298.15
9840.0,66.33206778405408,1.0,152.85716483922,16.381595926887474,3317.380553691066,298.15
9841.0,66.33067876655245,1.0,154.95489665250471,15.699597153920715,2361.3196054829295,298.15
9842.0,66.32928974905084,0.0,0.0,3.7338015452736717,3055.270458763446,298.15
9843.0,66.32790073154922,1.0,151.90440160469473,16.542965230599105,2872.1999785023386,298.15
9844.0,66.3265117140476,0.0,1.8064783327570528,7.187344868858149,3199.3680125172787,298.15
9845.0,66.32512269654598,1.0,148.89044925657248,13.53473423356033,3400.3343065351423,298.15
9846.0,66.32373367904435,1.0,155.01159240516995,19.12213641984235,3402.633117537809,298.15
9847.0,66.32234466154273,1.0,147.85349921952184,18.050567531560446,3133.5267252757194,298.15
9848.0,66.3209556440411,1.0,148.30785839841582,15.864770411709504,3484.78768890904,298.15
9849.0,66.3195666265395,1.0,151.0282033444513,12.015525902691977,3326.4905177086443,298.15
9850.0,66.31817760903787,1.0,152.68343803056922,15.223050444167493,3270.8400328568387,298.15
9851.0,66.31678859153625,1.0,154.93906097744335,14.810912288267138,868.3251289269307,298.15
9852.0,66.31539957403463,0.0,0.13728320510070957,5.126086521618612,699.0067916641777,298.15
9853.0,66.314010556533,1.0,150.75381734341707,17.192787601807204,3253.0262179619126,298.15
9854.0,66.3126215390314,1.0,152.49992670869486,13.384621654881027,3339.707907521642,298.15
9855.0,66.31123252152977,1.0,148.82090132048563,17.82646467443267,2633.279645557266,298.15
9856.0,66.30984350402815,0.0,0.33214929075322636,4.282485618666172,3065.7503778652863,298.15
9857.0,66.30845448652653,1.0,147.58792870731605,12.693199537414861,3483.9700460262184,298.15
9858.0,66.3070654690249,1.0,150.4154705638128,18.106832037337036,2778.417620623118,298.15
9859.0,66.30567645152328,0.0,0.0,4.7199937330871915,2345.1978674488396,298.15
9860.0,66.30428743402166,1.0,147.84555337595467,11.92487750801792,2762.3041948472023,298.15
9861.0,66.30289841652005,1.0,149.92475001875502,12.901817451445279,3571.5725710382,298.15
9862.0,66.30150939901843,1.0,149.67811029157946,13.906723933459148,2577.8203091927257,298.15
9863.0,66.3001203815168,1.0,151.86863629689614,12.151082186892289,3116.8342356874223,298.15
9864.0,66.29873136401518,1.0,145.00965205908676,12.611848844583045,3767.3949187468966,298.15
9865.0,66.29734234651356,0.0,0.0,0.5213587531183166,2569.8202182409095,298.15
9866.0,66.29595332901195,1.0,146.55444392088964,8.605822158209957,2995.1063290258885,298.15
9867.0,66.29456431151033,1.0,150.20187248272882,12.190480257714954,2448.986597974459,298.15
9868.0,66.2931752940087,1.0,149.68895539830245,12.144816563020337,3212.067265512312,298.15
9869.0,66.29178627650708,1.0,148.86502046449615,12.832993652628321,3354.77102452053,298.15
9870.0,66.29039725900546,1.0,145.73956211470679,10.444003374024085,3283.2486435527035,298.15
9871.0,66.28900824150384,1.0,149.28656614574092,8.758859237411501,2443.663343103593,298.15
9872.0,66.28761922400223,1.0,143.29130659866644,9.432411545074595,3238.413561548156,298.15
9873.0,66.2862302065006,1.0,142.56149998573974,13.510789435670002,2308.5198174883158,298.15
9874.0,66.28484118899898,1.0,143.4143800856465,9.855893789638673,3761.605163414364,298.15
9875.0,66.28345217149736,0.0,0.0,0.2280911081537379,2856.046719719782,298.15
9876.0,66.28206315399574,0.0,1.6085437048698485,0.4076401587283299,3327.454778068443,298.15
9877.0,66.28067413649411,1.0,138.63456200568965,9.688387440253967,2734.6093787442683,298.15
9878.0,66.2792851189925,1.0,148.63178616830703,9.45402438307661,2889.615884789777,298.15
9879.0,66.27789610149088,1.0,145.54780571085087,9.008236264831657,3388.371875666518,298.15
9880.0,66.27650708398926,1.0,141.25474534931325,13.629101890527496,3559.126276726441,298.15
9881.0,66.27511806648764,1.0,144.98427702096177,12.068772134838163,2986.436351813334,298.15
9882.0,66.27372904898601,1.0,147.1000359373545,13.174655390610607,3317.9961407884152,298.15
9883.0,66.27234003148439,1.0,145.67817048548312,13.527209282736624,543.8634813939314,298.15
9884.0,66.27095101398278,1.0,146.62093373546256,5.614399172116945,792.3538744404495,298.15
9885.0,66.26956199648116,1.0,140.49941636389218,11.12432105693774,334.88010117436914,298.15
9886.0,66.26817297897954,1.0,142.51964696912117,9.149704175930122,792.8809397971144,298.15
9887.0,66.26678396147791,1.0,141.05414309259334,12.61993792227123,700.4524925671975,298.15
9888.0,66.26539494397629,1.0,147.10004218370688,8.73318010955297,439.7492531618179,298.15
9889.0,66.26400592647467,1.0,144.28173998735463,8.044588731608902,1146.6638978235912,298.15
9890.0,66.26261690897306,1.0,149.29153385125034,7.220714548341624,658.1775708956092,298.15
9891.0,66.26122789147144,1.0,141.14454437957133,9.524060933986052,568.3005463973337,298.15
9892.0,66.25983887396981,1.0,140.28177001291135,12.00933579048255,701.0349846484672,298.15
9893.0,66.25844985646819,1.0,141.41743977027602,10.620045354725852,463.3043063727935,298.15
9894.0,66.25706083896657,1.0,144.79083611485515,7.580874737030761,920.6963462463425,298.15
9895.0,66.25567182146494,1.0,140.38380202980667,14.495467421323266,492.51931040370283,298.15
9896.0,66.25428280396333,1.0,141.30148172720885,11.372099213458403,3073.0540401258513,298.15
9897.0,66.25289378646171,1.0,140.98421873632125,11.62344341297259,2711.8072477511546,298.15
9898.0,66.25150476896009,1.0,140.59671703517532,12.663365806000552,2019.0344129622554,298.15
9899.0,66.25011575145847,1.0,138.69701777085282,6.611767885987627,3541.6846976750385,298.15
9900.0,66.24872673395684,1.0,139.67291124547026,8.116200662818637,3300.421105642546,298.15
9901.0,66.24733771645522,1.0,139.31959219804116,11.70289305992913,3093.127726381424,298.15
9902.0,66.24594869895361,1.0,139.479359518654,8.33172557987556,1983.0569082909633,298.15
9903.0,66.24455968145199,1.0,141.49402101873275,9.448239771155889,3721.6653969100967,298.15
9904.0,66.24317066395037,1.0,143.18958808043607,9.868920661307392,3138.145498232919,298.15
9905.0,66.24178164644874,1.0,136.74164539369696,7.406032300947805,3358.6978203138938,298.15
9906.0,66.24039262894712,1.0,137.55912331985073,9.320814869880914,2299.483807162087,298.15
9907.0,66.2390036114455,1.0,136.27673577608707,11.980728336480402,2703.0056367927878,298.15
9908.0,66.23761459394389,1.0,138.43749134010582,11.625952603293346,2860.121204016844,298.15
9909.0,66.23622557644227,1.0,136.45881118857446,12.450081549477375,3199.953123001933,298.15
9910.0,66.23483655894064,1.0,138.0626202364315,12.27193871095795,3467.679022868167,298.15
9911.0,66.23344754143902,1.0,139.87084150573847,11.062241382635143,2398.1257019525538,298.15
9912.0,66.2320585239374,1.0,130.97434113771027,10.940887298261218,2732.9356218307717,298.15
9913.0,66.23066950643579,1.0,137.91446600508368,10.835254991330855,2217.649858088388,298.15
9914.0,66.22928048893417,1.0,135.3976358537383,9.065234972081493,2689.5455541829015,298.15
9915.0,66.22789147143254,1.0,137.34250469691116,8.285708034507845,2738.3489444685774,298.15
9916.0,66.22650245393092,1.0,133.86175875363358,9.04595703121046,2699.295269137064,298.15
9917.0,66.2251134364293,1.0,138.59999517240112,9.85778442644817,2638.547268639502,298.15
9918.0,66.22372441892767,1.0,137.6786915287217,9.240099646461665,3557.830353834214,298.15
9919.0,66.22233540142605,1.0,136.61029295739704,11.518433673065601,3083.8564155117638,298.15
9920.0,66.22094638392444,1.0,136.89993800834523,11.151439756775096,3273.288429609036,298.15
9921.0,66.21955736642282,1.0,132.98816062645852,11.448045463737937,3156.655775521321,298.15
9922.0,66.2181683489212,1.0,133.04335808357203,11.613096877480375,2275.632768858315,298.15
9923.0,66.21677933141957,1.0,136.067836725376,13.439599761554298,3308.5333535013788,298.15
9924.0,66.21539031391795,1.0,132.2023683702409,11.035633813170207,2934.0990576620916,298.15
9925.0,66.21400129641634,1.0,137.2324924468058,13.225957244002515,3168.576516988276,298.15
9926.0,66.21261227891472,1.0,132.77498558290267,12.301386018519153,512.8393816107499,298.15
9927.0,66.2112232614131,0.0,1.1957370088500778,3.663736017576547,710.6729336657397,298.15
9928.0,66.20983424391147,1.0,138.0645885355443,14.764794876266846,305.9171358526583,298.15
9929.0,66.20844522640985,1.0,131.14048095744673,12.72143561584006,513.7469003557724,298.15
9930.0,66.20705620890823,1.0,132.7474133928986,11.849375736172394,989.7700850848564,298.15
9931.0,66.2056671914066,1.0,134.8565125683397,11.94463639135203,396.9973017663201,298.15
9932.0,66.204278173905,1.0,134.3735688668067,10.883636167121761,712.9176080638376,298.15
9933.0,66.20288915640337,1.0,131.0892871644517,10.929304889365005,721.6784545966904,298.15
9934.0,66.20150013890175,1.0,130.40318775152087,13.953412124518561,234.61647878441556,298.15
9935.0,66.20011112140013,1.0,130.84373510312324,10.21863380616865,740.9578076882595,298.15
9936.0,66.1987221038985,1.0,134.61445577722063,15.672576929601309,287.44588939135235,298.15
9937.0,66.1973330863969,1.0,130.26686608083813,12.149300093242289,650.2831707702112,298.15
9938.0,66.19594406889527,0.0,0.18610653229331794,8.509282379426658,281.80243673104815,298.15
9939.0,66.19455505139365,1.0,129.45165428579585,11.29518733513466,3587.290714635684,298.15
9940.0,66.19316603389203,0.0,1.6809323784270702,3.381848516949795,2989.309497734147,298.15
9941.0,66.1917770163904,1.0,130.37979121481558,12.277509806908007,2909.856683734529,298.15
9942.0,66.19038799888878,1.0,127.39066867963871,11.508487491084164,3297.262144486606,298.15
9943.0,66.18899898138716,1.0,127.24628107593769,15.492261615139299,2372.284276285772,298.15
9944.0,66.18760996388555,1.0,124.56718296572853,11.157284624349327,2131.227177257367,298.15
9945.0,66.18622094638393,1.0,127.12364843568248,12.196564669269799,2863.5742684618854,298.15
9946.0,66.1848319288823,1.0,130.7724293117246,14.960169931691134,3615.7784448411003,298.15
9947.0,66.18344291138068,1.0,131.8125715601731,15.44525720698863,2820.7409248985005,298.15
9948.0,66.18205389387906,1.0,130.0712185952272,11.188649628249298,3292.1994078645407,298.15
9949.0,66.18066487637745,1.0,129.53969198485186,15.430345480938788,2590.5624767673344,298.15
9950.0,66.17927585887583,1.0,127.69855833605375,14.659815306949628,3216.994912063186,298.15
9951.0,66.1778868413742,1.0,129.62919922663036,12.664509829431452,2666.08745801955,298.15
9952.0,66.17649782387258,1.0,128.24939459736447,13.10129214886955,2466.786177266718,298.15
9953.0,66.17510880637096,1.0,131.652065758454,10.701969447847603,2872.35984124935,298.15
9954.0,66.17371978886933,1.0,126.90561613286609,18.630025216191367,2083.410936876685,298.15
9955.0,66.17233077136771,1.0,130.12830934288147,17.357002840150656,3270.3715929871223,298.15
9956.0,66.1709417538661,0.0,2.082530864465091,2.77416840217716,2501.040197468649,298.15
9957.0,66.16955273636448,0.0,1.7521549811880632,7.272583957932659,4116.2052148764615,298.15
9958.0,66.16816371886286,1.0,121.51060199830418,14.619975050608764,2864.2555056832275,298.15
9959.0,66.16677470136123,1.0,128.31099716443228,17.884474471259747,3038.708666711222,298.15
9960.0,66.16538568385961,1.0,125.58937288588656,15.157910640541667,3341.8171452802476,298.15
9961.0,66.163996666358,1.0,124.63297145656294,15.623922134998876,2886.7107221492342,298.15
9962.0,66.16260764885638,1.0,121.95665885108495,15.972778247876505,2526.1593709057097,298.15
9963.0,66.16121863135476,1.0,125.2769196592581,15.40600162479072,3298.0156319815433,298.15
9964.0,66.15982961385313,1.0,125.17238818957401,19.8546847084593,3231.108049649869,298.15
9965.0,66.15844059635151,1.0,121.79197700998043,19.019643708850026,3144.6116765729557,298.15
9966.0,66.15705157884989,0.0,0.0,7.591626103806817,3445.4996335500336,298.15
9967.0,66.15566256134827,1.0,125.66836083374777,19.685750580596174,3769.7873316753466,298.15
9968.0,66.15427354384666,0.0,2.0767916658802568,4.410778700723474,2709.4850729925492,298.15
9969.0,66.15288452634503,1.0,124.58185426558789,15.442010484719502,1149.8663899831877,298.15
9970.0,66.15149550884341,1.0,126.68266852288447,19.170976893291353,770.5890784788596,298.15
9971.0,66.15010649134179,0.0,0.0,9.921157544637337,3062.1338946411206,298.15
9972.0,66.14871747384016,0.0,0.0,9.190804630923703,3122.2475318075876,298.15
9973.0,66.14732845633856,1.0,121.20379273926693,14.936033645266136,3330.3446623182513,298.15
9974.0,66.14593943883693,1.0,119.49088530824952,16.847093561564584,3180.771886136126,298.15
9975.0,66.14455042133531,1.0,127.44807232131245,20.12078218527405,3912.47789149238,298.15
9976.0,66.14316140383369,1.0,125.54791622526997,24.493290454215092,3902.735385736183,298.15
9977.0,66.14177238633206,0.0,0.0,12.215122390480637,1992.9573533231587,298.15
9978.0,66.14038336883044,0.0,0.37107073550789726,13.178985506548798,2674.777504938282,298.15
9979.0,66.13899435132882,0.0,0.0,10.843400845002808,2777.367976954287,298.15
9980.0,66.13760533382721,1.0,121.51175151977765,21.051954683744544,3853.824102222764,298.15
9981.0,66.13621631632559,0.0,0.0,8.453333769655345,2802.1167311785834,298.15
9982.0,66.13482729882396,1.0,122.74047237097916,22.782408582394332,2780.6105172442058,298.15
9983.0,66.13343828132234,0.0,1.9492601935903002,10.890648513100784,3350.426519379598,298.15
9984.0,66.13204926382072,0.0,0.9586758141988613,12.701426885591927,2624.7267776706403,298.15
9985.0,66.13066024631911,0.0,0.0,11.561743687440108,2969.292411498861,298.15
9986.0,66.12927122881749,1.0,120.81677263358951,22.304747812133957,4284.635464493253,298.15
9987.0,66.12788221131586,1.0,123.26819058263322,21.776869550021,3523.6144975036605,298.15
9988.0,66.12649319381424,1.0,121.98741517804058,22.65354625388091,3010.098522583979,298.15
9989.0,66.12510417631262,0.0,0.17317882578652552,14.488073580764622,3752.4875559654965,298.15
9990.0,66.123715158811,1.0,120.4980591801138,20.03637417737042,3446.3336177308624,298.15
9991.0,66.12232614130937,1.0,121.25952174739615,19.800832039435726,3197.8776318859364,298.15
9992.0,66.12093712380776,1.0,119.17660284243493,24.000200487466422,2671.058421416223,298.15
9993.0,66.11954810630614,0.0,1.9572730596473713,16.331438988994684,3332.4644999102293,298.15
9994.0,66.11815908880452,1.0,117.44671373669539,27.087027646169584,3294.876741733668,298.15
9995.0,66.1167700713029,0.0,0.0,11.292439038181996,2546.6161917245563,298.15
9996.0,66.11538105380127,0.0,1.455928158235846,13.225461674296213,3028.5040468436,298.15
9997.0,66.11399203629966,0.0,0.0,11.236084451418263,2365.3088518980862,298.15
9998.0,66.11260301879804,1.0,115.72364756627171,23.39080595417847,2702.237770432823,298.15
9999.0,66.11121400129642,1.0,119.4924705988281,27.085150904923466,2568.0276357676703,298.15
10000.0,66.1098249837948,1.0,115.17366790657698,24.973354593278664,2612.69472722795,298.15
10001.0,66.10843596629317,1.0,115.99653731885935,24.4628674258474,840.7054678756325,298.15
10002.0,66.10704694879155,1.0,120.77118540660065,26.597772891228328,589.2110896641561,298.15
10003.0,66.10565793128993,0.0,0.0,14.063341876502982,304.9557388710466,298.15
10004.0,66.10426891378832,0.0,3.0626051042086617,19.23430807635534,217.0166736349109,298.15
10005.0,66.1028798962867,0.0,0.0,16.19194339428562,770.0919827000371,298.15
10006.0,66.10149087878507,1.0,118.27908118041492,25.581175524652508,467.5278758462121,298.15
10007.0,66.10010186128345,0.0,0.9519891994967852,17.858945094061035,619.4398737653261,298.15
10008.0,66.09871284378183,0.0,0.0,18.821363843115268,450.8689435080907,298.15
10009.0,66.09732382628022,0.0,2.458118517472269,20.412162859675533,604.8819460344025,298.15
10010.0,66.0959348087786,0.0,1.2166656025173626,16.912542352872393,636.6878780684737,298.15
10011.0,66.09454579127697,0.0,0.0,19.823654439336266,1349.5094538715666,298.15
10012.0,66.09315677377535,0.0,0.0,18.019909126270445,640.9750180300704,298.15
10013.0,66.09176775627373,0.0,0.9195216417692915,16.778177501813047,364.313319646271,298.15
10014.0,66.0903787387721,0.0,0.0,16.66659427368584,2873.0585724660773,298.15
10015.0,66.08898972127048,1.0,114.06836939489844,26.234378195914765,2245.4571115881795,298.15
10016.0,66.08760070376887,1.0,118.16864568479812,27.19737669236124,3045.0955213676853,298.15
10017.0,66.08621168626725,1.0,122.68703167137942,31.264096046788904,3248.148059005025,298.15
10018.0,66.08482266876563,1.0,116.41299783441298,30.64553063976141,2837.001350739859,298.15
10019.0,66.083433651264,1.0,120.99219280917265,26.845204268860762,3622.547062724485,298.15
10020.0,66.08204463376238,1.0,115.38235502451077,26.025723608120547,2130.298578427747,298.15
10021.0,66.08065561626077,1.0,117.61175826390743,27.559816104112038,2398.5876136383627,298.15
10022.0,66.07926659875915,0.0,1.8381118856228802,18.475670133263428,2708.073360832964,298.15
10023.0,66.07787758125752,1.0,116.9329064267222,29.675317361179573,3174.132460298688,298.15
10024.0,66.0764885637559,0.0,0.0,22.946003434770102,2248.8783311223106,298.15
10025.0,66.07509954625428,1.0,118.54774083003794,29.60820188136889,3117.765017547548,298.15
10026.0,66.07371052875266,0.0,4.506292414494363,24.430562814250784,2563.6588925019732,298.15
10027.0,66.07232151125103,0.0,0.7161325518447252,17.699991120150948,2665.3445715456614,298.15
10028.0,66.07093249374942,0.0,0.0,20.666117602322668,3996.443616833565,298.15
10029.0,66.0695434762478,0.0,0.0,23.2227002693629,2711.3370983468412,298.15
10030.0,66.06815445874618,1.0,122.52752863527965,33.560905240845145,2500.8361804471447,298.15
10031.0,66.06676544124456,0.0,0.321409115187639,21.325076201454422,2505.1354735611035,298.15
10032.0,66.06537642374293,0.0,0.0,24.296781051241524,2961.4655285823965,298.15
10033.0,66.06398740624132,0.0,0.0,24.110569747748844,3178.4746484629973,298.15
10034.0,66.0625983887397,0.0,0.0,21.225791289480025,2778.527020663558,298.15
10035.0,66.06120937123808,0.0,0.8662204257642788,23.488388958944185,2289.1890867971765,298.15
10036.0,66.05982035373646,0.0,1.5596501458902683,24.491666343866754,3367.2809527841246,298.15
10037.0,66.05843133623483,0.0,0.0,21.973457354994082,2936.9325227581817,298.15
10038.0,66.05704231873321,0.0,0.0,26.93317036231036,2330.996674256482,298.15
10039.0,66.05565330123159,1.0,113.37049011200551,31.89850939431607,2869.445486732429,298.15
10040.0,66.05426428372998,0.0,0.3166950819434528,24.11459742706309,2884.175268717011,298.15
10041.0,66.05287526622836,0.0,1.1471372982474035,21.42319881904414,2900.3524340807185,298.15
10042.0,66.05148624872673,0.0,0.0,24.40723602280804,2999.7631329989563,298.15
10043.0,66.05009723122511,0.0,4.0274146505095105,22.17315759233792,3588.181849091767,298.15
10044.0,66.04870821372349,0.0,0.0,23.953438485790453,924.261516018657,298.15
10045.0,66.04731919622188,0.0,0.6753681121296602,21.462458617192627,370.167198964665,298.15
10046.0,66.04593017872025,0.0,2.0210711961281183,26.572773787453865,500.13976285155593,298.15
10047.0,66.04454116121863,1.0,115.82770437874795,35.83156578323279,2474.5439278279027,298.15
10048.0,66.04315214371701,0.0,0.0,27.515723105437395,3584.415869452234,298.15
10049.0,66.04176312621539,0.0,0.0,24.71983020026528,2759.3529215302256,298.15
10050.0,66.04037410871376,0.0,3.2337947840512813,27.950096247753535,2600.5133144506353,298.15
10051.0,66.03898509121215,0.0,0.0,25.85307967427215,1892.9695335352212,298.15
10052.0,66.03759607371053,0.0,1.2802448858801883,26.168429784410677,2276.805787362218,298.15
10053.0,66.03620705620891,0.0,1.6027212102718147,30.463901455096156,3488.760151607631,298.15
10054.0,66.03481803870729,0.0,0.0,25.249912628775473,3049.317657738013,298.15
10055.0,66.03342902120566,0.0,0.0,28.9430654556151,3690.153074821605,298.15
10056.0,66.03204000370404,0.0,3.179334072421864,27.549136349313013,3357.5299576127804,298.15
10057.0,66.03065098620243,0.0,0.0,25.52441342445407,3747.678363064346,298.15
10058.0,66.02926196870081,0.0,5.069652989137529,24.13298703221636,2693.477507629325,298.15
10059.0,66.02787295119919,0.0,0.0,24.86003612765195,3083.254753619399,298.15
10060.0,66.02648393369756,0.0,0.0,29.472192215411958,4391.595886465464,298.15
10061.0,66.02509491619594,0.0,0.315219288834701,30.856992635269172,3018.196471324126,298.15
10062.0,66.02370589869432,0.0,5.261273689140706,27.595201347401467,3033.562157312438,298.15
10063.0,66.02231688119271,0.0,0.0,27.834492708045243,3031.7118213631147,298.15
10064.0,66.02092786369109,0.0,0.0,29.2697330987264,3990.9733940458314,298.15
10065.0,66.01953884618946,0.0,1.1346763754670253,27.941106900424426,3003.415231642698,298.15
10066.0,66.01814982868784,0.0,0.08016925787590343,30.184047465019752,2822.0470402642422,298.15
10067.0,66.01676081118622,0.0,0.9099083084615598,28.6322127053971,3653.2936068917243,298.15
10068.0,66.0153717936846,0.0,0.0,28.424744015782924,3712.9435479237545,298.15
10069.0,66.01398277618298,1.0,115.0446860270591,36.81131508264853,2830.1575346633394,298.15
10070.0,66.01259375868136,1.0,116.17084842527285,36.411370849121475,2850.5616608465825,298.15
10071.0,66.01120474117974,0.0,0.0,21.941046725450313,3184.0376599942197,298.15
10072.0,66.00981572367812,0.0,0.0,31.12314238035164,2740.139578146707,298.15
10073.0,66.0084267061765,0.0,0.0,28.36803408595084,2810.015583870984,298.15
10074.0,66.00703768867487,1.0,115.6341461805704,37.93875739181593,3932.119462477968,298.15
10075.0,66.00564867117326,0.0,0.7635896851215885,24.824303147862196,3114.698260254554,298.15
10076.0,66.00425965367164,0.0,0.0,27.623629032993204,2759.6002872111553,298.15
10077.0,66.00287063617002,0.0,0.0,27.436698877097,302.80914418566505,298.15
10078.0,66.0014816186684,0.0,5.520973567593137,27.470533307168402,2404.8087863987453,298.15
10079.0,66.00009260116677,1.0,114.51063286396052,39.87920338125135,2301.122170590315,298.15
10080.0,65.99870358366515,0.0,3.062637378689224,29.51851739298671,2798.392091560486,298.15
10081.0,65.99731456616354,0.0,0.13021533584714456,26.523298200654676,2677.9183518239392,298.15
10082.0,65.99592554866192,0.0,0.0,26.72196000440121,3251.9547483457686,298.15
10083.0,65.99453653116029,0.0,0.0,26.78211825417078,3001.1895051862034,298.15
10084.0,65.99314751365867,0.0,0.3327849418815914,33.27083661384371,3460.002266432003,298.15
10085.0,65.99175849615705,0.0,3.4626422273036717,32.67078533537763,3077.462491214844,298.15
10086.0,65.99036947865542,0.0,0.0,27.877175664460722,2494.3039643637658,298.15
10087.0,65.98898046115382,0.0,0.0,25.603014528683435,3246.000050275153,298.15
10088.0,65.98759144365219,1.0,120.28243981657518,39.99895724171969,2913.557938405998,298.15
10089.0,65.98620242615057,0.0,0.8121067473217836,29.873658158493527,3311.2957008542294,298.15
10090.0,65.98481340864895,0.0,0.0,30.47034557036735,2971.450253498147,298.15
10091.0,65.98342439114732,0.0,0.23559359516456416,31.382664868329748,3586.682092461501,298.15
10092.0,65.98203537364572,0.0,3.602820205382454,30.815325672282356,2460.2254827368797,298.15
10093.0,65.98064635614409,1.0,118.30433905088046,37.60189921866576,3165.582928179957,298.15
10094.0,65.97925733864247,1.0,111.97146325621166,40.54116883457165,2901.34477560763,298.15
10095.0,65.97786832114085,0.0,0.9249018164255208,31.718486843834185,3242.880683859087,298.15
10096.0,65.97647930363922,0.0,0.0,28.473996624490614,3182.977353992912,298.15
10097.0,65.9750902861376,1.0,114.49099582979754,40.60331370735253,3144.4284811520124,298.15
10098.0,65.97370126863598,0.0,0.0,28.850082555919645,3663.6352357852884,298.15
10099.0,65.97231225113437,0.0,2.3231415261451707,34.12393657156288,3125.7397448942384,298.15
10100.0,65.97092323363275,1.0,117.4705269051524,37.257644870945406,2925.551611991282,298.15
10101.0,65.96953421613112,0.0,0.0,32.38732468733523,2459.352561701266,298.15
10102.0,65.9681451986295,1.0,119.38635075756599,36.53927595543644,2650.774030794175,298.15
10103.0,65.96675618112788,0.0,0.0,33.68932238733743,3060.3862214132073,298.15
10104.0,65.96536716362627,1.0,119.97449038598842,37.61098812243818,2565.964276214346,298.15
10105.0,65.96397814612465,0.0,0.0,30.345782987934886,3196.5053118526043,298.15
10106.0,65.96258912862302,0.0,0.0,26.56612851409751,2506.852295896641,298.15
10107.0,65.9612001111214,0.0,0.0,27.11920336014633,2542.5668899571174,298.15
10108.0,65.95981109361978,0.0,1.054836520941402,31.737230667594645,3400.750751584644,298.15
10109.0,65.95842207611815,0.0,0.09986752803853945,31.97541404321333,3351.8912000879236,298.15
10110.0,65.95703305861653,0.0,0.0,30.310044561548445,3028.5384765344734,298.15
10111.0,65.95564404111492,0.0,4.615716143359252,31.308345905013613,3434.8899883333897,298.15
10112.0,65.9542550236133,1.0,122.62494045498364,41.893918325145314,3090.2692675673834,298.15
10113.0,65.95286600611168,0.0,2.030896516896536,28.274249941388682,3062.5456730171304,298.15
10114.0,65.95147698861005,0.0,0.0,26.747305397894202,3453.8127614193622,298.15
10115.0,65.95008797110843,0.0,0.5244843471879934,29.55722593681531,3337.0863581513786,298.15
10116.0,65.94869895360682,0.0,0.0,28.335758076966812,3026.7362853365826,298.15
10117.0,65.9473099361052,1.0,123.5213667682038,40.2715843028898,3359.142239184725,298.15
10118.0,65.94592091860358,0.0,0.0,30.537099236915893,2395.0813253070596,298.15
10119.0,65.94453190110195,1.0,122.527137629549,37.9280240231706,3327.536334609826,298.15
10120.0,65.94314288360033,0.0,0.382647987119102,30.721135790362286,2473.9184609242247,298.15
10121.0,65.94175386609871,0.0,0.0,30.543287496115617,3389.8731831188634,298.15
10122.0,65.94036484859708,1.0,129.50483160751043,40.60820181171715,3496.488469581127,298.15
10123.0,65.93897583109548,1.0,121.08956912843911,38.18881403285263,2527.7281912121584,298.15
10124.0,65.93758681359385,0.0,0.0,30.558630858999933,3342.366763853877,298.15
10125.0,65.93619779609223,1.0,124.6830862754055,39.932960664449965,2880.1718658147843,298.15
10126.0,65.93480877859061,1.0,121.79012096403824,40.089486203802096,2834.9720380498316,298.15
10127.0,65.93341976108898,1.0,122.69430348485776,42.13878954816708,3161.243921940195,298.15
10128.0,65.93203074358738,1.0,120.9825524531954,39.24986647842694,2778.4517315703915,298.15
10129.0,65.93064172608575,1.0,124.92608763879065,37.215912639735876,2668.6630339346657,298.15
10130.0,65.92925270858413,1.0,125.14223183320793,36.06995285903196,3852.7880289286427,298.15
10131.0,65.9278636910825,0.0,0.0,30.587761392384305,2729.9792597096402,298.15
10132.0,65.92647467358088,1.0,126.02091870029389,38.88310223255275,2775.792174540273,298.15
10133.0,65.92508565607926,1.0,120.08213029551297,41.481160755765934,3072.9998037148666,298.15
10134.0,65.92369663857764,0.0,0.0,23.716346700246415,2624.7249175352827,298.15
10135.0,65.92230762107603,0.0,0.0,29.67181642212331,3104.2895186632654,298.15
10136.0,65.9209186035744,0.0,0.0,27.125186697228475,3552.8291190854643,298.15
10137.0,65.91952958607278,1.0,121.12401379709088,36.806434897585476,3185.1053498316605,298.15
10138.0,65.91814056857116,1.0,124.75607528680331,35.825464113396635,776.529485548555,298.15
10139.0,65.91675155106954,1.0,127.34406938687981,39.13152577729606,739.4089693450337,298.15
10140.0,65.91536253356793,0.0,3.054555866646887,28.403343299820154,2840.7079815315947,298.15
10141.0,65.9139735160663,1.0,124.79336724249977,34.63413547333139,2756.3084873517832,298.15
10142.0,65.91258449856468,1.0,128.04972257756796,37.19319336502098,3873.5340150313114,298.15
10143.0,65.91119548106306,1.0,128.02652688641837,38.16588982206119,3039.9975064124283,298.15
10144.0,65.90980646356144,1.0,129.62187275457725,36.925620026795904,2015.574242024173,298.15
10145.0,65.90841744605981,1.0,126.0943514326683,38.695831259667294,3097.3277879792486,298.15
10146.0,65.90702842855819,1.0,122.85532400351393,35.652199342911224,3608.653197038458,298.15
10147.0,65.90563941105658,1.0,127.52027501314844,31.435043093286897,2626.3338248410596,298.15
10148.0,65.90425039355496,1.0,125.15204146293964,36.3204469475685,3540.6850990186394,298.15
10149.0,65.90286137605334,1.0,126.05929312048256,36.145221172434894,3755.9902980466422,298.15
10150.0,65.90147235855171,1.0,127.28236121862498,36.24977810478297,2533.2598558757227,298.15
10151.0,65.90008334105009,0.0,0.0,27.72665374748039,3171.348434883795,298.15
10152.0,65.89869432354848,1.0,128.77516933587356,31.23275429818858,2969.4677613370404,298.15
10153.0,65.89730530604686,0.0,1.675232972385133,24.602278043451182,3543.2919774482502,298.15
10154.0,65.89591628854524,1.0,128.00478445479752,33.012680980761246,2848.0592204653085,298.15
10155.0,65.89452727104361,1.0,130.04695652149132,32.24490088017687,2579.9504433389766,298.15
10156.0,65.89313825354199,0.0,0.03529836506503963,24.411928525096606,2995.608902963378,298.15
10157.0,65.89174923604037,0.0,2.2287662371247943,25.829202007991555,2701.455998702556,298.15
10158.0,65.89036021853875,1.0,129.33198682784547,34.81561785235634,2272.584360444264,298.15
10159.0,65.88897120103714,1.0,129.8212223283837,32.58529638776331,2787.56655444034,298.15
10160.0,65.88758218353551,1.0,129.34633117389686,33.516110539478476,3067.4034673552455,298.15
10161.0,65.88619316603389,1.0,130.08190200461794,35.547036969262244,3384.0400423631363,298.15
10162.0,65.88480414853227,1.0,128.83300663235747,34.84317761298839,2984.9051079352153,298.15
10163.0,65.88341513103065,1.0,128.82907946338543,32.092848544486394,2690.354008143119,298.15
10164.0,65.88202611352904,1.0,133.01323099884854,31.76112839713218,2963.851925278061,298.15
10165.0,65.88063709602741,0.0,0.0,19.289760004731036,3228.252875917589,298.15
10166.0,65.87924807852579,1.0,130.87398878550835,31.74809162623461,3895.57677031062,298.15
10167.0,65.87785906102417,1.0,134.2892907452447,28.844261461185326,2934.56343890259,298.15
10168.0,65.87647004352254,1.0,131.26690936891566,36.49863192280664,2613.583995225892,298.15
10169.0,65.87508102602092,1.0,134.31940715671024,30.251544667836672,3138.1118622819786,298.15
10170.0,65.8736920085193,1.0,131.1754567653432,34.10195663056584,638.0754248257172,298.15
10171.0,65.87230299101769,1.0,130.31867893329914,35.356843730483604,488.3127865004122,298.15
10172.0,65.87091397351607,1.0,129.26364808353662,31.833545655065194,22.05687110490885,298.15
10173.0,65.86952495601444,1.0,136.43170956529303,30.966000728051906,809.91183761559,298.15
10174.0,65.86813593851282,1.0,130.83738845857292,28.22408528121994,451.615956237891,298.15
10175.0,65.8667469210112,0.0,1.7801327856587112,19.69731778960222,694.1756680061906,298.15
10176.0,65.86535790350959,1.0,131.64912146480654,33.837026419763916,1043.879365864273,298.15
10177.0,65.86396888600797,1.0,137.41379497291888,31.02810980469157,0.0,298.15
10178.0,65.86257986850634,1.0,139.7771229903611,30.139660348762536,0.0,298.15
10179.0,65.86119085100472,1.0,130.7464929679127,32.57072555771503,698.0941319920371,298.15
10180.0,65.8598018335031,1.0,132.42574422089749,31.074384325127216,0.0,298.15
10181.0,65.85841281600148,1.0,137.09816986765077,29.104972989156845,359.93914198237565,298.15
10182.0,65.85702379849985,1.0,136.7251462540034,29.631835365024326,299.8981013998465,298.15
10183.0,65.85563478099824,1.0,137.60094172336753,27.37061910452286,626.0415388709303,298.15
10184.0,65.85424576349662,1.0,134.63060763133532,27.570760408572,266.68951069821657,298.15
10185.0,65.852856745995,1.0,140.98076853099937,28.075291753921245,672.315618429789,298.15
10186.0,65.85146772849338,1.0,136.7752539652867,29.424358718569117,126.27735393577768,298.15
10187.0,65.85007871099175,1.0,133.84347687470344,25.463694960312026,64.95049409128416,298.15
10188.0,65.84868969349014,1.0,136.38888939628126,27.96829718690575,506.7540265912774,298.15
10189.0,65.84730067598852,1.0,134.37407350640774,26.773149176697792,536.8757925296559,298.15
10190.0,65.8459116584869,1.0,141.28165106295995,25.4844297520292,603.3989621969101,298.15
10191.0,65.84452264098528,1.0,136.1681959477246,26.31883140797567,1018.2351081594582,298.15
10192.0,65.84313362348365,1.0,139.16504778198683,22.08200187033452,948.5452647249663,298.15
10193.0,65.84174460598203,1.0,137.1209292353058,25.080191112508047,658.1830220627262,298.15
10194.0,65.8403555884804,1.0,137.0268996049332,24.139148201472214,783.4973230515817,298.15
10195.0,65.8389665709788,1.0,134.19285684880919,25.59834144490534,591.8165784591845,298.15
10196.0,65.83757755347717,1.0,140.42010386752105,21.229869975513886,913.1314076483375,298.15
10197.0,65.83618853597555,1.0,142.34137284339295,26.101143781072555,627.4531768455364,298.15
10198.0,65.83479951847393,1.0,137.31513729510118,27.350804610467623,306.5720580200498,298.15
10199.0,65.8334105009723,1.0,136.06725001787848,24.993175535518493,236.44229048014665,298.15
10200.0,65.8320214834707,1.0,141.91385825685637,26.03092890723464,903.1416317128201,298.15
10201.0,65.83063246596907,1.0,136.3292393159791,23.704652140323994,435.8727270662114,298.15
10202.0,65.82924344846745,1.0,143.40809120956578,21.31566706522424,1171.3756141800804,298.15
10203.0,65.82785443096583,1.0,138.59918436419719,24.296898949886693,113.15986048382098,298.15
10204.0,65.8264654134642,1.0,138.37647870872752,25.464383515492255,938.3281729446585,298.15
10205.0,65.82507639596258,1.0,141.84801161125648,21.08579951409973,350.6193508905415,298.15
10206.0,65.82368737846096,1.0,139.03366017729866,22.626819442624793,642.64855074806,298.15
10207.0,65.82229836095935,1.0,140.07306173919278,22.843232342802445,44.05695374878377,298.15
10208.0,65.82090934345773,1.0,142.8516115925014,29.013438668577205,0.0,298.15
10209.0,65.8195203259561,1.0,136.4713670283404,23.348156688393576,1018.3784005366853,298.15
10210.0,65.81813130845448,1.0,146.42166066126802,18.71494474408179,346.34684136956196,298.15
10211.0,65.81674229095286,1.0,142.86246193410096,17.971439622575684,845.1352066789715,298.15
10212.0,65.81535327345125,1.0,139.92757402749612,23.699113141320375,270.07406747861523,298.15
10213.0,65.81396425594963,1.0,140.83364010323854,27.094383511151904,845.610505005988,298.15
10214.0,65.812575238448,1.0,145.86853806981213,21.147118745231932,349.8708265136636,298.15
10215.0,65.81118622094638,1.0,145.18640419291765,20.79389593716776,76.01917705751043,298.15
10216.0,65.80979720344476,1.0,147.30638196062162,22.15999809633109,726.4371994345194,298.15
10217.0,65.80840818594314,1.0,142.62343481866264,19.391943840604686,3628.3719491666934,298.15
10218.0,65.80701916844153,1.0,145.2037469563269,15.556742720781251,3346.7831895497193,298.15
10219.0,65.8056301509399,1.0,145.76005180240352,22.733266945350103,3426.8694171331763,298.15
10220.0,65.80424113343828,1.0,146.64631886205692,19.09738846676592,2320.56372772269,298.15
10221.0,65.80285211593666,1.0,147.92112583047663,22.311676782663376,2650.6413950791557,298.15
10222.0,65.80146309843504,0.0,0.0,8.346084239532294,2266.4012133527617,298.15
10223.0,65.80007408093341,1.0,145.45279831869468,19.94957675842004,3355.4929612803485,298.15
10224.0,65.7986850634318,1.0,144.5149075870188,21.24494270341923,3479.419312174224,298.15
10225.0,65.79729604593018,1.0,146.0863120589892,21.4720053598779,2849.6919861446845,298.15
10226.0,65.79590702842856,1.0,148.11805509477256,19.52433469932281,1806.7003718945894,298.15
10227.0,65.79451801092694,1.0,142.75513388659482,19.20601268540732,1954.9242603888872,298.15
10228.0,65.79312899342531,1.0,149.57978259244962,19.89415149263136,2260.253559009808,298.15
10229.0,65.79173997592369,1.0,144.46293746811295,19.360282113897338,2644.53866241534,298.15
10230.0,65.79035095842208,1.0,146.68411423090126,15.521463625779756,3576.0237386702224,298.15
10231.0,65.78896194092046,1.0,150.61864968913983,15.351847016390526,2145.5169822131325,298.15
10232.0,65.78757292341884,1.0,148.67426543762141,13.414582175730725,2561.116747010506,298.15
10233.0,65.78618390591721,1.0,148.93862234502674,19.15237845450882,2845.491331371109,298.15
10234.0,65.78479488841559,1.0,145.55294962574797,16.546463948116894,3750.696926335276,298.15
10235.0,65.78340587091397,1.0,146.11335091462365,18.857747724750606,2374.6508392914425,298.15
10236.0,65.78201685341236,1.0,151.077483165642,17.797008021671758,2432.9081417635057,298.15
10237.0,65.78062783591074,1.0,147.66457534653966,14.692790286877553,3755.463063086304,298.15
10238.0,65.77923881840911,1.0,148.121272544769,16.32026737283282,3610.8420588896815,298.15
10239.0,65.77784980090749,1.0,151.82811257438405,15.434871419605834,3127.069498175524,298.15
10240.0,65.77646078340587,1.0,147.26031558585893,14.924046537238608,2906.8860174538354,298.15
10241.0,65.77507176590424,1.0,150.63217756980717,17.885459923784207,2972.846046156564,298.15
10242.0,65.77368274840263,1.0,150.32092744733836,20.995728986831644,3731.0303044664997,298.15
10243.0,65.77229373090101,1.0,150.4391477842038,17.928387718945817,3064.593783070014,298.15
10244.0,65.77090471339939,1.0,149.43609865173988,15.382925335977841,3433.70770111616,298.15
10245.0,65.76951569589777,0.0,0.0,7.8614952211344455,2712.7975523135824,298.15
10246.0,65.76812667839614,1.0,148.54995889162322,18.62063803498223,3021.1865260544114,298.15
10247.0,65.76673766089452,0.0,1.1499240600705878,2.0269881674708796,396.0157486111334,298.15
10248.0,65.76534864339291,0.0,0.0,7.263386742841373,549.0808377834444,298.15
10249.0,65.76395962589129,1.0,154.08967323831,16.152126756891818,1342.9090189115332,298.15
10250.0,65.76257060838967,1.0,151.4650094139756,16.849064354672883,1396.6141036848062,298.15
10251.0,65.76118159088804,1.0,149.69529130947006,15.909050218108481,364.132744587944,298.15
10252.0,65.75979257338642,1.0,151.86606914806572,13.594788467736471,1018.2430481926046,298.15
10253.0,65.7584035558848,1.0,151.66809340588566,18.107176030825304,2435.5208566492397,298.15
10254.0,65.75701453838319,0.0,2.404135849167778,4.450233968577526,3494.4328318400385,298.15
10255.0,65.75562552088157,1.0,152.19221328075426,12.696220908968472,3040.195511647986,298.15
10256.0,65.75423650337994,1.0,152.62334046372953,14.488082955745622,2998.4674993990916,298.15
10257.0,65.75284748587832,1.0,156.85293691626234,15.303342160144432,4236.678358014803,298.15
10258.0,65.7514584683767,0.0,1.2109201834903984,3.343531919493541,2817.8852697038296,298.15
10259.0,65.75006945087507,1.0,157.86405784268493,13.817284785007004,3147.2674657216335,298.15
10260.0,65.74868043337347,1.0,157.10645461327604,13.047386751664629,2383.8444415535027,298.15
10261.0,65.74729141587184,1.0,152.1957787535768,11.363475487303086,2935.1342287796815,298.15
10262.0,65.74590239837022,1.0,156.8688846445147,10.895201981669643,2243.76003849919,298.15
10263.0,65.7445133808686,0.0,3.6339549373344107,0.0,2617.9176717010323,298.15
10264.0,65.74312436336697,0.0,3.651846737078516,5.4726036359876264,2855.9079408764323,298.15
10265.0,65.74173534586535,1.0,157.45777614075215,11.748627181656353,3111.195360942485,298.15
10266.0,65.74034632836374,1.0,157.60324844515287,5.004579648516623,3339.4338796254096,298.15
10267.0,65.73895731086212,1.0,154.76991047392244,12.790102412656546,2810.126673797511,298.15
10268.0,65.7375682933605,1.0,153.68707568496654,12.632178746269172,2449.084785548633,298.15
10269.0,65.73617927585887,1.0,155.03234551482515,7.885596676804706,3548.458443978754,298.15
10270.0,65.73479025835725,1.0,152.09286224282928,9.914462492506587,2752.029642665565,298.15
10271.0,65.73340124085564,1.0,159.44416254629795,9.718426749751057,3262.611839807806,298.15
10272.0,65.73201222335402,0.0,0.0,0.0,3335.9507363560715,298.15
10273.0,65.7306232058524,1.0,159.68796377431843,13.83557888611149,3581.647408009978,298.15
10274.0,65.72923418835077,0.0,0.0,0.9259727788191381,3282.033913094488,298.15
10275.0,65.72784517084915,1.0,159.5498597298702,10.258775799472723,3118.276807980595,298.15
10276.0,65.72645615334753,0.0,0.0,3.3731664422547887,3088.7051073789207,298.15
10277.0,65.7250671358459,0.0,0.0,1.9921499419956357,2930.205110770608,298.15
10278.0,65.7236781183443,1.0,161.37177031089578,7.288444329153926,3136.8933331949393,298.15
10279.0,65.72228910084267,1.0,160.30444195287313,9.534249907076994,3287.5275864692467,298.15
10280.0,65.72090008334105,1.0,158.3400601226715,11.399600191591592,3169.4514812267275,298.15
10281.0,65.71951106583943,1.0,158.08352089899932,8.732892225116144,2467.322855959732,298.15
10282.0,65.7181220483378,0.0,1.0471095231974161,4.7903837877289295,3040.894949711847,298.15
10283.0,65.7167330308362,0.0,0.4636923589848015,0.7649424048230917,766.7410348008531,298.15
10284.0,65.71534401333457,1.0,156.60476200060543,8.914135300473355,568.2461110681553,298.15
10285.0,65.71395499583295,1.0,157.66981019591472,8.093493045280491,729.7124614648462,298.15
10286.0,65.71256597833133,1.0,163.4799501732009,12.278310683894103,0.0,298.15
10287.0,65.7111769608297,1.0,165.32999331213406,8.97262319645328,1141.8998085896815,298.15
10288.0,65.70978794332808,0.0,3.722975594103892,1.0509382305351664,588.3634360948371,298.15
10289.0,65.70839892582646,1.0,160.40696281093432,7.843340192479223,0.0,298.15
10290.0,65.70700990832485,0.0,0.0,0.329763326481285,845.6734985246959,298.15
10291.0,65.70562089082323,1.0,157.66143115064855,8.83536318864476,369.2172069895903,298.15
10292.0,65.7042318733216,1.0,157.96295665844528,9.46640595272823,510.68567923509363,298.15
10293.0,65.70284285581998,0.0,0.0,0.0,332.67334077323335,298.15
10294.0,65.70145383831836,0.0,5.12503528312921,2.186388102549754,465.7109436953376,298.15
10295.0,65.70006482081675,0.0,4.30337264940374,0.0,483.35560483285303,298.15
10296.0,65.69867580331513,0.0,1.7779690464334734,0.0,0.0,298.15
10297.0,65.6972867858135,1.0,158.10881421995077,9.820006876312174,803.2410593912537,298.15
10298.0,65.69589776831188,1.0,162.65640105836462,13.339725081097901,539.5331763089165,298.15
10299.0,65.69450875081026,0.0,0.0,1.8419864653446132,3109.2521765081783,298.15
10300.0,65.69311973330863,0.0,0.0,1.6342199894704268,3309.973335161352,298.15
10301.0,65.69173071580701,0.0,0.6840021812167846,0.0,2813.0621662681315,298.15
10302.0,65.6903416983054,1.0,159.02554674453827,8.65073577265626,3352.3558124321917,298.15
10303.0,65.68895268080378,0.0,0.0,2.4733506695272096,2346.044499061381,298.15
10304.0,65.68756366330216,1.0,160.6723020160342,7.609458549331278,2276.653388719825,298.15
10305.0,65.68617464580053,0.0,0.0,0.2198835515191328,2695.284132018917,298.15
10306.0,65.68478562829891,0.0,0.0,0.0,2693.5133771574365,298.15
10307.0,65.6833966107973,1.0,161.4115023047796,8.09626532046408,3076.229215645928,298.15
10308.0,65.68200759329568,0.0,0.0,3.5922144194712198,3057.6931125134256,298.15
10309.0,65.68061857579406,1.0,165.4436490336938,11.636270991776433,3273.486789804426,298.15
10310.0,65.67922955829243,0.0,0.0,2.2166800915202445,3535.111780383101,298.15
10311.0,65.67784054079081,1.0,159.75707191321726,11.843237637328013,2769.0562569710064,298.15
10312.0,65.67645152328919,0.0,0.0,0.0,2898.0428205482153,298.15
10313.0,65.67506250578757,1.0,161.9627919546743,8.882229904207664,2945.217390396257,298.15
10314.0,65.67367348828596,0.0,3.4759427429256733,0.0,3210.2980709636463,298.15
10315.0,65.67228447078433,0.0,0.6418872160807672,0.017974331551442013,2524.6356300095567,298.15
10316.0,65.67089545328271,0.0,1.3495742476301578,4.142572734879575,3091.2179722232463,298.15
10317.0,65.66950643578109,1.0,163.23520649469984,7.769587958925479,2792.6338003068972,298.15
10318.0,65.66811741827946,0.0,0.5514450567930191,0.0,2391.6893174681404,298.15
10319.0,65.66672840077786,1.0,163.48435610477617,8.776144753703772,2682.379513989866,298.15
10320.0,65.66533938327623,0.0,0.0,2.9180358680775305,2353.0463592999786,298.15
10321.0,65.66395036577461,1.0,162.3063502276972,14.640225314343027,2721.9010273937865,298.15
10322.0,65.66256134827299,0.0,2.769026018089317,1.5250041253203377,2187.8089616906655,298.15
10323.0,65.66117233077136,1.0,172.43944491652184,11.776511339901756,2795.577642304764,298.15
10324.0,65.65978331326974,1.0,160.24669885886496,11.242099530578137,3086.3352363095937,298.15
10325.0,65.65839429576812,0.0,1.0079657722477025,2.0460112714726555,2932.1211867232537,298.15
10326.0,65.65700527826651,0.0,0.0,2.8316777938279127,3155.8391587028277,298.15
10327.0,65.65561626076489,0.0,4.878423055120682,2.208686732751703,2631.9013054439606,298.15
10328.0,65.65422724326326,0.0,0.0,2.458610868179021,2608.5108883225685,298.15
10329.0,65.65283822576164,0.0,1.488885494556176,3.132252976730425,699.2232155220769,298.15
10330.0,65.65144920826002,0.0,0.0,0.0,355.23897960112214,298.15
10331.0,65.65006019075841,0.0,0.0,1.7476677096614508,640.0868386473518,298.15
10332.0,65.64867117325679,1.0,163.4931443101729,12.486221673176436,485.21074175499996,298.15
10333.0,65.64728215575516,0.0,2.548484218503281,2.8306439209782375,149.97502036947645,298.15
10334.0,65.64589313825354,1.0,161.0976115324362,11.735673008316622,219.31909177042036,298.15
10335.0,65.64450412075192,0.0,1.5804752525145807,2.542647069732256,908.1925467487752,298.15
10336.0,65.6431151032503,0.0,0.0447369391858578,0.847141231795201,1052.1270813166625,298.15
10337.0,65.64172608574867,0.0,0.6499159072932955,0.0,749.8235854888833,298.15
10338.0,65.64033706824706,0.0,2.2831773315079507,4.625790124339439,295.7329054539095,298.15
10339.0,65.63894805074544,0.0,0.0,0.3831761896155319,1000.0731131001878,298.15
10340.0,65.63755903324382,1.0,165.79972541488428,12.533110720262222,714.5508462848137,298.15
10341.0,65.6361700157422,0.0,0.0,1.4563901536528718,617.5632792554145,298.15
10342.0,65.63478099824057,0.0,2.6108609173656774,6.427787883382631,1145.2856513924612,298.15
10343.0,65.63339198073896,0.0,0.7970659829877275,3.128930064252483,198.78578446197065,298.15
10344.0,65.63200296323734,0.0,0.0,2.800633843135908,770.7453290510125,298.15
10345.0,65.63061394573572,0.0,0.0,5.139638471712483,214.6786578475834,298.15
10346.0,65.6292249282341,0.0,1.9614570591734828,8.20544658233456,287.52234927353254,298.15
10347.0,65.62783591073247,0.0,3.004151126535089,4.744033725597777,1411.3956814408805,298.15
10348.0,65.62644689323085,0.0,0.0,3.2854004754800847,675.9573753273164,298.15
10349.0,65.62505787572923,0.0,0.0,5.6678620939038415,1147.694618593057,298.15
10350.0,65.62366885822762,0.0,1.6539213284144048,1.1429036369351437,690.3940952914922,298.15
10351.0,65.622279840726,0.0,0.0,4.657270453259234,640.9512197460467,298.15
10352.0,65.62089082322437,0.0,0.0,8.853008482730484,280.7036164962217,298.15
10353.0,65.61950180572275,0.0,0.0,5.230852796318103,3716.98708420308,298.15
10354.0,65.61811278822113,0.0,0.0,5.303082468363064,3024.481373755396,298.15
10355.0,65.61672377071952,0.0,0.0,5.300931946700731,3180.0925180994923,298.15
10356.0,65.6153347532179,0.0,0.0,4.621249271206967,2834.492811605913,298.15
10357.0,65.61394573571627,0.0,0.0,6.271365783531829,3334.7639389008755,298.15
10358.0,65.61255671821465,0.0,1.5306616063604395,7.408768655046076,3171.3527979243545,298.15
10359.0,65.61116770071303,0.0,0.0,5.307873730139729,2633.6705456496784,298.15
10360.0,65.6097786832114,0.0,0.0,1.0352063728026852,2959.736410605795,298.15
10361.0,65.60838966570978,0.0,4.637906785864782,7.337283622390828,2781.934138703804,298.15
10362.0,65.60700064820817,1.0,163.69359805090187,20.97760491370699,3423.475450672822,298.15
10363.0,65.60561163070655,0.0,0.8160620827251359,5.986981142006643,3362.2221494159908,298.15
10364.0,65.60422261320493,0.0,0.0,3.9219213132880246,1565.746994692445,298.15
10365.0,65.6028335957033,0.0,5.15436514642886,8.562633811223598,2921.0011013971057,298.15
10366.0,65.60144457820168,0.0,0.0,10.96862170829208,2619.2453245599518,298.15
10367.0,65.60005556070007,0.0,0.0,8.662256716401098,2998.0198316563083,298.15
10368.0,65.59866654319845,0.0,3.1378230876620843,11.33839438931708,3208.530482707854,298.15
10369.0,65.59727752569682,0.0,0.0,9.621448089374528,2369.6577922303095,298.15
10370.0,65.5958885081952,0.0,0.11409250812593251,9.65109877263802,3114.51668988822,298.15
10371.0,65.59449949069358,1.0,162.75089466521956,17.330281781775103,3787.4325409969956,298.15
10372.0,65.59311047319196,0.0,0.0,9.20320438720828,3205.467143620282,298.15
10373.0,65.59172145569033,0.0,0.8827015705904798,8.766372519455102,2726.671488112896,298.15
10374.0,65.59033243818872,1.0,164.56335395769938,18.911049348396013,3343.6849951840168,298.15
10375.0,65.5889434206871,0.0,0.0,8.735046904697311,3884.904618194175,298.15
10376.0,65.58755440318548,0.0,0.0,9.944441322749103,2867.555263750788,298.15
10377.0,65.58616538568386,0.0,0.0,7.018524312209044,3598.2491320074864,298.15
10378.0,65.58477636818223,1.0,159.63725388907304,21.596632873057633,3402.374567669459,298.15
10379.0,65.58338735068062,0.0,0.0,8.327069243190738,2582.627293074566,298.15
10380.0,65.581998333179,1.0,163.53334150295134,19.84747153950946,2923.110159008598,298.15
10381.0,65.58060931567738,0.0,2.2361551770274137,11.272613448582915,2706.6067756700086,298.15
10382.0,65.57922029817576,0.0,2.075219636720071,8.898596627427501,3626.167117879912,298.15
10383.0,65.57783128067413,1.0,156.9061694223956,16.97751642859555,523.8443370897304,298.15
10384.0,65.57644226317251,1.0,161.91091305631133,20.477950957382312,3043.250681514645,298.15
10385.0,65.57505324567089,0.0,0.0,8.540453039434093,2462.185497342373,298.15
10386.0,65.57366422816928,0.0,0.3424468920790588,13.200092549336302,2262.0167635984258,298.15
10387.0,65.57227521066766,1.0,161.22545145887096,19.57406957462596,3367.1514556510374,298.15
10388.0,65.57088619316603,1.0,163.5349146492591,25.258876808354465,2741.9186019432714,298.15
10389.0,65.56949717566441,1.0,161.98047978504624,22.40909045196534,3180.565743266564,298.15
10390.0,65.56810815816279,1.0,157.40796610535253,22.77578731807525,2986.4466130749215,298.15
10391.0,65.56671914066118,0.0,0.0,8.792809991698041,3316.767648806979,298.15
10392.0,65.56533012315955,0.0,0.013782732061615541,13.41941108923929,3209.095385314225,298.15
10393.0,65.56394110565793,0.0,0.21468336226053042,13.188265323963439,2752.0848531347283,298.15
10394.0,65.56255208815631,0.0,0.0,10.903350722665976,3494.795034523514,298.15
10395.0,65.56116307065469,1.0,157.72362207913483,24.00348429173228,3147.213589984029,298.15
10396.0,65.55977405315306,0.0,0.13400156102600125,13.23569429527858,2702.5755807767346,298.15
10397.0,65.55838503565145,0.0,0.0,13.84533493647939,2257.5139543725095,298.15
10398.0,65.55699601814983,0.0,0.0,14.582332381947909,2854.8153719894917,298.15
10399.0,65.55560700064821,0.0,0.0,13.789964226793089,3646.2196895724956,298.15
10400.0,65.55421798314659,0.0,0.0,15.50938933581012,3499.4969307266756,298.15
10401.0,65.55282896564496,0.0,0.0,15.056712400692314,2299.0855717604136,298.15
10402.0,65.55143994814334,0.0,0.0,16.44830377055381,2802.716517540554,298.15
10403.0,65.55005093064173,0.0,0.03296288349789687,14.613904697066438,2844.2094848595243,298.15
10404.0,65.54866191314011,1.0,158.548119939227,23.74082642951427,2842.5498572276556,298.15
10405.0,65.54727289563849,0.0,0.1684319389256371,14.71176020519588,3381.2134210820586,298.15
10406.0,65.54588387813686,0.0,0.0,19.393382514065596,2843.6106262353983,298.15
10407.0,65.54449486063524,1.0,160.24935146763485,28.62185585136436,2514.766216987533,298.15
10408.0,65.54310584313362,1.0,161.79985962838472,29.387873410675216,2542.898604915453,298.15
10409.0,65.54171682563201,0.0,1.9994638884286084,19.764698198903773,3095.079187393277,298.15
10410.0,65.54032780813039,1.0,162.48550161571723,26.382706635583094,2651.767278711833,298.15
10411.0,65.53893879062876,1.0,161.2644603410856,28.190335950689935,2673.6643709911705,298.15
10412.0,65.53754977312714,0.0,0.5683507824896604,17.967467702264617,2896.264639285906,298.15
10413.0,65.53616075562552,0.0,0.0,19.40497785333412,3404.8222059260547,298.15
10414.0,65.5347717381239,1.0,157.88482295438902,27.674480697795417,249.6768136523383,298.15
10415.0,65.53338272062228,1.0,156.56024477035572,28.693844266596468,144.39178754263105,298.15
10416.0,65.53199370312066,1.0,158.5031086245312,28.879722744827028,578.8870964671153,298.15
10417.0,65.53060468561904,0.0,1.6614890197040881,20.05820327641726,1149.3347355418057,298.15
10418.0,65.52921566811742,0.0,0.0,20.54013694325154,0.0,298.15
10419.0,65.5278266506158,1.0,157.91399607869602,29.604209025141802,99.11013007922418,298.15
10420.0,65.52643763311417,0.0,0.0,19.891525497283123,581.1037579786796,298.15
10421.0,65.52504861561256,0.0,0.49877568991729193,20.325659015486213,894.8208167115145,298.15
10422.0,65.52365959811094,1.0,156.1863700164346,33.48424665656316,607.3314471455609,298.15
10423.0,65.52227058060932,0.0,0.0,16.72647351800591,287.04363642665334,298.15
10424.0,65.5208815631077,1.0,155.52735939336128,28.517684086779045,647.212310672643,298.15
10425.0,65.51949254560607,1.0,158.16971710179328,32.132647406945345,680.8499748067678,298.15
10426.0,65.51810352810445,0.0,0.0,21.51482274386283,261.75740222693025,298.15
10427.0,65.51671451060284,1.0,155.59074391510444,31.71577977337932,788.9096371471375,298.15
10428.0,65.51532549310122,0.0,0.622782490281564,22.766303681094588,487.91019730163555,298.15
10429.0,65.51393647559959,1.0,155.25746016746015,32.04137915527465,0.0,298.15
10430.0,65.51254745809797,0.0,2.6838696821972956,20.65390346980199,3224.673112985841,298.15
10431.0,65.51115844059635,0.0,0.0,23.318602549602875,2552.7025799516273,298.15
10432.0,65.50976942309472,1.0,155.23664469199338,32.26947578305,3280.7482532457707,298.15
10433.0,65.50838040559312,1.0,152.14420518640475,31.506804305451595,2700.36772586814,298.15
10434.0,65.50699138809149,1.0,154.47176574384565,34.06249437160993,2622.4805371358866,298.15
10435.0,65.50560237058987,0.0,0.0,24.183069006347466,3120.711827380781,298.15
10436.0,65.50421335308825,0.0,1.778059895405613,23.48129244556552,3998.5739497944996,298.15
10437.0,65.50282433558662,1.0,156.5359242321132,36.784373173255936,3703.9263276632937,298.15
10438.0,65.501435318085,1.0,156.3786229867611,36.17360496162877,2897.4399138061167,298.15
10439.0,65.50004630058339,0.0,0.06878716674137114,25.695769177470247,2970.236944858573,298.15
10440.0,65.49865728308177,1.0,152.0106010537633,39.12107622107549,3488.6005742619873,298.15
10441.0,65.49726826558015,1.0,151.99597863900476,33.70358522624082,2884.3842770408255,298.15
10442.0,65.49587924807852,1.0,157.34268013409826,33.232932383405974,3199.7805269432565,298.15
10443.0,65.4944902305769,1.0,156.9104263221563,36.15688291009564,3349.704620229602,298.15
10444.0,65.49310121307528,0.0,0.29198122105362273,24.039202179579743,3325.3380126852066,298.15
10445.0,65.49171219557367,1.0,151.84286585118792,34.766373546127596,4140.64045535564,298.15
10446.0,65.49032317807205,1.0,156.1205164617073,32.88192747286607,3032.89052992248,298.15
10447.0,65.48893416057042,1.0,150.9923218066746,36.349062926264374,2876.8479157847655,298.15
10448.0,65.4875451430688,1.0,152.97786943701567,32.22785253940363,3268.2148371956146,298.15
10449.0,65.48615612556718,1.0,155.43796121157206,35.23936843289199,2653.494535555555,298.15
10450.0,65.48476710806557,1.0,150.00746747487477,35.57486368327728,3765.0535123564464,298.15
10451.0,65.48337809056395,1.0,153.757271703113,34.87066677751305,3096.284622552085,298.15
10452.0,65.48198907306232,1.0,152.80229691861064,32.302626833280165,3360.3274774477363,298.15
10453.0,65.4806000555607,1.0,151.24707227161994,32.44723538067592,2957.8497573287214,298.15
10454.0,65.47921103805908,1.0,148.75230149875384,34.70943822392661,3196.2745668802677,298.15
10455.0,65.47782202055745,1.0,149.16983233525178,37.52022665424343,3416.8661637745345,298.15
10456.0,65.47643300305583,1.0,151.36084627059594,37.15486352655412,2576.927828252327,298.15
10457.0,65.47504398555422,1.0,147.05452126873487,36.67248665823885,2518.764054987539,298.15
10458.0,65.4736549680526,0.0,0.31149037340587366,25.024011835183412,3477.002896959867,298.15
10459.0,65.47226595055098,1.0,151.27976455107026,37.700339640546005,3300.577536376962,298.15
10460.0,65.47087693304935,1.0,152.10891472134807,33.416927920773766,175.1998686701781,298.15
10461.0,65.46948791554773,1.0,146.20003713023087,32.31893302568017,449.7749437125075,298.15
10462.0,65.46809889804612,1.0,152.43626409038123,36.90381572835708,526.9165223438663,298.15
10463.0,65.4667098805445,1.0,153.10729331568018,36.40850311436409,880.7237298420343,298.15
10464.0,65.46532086304288,0.0,0.977164556251004,29.75899385531604,446.99010458965876,298.15
10465.0,65.46393184554125,1.0,146.1277345942112,38.11613152896391,836.9643333741545,298.15
10466.0,65.46254282803963,1.0,147.58402599863794,41.32295573744951,229.2860574488705,298.15
10467.0,65.46115381053801,1.0,148.0163121506693,36.89639338662644,130.3268411439056,298.15
10468.0,65.45976479303638,1.0,148.53716461818067,39.15068641282074,1141.5068995555407,298.15
10469.0,65.45837577553478,1.0,147.70739331717752,37.73506499921763,40.30528019951356,298.15
10470.0,65.45698675803315,1.0,148.08626904246916,41.220907833386136,236.87359029557996,298.15
10471.0,65.45559774053153,1.0,146.96077963360776,38.04867159189973,774.9368844784219,298.15
10472.0,65.45420872302991,1.0,147.5683668477315,40.33833802276922,2761.9975990966086,298.15
10473.0,65.45281970552828,1.0,145.5986136949368,36.44377039711408,2851.269053003133,298.15
10474.0,65.45143068802668,1.0,145.64836361356586,37.90813636488992,2658.1969539381885,298.15
10475.0,65.45004167052505,1.0,144.83930738443033,38.684487706091176,2668.4502251467834,298.15
10476.0,65.44865265302343,1.0,150.5363273792331,41.5579441704579,3194.300883210312,298.15
10477.0,65.44726363552181,0.0,3.487666693782862,24.490400564560865,2779.416246633334,298.15
10478.0,65.44587461802018,1.0,146.80338010916373,38.425684744168684,2741.1891298430683,298.15
10479.0,65.44448560051856,1.0,148.39291683335114,38.43382025443997,2089.36284123311,298.15
10480.0,65.44309658301694,1.0,146.89217275989364,34.97305117341915,2708.4630272463905,298.15
10481.0,65.44170756551533,1.0,145.17564518068195,38.37780205054995,2456.696418956918,298.15
10482.0,65.4403185480137,1.0,140.9102069491796,36.22007457196415,2727.4045545113195,298.15
10483.0,65.43892953051208,1.0,143.62544200491726,34.651225151241896,2650.342604632556,298.15
10484.0,65.43754051301046,1.0,143.2042397499894,38.98658566158937,2851.3676349041593,298.15
10485.0,65.43615149550884,1.0,141.05493510517323,38.973460714614845,2893.219877714654,298.15
10486.0,65.43476247800723,0.0,0.0,29.132468662523895,3032.870624382703,298.15
10487.0,65.4333734605056,1.0,144.43105168878324,40.2109626931175,3871.9139978144153,298.15
10488.0,65.43198444300398,1.0,143.7811121006034,37.91672580835844,2975.938186873299,298.15
10489.0,65.43059542550236,1.0,139.9772296545591,43.478073960112305,2963.7751859801283,298.15
10490.0,65.42920640800074,1.0,140.73166677341305,39.74651132656485,2885.8333851153116,298.15
10491.0,65.42781739049911,1.0,145.02515056217945,42.50921605060564,3305.7784989538345,298.15
10492.0,65.42642837299749,1.0,139.91720242024797,36.40961766152169,3119.0646507153856,298.15
10493.0,65.42503935549588,1.0,142.16463614405257,38.18456517911001,3343.784450722941,298.15
10494.0,65.42365033799426,1.0,141.05483564299976,41.351940494805184,3515.0293540347875,298.15
10495.0,65.42226132049264,1.0,142.462447309789,39.485485213248516,2410.7002133737114,298.15
10496.0,65.42087230299101,1.0,138.96538419625952,37.752298122263,2492.6005323005415,298.15
10497.0,65.41948328548939,1.0,140.9684773691484,36.18317251354684,2660.4283849467256,298.15
10498.0,65.41809426798778,1.0,140.90459075120685,41.50802177324056,3093.698412225579,298.15
10499.0,65.41670525048616,1.0,140.79971649342707,41.34491481453679,3023.9311916826473,298.15
10500.0,65.41531623298454,1.0,140.18838931119512,40.50290782165371,2793.872550053538,298.15
10501.0,65.41392721548291,1.0,140.56969077800176,38.97318485845424,3435.0782987291273,298.15
10502.0,65.41253819798129,1.0,144.71915955944613,37.69200622060147,819.118424609864,298.15
10503.0,65.41114918047967,1.0,145.34829913682503,39.8738431305801,1266.393899961563,298.15
10504.0,65.40976016297805,1.0,137.47208544644707,37.25183223470438,370.98545902909666,298.15
10505.0,65.40837114547644,1.0,133.22084497519282,38.40034705725962,477.0362872046512,298.15
10506.0,65.40698212797481,1.0,139.91176379146378,42.540247568861126,1960.1990322001393,298.15
10507.0,65.40559311047319,1.0,138.68601996692078,36.08401100732591,2447.445292840652,298.15
10508.0,65.40420409297157,1.0,140.51960823084374,41.282070163427335,2878.1130188287807,298.15
10509.0,65.40281507546995,1.0,138.42012616542183,42.9386365350306,3530.5839099575587,298.15
10510.0,65.40142605796834,1.0,137.6309376878078,41.502413021525186,2939.867321180839,298.15
10511.0,65.40003704046671,1.0,139.9310690278113,40.599686917528665,3343.03009040955,298.15
10512.0,65.39864802296509,1.0,140.01480547081374,38.776172365353275,3728.6517996324237,298.15
10513.0,65.39725900546347,1.0,133.43941978648547,38.353387237930626,3366.5855280490096,298.15
10514.0,65.39586998796185,1.0,134.5484859870177,34.99219798535293,2681.887795876373,298.15
10515.0,65.39448097046022,1.0,135.99400316253232,39.66203613160656,2888.2033069326435,298.15
10516.0,65.3930919529586,1.0,136.23207254483034,38.69737600058407,3455.5166608837158,298.15
10517.0,65.39170293545699,1.0,135.21157312596011,38.02562756662654,3786.8429344580572,298.15
10518.0,65.39031391795537,1.0,136.53732423322836,39.36290077342846,3397.5169147632605,298.15
10519.0,65.38892490045374,1.0,137.62939114526344,39.465803697634996,3259.356593548433,298.15
10520.0,65.38753588295212,1.0,139.11438477625137,37.952244967406294,3015.7254525635144,298.15
10521.0,65.3861468654505,1.0,136.14379206323215,42.525279386928894,2603.693285982023,298.15
10522.0,65.38475784794889,1.0,132.4889389193163,40.62325924128997,3550.9439386702234,298.15
10523.0,65.38336883044727,1.0,133.92408090633134,40.884135460597086,3201.25692472051,298.15
10524.0,65.38197981294564,1.0,133.85191995306954,38.733135738657246,2610.1761277932683,298.15
10525.0,65.38059079544402,1.0,135.01444624449607,39.91484150762616,3023.6749171724273,298.15
10526.0,65.3792017779424,1.0,134.47071424631721,36.9150306728003,2725.4462926101296,298.15
10527.0,65.37781276044078,1.0,138.1891757261794,40.0481068472603,3509.4020767882457,298.15
10528.0,65.37642374293915,1.0,131.96370608151014,38.149935879540564,2585.2318772872027,298.15
10529.0,65.37503472543754,1.0,133.73966891357347,36.35812507450265,3209.024514322947,298.15
10530.0,65.37364570793592,1.0,138.1935682979659,38.31804252625566,3089.5715046704563,298.15
10531.0,65.3722566904343,1.0,130.95075189811232,37.65285203806758,3896.0654595021806,298.15
10532.0,65.37086767293268,0.0,0.34580914093386755,32.94604034160474,3206.293448204312,298.15
10533.0,65.36947865543105,1.0,129.61916177448916,38.92936812532948,3240.3871565916784,298.15
10534.0,65.36808963792944,1.0,131.8298385889,41.17617237805733,2750.4374161025485,298.15
10535.0,65.36670062042782,1.0,129.5403428565741,40.12780531606497,3386.9040593807335,298.15
10536.0,65.3653116029262,1.0,133.65895887782486,37.74300578518574,531.3526556702222,298.15
10537.0,65.36392258542458,1.0,131.28280055626328,36.62000856424589,1037.0704118587396,298.15
10538.0,65.36253356792295,1.0,128.47109110919268,33.809418082122804,97.98876892285148,298.15
10539.0,65.36114455042133,1.0,132.47105899218005,35.4721344708254,201.8772804687298,298.15
10540.0,65.3597555329197,1.0,130.66636546218396,38.50506812710493,0.0,298.15
10541.0,65.3583665154181,1.0,132.27930165101836,36.370811131318916,1192.029149558659,298.15
10542.0,65.35697749791647,1.0,127.04705110203605,37.629090121851476,0.0,298.15
10543.0,65.35558848041485,1.0,130.4331583951988,32.51017815374402,561.0163480679133,298.15
10544.0,65.35419946291323,0.0,1.842445947702884,27.495046647336242,1108.6235817612655,298.15
10545.0,65.3528104454116,1.0,128.0955533846247,38.67235442101918,840.1586994614258,298.15
10546.0,65.35142142791,0.0,0.0,22.581436734729593,2835.0636728153736,298.15
10547.0,65.35003241040837,0.0,0.0,26.862433972614102,3064.641385217852,298.15
10548.0,65.34864339290675,1.0,131.36383197045024,38.71141649815912,2486.4381927158406,298.15
10549.0,65.34725437540513,1.0,130.90077975734033,39.24438466890662,3260.358568182287,298.15
10550.0,65.3458653579035,1.0,126.97929176848736,34.56594373079006,2716.8800414063326,298.15
10551.0,65.34447634040188,1.0,124.72612239709575,37.050692425960584,2796.275968447755,298.15
10552.0,65.34308732290026,1.0,126.5400887501866,38.22337032616759,2619.4892957558554,298.15
10553.0,65.34169830539865,1.0,126.23693752412449,35.92478357347979,3803.8757581540954,298.15
10554.0,65.34030928789703,0.0,1.0636360000514071,27.575742974446435,3186.8557427781266,298.15
10555.0,65.3389202703954,1.0,126.67850259689182,34.66760000034006,2755.1414543611663,298.15
10556.0,65.33753125289378,1.0,124.92399041839474,35.37634876449418,2498.1548763137703,298.15
10557.0,65.33614223539216,0.0,2.630848727750406,23.093865664194162,2985.060960201348,298.15
10558.0,65.33475321789055,1.0,126.63743162525797,33.8534016640918,3665.7756778390685,298.15
10559.0,65.33336420038893,0.0,1.0373549111548823,24.902730448775316,3401.611676472917,298.15
10560.0,65.3319751828873,1.0,121.78346679766925,32.37696984238089,2813.6436278070655,298.15
10561.0,65.33058616538568,0.0,0.0,23.16295887127453,3678.7982694721295,298.15
10562.0,65.32919714788406,1.0,122.06474396331039,35.003863844272075,2328.869493796686,298.15
10563.0,65.32780813038244,1.0,124.14536125380104,37.47767460844943,3045.4842746312434,298.15
10564.0,65.32641911288081,1.0,126.46559119726851,28.801516182964665,3229.080832040124,298.15
10565.0,65.3250300953792,0.0,0.0,26.922769615924338,3740.900047964779,298.15
10566.0,65.32364107787758,0.0,3.7948863375853943,22.098504798714206,2724.4960382432596,298.15
10567.0,65.32225206037596,1.0,124.91538009001023,34.42618510763727,2282.2143373509493,298.15
10568.0,65.32086304287434,0.0,3.2408313360015124,24.626111708675325,3179.1683361166747,298.15
10569.0,65.31947402537271,1.0,122.01773806924699,35.25253026834396,3553.395485519318,298.15
10570.0,65.3180850078711,0.0,1.2004198148820182,20.305268167898696,2696.3452870117912,298.15
10571.0,65.31669599036948,0.0,0.20297482603413913,21.133485127486622,2578.858772378381,298.15
10572.0,65.31530697286786,1.0,125.51896412842697,31.2759141771032,2660.5093966720606,298.15
10573.0,65.31391795536624,1.0,122.83156817974651,30.433952579796514,2869.328394086233,298.15
10574.0,65.31252893786461,0.0,1.1274103675839746,23.682901922518067,2816.719746350371,298.15
10575.0,65.31113992036299,0.0,2.625922425636256,20.581460009367497,2545.8131067475256,298.15
10576.0,65.30975090286138,0.0,0.0,17.176570051950414,887.2669920650951,298.15
10577.0,65.30836188535976,0.0,0.5771341537585157,18.993776865792235,776.7346384581567,298.15
10578.0,65.30697286785814,1.0,118.00702037052966,26.818749785538003,464.96743409020615,298.15
10579.0,65.30558385035651,0.0,1.6736765257651962,19.386818828845684,932.9626662462733,298.15
10580.0,65.30419483285489,1.0,126.82140497910109,31.025315455967174,824.196085356619,298.15
10581.0,65.30280581535327,0.0,0.0,18.057898556340206,554.9593345503692,298.15
10582.0,65.30141679785166,1.0,121.61440761355406,28.35185716127617,230.94878481293586,298.15
10583.0,65.30002778035004,0.0,2.097700429358935,18.390196596186506,644.8440371276184,298.15
10584.0,65.29863876284841,0.0,0.07485047951811587,19.021242191490675,642.7999876883166,298.15
10585.0,65.29724974534679,1.0,121.7418379303384,29.568347104570584,672.136548814051,298.15
10586.0,65.29586072784517,1.0,120.25982140211528,29.94062599709381,527.6818191697039,298.15
10587.0,65.29447171034354,0.0,0.0,22.70362888341385,614.588721964081,298.15
10588.0,65.29308269284193,0.0,0.0,18.065967512469722,605.8307146344318,298.15
10589.0,65.29169367534031,1.0,120.83166056879026,29.099711740388706,977.0847903182588,298.15
10590.0,65.29030465783869,0.0,0.0,14.065272371744669,53.73480721031308,298.15
10591.0,65.28891564033707,0.0,0.0,16.32980342315737,149.18454961317553,298.15
10592.0,65.28752662283544,1.0,124.02936866192431,26.32108684644059,526.3149643376763,298.15
10593.0,65.28613760533382,1.0,119.15150198003549,24.54337550414603,233.80718165636546,298.15
10594.0,65.28474858783221,0.0,0.0,15.303807130371917,573.8600640738309,298.15
10595.0,65.28335957033059,0.0,0.0,15.954731448185365,110.10741181576157,298.15
10596.0,65.28197055282897,0.0,0.0,14.898793363485455,165.36940277171243,298.15
10597.0,65.28058153532734,0.0,0.0,21.084202569989163,1221.7074185721424,298.15
10598.0,65.27919251782572,1.0,119.8028193028005,26.529958624570178,419.6741695429969,298.15
10599.0,65.2778035003241,0.0,0.0,19.371427313086343,89.76197902241717,298.15
10600.0,65.27641448282249,1.0,117.72704163592603,28.085088853141954,459.7822994137699,298.15
10601.0,65.27502546532087,1.0,119.45640120413955,23.443163185611763,863.0158474265448,298.15
10602.0,65.27363644781924,0.0,0.0,14.606470535471368,922.2479976565364,298.15
10603.0,65.27224743031762,0.0,0.0,13.394685166056494,0.0,298.15
10604.0,65.270858412816,0.0,1.5983177484753273,13.723678537357989,231.3361262604974,298.15
10605.0,65.26946939531437,1.0,114.01573383276283,21.80496982670919,578.0050896691286,298.15
10606.0,65.26808037781277,0.0,0.0,12.675787187468977,488.10023205104613,298.15
10607.0,65.26669136031114,0.0,0.0,14.097057599706856,0.0,298.15
10608.0,65.26530234280952,0.0,0.0,13.808515436819501,0.0,298.15
10609.0,65.2639133253079,0.0,1.0198274714141686,13.41022935565459,2542.9797435237824,298.15
10610.0,65.26252430780627,0.0,0.2676392593966004,12.530144002077154,2629.3363791461543,298.15
10611.0,65.26113529030465,0.0,5.698512655325751,14.20009057137751,2572.6871916411083,298.15
10612.0,65.25974627280304,1.0,120.46480370288401,21.65801042675842,3749.5602977491176,298.15
10613.0,65.25835725530142,0.0,0.0,14.83432310003738,2608.5046714896803,298.15
10614.0,65.2569682377998,0.0,0.0,7.909140946852826,3342.982310190784,298.15
10615.0,65.25557922029817,0.0,6.448541780535557,12.8558506233826,3401.7931462407973,298.15
10616.0,65.25419020279655,0.0,2.5315219645636553,12.279042430266433,3241.508704612814,298.15
10617.0,65.25280118529493,0.0,1.404142117427074,9.647675112466661,2869.0708168047895,298.15
10618.0,65.25141216779332,1.0,117.51329762337545,20.080923503720946,3273.2120154673357,298.15
10619.0,65.2500231502917,1.0,117.90520892047964,21.550049134737048,2691.865009279791,298.15
10620.0,65.24863413279007,0.0,0.0,12.25784754612138,2850.0334990657384,298.15
10621.0,65.24724511528845,0.0,0.3741375704468983,6.525357537816312,3126.902436609335,298.15
10622.0,65.24585609778683,0.0,0.16970506117334008,11.217422744670467,3183.506111990924,298.15
10623.0,65.2444670802852,0.0,0.0,8.751980142939393,3253.5520161376667,298.15
10624.0,65.2430780627836,0.0,0.0,11.803938963608521,3458.9120718872473,298.15
10625.0,65.24168904528197,0.0,3.6098281335234232,5.458239132782733,3580.545390955071,298.15
10626.0,65.24030002778035,0.0,0.0,14.096852334870427,2917.532432159222,298.15
10627.0,65.23891101027873,0.0,4.9344567864064315,6.99576465937334,2820.642911314985,298.15
10628.0,65.2375219927771,1.0,112.48702904785273,21.56882855351655,3933.5429212942468,298.15
10629.0,65.2361329752755,0.0,0.0,8.257918092747005,3563.8025859285317,298.15
10630.0,65.23474395777387,0.0,0.0,6.498079642075103,2892.1206651024327,298.15
10631.0,65.23335494027225,0.0,0.0,8.5290041590662,3157.3932674699454,298.15
10632.0,65.23196592277063,0.0,0.0,9.900744720170279,3308.241150472024,298.15
10633.0,65.230576905269,0.0,0.7512086159819461,4.358909180715472,3760.0561281875466,298.15
10634.0,65.22918788776738,0.0,0.6356993306483936,8.814458976131768,2738.9056893521715,298.15
10635.0,65.22779887026576,0.0,0.0,7.137350376758902,3532.6039254262496,298.15
10636.0,65.22640985276415,0.0,0.0,8.155262705967464,4111.064421144231,298.15
10637.0,65.22502083526253,0.0,3.520525615935313,6.787342167668943,3071.70234048134,298.15
10638.0,65.2236318177609,0.0,0.0,5.386781163821805,2180.5869680768415,298.15
10639.0,65.22224280025928,0.0,0.0,4.074260365913764,198.49230036781114,298.15
10640.0,65.22085378275766,0.0,0.655008138044451,7.573479011086387,602.7819173905883,298.15
10641.0,65.21946476525605,0.0,0.48707987499743227,7.372848972876502,206.85051436945417,298.15
10642.0,65.21807574775443,0.0,0.0,7.175212816775328,378.3851539191674,298.15
10643.0,65.2166867302528,0.0,0.35386733933000997,6.505138399645423,396.6575153260125,298.15
10644.0,65.21529771275118,0.0,0.0,7.391192766473374,696.477583670554,298.15
10645.0,65.21390869524956,1.0,117.84334358066806,18.164416169771485,168.66687690630306,298.15
10646.0,65.21251967774793,0.0,0.0,1.2020443173852926,295.531118213475,298.15
10647.0,65.21113066024631,0.0,0.0,0.0646639138304943,992.8310461203257,298.15
10648.0,65.2097416427447,0.0,1.5457362318734515,8.282536093221147,331.1884040999512,298.15
10649.0,65.20835262524308,0.0,2.8683689650313893,1.7895635790254079,754.212967616972,298.15
10650.0,65.20696360774146,0.0,3.778024574518211,2.148294333339079,504.8819461941692,298.15
10651.0,65.20557459023983,0.0,2.515383820017971,3.6336493604342133,491.9027986190544,298.15
10652.0,65.20418557273821,0.0,0.0,0.6469563683055068,758.5407817412149,298.15
10653.0,65.2027965552366,0.0,0.0,3.1168504033484923,2677.102368066483,298.15
10654.0,65.20140753773498,0.0,3.347471095788623,1.7887406692925638,3039.0117016358126,298.15
10655.0,65.20001852023336,0.0,3.2656111622829456,3.1116295073536393,3316.398366579779,298.15
10656.0,65.19862950273173,0.0,0.0,4.020691877635188,3121.9006936573955,298.15
10657.0,65.19724048523011,0.0,2.194684473320596,2.583501272513993,2983.3003553437848,298.15
10658.0,65.19585146772849,0.0,0.0,2.333237452824348,3040.6195005586424,298.15
10659.0,65.19446245022687,0.0,3.576713281542351,3.5379692130625022,1849.5382292527067,298.15
10660.0,65.19307343272526,0.0,0.0,5.023141520842444,2890.706032261622,298.15
10661.0,65.19168441522363,0.0,4.714032712713995,6.040844067512099,2671.1227641575333,298.15
10662.0,65.19029539772201,0.0,1.8728908933246924,2.1421051908968303,3496.19837308651,298.15
10663.0,65.18890638022039,0.0,4.282556129897356,6.2346651025528645,3866.3788724573265,298.15
10664.0,65.18751736271876,0.0,0.0,4.147104262427302,2929.117237778054,298.15
10665.0,65.18612834521716,0.0,0.9649617479253435,0.0,3552.408564054306,298.15
10666.0,65.18473932771553,0.0,0.0,0.0,2721.6021058792776,298.15
10667.0,65.18335031021391,0.0,2.0107600407943953,0.7773588203574222,1982.8143635885458,298.15
10668.0,65.18196129271229,0.0,2.1419192065589514,4.841182217541492,2767.8964798124584,298.15
10669.0,65.18057227521066,0.0,5.71078351939327,0.7072635840350594,3410.1497604442857,298.15
10670.0,65.17918325770904,1.0,117.672892067648,7.723680930079324,2774.06531455565,298.15
10671.0,65.17779424020742,0.0,1.7251163856817804,1.056516612591527,2719.7302422152547,298.15
10672.0,65.17640522270581,0.0,0.0,0.0,3281.2578463403224,298.15
10673.0,65.17501620520419,0.0,1.2898079053399316,0.0,3296.6006241989553,298.15
10674.0,65.17362718770256,0.0,0.0,0.020379866104730526,4107.8718230847935,298.15
10675.0,65.17223817020094,0.0,0.27603216935599934,1.4511504780401694,3315.5212899689454,298.15
10676.0,65.17084915269932,1.0,117.29987278953706,13.170144513020709,2809.807071706475,298.15
10677.0,65.16946013519771,0.0,0.0,2.4030156975468833,1913.686812614585,298.15
10678.0,65.16807111769609,0.0,0.14996338469095918,0.0,2723.204555282598,298.15
10679.0,65.16668210019446,0.0,0.0,0.04044544017378804,3773.2217985348075,298.15
10680.0,65.16529308269284,0.0,0.0,0.8920092825188527,3346.2442273894344,298.15
10681.0,65.16390406519122,1.0,119.81865511229705,10.121161497294063,3306.0489747116812,298.15
10682.0,65.1625150476896,0.0,0.4179137835098337,0.0390013785651423,2683.126786722714,298.15
10683.0,65.16112603018797,0.0,0.8268671548784464,0.0,3269.290825562881,298.15
10684.0,65.15973701268636,0.0,0.0,0.0,3386.682691552374,298.15
10685.0,65.15834799518474,0.0,1.0088672224770796,0.0,3480.6763510326546,298.15
10686.0,65.15695897768312,0.0,1.2637060287001431,0.0,3065.4805731671318,298.15
10687.0,65.1555699601815,0.0,0.0,1.6357747398642872,2920.6644553957917,298.15
10688.0,65.15418094267987,1.0,122.8427579954186,7.428566899833483,3056.714940893155,298.15
10689.0,65.15279192517826,0.0,0.0,1.6429527753399735,2929.5125483174015,298.15
10690.0,65.15140290767664,1.0,119.943622498366,11.422545544017352,3253.716876051901,298.15
10691.0,65.15001389017502,0.0,1.6982199892837704,0.0,2775.445226040066,298.15
10692.0,65.1486248726734,1.0,119.57444361564319,12.186264640126353,2494.099147779693,298.15
10693.0,65.14723585517177,0.0,0.41981751105091986,1.6266644768218175,3403.93788551741,298.15
10694.0,65.14584683767015,1.0,119.81488230172415,9.42799294280835,2816.483867497177,298.15
10695.0,65.14445782016853,1.0,120.68422587613404,9.174525352307802,2901.25291903227,298.15
10696.0,65.14306880266692,1.0,117.0017250760038,12.29741668853888,3166.0877766683425,298.15
10697.0,65.1416797851653,0.0,0.7128178468502299,0.4961901092054526,2528.14225981764,298.15
10698.0,65.14029076766367,1.0,118.53189693628846,12.166635871580105,2375.381264976656,298.15
10699.0,65.13890175016205,0.0,0.0,0.0,2157.630678379681,298.15
10700.0,65.13751273266043,0.0,1.7086197766014584,0.20355410515448463,2432.7209769800006,298.15
10701.0,65.13612371515882,0.0,0.0,0.0,2751.7861775879883,298.15
10702.0,65.1347346976572,0.0,0.0,0.0,3099.9277085641024,298.15
10703.0,65.13334568015557,1.0,118.31817254993419,11.492012495079397,3280.179356423852,298.15
10704.0,65.13195666265395,0.0,0.0,3.624144104447355,2606.0720875038537,298.15
10705.0,65.13056764515233,0.0,2.450297191916395,0.0,2446.3561992347104,298.15
10706.0,65.1291786276507,1.0,120.37486482990249,8.980016580587955,2303.2844585581074,298.15
10707.0,65.12778961014908,0.0,3.293454246173746,0.0,3459.274443902007,298.15
10708.0,65.12640059264747,1.0,118.7043837879962,8.104068068539094,2591.1810182107097,298.15
10709.0,65.12501157514585,0.0,2.082663781395631,2.172183121847281,2640.5287888277935,298.15
10710.0,65.12362255764423,0.0,6.765252369841155,0.0397998501792475,3220.8782092703127,298.15
10711.0,65.1222335401426,0.0,0.8482286431102464,0.4754272072895302,3055.67148570323,298.15
10712.0,65.12084452264098,1.0,122.93611510149667,11.547497214611596,2941.7567881120162,298.15
10713.0,65.11945550513937,1.0,122.6885490930354,10.163440760253877,723.4298715409124,298.15
10714.0,65.11806648763775,1.0,117.80333728790055,8.671516309887116,333.82621807720403,298.15
10715.0,65.11667747013612,0.0,1.3956789260005336,0.28419769780355764,136.10238659584962,298.15
10716.0,65.1152884526345,0.0,0.7301160793976559,0.0,547.8929237498251,298.15
10717.0,65.11389943513288,0.0,0.0,0.7548192237680402,681.3377389649503,298.15
10718.0,65.11251041763126,0.0,0.0,2.6561172892659766,1065.2389480729425,298.15
10719.0,65.11112140012963,0.0,1.6533786006477993,0.0,901.4568777397474,298.15
10720.0,65.10973238262802,1.0,119.84782337959425,7.566968413517936,59.07713900431867,298.15
10721.0,65.1083433651264,0.0,5.083298528196236,0.9105119388459914,450.6163390580492,298.15
10722.0,65.10695434762478,1.0,122.77675478361073,9.299860405968309,659.7747616131194,298.15
10723.0,65.10556533012316,1.0,119.76328977015216,11.033952316757853,202.212388407062,298.15
10724.0,65.10417631262153,1.0,121.62808656665302,11.715579321588145,377.1627713016559,298.15
10725.0,65.10278729511992,0.0,0.0,0.0,736.0603476151103,298.15
10726.0,65.1013982776183,0.0,5.747360605452702,2.6594971817951016,587.5547520666104,298.15
10727.0,65.10000926011668,1.0,121.28107714726579,8.911419339082432,3233.9967390344145,298.15
10728.0,65.09862024261506,0.0,0.0,1.3814043099998914,2788.942964936819,298.15
10729.0,65.09723122511343,1.0,122.4736288997681,10.166740762511498,2737.0118012666735,298.15
10730.0,65.09584220761181,0.0,1.189457105424556,0.4940887590247598,3002.0249523419784,298.15
10731.0,65.09445319011019,1.0,122.88515542451381,15.244675653128152,2646.0796229326183,298.15
10732.0,65.09306417260858,1.0,121.604162855592,12.515278465934832,2619.1063539552456,298.15
10733.0,65.09167515510696,1.0,124.04373642116303,13.840384184420525,3197.8145157908675,298.15
10734.0,65.09028613760533,0.0,0.0,2.4008430123958453,2874.7878572771974,298.15
10735.0,65.08889712010371,0.0,0.0,3.491873739637481,2577.7682564871698,298.15
10736.0,65.08750810260209,1.0,123.80876590820739,13.197740358188566,3024.610885550951,298.15
10737.0,65.08611908510048,1.0,128.1127061939708,12.988812733336877,3199.115129709357,298.15
10738.0,65.08473006759885,0.0,0.0,4.882118627027379,2520.1429736410414,298.15
10739.0,65.08334105009723,0.0,0.0,3.0512278257276066,3097.7805468838187,298.15
10740.0,65.08195203259561,0.0,0.0,7.5878086426205265,2729.6694795511125,298.15
10741.0,65.08056301509399,1.0,126.2267037170652,14.990006582723101,2891.8807091589065,298.15
10742.0,65.07917399759236,0.0,0.0,0.7924130129809153,3553.6017326237793,298.15
10743.0,65.07778498009074,1.0,130.38380597468782,12.92864179696945,3073.8104561683276,298.15
10744.0,65.07639596258913,1.0,128.7855653312515,14.263001930199321,2964.0004725914337,298.15
10745.0,65.07500694508751,1.0,130.335974564472,13.68587888329243,2867.4987469946973,298.15
10746.0,65.07361792758589,1.0,128.07438157279984,15.167999553533685,3147.286846379792,298.15
10747.0,65.07222891008426,1.0,122.36493675879223,15.5528490276634,3157.399265815903,298.15
10748.0,65.07083989258264,1.0,131.22520367179519,11.255405709326576,2673.0381864399396,298.15
10749.0,65.06945087508103,0.0,0.0,6.875903029215229,3185.5221251496587,298.15
10750.0,65.06806185757941,1.0,126.13648118701812,13.366550183629496,3400.1801042438315,298.15
10751.0,65.06667284007779,1.0,128.59074635368603,13.329661719641662,2520.5598337772362,298.15
10752.0,65.06528382257616,1.0,131.7214720040564,13.493496184220362,3387.961499589417,298.15
10753.0,65.06389480507454,1.0,131.168182888616,16.57601993943842,2937.777435580162,298.15
10754.0,65.06250578757292,0.0,2.159167142947172,4.5283326536585715,2833.9609993884346,298.15
10755.0,65.06111677007131,1.0,128.36131643956392,13.886816330148351,2862.563103613142,298.15
10756.0,65.05972775256969,0.0,0.0,4.562379384098021,3531.629104791687,298.15
10757.0,65.05833873506806,1.0,130.37864622438158,11.911998376230756,2461.0482603207256,298.15
10758.0,65.05694971756644,1.0,129.47141005841772,14.065766460119642,3600.786815679431,298.15
10759.0,65.05556070006482,1.0,132.12801416552207,13.4316610670532,3562.844709046205,298.15
10760.0,65.0541716825632,0.0,1.9777117122444512,5.626888086415538,3592.6673227208685,298.15
10761.0,65.05278266506159,1.0,131.877290246951,17.747710310003043,2872.6458895629835,298.15
10762.0,65.05139364755996,1.0,124.68165591282721,17.713528763757974,3163.7686638058676,298.15
10763.0,65.05000463005834,1.0,131.23674666691667,19.362174823198174,2192.392607192831,298.15
10764.0,65.04861561255672,1.0,130.90567208508932,19.099672908064424,3330.4701567261254,298.15
10765.0,65.0472265950551,1.0,131.79948137721132,16.06999043014902,2891.4577205642054,298.15
10766.0,65.04583757755347,1.0,129.83713205336494,17.403796523709676,2837.7745071288805,298.15
10767.0,65.04444856005186,1.0,128.71405710125472,17.500831349883224,2491.213240778915,298.15
10768.0,65.04305954255024,1.0,133.21060356847866,13.327787667759502,3377.428275034607,298.15
10769.0,65.04167052504862,1.0,131.49610741129814,15.465157658045316,3397.3523872488145,298.15
10770.0,65.040281507547,1.0,133.95276799188545,17.844385725446568,2465.811952385843,298.15
10771.0,65.03889249004537,1.0,131.224602738162,18.043561135011892,3157.049023748328,298.15
10772.0,65.03750347254375,1.0,136.4365695669535,19.672210613557855,2830.1228386180674,298.15
10773.0,65.03611445504214,1.0,135.68919783564314,19.78556318152534,2176.6502163732725,298.15
10774.0,65.03472543754052,1.0,134.25309929281764,15.383022563452984,3360.5260601686396,298.15
10775.0,65.03333642003889,0.0,0.0,10.331611135501548,3861.6154646522064,298.15
10776.0,65.03194740253727,1.0,136.06226206455926,19.847245008105777,3161.601063837058,298.15
10777.0,65.03055838503565,1.0,135.2104215591831,20.986297358187976,3017.9323376557613,298.15
10778.0,65.02916936753402,1.0,135.08799340727916,22.123984311814418,3303.7300107227543,298.15
10779.0,65.02778035003242,1.0,137.24913424126163,19.84592079012291,2384.23347999777,298.15
10780.0,65.02639133253079,1.0,138.40876684251404,22.939191438622526,3221.8228617466566,298.15
10781.0,65.02500231502917,1.0,132.2724199991763,18.75113614634861,3041.1207591063353,298.15
10782.0,65.02361329752755,1.0,133.000363512793,18.86043282395315,3324.89168025687,298.15
10783.0,65.02222428002592,1.0,133.89103605726632,21.928112845723742,3361.0246428119526,298.15
10784.0,65.0208352625243,1.0,132.41810242866532,20.50746380860992,2269.6297366989534,298.15
10785.0,65.01944624502269,1.0,136.09607777435636,22.03907529284882,3196.568508283796,298.15
10786.0,65.01805722752107,1.0,137.92375323247308,25.84705016416034,2995.7035989854908,298.15
10787.0,65.01666821001945,0.0,0.0,12.771486591018338,75.423273433046,298.15
10788.0,65.01527919251782,1.0,135.71948565187708,22.627803285521647,664.717542154231,298.15
10789.0,65.0138901750162,1.0,139.92523479818274,20.624513746524897,57.05910024860083,298.15
10790.0,65.01250115751458,1.0,137.82618512585367,19.139876612964564,769.0301597053619,298.15
10791.0,65.01111214001297,1.0,138.55853937604823,22.736538414812415,861.4675218498753,298.15
10792.0,65.00972312251135,1.0,140.7416355266411,25.32506424142335,478.3874957404597,298.15
10793.0,65.00833410500972,1.0,137.94866582609689,22.68652031570765,287.91247872446047,298.15
10794.0,65.0069450875081,1.0,143.40137929325797,24.41813881015349,861.1252102108651,298.15
10795.0,65.00555607000648,1.0,137.677041336518,26.771472093862187,693.4723544806706,298.15
10796.0,65.00416705250485,1.0,143.75499091381081,26.95486879446122,918.6225114607051,298.15
10797.0,65.00277803500325,1.0,136.9238864344116,25.179702150748252,121.19168924839153,298.15
10798.0,65.00138901750162,1.0,140.73026250962377,24.880423504252985,408.8105342766777,298.15
10799.0,65.0,1.0,138.2178780546614,21.625600710707147,2436.223812104993,298.15
