timestamp,soc,screen_on,brightness_raw,cpu_load_raw,x_net,t_env
0.0,100.0,1.0,203.61797985966692,75.78386141233031,2130.762351921921,298.15
1.0,99.99374913182386,1.0,201.6503488410838,66.07940073982992,2071.6146995552144,298.15
2.0,99.98749826364772,1.0,204.99261838470508,74.16348163368275,2505.50682920923,298.15
3.0,99.9812473954716,1.0,196.42390264536536,59.94173425643418,2238.519453062673,298.15
4.0,99.97499652729546,1.0,203.2095305897444,72.78104108002509,2960.6668147196733,298.15
5.0,99.96874565911932,1.0,204.87049354214176,73.5522461129651,2648.0293247247087,298.15
6.0,99.96249479094318,1.0,204.03975237449424,75.16257590419602,2513.5891077683937,298.15
7.0,99.95624392276706,1.0,203.06259719567328,69.73467621784621,2543.870309325367,298.15
8.0,99.94999305459092,1.0,205.83275408061084,73.41371014460556,2766.836056081182,298.15
9.0,99.94374218641478,1.0,211.37304598143325,75.28037477928605,3007.7117828931514,298.15
10.0,99.93749131823864,1.0,204.2981762467012,57.862322140482306,1742.7139063888242,298.15
11.0,99.9312404500625,1.0,209.85751260678384,72.59963942724103,2518.0835104774583,298.15
12.0,99.92498958188638,1.0,214.63964486690082,72.15541615721925,2920.109925252861,298.15
13.0,99.91873871371024,1.0,215.44692895683082,79.30485592012539,2674.305351964653,298.15
14.0,99.9124878455341,1.0,206.18322546192852,73.19537167535775,3231.1504849217877,298.15
15.0,99.90623697735796,1.0,213.52063726920827,73.19635191277659,2244.3060982860384,298.15
16.0,99.89998610918182,1.0,213.57802754077403,72.9372663101367,3022.299748037891,298.15
17.0,99.8937352410057,1.0,215.4737925275055,66.63287171689846,2744.5864998364286,298.15
18.0,99.88748437282956,1.0,219.06324167605894,74.10116160640443,2996.1411327478363,298.15
19.0,99.88123350465342,1.0,211.6121553621162,74.93868232343061,2886.264982789206,298.15
20.0,99.87498263647728,1.0,222.20916175010143,74.71762237624036,3832.2167963108914,298.15
21.0,99.86873176830116,1.0,214.16978231234688,74.98228264063408,3291.941927995577,298.15
22.0,99.86248090012502,1.0,219.1975189848548,75.97606768836272,3183.8397229774173,298.15
23.0,99.85623003194888,1.0,217.33996591857448,80.03677122327083,3540.1168447310647,298.15
24.0,99.84997916377274,1.0,227.51383159630063,84.95088549107658,3895.675470595756,298.15
25.0,99.8437282955966,1.0,220.75453776287094,76.71656781542062,3399.8609849317,298.15
26.0,99.83747742742048,1.0,225.04906414159646,71.14833570073408,3240.8677648483585,298.15
27.0,99.83122655924434,1.0,216.60267200722103,78.5500535891807,3845.932274932721,298.15
28.0,99.8249756910682,1.0,221.27221346907848,81.83834724878709,3266.890346362789,298.15
29.0,99.81872482289207,1.0,226.02834783244447,84.18305159548432,3294.7910902640974,298.15
30.0,99.81247395471593,1.0,213.9623036065837,80.9360050707594,3163.4352956983694,298.15
31.0,99.8062230865398,1.0,221.83109585594005,72.97163308730242,3854.951615180853,298.15
32.0,99.79997221836366,1.0,220.6352933406829,80.99375958842055,3131.7376341628083,298.15
33.0,99.79372135018752,1.0,217.18476941529286,76.83900485657404,3410.6505111874567,298.15
34.0,99.78747048201139,1.0,214.36637273954216,81.93817808009894,3979.674301168374,298.15
35.0,99.78121961383526,1.0,228.63014330865803,79.24476300229374,3769.6032632922315,298.15
36.0,99.77496874565912,1.0,222.77702129911546,82.48408126833976,3412.9950011914107,298.15
37.0,99.76871787748298,1.0,215.56320641403588,75.86113558281556,3474.1964603770157,298.15
38.0,99.76246700930685,1.0,232.85169987704109,75.79068779346903,3378.5969180357642,298.15
39.0,99.75621614113071,1.0,225.48256759917734,72.8249105110561,2642.8857921596154,298.15
40.0,99.74996527295458,1.0,226.04382772163248,70.00868537431317,3117.6430871401053,298.15
41.0,99.74371440477844,1.0,237.50572413900076,77.96271083826447,3638.151651359125,298.15
42.0,99.7374635366023,1.0,224.45375401157764,75.73713455956234,3236.357545466741,298.15
43.0,99.73121266842617,1.0,232.7286709114562,87.21144138560186,3881.7543636732685,298.15
44.0,99.72496180025003,1.0,235.05337503063382,87.51937045923175,3107.8187742502796,298.15
45.0,99.7187109320739,1.0,236.40642729718095,68.12303699880506,3391.754788754549,298.15
46.0,99.71246006389777,1.0,220.3163719399431,89.43045312369387,2796.733996171625,298.15
47.0,99.70620919572163,1.0,238.68683975727365,87.57762628270389,2811.5465914972974,298.15
48.0,99.69995832754549,1.0,231.1457938880705,83.93164685367508,2785.7008480220316,298.15
49.0,99.69370745936936,1.0,233.30160914766955,91.16014309568604,3309.0560481057755,298.15
50.0,99.68745659119323,1.0,239.83078924769663,91.32386285086164,2637.929080496314,298.15
51.0,99.68120572301709,1.0,237.09259638671105,88.65908698153115,2589.6096327696896,298.15
52.0,99.67495485484095,1.0,228.3843247668762,79.91379933009912,2805.952185894966,298.15
53.0,99.66870398666481,1.0,244.3312085175095,79.64578870035878,2641.76395221644,298.15
54.0,99.66245311848868,1.0,236.52742480171867,84.93172846557185,2744.247853663137,298.15
55.0,99.65620225031255,1.0,240.05255596885613,75.5623871340786,2413.772851625214,298.15
56.0,99.64995138213641,1.0,230.03753684883182,78.19454846498556,2574.7397834305198,298.15
57.0,99.64370051396027,1.0,236.90252182062412,70.18734963730776,2067.8332042019833,298.15
58.0,99.63744964578413,1.0,235.45456087266186,76.06074119727563,2570.5265911384695,298.15
59.0,99.631198777608,1.0,231.75403160334966,80.0550665001136,2422.1345920793356,298.15
60.0,99.62494790943187,1.0,230.76535141001747,77.81622823968647,3038.1616888754616,298.15
61.0,99.61869704125573,1.0,240.78084805939253,80.9077807452764,2598.4382412590157,298.15
62.0,99.61244617307959,1.0,237.8719115464908,91.58039767150296,2546.466395563349,298.15
63.0,99.60619530490347,1.0,241.69550619505867,79.62066967842149,2354.9850331962875,298.15
64.0,99.59994443672733,1.0,234.63092990687446,73.86176995753961,2059.010501415033,298.15
65.0,99.59369356855119,1.0,235.55026253911367,72.35227006510281,2521.126354244184,298.15
66.0,99.58744270037505,1.0,239.9277588522512,84.73640725966413,1988.102385646926,298.15
67.0,99.58119183219891,1.0,243.58112428212914,72.56532317887282,2274.53238197304,298.15
68.0,99.57494096402279,1.0,239.89927751551934,80.33114546552089,1246.8785961861322,298.15
69.0,99.56869009584665,1.0,237.00746049554596,80.90326890432345,2221.4455197571,298.15
70.0,99.56243922767051,1.0,247.88258831698155,80.86779846435438,2023.5834446868407,298.15
71.0,99.55618835949437,1.0,235.117761270523,70.76490380317856,1521.1618603184002,298.15
72.0,99.54993749131823,1.0,233.82454754083307,78.49300416330058,1912.3662000073457,298.15
73.0,99.54368662314211,1.0,245.6313441199139,76.22905676890693,2113.7888386210298,298.15
74.0,99.53743575496597,1.0,251.15081756720656,69.02317049631847,1393.6143114035463,298.15
75.0,99.53118488678983,1.0,245.46550618804216,69.41598145736057,2313.2289408100664,298.15
76.0,99.52493401861369,1.0,236.60790106370914,78.24240380017307,1978.3874297374027,298.15
77.0,99.51868315043757,1.0,245.29999721649892,85.8885461305926,1939.7648404859503,298.15
78.0,99.51243228226143,1.0,231.2484126806824,76.57490281692886,2182.772535243998,298.15
79.0,99.50618141408529,1.0,231.82655108774694,71.23700159595126,1911.6376413669018,298.15
80.0,99.49993054590915,1.0,245.02991133769814,61.82386761039884,1444.6910469260442,298.15
81.0,99.49367967773301,1.0,238.12336470927974,78.09592878543847,1283.1402441484609,298.15
82.0,99.48742880955689,1.0,244.49897208448786,76.70207414762187,1702.2899053343756,298.15
83.0,99.48117794138075,1.0,242.18299723959342,76.50762000572459,1526.2936101576968,298.15
84.0,99.47492707320461,1.0,238.89275867272005,73.89571277809665,1543.8360491364015,298.15
85.0,99.46867620502847,1.0,237.05223466147547,75.73300786090016,1983.4796739258525,298.15
86.0,99.46242533685233,1.0,237.52369207736308,67.69770385320032,1983.9213031243596,298.15
87.0,99.45617446867621,1.0,239.54257171651744,82.49326944366537,2210.763691581264,298.15
88.0,99.44992360050007,1.0,230.8986485149408,74.05273574086965,1673.6364191139237,298.15
89.0,99.44367273232393,1.0,242.09155524260242,81.92583983462208,1284.780138206639,298.15
90.0,99.4374218641478,1.0,229.05763075868526,70.78297408971657,1571.9451580353043,298.15
91.0,99.43117099597167,1.0,251.93325745891912,61.66545961827734,1552.9535221093854,298.15
92.0,99.42492012779553,1.0,244.10164583461912,67.37292726900024,1983.3398453502027,298.15
93.0,99.41866925961939,1.0,232.70991240755234,70.3059054639476,1502.3977388371807,298.15
94.0,99.41241839144325,1.0,245.91583410286927,75.2064240927673,1876.1653909105992,298.15
95.0,99.40616752326711,1.0,231.5100556588787,70.22839476364229,1859.53323382743,298.15
96.0,99.39991665509099,1.0,243.9182312658168,62.54941503293468,2034.9837652068782,298.15
97.0,99.39366578691485,1.0,237.93677117273037,59.78068454142553,1367.1808282141942,298.15
98.0,99.38741491873871,1.0,243.88922296131523,62.0473642237152,1360.2419931952384,298.15
99.0,99.38116405056257,1.0,227.44291711211366,73.24465775042789,2065.1264076013085,298.15
100.0,99.37491318238644,1.0,240.98071684972328,63.84133026675819,1724.021561580236,298.15
101.0,99.36866231421031,1.0,222.92581491346036,63.86793277207688,1654.5741051138955,298.15
102.0,99.36241144603417,1.0,233.22625362454949,58.926904927556436,2250.0434915124247,298.15
103.0,99.35616057785803,1.0,220.78178678787168,70.58426211942084,1781.2957033949688,298.15
104.0,99.3499097096819,1.0,230.12201237816177,72.15747132522547,1829.8410035711279,298.15
105.0,99.34365884150577,1.0,232.26887887154302,64.82098388826691,2142.9630915820167,298.15
106.0,99.33740797332963,1.0,239.0015242637473,72.3800884780373,2305.604726984726,298.15
107.0,99.3311571051535,1.0,227.93367319995028,68.99127579807686,2408.5875484824837,298.15
108.0,99.32490623697736,1.0,239.01336351728298,66.26957502931842,2413.8887638981587,298.15
109.0,99.31865536880122,1.0,239.24400215966608,67.22548636128614,2015.1997992952456,298.15
110.0,99.31240450062509,1.0,224.63299219909695,56.89156133853678,2169.7647854586758,298.15
111.0,99.30615363244895,1.0,238.5592827460023,67.5793810480415,2185.648380262916,298.15
112.0,99.29990276427282,1.0,221.98901344838535,71.07959383620178,1812.0348999487703,298.15
113.0,99.29365189609668,1.0,215.9342387254112,62.79827364275817,2232.3995572133294,298.15
114.0,99.28740102792054,1.0,226.70873422058722,58.642097458786864,2062.4856754896005,298.15
115.0,99.28115015974441,1.0,225.38503151539715,59.59640378592288,1946.0410982796657,298.15
116.0,99.27489929156827,1.0,222.4274406458703,68.37677263489243,2449.2907767746724,298.15
117.0,99.26864842339214,1.0,220.68482530646193,61.907574922876464,2280.3614352570175,298.15
118.0,99.262397555216,1.0,227.63126189545693,59.28209893632578,2087.91942133956,298.15
119.0,99.25614668703987,1.0,214.31184089507528,63.415118093612946,2467.2023374580626,298.15
120.0,99.24989581886373,1.0,226.29455109649317,62.25303415895778,1714.3392454063694,298.15
121.0,99.2436449506876,1.0,221.66801523038464,60.642781543987965,2902.8941412013446,298.15
122.0,99.23739408251146,1.0,214.75261025720138,64.61178768814314,2294.754708390278,298.15
123.0,99.23114321433532,1.0,217.10355557088286,53.057980106840695,2770.7842240579866,298.15
124.0,99.2248923461592,1.0,213.32557277615325,71.48716364870351,3100.7107523072013,298.15
125.0,99.21864147798306,1.0,224.60954738708404,57.94574948058754,2703.288715610188,298.15
126.0,99.21239060980692,1.0,216.76745075683647,57.11048319255369,2452.429861977064,298.15
127.0,99.20613974163078,1.0,210.30428232022913,66.18283899171996,3202.7450023412835,298.15
128.0,99.19988887345464,1.0,221.4245803435762,62.92918243909682,2859.2335207171395,298.15
129.0,99.19363800527852,1.0,219.9635279714693,64.65201285414821,3159.5229729906528,298.15
130.0,99.18738713710238,1.0,212.59438020900168,63.54215329620799,3009.1684958831324,298.15
131.0,99.18113626892624,1.0,219.57900399502003,50.0,3407.254582120906,298.15
132.0,99.1748854007501,1.0,213.47953904100882,54.86390674973927,3108.075543173852,298.15
133.0,99.16863453257398,1.0,218.80653136705638,60.45076437428709,3184.605064632989,298.15
134.0,99.16238366439784,1.0,204.586389098927,54.000635311704,3191.1838474010606,298.15
135.0,99.1561327962217,1.0,216.88571018033508,60.02826590219227,3265.697032527996,298.15
136.0,99.14988192804556,1.0,215.13965508461217,61.15939519803035,3305.9207736293824,298.15
137.0,99.14363105986942,1.0,221.48061158265293,59.584163923223294,3043.1638923813616,298.15
138.0,99.1373801916933,1.0,208.92476390589636,56.53985002889115,2991.004739231087,298.15
139.0,99.13112932351716,1.0,208.11894172918215,55.2810098462124,3232.9335874661156,298.15
140.0,99.12487845534102,1.0,208.83906426731343,62.04563615283806,3198.1776264489363,298.15
141.0,99.11862758716488,1.0,209.5979367054816,52.628911219924234,2208.3789178277925,298.15
142.0,99.11237671898874,1.0,206.53482400778285,62.37007969235335,3803.9294181525966,298.15
143.0,99.10612585081262,1.0,209.48566980286205,63.14450165081025,3067.2335986461117,298.15
144.0,99.09987498263648,1.0,201.8116753327788,58.368234367318365,3129.6682021000524,298.15
145.0,99.09362411446034,1.0,207.5427688053317,62.57872012562528,2898.854480519355,298.15
146.0,99.0873732462842,1.0,208.38705522351955,57.93163908302966,2827.8488312845943,298.15
147.0,99.08112237810808,1.0,208.4473212491568,62.880444030996664,3355.250180601067,298.15
148.0,99.07487150993194,1.0,203.29753208023487,56.119487299178274,2525.624159836201,298.15
149.0,99.0686206417558,1.0,202.97504130752705,59.29758858332084,3881.9173776886764,298.15
150.0,99.06236977357966,1.0,198.69830514348158,62.80408021779736,3332.192293261873,298.15
151.0,99.05611890540352,1.0,197.94380260445354,60.76294198846924,3675.6791541894845,298.15
152.0,99.0498680372274,1.0,206.10286840357952,60.8828963048631,3493.949497520363,298.15
153.0,99.04361716905126,1.0,192.05441687940956,68.91310274778186,3925.049292920276,298.15
154.0,99.03736630087512,1.0,190.77726076103872,56.789286008479934,3415.0699105751237,298.15
155.0,99.03111543269898,1.0,198.3387695562964,56.378598090649525,3311.5175286978697,298.15
156.0,99.02486456452284,1.0,185.52157464038103,64.83463263877346,3945.227695113258,298.15
157.0,99.01861369634672,1.0,195.6838510361165,55.213450865809136,3278.743386644288,298.15
158.0,99.01236282817058,1.0,191.02900369950072,62.14714685206907,2642.746561675639,298.15
159.0,99.00611195999444,1.0,188.3187602564936,63.68203503790995,3461.5299770928073,298.15
160.0,98.9998610918183,1.0,199.8309200240674,65.46869371341741,2782.8836214256394,298.15
161.0,98.99361022364218,1.0,191.22033071851496,59.3275641898569,2713.166684233225,298.15
162.0,98.98735935546604,1.0,180.0,62.121423523774396,3206.3968929021594,298.15
163.0,98.9811084872899,1.0,181.29378765462664,67.34118410358627,3332.0846264246275,298.15
164.0,98.97485761911376,1.0,194.39879124600054,64.23361753493973,2747.880837864626,298.15
165.0,98.96860675093762,1.0,185.8347547280807,65.67468204391865,2807.74860778873,298.15
166.0,98.9623558827615,1.0,197.97678287872517,69.17131455823956,3344.6048052898923,298.15
167.0,98.95610501458536,1.0,180.0,69.6126582944993,3141.72157351427,298.15
168.0,98.94985414640922,1.0,191.63569931459514,62.961935899551,2565.5113923484946,298.15
169.0,98.94360327823308,1.0,190.5672794216689,65.98295794286759,2836.4146460769066,298.15
170.0,98.93735241005695,1.0,180.0,57.473505909869914,3118.5587236332253,298.15
171.0,98.93110154188082,1.0,180.0,70.63871425511496,2312.5724515903166,298.15
172.0,98.92485067370468,1.0,190.0913146621295,67.66744494545303,2499.155465238876,298.15
173.0,98.91859980552854,1.0,189.27877618703388,79.44872799207943,2866.684107879933,298.15
174.0,98.9123489373524,1.0,180.08478528537472,64.08717005945175,2475.4215764580495,298.15
175.0,98.90609806917628,1.0,180.0,58.48838240928487,3274.281556797467,298.15
176.0,98.89984720100014,1.0,180.0,60.05045971266974,2117.309826696707,298.15
177.0,98.893596332824,1.0,186.38869187306395,68.43621787331385,2430.808147799937,298.15
178.0,98.88734546464786,1.0,181.55616291818703,72.42763948146933,2586.0730544774037,298.15
179.0,98.88109459647173,1.0,180.0,69.65656813344513,2788.086329263085,298.15
180.0,98.8748437282956,1.0,180.0,73.90806992791956,2551.616831599525,298.15
181.0,98.86859286011946,1.0,182.01958769294316,73.3821462441548,2056.0209173742815,298.15
182.0,98.86234199194332,1.0,180.0,70.88148344468061,1989.6975528894754,298.15
183.0,98.85609112376719,1.0,180.0,69.80738964945708,1568.6853589884809,298.15
184.0,98.84984025559105,1.0,180.0,77.49774961117826,2649.3715483552505,298.15
185.0,98.84358938741492,1.0,180.0,66.05770598243505,2476.7091151225773,298.15
186.0,98.83733851923878,1.0,180.0,80.09051571653558,2327.492961223471,298.15
187.0,98.83108765106265,1.0,180.0,74.02356915944144,2308.6565926642656,298.15
188.0,98.8248367828865,1.0,180.0,65.78447431655539,2596.8639157871685,298.15
189.0,98.81858591471038,1.0,180.0,72.8790381992527,2395.783476959135,298.15
190.0,98.81233504653424,1.0,180.0,78.60640268954043,2323.4419609060415,298.15
191.0,98.8060841783581,1.0,180.0,76.3095766933676,2452.0019496856908,298.15
192.0,98.79983331018197,1.0,180.0,73.38830740766097,2169.7756693199303,298.15
193.0,98.79358244200583,1.0,180.0,81.34057937607052,2048.1003629892116,298.15
194.0,98.7873315738297,1.0,180.0,79.56255433082873,1690.578185564797,298.15
195.0,98.78108070565357,1.0,180.0,78.82010116344108,1218.0780592303436,298.15
196.0,98.77482983747743,1.0,180.0,73.21463086903054,1570.9928116536896,298.15
197.0,98.76857896930129,1.0,180.0,73.93754196821814,2124.068530472458,298.15
198.0,98.76232810112515,1.0,180.0,76.69882930964891,1667.671966410757,298.15
199.0,98.75607723294902,1.0,180.0,76.78192170924551,1713.0941683300284,298.15
200.0,98.74982636477289,1.0,180.0,88.73558688323376,2073.1627566480597,298.15
201.0,98.74357549659675,1.0,180.0,68.84919522373431,1114.6653896153662,298.15
202.0,98.73732462842061,1.0,180.0,76.33228542432369,2053.0103926242728,298.15
203.0,98.73107376024448,1.0,180.0,73.05683794927383,2055.614117712608,298.15
204.0,98.72482289206835,1.0,180.0,81.46239288812941,1712.1671998706697,298.15
205.0,98.71857202389221,1.0,180.0,79.50272352126586,1710.148723488631,298.15
206.0,98.71232115571607,1.0,180.0,80.49063100634552,1648.6036534844252,298.15
207.0,98.70607028753993,1.0,180.0,66.80687218772492,1958.1746223409314,298.15
208.0,98.6998194193638,1.0,180.0,80.36241711409278,1414.8913966240482,298.15
209.0,98.69356855118767,1.0,180.0,73.41998875477148,1578.358682298733,298.15
210.0,98.68731768301153,1.0,180.0,69.4977194015694,2144.2956811682775,298.15
211.0,98.68106681483539,1.0,180.0,85.2070758618046,1532.9778330451584,298.15
212.0,98.67481594665927,1.0,180.0,88.1094267105272,1854.353966763476,298.15
213.0,98.66856507848313,1.0,180.0,80.94525784958527,1736.9721459827263,298.15
214.0,98.66231421030699,1.0,180.0,81.76876189239906,1614.7536170222024,298.15
215.0,98.65606334213085,1.0,180.0,73.58734583873999,1970.849081784977,298.15
216.0,98.64981247395471,1.0,180.0,75.91004658135614,1879.7687210862982,298.15
217.0,98.64356160577859,1.0,180.0,75.89693477039587,1917.0551966331068,298.15
218.0,98.63731073760245,1.0,180.0,80.10524022769162,2326.142592369844,298.15
219.0,98.63105986942631,1.0,180.0,72.21558255928281,1000.0,298.15
220.0,98.62480900125017,1.0,180.0,83.8449811033064,1860.692605351487,298.15
221.0,98.61855813307403,1.0,180.0,83.09414278367596,1968.4872411790354,298.15
222.0,98.61230726489791,1.0,180.0,80.01820908691481,1359.055199133627,298.15
223.0,98.60605639672177,1.0,180.0,80.77516397378105,1255.1417668812364,298.15
224.0,98.59980552854563,1.0,180.0,87.53364188363997,1252.2805634446156,298.15
225.0,98.59355466036949,1.0,180.0,84.85394825214516,3291.8093066658503,298.15
226.0,98.58730379219335,1.0,180.0,86.32581504053286,1167.409870073414,298.15
227.0,98.58105292401723,1.0,180.0,85.10336976905919,1329.7570684117904,298.15
228.0,98.57480205584109,1.0,180.0,80.91975182728304,1966.5665624241278,298.15
229.0,98.56855118766495,1.0,180.0,84.53057012731043,2568.393384977248,298.15
230.0,98.56230031948881,1.0,180.0,85.40593185653917,2373.75639984558,298.15
231.0,98.55604945131269,1.0,180.0,82.29984946423902,2079.3535513693982,298.15
232.0,98.54979858313655,1.0,180.0,68.0471564280932,2470.3508339062846,298.15
233.0,98.54354771496041,1.0,180.0,72.05886296527409,2515.0197706293247,298.15
234.0,98.53729684678427,1.0,180.0,85.45542939002443,2216.7980190137364,298.15
235.0,98.53104597860813,1.0,180.0,68.20619072484047,1805.4022007631104,298.15
236.0,98.52479511043201,1.0,180.0,74.03150896035659,2982.626827789039,298.15
237.0,98.51854424225587,1.0,180.0,71.77666918159365,2589.8753023136037,298.15
238.0,98.51229337407973,1.0,180.0,66.21725957679243,2461.9448187158782,298.15
239.0,98.5060425059036,1.0,180.0,80.87586463210674,2475.1712517905335,298.15
240.0,98.49979163772747,1.0,180.0,80.48627849803704,2981.2181836307645,298.15
241.0,98.49354076955133,1.0,180.0,75.42893781671252,2956.289409993292,298.15
242.0,98.48728990137519,1.0,180.0,85.5226667854988,1708.5909946187126,298.15
243.0,98.48103903319905,1.0,180.0,67.22736994870496,1831.6977834355894,298.15
244.0,98.47478816502291,1.0,180.0,74.96288634945628,2960.464956019301,298.15
245.0,98.46853729684679,1.0,180.0,73.96155507525721,2934.377246569734,298.15
246.0,98.46228642867065,1.0,180.0,87.24011937912029,2248.9991767273627,298.15
247.0,98.45603556049451,1.0,180.0,77.50736960541998,2617.0261508647686,298.15
248.0,98.44978469231837,1.0,180.0,79.12954395319387,3101.086874950659,298.15
249.0,98.44353382414224,1.0,180.0,75.91836119042226,2741.2226800964413,298.15
250.0,98.43728295596611,1.0,180.0,72.53035455293082,3321.6906343309815,298.15
251.0,98.43103208778997,1.0,180.0,79.83311581369856,1905.2057884738983,298.15
252.0,98.42478121961383,1.0,180.0,80.08559853205881,3099.9386844004594,298.15
253.0,98.4185303514377,1.0,180.0,85.71404646649633,3134.4484515862005,298.15
254.0,98.41227948326157,1.0,180.0,66.34084509313716,3186.7925872315564,298.15
255.0,98.40602861508543,1.0,180.0,68.2439139427545,3263.1889941023182,298.15
256.0,98.3997777469093,1.0,180.0,70.93136870291404,3401.568485700378,298.15
257.0,98.39352687873316,1.0,180.0,82.58135461518918,3324.064601972269,298.15
258.0,98.38727601055702,1.0,180.0,69.81986105605597,3195.2410246451254,298.15
259.0,98.38102514238089,1.0,180.0,80.90136951828894,2816.4529856417125,298.15
260.0,98.37477427420475,1.0,180.0,64.91251430301497,2608.3959104982437,298.15
261.0,98.36852340602861,1.0,180.0,74.97329747489682,3614.8833952152054,298.15
262.0,98.36227253785248,1.0,180.0,73.16019361181233,3183.498484329968,298.15
263.0,98.35602166967634,1.0,180.0,65.71873694656999,2928.730493746777,298.15
264.0,98.34977080150021,1.0,180.0,74.27554400658097,2856.096059116671,298.15
265.0,98.34351993332407,1.0,180.0,69.3615438836393,3226.569662619202,298.15
266.0,98.33726906514794,1.0,180.0,75.18000650858768,3299.1052727394467,298.15
267.0,98.3310181969718,1.0,180.0,74.96967146677947,3345.0096643938546,298.15
268.0,98.32476732879567,1.0,180.0,68.98533400587586,2925.961105926832,298.15
269.0,98.31851646061953,1.0,180.0,70.67120742228705,3251.2007960062147,298.15
270.0,98.3122655924434,1.0,180.0,78.21513798808394,2974.5162856873,298.15
271.0,98.30601472426726,1.0,180.0,65.3038123165239,3381.630025208743,298.15
272.0,98.29976385609112,1.0,181.95495213321271,66.65216778913437,3526.5430039573525,298.15
273.0,98.293512987915,1.0,185.06416113059254,71.31838097689091,4023.065731713847,298.15
274.0,98.28726211973886,1.0,184.01217092323083,71.13468531297097,2770.5878613025466,298.15
275.0,98.28101125156272,1.0,180.0,57.93257220163218,3303.2570043724395,298.15
276.0,98.27476038338658,1.0,180.0,64.52149641224622,2604.0616546245506,298.15
277.0,98.26850951521044,1.0,180.0,64.65947904930468,2586.1905084599252,298.15
278.0,98.26225864703432,1.0,180.0,74.31949699021116,3106.700491228831,298.15
279.0,98.25600777885818,1.0,180.0,67.61650171488485,2879.145833117868,298.15
280.0,98.24975691068204,1.0,180.0,57.43886225362556,3031.4562600208055,298.15
281.0,98.2435060425059,1.0,180.38918034104182,72.49346810444443,2734.1014143481093,298.15
282.0,98.23725517432977,1.0,182.7231719394072,70.75030765574542,2852.215520960895,298.15
283.0,98.23100430615364,1.0,180.0,60.07192607032097,3753.7360668831393,298.15
284.0,98.2247534379775,1.0,184.44604414202539,68.98070348226058,3009.4828481088216,298.15
285.0,98.21850256980136,1.0,185.1044383516496,63.90658844247768,3188.663522637464,298.15
286.0,98.21225170162522,1.0,189.1334585868072,68.44106902285414,3085.4201821982806,298.15
287.0,98.2060008334491,1.0,188.32647593162864,74.53492455784138,2611.690385198695,298.15
288.0,98.19974996527296,1.0,197.40622010020044,64.87420003620879,3307.369644413443,298.15
289.0,98.19349909709682,1.0,197.06092208302218,54.63630283467924,3460.6929226465945,298.15
290.0,98.18724822892068,1.0,190.4581572625701,58.50887155985559,3237.5189466062393,298.15
291.0,98.18099736074454,1.0,193.2955045184866,61.1532842486907,2585.734106364159,298.15
292.0,98.17474649256842,1.0,194.36784253109735,62.583602336794755,2943.9576349036515,298.15
293.0,98.16849562439228,1.0,187.23173618724405,58.3254345785168,2576.4870476724777,298.15
294.0,98.16224475621614,1.0,192.6011321152301,62.06375103882618,2519.249588102883,298.15
295.0,98.15599388804,1.0,190.12317755521667,55.058226178950896,2629.581351540962,298.15
296.0,98.14974301986388,1.0,194.92248464592953,58.998230260011596,3098.788632590111,298.15
297.0,98.14349215168774,1.0,197.99036452757565,60.561409272513394,3106.700218286931,298.15
298.0,98.1372412835116,1.0,185.92216743302683,65.38979865701036,2617.663424246492,298.15
299.0,98.13099041533546,1.0,202.05147993415156,50.98471933493839,2408.127101842781,298.15
300.0,98.12473954715932,1.0,206.64363596536614,54.85434728654578,3323.6059253425915,298.15
301.0,98.1184886789832,1.0,212.10072887529807,59.44214156262186,2091.5612054787757,298.15
302.0,98.11223781080706,1.0,192.6201126938835,56.12050073998623,2905.7916097206976,298.15
303.0,98.10598694263092,1.0,190.9038697313885,61.639640290438926,2785.485898289715,298.15
304.0,98.09973607445478,1.0,212.8007225690242,69.24090529748368,2167.1939014309187,298.15
305.0,98.09348520627864,1.0,201.6822793175612,53.59381979733351,2463.8126387353655,298.15
306.0,98.08723433810252,1.0,203.4985072798308,52.61365011415972,2372.393887091266,298.15
307.0,98.08098346992638,1.0,200.6561577323157,59.93619724246529,1849.643068158073,298.15
308.0,98.07473260175024,1.0,200.96577665438258,56.5295036537614,2191.7090718580407,298.15
309.0,98.0684817335741,1.0,207.37373241982982,59.61010085656122,2308.2016680832303,298.15
310.0,98.06223086539798,1.0,221.47115298465692,65.87770918586085,2146.5247700679447,298.15
311.0,98.05597999722184,1.0,208.44835018095503,63.8938672875125,1591.316247465516,298.15
312.0,98.0497291290457,1.0,212.81785641919183,55.03685739086791,1333.7001073514461,298.15
313.0,98.04347826086956,1.0,204.49548237700571,57.66164630184782,1643.342552773704,298.15
314.0,98.03722739269342,1.0,210.59041304217754,52.02520004605051,2020.3098652725218,298.15
315.0,98.0309765245173,1.0,213.34765642701407,50.0,1847.6191333009128,298.15
316.0,98.02472565634116,1.0,212.56556529073222,50.0,1628.5418913454098,298.15
317.0,98.01847478816502,1.0,210.986260524441,50.0,2214.898627435028,298.15
318.0,98.01222391998888,1.0,223.5876479636478,56.35366331507376,1000.0,298.15
319.0,98.00597305181275,1.0,213.8353036686636,60.90504807754877,2195.328304341595,298.15
320.0,97.99972218363662,1.0,215.15420430633287,61.68052305622558,1864.6314834788077,298.15
321.0,97.99347131546048,1.0,218.49568578508206,59.40782866265404,2422.8013871296234,298.15
322.0,97.98722044728434,1.0,215.1208579572453,62.9688414857975,1696.7637925102113,298.15
323.0,97.9809695791082,1.0,223.94995303535558,50.335111041149915,1601.1368545421672,298.15
324.0,97.97471871093208,1.0,208.45137557518873,63.06843184758576,1434.2154980089822,298.15
325.0,97.96846784275594,1.0,216.7081732380803,62.96059821136721,2190.678600647422,298.15
326.0,97.9622169745798,1.0,227.366022943228,65.8760361642037,1751.1326644578817,298.15
327.0,97.95596610640366,1.0,223.36772215615952,60.50813060346477,1700.282392029244,298.15
328.0,97.94971523822753,1.0,216.02110728928105,61.59253980669361,1592.9051903465156,298.15
329.0,97.9434643700514,1.0,218.31326654828516,64.42618398281665,2258.1395820720904,298.15
330.0,97.93721350187526,1.0,224.80976511487265,50.18182588854447,1789.1687576844847,298.15
331.0,97.93096263369912,1.0,212.82540050900846,62.59451108221702,1489.3183574584134,298.15
332.0,97.92471176552299,1.0,226.40845760390962,57.617827724756594,2384.5697181991404,298.15
333.0,97.91846089734685,1.0,229.169797259386,59.45002806100889,1277.5490223556467,298.15
334.0,97.91221002917072,1.0,225.16137602387604,59.39414561949129,2046.4284831340935,298.15
335.0,97.90595916099458,1.0,229.34889913935498,63.06388887157495,1619.5357946236752,298.15
336.0,97.89970829281845,1.0,238.8362438432187,67.94490768758472,2067.103486983113,298.15
337.0,97.8934574246423,1.0,227.51109977410948,66.37016785937627,1701.4020937720409,298.15
338.0,97.88720655646618,1.0,221.81992164463833,69.21787332429507,2354.3369190394724,298.15
339.0,97.88095568829004,1.0,223.96510728156,61.39611764789856,1471.4893884152118,298.15
340.0,97.8747048201139,1.0,231.9191051284934,75.24317043761556,1878.8655561323253,298.15
341.0,97.86845395193777,1.0,228.40606876362475,72.3009600814525,1469.915303235067,298.15
342.0,97.86220308376163,1.0,229.74385847331178,65.06518572449801,2280.459094541058,298.15
343.0,97.8559522155855,1.0,240.4462811165593,61.63823230154787,1461.316747149641,298.15
344.0,97.84970134740936,1.0,229.76014146400726,62.029535892283214,1961.595932244122,298.15
345.0,97.84345047923323,1.0,227.88170192918093,55.6652290821325,1977.1915908266024,298.15
346.0,97.83719961105709,1.0,235.1871011155138,63.769587485065856,1696.8896717070802,298.15
347.0,97.83094874288095,1.0,238.6249654646404,64.14014062868485,2252.509637175385,298.15
348.0,97.82469787470482,1.0,240.78205204659085,70.36342103929762,1438.9217183537157,298.15
349.0,97.81844700652869,1.0,247.02521838522836,56.14852433126734,2060.9058183379075,298.15
350.0,97.81219613835255,1.0,244.9974224300391,71.80313234955877,2207.745661520474,298.15
351.0,97.80594527017641,1.0,233.3840085205716,77.38580857644375,2341.0212137394374,298.15
352.0,97.79969440200028,1.0,236.01897639481183,68.27691216068462,1807.8364008869203,298.15
353.0,97.79344353382415,1.0,232.50773738659336,62.887552516940055,2898.978690862299,298.15
354.0,97.787192665648,1.0,228.18656040924867,76.07448778881394,2705.1754231820905,298.15
355.0,97.78094179747187,1.0,244.99981682907082,67.37843370326068,2688.7913401532487,298.15
356.0,97.77469092929573,1.0,229.26215770175597,60.93877218713408,1428.1471173165178,298.15
357.0,97.7684400611196,1.0,237.140628735526,67.97819008794659,2339.0876715172376,298.15
358.0,97.76218919294347,1.0,239.0832427913198,65.43091874386018,2828.462444085124,298.15
359.0,97.75593832476733,1.0,245.93017802277024,74.90383989830266,2666.781191283565,298.15
360.0,97.74968745659119,1.0,243.49453248839959,67.72715389445929,3012.3317505820737,298.15
361.0,97.74343658841505,1.0,239.02988755356236,66.36259971934491,2685.522308738592,298.15
362.0,97.73718572023893,1.0,234.66035851549245,63.7232093514704,2571.164371681872,298.15
363.0,97.73093485206279,1.0,222.18023737121692,67.16952852409007,2388.6630167329686,298.15
364.0,97.72468398388665,1.0,229.1517828661105,69.80207039715377,2654.3490056890073,298.15
365.0,97.71843311571051,1.0,237.85405415032517,75.25411217395435,2528.3495054013474,298.15
366.0,97.71218224753439,1.0,244.1315278223015,63.60376417429502,2841.7734533037697,298.15
367.0,97.70593137935825,1.0,234.57876754497224,60.33458763043585,2613.2897102715597,298.15
368.0,97.69968051118211,1.0,240.462284316782,76.11153036764978,2278.6167347841947,298.15
369.0,97.69342964300597,1.0,238.29508574790574,69.0917794469435,2523.6067436376998,298.15
370.0,97.68717877482983,1.0,237.3412925108889,81.44702298748362,2733.256587678719,298.15
371.0,97.68092790665371,1.0,239.65709854185172,69.3443575292043,2665.2256172059083,298.15
372.0,97.67467703847757,1.0,242.81682938389304,75.06466120805983,3527.689712527853,298.15
373.0,97.66842617030143,1.0,237.63470324987674,71.18299697798078,2854.6679188886633,298.15
374.0,97.66217530212529,1.0,241.21314526349732,72.04297307479698,2284.8058403331306,298.15
375.0,97.65592443394915,1.0,241.11736821735084,67.6703078711198,3306.8700289465346,298.15
376.0,97.64967356577303,1.0,232.79342428087625,83.01079904406404,2313.983284495341,298.15
377.0,97.64342269759689,1.0,248.23004464095206,76.22134641360259,3284.126886601368,298.15
378.0,97.63717182942075,1.0,249.2186222934753,77.7037565257017,3481.5524861370286,298.15
379.0,97.63092096124461,1.0,228.76193580134478,83.92255655718994,2697.6239162133074,298.15
380.0,97.62467009306849,1.0,239.43281362151916,81.8325096865588,3088.6038063453425,298.15
381.0,97.61841922489235,1.0,236.87993268547137,77.28489322678286,3533.3597161791404,298.15
382.0,97.61216835671621,1.0,241.58033996718171,71.38725721784068,3737.5207578146114,298.15
383.0,97.60591748854007,1.0,251.2083797634348,67.02597795053163,3452.9498242428062,298.15
384.0,97.59966662036393,1.0,241.5626045931099,83.03140855283156,3536.037557821577,298.15
385.0,97.59341575218781,1.0,231.86514885657533,80.8847275749677,2862.92891583105,298.15
386.0,97.58716488401167,1.0,227.91132312002244,76.01306406458215,2565.7616250938663,298.15
387.0,97.58091401583553,1.0,245.76144614628896,88.31406531712517,3264.24748443651,298.15
388.0,97.5746631476594,1.0,240.6647522172562,67.77949497009247,2445.211898434893,298.15
389.0,97.56841227948325,1.0,239.1988505220126,80.62056630995968,3358.387689806843,298.15
390.0,97.56216141130713,1.0,240.7458629237137,72.440955192595,3202.8964173291265,298.15
391.0,97.55591054313099,1.0,240.06958426909736,81.50141733699002,3114.5456552106007,298.15
392.0,97.54965967495485,1.0,236.5103854274487,81.8196581882778,3554.463301654883,298.15
393.0,97.54340880677871,1.0,240.38938825218955,83.59459928697729,3043.0923455342027,298.15
394.0,97.53715793860259,1.0,235.69074329254224,70.02627237366963,2769.17955754075,298.15
395.0,97.53090707042645,1.0,236.5815193536081,84.34787117645148,3380.7819178021773,298.15
396.0,97.52465620225031,1.0,233.55899896005997,77.79487176387084,3919.468938148411,298.15
397.0,97.51840533407417,1.0,227.35886173731853,78.0695471378748,3510.5699690114384,298.15
398.0,97.51215446589804,1.0,240.163510274211,85.38380668357021,3637.093092286808,298.15
399.0,97.50590359772191,1.0,238.40591865350578,88.14611743175186,3371.317802080633,298.15
400.0,97.49965272954577,1.0,232.06590717530824,79.27748947501891,3491.1611828814766,298.15
401.0,97.49340186136963,1.0,233.22695216998798,75.78654149035663,3472.740276403123,298.15
402.0,97.4871509931935,1.0,225.41970428641537,73.51767583915773,3220.6189495144517,298.15
403.0,97.48090012501736,1.0,233.01853443119896,75.04679315645927,2840.7580696370824,298.15
404.0,97.47464925684123,1.0,224.12356734897435,80.21369201803145,3529.60593347183,298.15
405.0,97.4683983886651,1.0,229.78576740009873,76.02544511104972,3274.4615581190137,298.15
406.0,97.46214752048895,1.0,226.70117969768432,85.63740754232587,3030.341090594403,298.15
407.0,97.45589665231282,1.0,230.1911871355026,82.80756524791329,3014.5469396149465,298.15
408.0,97.44964578413669,1.0,232.85130143675488,81.59004149343893,3253.4851899857667,298.15
409.0,97.44339491596055,1.0,236.17016403315458,79.38619057623943,2837.9889987437114,298.15
410.0,97.43714404778441,1.0,232.28088641505332,77.21551701792127,3507.9225462327563,298.15
411.0,97.43089317960828,1.0,220.6673155131203,75.67192204989165,3167.666657500312,298.15
412.0,97.42464231143214,1.0,241.75143764222778,72.92044571716082,3118.358170780306,298.15
413.0,97.41839144325601,1.0,230.22359870955538,71.86800959029486,2618.267937695751,298.15
414.0,97.41214057507987,1.0,233.69753072335385,77.8450381509853,2902.5356037336624,298.15
415.0,97.40588970690374,1.0,235.01765545249248,76.40199972467056,2424.220846779939,298.15
416.0,97.3996388387276,1.0,225.88085407247073,79.94934047725808,3511.6928929629257,298.15
417.0,97.39338797055146,1.0,221.56700618993275,76.00719812779147,3186.418460788767,298.15
418.0,97.38713710237533,1.0,228.80702717030994,78.38803345215639,2568.795103891864,298.15
419.0,97.3808862341992,1.0,229.98462507616878,77.58588604205693,2419.8052291999716,298.15
420.0,97.37463536602306,1.0,226.91635943312554,74.87272328125043,2940.5574561392223,298.15
421.0,97.36838449784692,1.0,229.73302761890167,89.26330226867793,3021.5271385743745,298.15
422.0,97.3621336296708,1.0,228.55832285642964,82.334596102793,2247.1695477506905,298.15
423.0,97.35588276149466,1.0,227.4698988478515,74.91166610466009,2423.447505605388,298.15
424.0,97.34963189331852,1.0,225.1036515712464,72.98635314535649,2573.295474861069,298.15
425.0,97.34338102514238,1.0,210.82856532404423,73.86104001717933,2406.5333076327006,298.15
426.0,97.33713015696624,1.0,222.7964273365533,82.313707279487,2656.107585614619,298.15
427.0,97.33087928879011,1.0,217.9012263632067,80.29872550011224,3217.903762223323,298.15
428.0,97.32462842061398,1.0,203.76878819959413,73.4798572014614,2358.7172494913452,298.15
429.0,97.31837755243784,1.0,217.84150881094894,74.15598403804617,2678.30881851015,298.15
430.0,97.3121266842617,1.0,216.0205254236949,63.564489135117874,1802.8091491228668,298.15
431.0,97.30587581608557,1.0,210.37812803390415,82.43059718104634,2529.913285364534,298.15
432.0,97.29962494790944,1.0,210.74666195687988,74.04610513497464,2336.0767646883432,298.15
433.0,97.2933740797333,1.0,207.807148276982,79.03926617981287,2450.2854349302816,298.15
434.0,97.28712321155716,1.0,212.15850253735542,67.02535238147898,2022.7877028459443,298.15
435.0,97.28087234338102,1.0,200.94325361893533,77.18498781747871,2084.163766581782,298.15
436.0,97.2746214752049,1.0,206.31368032909452,82.69937135989429,1660.485561653664,298.15
437.0,97.26837060702876,1.0,217.8772662920756,74.18268067320943,1353.6152370840186,298.15
438.0,97.26211973885262,1.0,213.26188399083625,77.82980855672858,1403.4802331645105,298.15
439.0,97.25586887067648,1.0,202.59856020847022,85.4589752133692,2088.6098682359243,298.15
440.0,97.24961800250034,1.0,209.18001585224468,70.69775473366346,1716.4953869771198,298.15
441.0,97.24336713432422,1.0,204.60369474488286,76.0274796968902,1000.0,298.15
442.0,97.23711626614808,1.0,210.22437660794165,64.67400385523955,1963.577958870394,298.15
443.0,97.23086539797194,1.0,213.01694626279158,76.31715074007654,1000.5911927983628,298.15
444.0,97.2246145297958,1.0,215.44347229745102,79.53204191351391,1554.3007045812883,298.15
445.0,97.21836366161966,1.0,201.59214662860654,75.3322282492406,1071.778164390821,298.15
446.0,97.21211279344354,1.0,203.62805059848614,68.57131564092238,1713.4288995143802,298.15
447.0,97.2058619252674,1.0,200.52024328963572,77.99544026261744,1405.9553193417403,298.15
448.0,97.19961105709126,1.0,203.68882444876186,78.01329177880858,1713.155796314166,298.15
449.0,97.19336018891512,1.0,200.96691971465023,74.4598409822485,1489.2599038961719,298.15
450.0,97.187109320739,1.0,195.45540395437942,66.18007441341791,2417.55133778566,298.15
451.0,97.18085845256286,1.0,207.48714920605724,66.88777468426001,2063.334059724911,298.15
452.0,97.17460758438672,1.0,192.91301504912047,70.35762746027766,1629.8181415291913,298.15
453.0,97.16835671621058,1.0,197.05291508554473,78.68570198385075,1923.9185996849367,298.15
454.0,97.16210584803444,1.0,199.67873713423197,68.27575536383024,1959.1741472550336,298.15
455.0,97.15585497985832,1.0,191.3481120622828,69.034952325875,1961.29058817166,298.15
456.0,97.14960411168218,1.0,189.8985666918388,62.665059510487595,1502.6652821433934,298.15
457.0,97.14335324350604,1.0,200.71712597412525,66.31502290951073,1597.2205336985553,298.15
458.0,97.1371023753299,1.0,199.0284195837538,62.45287133145813,1926.0569736843615,298.15
459.0,97.13085150715378,1.0,204.03555924300906,71.72684036142002,1413.6039027377587,298.15
460.0,97.12460063897764,1.0,196.28121220123697,66.18288441491472,1217.064956946544,298.15
461.0,97.1183497708015,1.0,185.0860405499319,68.99828560466729,2170.991492474613,298.15
462.0,97.11209890262536,1.0,181.3139515573584,65.36328390668518,1242.772653105647,298.15
463.0,97.10584803444922,1.0,180.0,62.71971355885058,1641.9569135337424,298.15
464.0,97.0995971662731,1.0,180.46560746341868,50.0,1741.1414516592745,298.15
465.0,97.09334629809696,1.0,191.83621810491488,69.62528573038482,1781.9949610893632,298.15
466.0,97.08709542992082,1.0,190.5011745669405,64.07787820285816,2505.054872434619,298.15
467.0,97.08084456174468,1.0,182.1489267451246,65.64408793661225,1911.7864938279959,298.15
468.0,97.07459369356854,1.0,187.02320141569294,74.36595524294447,2043.4779768423152,298.15
469.0,97.06834282539242,1.0,189.9236453947499,61.75117544054524,2249.3622029488006,298.15
470.0,97.06209195721628,1.0,191.8089355319208,70.39188332553314,2063.7610243497634,298.15
471.0,97.05584108904014,1.0,189.82885274361357,56.38025168623372,2484.082664251684,298.15
472.0,97.049590220864,1.0,180.0,72.09671912026087,2353.7696098834117,298.15
473.0,97.04333935268787,1.0,184.9361053776586,62.785093938029924,2689.4741930167534,298.15
474.0,97.03708848451174,1.0,180.0,66.11713705233831,2400.2800625831096,298.15
475.0,97.0308376163356,1.0,180.0,63.669895075483296,2357.6283585776177,298.15
476.0,97.02458674815946,1.0,182.28509637805325,62.83065400375932,1580.5846768518923,298.15
477.0,97.01833587998333,1.0,180.0,65.90956400220237,1990.3088279666022,298.15
478.0,97.0120850118072,1.0,180.0,57.70754673406226,2764.0467203399025,298.15
479.0,97.00583414363106,1.0,180.0,59.431012272063164,2207.766986448649,298.15
480.0,96.99958327545492,1.0,180.0,69.03917195828052,2487.112353303961,298.15
481.0,96.99333240727879,1.0,192.96164209234368,55.58150778281848,2592.2008698775644,298.15
482.0,96.98708153910265,1.0,180.0,59.45225211800911,2475.27569135307,298.15
483.0,96.98083067092652,1.0,180.0,60.53607529200123,3259.575406098987,298.15
484.0,96.97457980275038,1.0,180.0,51.99441792136991,1833.4895819821004,298.15
485.0,96.96832893457425,1.0,180.0,70.18935870841433,3125.561452471029,298.15
486.0,96.9620780663981,1.0,180.0,56.09748985236196,2833.9596934913393,298.15
487.0,96.95582719822198,1.0,180.0,53.46958760773232,2580.0992454598527,298.15
488.0,96.94957633004584,1.0,180.0,56.30903007645442,3191.5246596722754,298.15
489.0,96.9433254618697,1.0,180.0,59.20189480324506,2436.7862016554263,298.15
490.0,96.93707459369357,1.0,180.0,65.71592525293435,3251.7402773032413,298.15
491.0,96.93082372551743,1.0,180.0,58.16041276815094,2620.8817294803766,298.15
492.0,96.9245728573413,1.0,180.0,62.27001988622362,2785.3960893004723,298.15
493.0,96.91832198916516,1.0,180.0,63.886842582006466,3259.286156917363,298.15
494.0,96.91207112098903,1.0,180.0,61.85525471851738,3001.8539573700396,298.15
495.0,96.90582025281289,1.0,180.0,57.218304606526026,3350.276084185529,298.15
496.0,96.89956938463675,1.0,180.0,68.68326586335169,3170.7448729557063,298.15
497.0,96.89331851646062,1.0,180.0,57.36435823543965,3014.1613354825727,298.15
498.0,96.88706764828449,1.0,180.0,62.226098769350905,3205.941365359514,298.15
499.0,96.88081678010835,1.0,180.0,59.1291723491988,3372.2918005268457,298.15
500.0,96.87456591193221,1.0,180.0,54.08404327984632,3069.1461152567126,298.15
501.0,96.86831504375607,1.0,180.0,56.99055426838275,3417.8416749279145,298.15
502.0,96.86206417557995,1.0,180.0,63.85000342419055,3167.6165010437744,298.15
503.0,96.8558133074038,1.0,180.0,74.14377405545515,3204.2354776739166,298.15
504.0,96.84956243922767,1.0,180.0,62.22951334912666,3427.202921701588,298.15
505.0,96.84331157105153,1.0,180.0,62.68763989178394,2994.904047953248,298.15
506.0,96.8370607028754,1.0,180.0,54.736841739591206,2712.6495657637265,298.15
507.0,96.83080983469927,1.0,180.0,74.35621214194538,3425.993644106808,298.15
508.0,96.82455896652313,1.0,180.0,57.90618464588548,2587.488014248179,298.15
509.0,96.81830809834699,1.0,180.0,66.92220447374535,3541.5617877402806,298.15
510.0,96.81205723017085,1.0,180.0,57.69196255941401,3983.084259457658,298.15
511.0,96.80580636199473,1.0,180.0,61.51500884971834,3545.3157991680105,298.15
512.0,96.79955549381859,1.0,180.0,58.35775912789119,3970.0237330674013,298.15
513.0,96.79330462564245,1.0,180.0,57.14933106107326,3007.6503799857023,298.15
514.0,96.78705375746631,1.0,180.0,66.82373058274233,2641.193072787878,298.15
515.0,96.78080288929019,1.0,180.0,69.62128577733368,3332.8609002201565,298.15
516.0,96.77455202111405,1.0,180.0,52.46508542443347,3668.9860267434283,298.15
517.0,96.76830115293791,1.0,180.0,69.81248332472157,3181.191615394719,298.15
518.0,96.76205028476177,1.0,180.0,72.9673942221618,3805.774900818824,298.15
519.0,96.75579941658563,1.0,180.0,53.620599065075396,4291.259915495811,298.15
520.0,96.7495485484095,1.0,180.0,51.53835233794027,2249.9063270044935,298.15
521.0,96.74329768023337,1.0,180.0,64.88563560066345,3418.364742691638,298.15
522.0,96.73704681205723,1.0,180.0,59.24680042365218,3667.8422317611753,298.15
523.0,96.73079594388109,1.0,180.0,70.28287922860233,3758.48646910111,298.15
524.0,96.72454507570495,1.0,180.0,68.29181429835583,2677.379437018025,298.15
525.0,96.71829420752883,1.0,180.0,70.01154968661555,2668.844412953825,298.15
526.0,96.71204333935269,1.0,180.0,66.98893682336504,2751.5295129288024,298.15
527.0,96.70579247117655,1.0,180.0,64.28029814328377,3202.1161031198412,298.15
528.0,96.69954160300041,1.0,180.0,65.73140333630586,2920.430651703352,298.15
529.0,96.69329073482429,1.0,180.0,60.77673841847128,3484.781795527645,298.15
530.0,96.68703986664815,1.0,180.0,73.32875393577447,3156.802833496379,298.15
531.0,96.68078899847201,1.0,180.0,70.08126598318712,3057.163860331296,298.15
532.0,96.67453813029587,1.0,180.0,68.54894063292353,2842.9774653943296,298.15
533.0,96.66828726211973,1.0,180.0,64.13599107283312,2976.2916287242674,298.15
534.0,96.66203639394361,1.0,180.0,71.72978360725268,2779.08737564832,298.15
535.0,96.65578552576747,1.0,180.0,71.176886149084,2658.809584041221,298.15
536.0,96.64953465759133,1.0,180.0,70.18998807735257,2462.1109062592245,298.15
537.0,96.6432837894152,1.0,180.0,64.21570280662328,2754.7967448984214,298.15
538.0,96.63703292123905,1.0,180.0,74.8987614652718,3087.3934717158854,298.15
539.0,96.63078205306293,1.0,180.0,65.40205476116003,2291.4005421207034,298.15
540.0,96.62453118488679,1.0,180.0,70.4747991717451,2269.930825914744,298.15
541.0,96.61828031671065,1.0,180.0,62.31348314481059,2530.837622083674,298.15
542.0,96.61202944853451,1.0,180.0,77.65713214228519,2871.1953161015786,298.15
543.0,96.60577858035839,1.0,180.0,74.45978297191009,1729.9000713429714,298.15
544.0,96.59952771218225,1.0,180.0,61.24180928787288,2626.2024617548677,298.15
545.0,96.59327684400611,1.0,180.0,63.54098179472521,2130.2811173710083,298.15
546.0,96.58702597582997,1.0,180.0,70.63091563910884,2795.2432577142113,298.15
547.0,96.58077510765384,1.0,180.0,74.489994755599,1730.1258199657673,298.15
548.0,96.57452423947771,1.0,180.0,66.22802070456372,2630.949445966383,298.15
549.0,96.56827337130157,1.0,180.0,72.90935807097615,2518.013974495705,298.15
550.0,96.56202250312543,1.0,180.0,77.19335417733295,3048.414404754015,298.15
551.0,96.5557716349493,1.0,183.72993535770422,81.41425156314916,1733.4600654658993,298.15
552.0,96.54952076677316,1.0,180.0,79.55412723931214,2234.3796209054317,298.15
553.0,96.54326989859703,1.0,180.0,72.17844649063227,2027.9197561997564,298.15
554.0,96.5370190304209,1.0,180.0,72.5857123627515,1853.8060927660565,298.15
555.0,96.53076816224475,1.0,180.0,67.86850975829091,1992.3215398826517,298.15
556.0,96.52451729406862,1.0,180.0,78.30419687444046,2747.5930997777127,298.15
557.0,96.51826642589249,1.0,180.0,73.0954170861675,1758.1748885615318,298.15
558.0,96.51201555771635,1.0,180.0,73.69806633247933,1194.562927551051,298.15
559.0,96.50576468954021,1.0,180.0,82.76006085233763,1753.3508828992117,298.15
560.0,96.49951382136408,1.0,180.0,77.97762507326917,1563.3791706055108,298.15
561.0,96.49326295318794,1.0,180.52884880552844,73.63509739347842,1358.3039018807415,298.15
562.0,96.48701208501181,1.0,180.0,68.23444907542371,1133.1976757117022,298.15
563.0,96.48076121683567,1.0,180.0,78.38425125096603,2232.1089043749653,298.15
564.0,96.47451034865954,1.0,180.0,69.93808304277815,1749.7316610968026,298.15
565.0,96.4682594804834,1.0,180.0,70.7463964427335,1400.5068257437624,298.15
566.0,96.46200861230726,1.0,180.0,77.53987776358478,1440.053861748917,298.15
567.0,96.45575774413113,1.0,180.0,80.85007757188401,2763.0252497510974,298.15
568.0,96.449506875955,1.0,180.33272652874288,76.95711937017455,2036.0143429442578,298.15
569.0,96.44325600777886,1.0,180.0,79.44837284917327,1467.2752106509877,298.15
570.0,96.43700513960272,1.0,180.0,86.27845008441041,1484.098287180284,298.15
571.0,96.4307542714266,1.0,180.0,78.20494447698279,2438.842492595992,298.15
572.0,96.42450340325045,1.0,196.63580077256498,78.49521592582968,1998.1023479985267,298.15
573.0,96.41825253507432,1.0,180.0,81.17329307988881,1235.5045467312523,298.15
574.0,96.41200166689818,1.0,180.0,88.9661395454592,1354.0717788102306,298.15
575.0,96.40575079872204,1.0,182.19375860177996,86.01997197208354,2086.777351819411,298.15
576.0,96.39949993054591,1.0,180.0,83.84498743966583,2071.3764042181397,298.15
577.0,96.39324906236978,1.0,187.99529752945529,72.99416739331951,2006.7681207327287,298.15
578.0,96.38699819419364,1.0,182.43202725017218,85.31077831728172,1817.8072933324072,298.15
579.0,96.3807473260175,1.0,186.54701043501723,78.81019576017498,1518.1010268220589,298.15
580.0,96.37449645784136,1.0,183.63882168293716,83.13185039868324,2352.079064271863,298.15
581.0,96.36824558966524,1.0,196.3938393537372,89.18477812751077,1856.2306136759664,298.15
582.0,96.3619947214891,1.0,181.36399166072883,81.34940173429686,2337.627153709927,298.15
583.0,96.35574385331296,1.0,180.0,78.44300765759503,2302.073108703983,298.15
584.0,96.34949298513682,1.0,187.05144399250875,79.15952519109622,2171.1387305740104,298.15
585.0,96.3432421169607,1.0,191.23262429199934,82.7569534450475,1918.1382943466608,298.15
586.0,96.33699124878456,1.0,187.58968139427225,74.17674678680186,1876.4720812636592,298.15
587.0,96.33074038060842,1.0,191.7069058508868,81.50431465964637,1968.914884287871,298.15
588.0,96.32448951243228,1.0,189.1745196760536,85.40068037896607,2561.5010121210926,298.15
589.0,96.31823864425614,1.0,191.5693891132798,66.68386346054545,1910.0728525987379,298.15
590.0,96.31198777608002,1.0,190.56352070770384,77.66304561401162,2061.2814816524883,298.15
591.0,96.30573690790388,1.0,189.0967028848277,81.96908592552187,2347.945725510327,298.15
592.0,96.29948603972774,1.0,187.87669057205153,80.42895590245908,2880.1860634629347,298.15
593.0,96.2932351715516,1.0,190.73279272566066,76.35659265391347,2409.4697962289215,298.15
594.0,96.28698430337546,1.0,192.37185482532135,78.69182698867532,2314.055754377279,298.15
595.0,96.28073343519934,1.0,204.18667181133728,81.45945117920851,2160.5958053251306,298.15
596.0,96.2744825670232,1.0,190.36317668312793,76.83815522094999,3292.8370374421875,298.15
597.0,96.26823169884706,1.0,194.33351712575882,83.76759365802346,2317.957718863981,298.15
598.0,96.26198083067092,1.0,200.20980477407608,81.81070164810593,2069.69381852936,298.15
599.0,96.2557299624948,1.0,204.22001663185156,86.86814764605927,2827.6936660015554,298.15
600.0,96.24947909431866,1.0,203.46191141401442,77.61992743254365,2682.500516714696,298.15
601.0,96.24322822614252,1.0,193.75302457365996,79.63120937703822,2272.4216691157812,298.15
602.0,96.23697735796638,1.0,207.75018390786116,83.31025438406806,2644.8580531568577,298.15
603.0,96.23072648979024,1.0,206.64085059270502,78.33163001490928,2872.0144889178223,298.15
604.0,96.22447562161412,1.0,198.60890801129796,77.03236814711028,2969.6739831766727,298.15
605.0,96.21822475343798,1.0,200.90447848996905,81.93875167453182,2635.6524221317436,298.15
606.0,96.21197388526184,1.0,203.18744666830702,87.59714883452254,2970.8792356427384,298.15
607.0,96.2057230170857,1.0,207.37115274060983,84.02489561104501,3439.2821753700982,298.15
608.0,96.19947214890956,1.0,217.5041341838501,86.86525766970709,2957.913163299574,298.15
609.0,96.19322128073344,1.0,217.28756562368255,80.49287583932653,3189.514531948774,298.15
610.0,96.1869704125573,1.0,218.14751705481942,76.54912967447507,2823.04368827479,298.15
611.0,96.18071954438116,1.0,208.9104205522072,74.24974378969439,2803.839618824306,298.15
612.0,96.17446867620502,1.0,212.12009789518487,85.16551270929864,2860.368599041924,298.15
613.0,96.1682178080289,1.0,211.2808905771288,79.51221311633921,2617.539699069219,298.15
614.0,96.16196693985276,1.0,210.58529904711355,68.97595586534597,2474.9811095531386,298.15
615.0,96.15571607167662,1.0,208.1417177891026,77.59513480945402,3371.796145276675,298.15
616.0,96.14946520350048,1.0,224.65800374006656,68.2465646191275,3334.7736542276666,298.15
617.0,96.14321433532434,1.0,213.43775203592406,64.04423710010526,3241.951327946032,298.15
618.0,96.13696346714822,1.0,206.01286078556848,80.74756574259611,2702.6551827269514,298.15
619.0,96.13071259897208,1.0,214.37814820867806,80.7258805804558,4014.0505431969186,298.15
620.0,96.12446173079594,1.0,216.98563778936492,77.73837908002288,2735.2903411915313,298.15
621.0,96.1182108626198,1.0,218.8852231505264,81.42882146747175,2981.9303164020325,298.15
622.0,96.11195999444367,1.0,218.8247314631798,64.52220907423884,3045.6828892394306,298.15
623.0,96.10570912626754,1.0,213.6233828475309,68.84449623159955,3084.22609343284,298.15
624.0,96.0994582580914,1.0,230.64174551338286,69.37024630064475,3609.691138965545,298.15
625.0,96.09320738991526,1.0,218.94086308249496,65.79508323583038,3237.5985701500977,298.15
626.0,96.08695652173913,1.0,225.25218061532814,79.16587237198111,2898.6430605966334,298.15
627.0,96.080705653563,1.0,223.62417748140248,64.27184067621872,3532.10155626934,298.15
628.0,96.07445478538686,1.0,215.7982749105461,66.42247401642226,3041.7395118682416,298.15
629.0,96.06820391721072,1.0,221.69831336930847,67.60662967739971,3103.65502388646,298.15
630.0,96.06195304903459,1.0,228.7482500154695,69.33887375061244,2790.093908392329,298.15
631.0,96.05570218085845,1.0,221.89580416797182,73.37377941860922,3573.05792865051,298.15
632.0,96.04945131268232,1.0,224.87207676005778,77.07228200402359,2895.328694455227,298.15
633.0,96.04320044450618,1.0,226.63307796024728,70.50424486196816,2791.391010301528,298.15
634.0,96.03694957633004,1.0,224.05687580991713,76.18866009719156,3842.984569882145,298.15
635.0,96.0306987081539,1.0,229.80341063995417,76.10044533146365,3765.5336314597243,298.15
636.0,96.02444783997777,1.0,226.14156935683192,67.96851649991576,3386.0382356729874,298.15
637.0,96.01819697180164,1.0,226.0641154192911,60.2257211308784,2816.8236963393406,298.15
638.0,96.0119461036255,1.0,235.78129866673765,65.66048661054552,3497.197370995922,298.15
639.0,96.00569523544937,1.0,232.63683518244255,74.13538035246454,2964.7754426159677,298.15
640.0,95.99944436727323,1.0,224.01309558259584,69.66001999205831,3031.479645068962,298.15
641.0,95.9931934990971,1.0,226.67136245272434,65.56982733684583,3309.233109952191,298.15
642.0,95.98694263092096,1.0,232.51182946964872,62.93582201723725,3970.5122209721726,298.15
643.0,95.98069176274483,1.0,236.93482496538567,64.78217860246262,3562.66471361423,298.15
644.0,95.97444089456869,1.0,226.7401665486826,70.34081415650374,3652.1080070589787,298.15
645.0,95.96819002639255,1.0,237.59787841360694,65.5145902740792,2938.305727741172,298.15
646.0,95.96193915821642,1.0,237.53222227809488,59.53898201059014,3126.5749508321196,298.15
647.0,95.95568829004029,1.0,235.95608883188027,66.46461617680862,3443.2096084453615,298.15
648.0,95.94943742186415,1.0,228.72205965342923,63.29151325432269,2997.9437862200275,298.15
649.0,95.94318655368801,1.0,229.94745472646932,56.77004189493964,2332.112086233529,298.15
650.0,95.93693568551188,1.0,235.98525407007705,50.6624430850733,2251.3391067718085,298.15
651.0,95.93068481733575,1.0,239.41143197442506,50.0,2550.2797099360446,298.15
652.0,95.9244339491596,1.0,238.1192729955029,63.04568671069329,3085.916429719197,298.15
653.0,95.91818308098347,1.0,233.4138563796306,66.42574615598198,2445.8353096991978,298.15
654.0,95.91193221280733,1.0,238.26779404853048,67.73779765867583,3059.2313538397984,298.15
655.0,95.9056813446312,1.0,254.58545693691264,64.83481915968665,3301.099682777663,298.15
656.0,95.89943047645507,1.0,227.41891904662367,65.15410962307588,2113.3382918603756,298.15
657.0,95.89317960827893,1.0,235.84565031825815,67.11706231114555,3490.174306459159,298.15
658.0,95.88692874010279,1.0,231.97136323613717,61.16656213677435,2712.6932127691002,298.15
659.0,95.88067787192665,1.0,236.77447744694587,62.86149838282285,2202.872005895145,298.15
660.0,95.87442700375053,1.0,241.95550409085607,59.462521791112735,2902.194835791279,298.15
661.0,95.86817613557439,1.0,230.28995916474858,65.02875045711345,2238.943205630839,298.15
662.0,95.86192526739825,1.0,241.87878107731498,54.14127871705714,3349.121962516164,298.15
663.0,95.85567439922211,1.0,238.9323988534837,61.97800767885158,2138.127590078007,298.15
664.0,95.84942353104597,1.0,233.14019648422092,64.72484682920151,2119.154468953626,298.15
665.0,95.84317266286985,1.0,239.00662781347737,68.28208933819309,2664.945313491568,298.15
666.0,95.83692179469371,1.0,232.9257164201772,59.72603012019476,2465.489834080721,298.15
667.0,95.83067092651757,1.0,238.33440985095373,64.36959450315281,1807.8048831787662,298.15
668.0,95.82442005834143,1.0,244.6272382794835,55.85591388538047,2150.0199519745984,298.15
669.0,95.8181691901653,1.0,232.01744200962523,59.92806046359156,2317.8554195647375,298.15
670.0,95.81191832198917,1.0,238.2497088770602,62.81450256094591,2072.023734961086,298.15
671.0,95.80566745381303,1.0,248.8321614736929,64.81603349517167,2905.388304893206,298.15
672.0,95.79941658563689,1.0,240.16164248027263,57.8471045461528,1748.5098796966367,298.15
673.0,95.79316571746075,1.0,244.57677407410205,64.85009719407833,2213.4697744613145,298.15
674.0,95.78691484928463,1.0,238.37796601433777,54.49702292019486,2962.4206590110607,298.15
675.0,95.78066398110849,1.0,232.74356158375488,60.63470380341936,1913.095145510995,298.15
676.0,95.77441311293235,1.0,229.6378422733501,52.35133385698716,1578.9105416197856,298.15
677.0,95.76816224475621,1.0,237.26501663652658,56.4765964692612,2050.637321771347,298.15
678.0,95.76191137658009,1.0,252.93470551380722,58.155995619212746,1442.255416866219,298.15
679.0,95.75566050840395,1.0,238.96039722909492,69.91418003892434,1427.7538026830266,298.15
680.0,95.74940964022781,1.0,236.30795680590498,69.27655727377623,1118.5195482619115,298.15
681.0,95.74315877205167,1.0,240.95455413848916,54.84494912371864,1000.0,298.15
682.0,95.73690790387553,1.0,235.69142649521586,55.76977060776882,2206.188477910411,298.15
683.0,95.73065703569941,1.0,239.61829960531426,55.3032915780594,1826.5033692322577,298.15
684.0,95.72440616752327,1.0,240.7629076042353,59.89234951708203,1663.8260278668488,298.15
685.0,95.71815529934713,1.0,230.88390664376993,56.23217035729657,1779.1180421647944,298.15
686.0,95.71190443117099,1.0,247.18898311580608,51.119760956210854,1056.9738651858697,298.15
687.0,95.70565356299485,1.0,239.1846009459344,51.629541501466996,2054.6028502748577,298.15
688.0,95.69940269481873,1.0,247.59439638816164,50.02491240576137,1938.7466488317589,298.15
689.0,95.69315182664259,1.0,234.2705726137946,58.831794415257654,2111.4566825157367,298.15
690.0,95.68690095846645,1.0,233.5135904564095,61.272429922898596,1470.856619470787,298.15
691.0,95.68065009029031,1.0,234.56555218606675,61.49875318748238,1455.8077013659545,298.15
692.0,95.67439922211418,1.0,232.70127308900112,56.03760935726301,1933.7336806448347,298.15
693.0,95.66814835393805,1.0,244.75282435161756,58.11983307241485,2124.169909811502,298.15
694.0,95.66189748576191,1.0,238.12450449975316,68.66770262152494,1942.7138737847463,298.15
695.0,95.65564661758577,1.0,241.36298916348198,69.85109727227373,1648.4211148736226,298.15
696.0,95.64939574940963,1.0,237.80029780900207,72.06523436505091,1419.670500784671,298.15
697.0,95.64314488123351,1.0,239.176330632887,60.117805749535876,1662.2865111321978,298.15
698.0,95.63689401305737,1.0,235.1504395783061,57.573226174775044,1515.7827317252218,298.15
699.0,95.63064314488123,1.0,235.93452972624826,61.02288740173893,1483.5259672937818,298.15
700.0,95.6243922767051,1.0,236.14100151923842,70.91945427905429,1789.1766679421337,298.15
701.0,95.61814140852896,1.0,237.02124153334586,64.74628599633577,2064.759898667557,298.15
702.0,95.61189054035283,1.0,230.60310701962584,54.90344818902357,1512.8562935197524,298.15
703.0,95.6056396721767,1.0,231.6838136898561,70.36587419766926,2021.368805462653,298.15
704.0,95.59938880400055,1.0,235.33071553238148,70.96478106444741,2340.5074829246973,298.15
705.0,95.59313793582442,1.0,237.9854683526776,65.57350279645885,1958.7236687275692,298.15
706.0,95.58688706764829,1.0,242.92651112877203,67.67888588132665,1279.1427231603307,298.15
707.0,95.58063619947215,1.0,228.7091164053364,71.67087527108967,1320.760955143427,298.15
708.0,95.57438533129601,1.0,227.77113603179717,63.03289822234772,1936.840076446897,298.15
709.0,95.56813446311988,1.0,219.7589073245889,78.55191475984158,2414.9394870322053,298.15
710.0,95.56188359494374,1.0,233.52517669398247,71.7574543745425,1946.790842371591,298.15
711.0,95.55563272676761,1.0,232.75376408661697,67.34859010639573,2327.0552109345062,298.15
712.0,95.54938185859147,1.0,221.24916827489932,67.86334700852768,2074.220911005962,298.15
713.0,95.54313099041534,1.0,228.3522029742725,65.15367599727584,2421.230079721372,298.15
714.0,95.5368801222392,1.0,235.09929847911383,67.95939844730214,2203.7069509009925,298.15
715.0,95.53062925406306,1.0,222.7677063002722,74.49595640803604,2264.273552127184,298.15
716.0,95.52437838588693,1.0,226.7588575753952,73.31473351178923,3300.094498976007,298.15
717.0,95.5181275177108,1.0,223.91781811429647,64.76145383967186,2629.4887091749697,298.15
718.0,95.51187664953466,1.0,226.2784164588911,74.39251658084092,2666.1487442064695,298.15
719.0,95.50562578135852,1.0,232.61764035084283,74.38744002229019,2305.840552917837,298.15
720.0,95.49937491318238,1.0,228.82741545001016,61.763149365531845,2573.7290402654626,298.15
721.0,95.49312404500625,1.0,213.85277636878493,75.66243703806092,2505.478677085615,298.15
722.0,95.48687317683012,1.0,227.9987194633399,74.75163347674615,2765.832898938256,298.15
723.0,95.48062230865398,1.0,222.6720572030315,79.08262813471663,2445.3002347025094,298.15
724.0,95.47437144047784,1.0,220.03272550282585,65.31549847819932,2327.3559641782504,298.15
725.0,95.46812057230171,1.0,228.7235575354051,67.39551429917613,3595.129007211577,298.15
726.0,95.46186970412558,1.0,214.04439813155696,70.42085903239995,2857.199224276558,298.15
727.0,95.45561883594944,1.0,221.51099391997872,72.45397128884447,2535.563975522104,298.15
728.0,95.4493679677733,1.0,214.18635210625501,54.3015737796825,2565.251962414134,298.15
729.0,95.44311709959716,1.0,217.52253007238374,77.45255618191482,2632.3446109941324,298.15
730.0,95.43686623142104,1.0,210.3133150246777,66.36718631950494,2606.0946570340293,298.15
731.0,95.4306153632449,1.0,212.68053874311616,69.3458307561875,2615.2841794011824,298.15
732.0,95.42436449506876,1.0,218.5810713180627,70.04739638383239,2962.8799587621284,298.15
733.0,95.41811362689262,1.0,208.97102724246062,68.91586445207304,3541.816832042129,298.15
734.0,95.4118627587165,1.0,208.89380702007355,78.05412822285534,2324.389446822639,298.15
735.0,95.40561189054036,1.0,211.06114046204803,61.99562623682321,2791.555255600237,298.15
736.0,95.39936102236422,1.0,220.30409060260217,73.6138303232846,2796.049978541466,298.15
737.0,95.39311015418808,1.0,201.4067670078626,76.05022039772774,2993.6710167796796,298.15
738.0,95.38685928601194,1.0,192.79764062845814,80.95757002892992,2933.5484022299484,298.15
739.0,95.38060841783582,1.0,206.99859178413888,81.78570377948749,3221.394427388577,298.15
740.0,95.37435754965968,1.0,198.28701557217067,83.11876066183716,3000.6968164423834,298.15
741.0,95.36810668148354,1.0,208.70075311605865,74.97368985050261,3344.1090511060174,298.15
742.0,95.3618558133074,1.0,204.35502423005323,71.16530388085772,3368.8164187300013,298.15
743.0,95.35560494513126,1.0,201.59163530170798,75.52691116259183,3359.2274128905365,298.15
744.0,95.34935407695514,1.0,212.42173929379877,73.17521108386984,3374.286872300448,298.15
745.0,95.343103208779,1.0,204.0955260671383,73.51044134098586,2446.052200857082,298.15
746.0,95.33685234060286,1.0,211.46880726027632,82.19777093486732,3280.1925957253807,298.15
747.0,95.33060147242672,1.0,207.68323567894865,82.49059572714879,2727.3245335508627,298.15
748.0,95.32435060425058,1.0,185.78845806017983,91.20414737452253,3011.256815514355,298.15
749.0,95.31809973607446,1.0,198.33360041213683,80.45501428236753,3323.6512391312745,298.15
750.0,95.31184886789832,1.0,190.4955655168613,71.4335944709034,3397.9939491905557,298.15
751.0,95.30559799972218,1.0,200.35467736565414,77.50172375389235,3254.3403698657526,298.15
752.0,95.29934713154604,1.0,202.54884583647166,72.14551248362555,2965.924073028077,298.15
753.0,95.29309626336992,1.0,202.06512050960367,77.59600768756172,3325.945280925007,298.15
754.0,95.28684539519378,1.0,193.1103220632418,82.77587787523254,4028.7497804479076,298.15
755.0,95.28059452701764,1.0,202.74154520948952,80.73734570069107,3522.9939467244744,298.15
756.0,95.2743436588415,1.0,189.813285223684,75.31134971903121,3764.562330292426,298.15
757.0,95.26809279066536,1.0,192.20594001981635,70.50067549050634,3103.5617405402145,298.15
758.0,95.26184192248924,1.0,192.27917065602546,74.37840070568926,2927.0992230192114,298.15
759.0,95.2555910543131,1.0,208.17882195616312,76.07949495654387,3517.3500090304597,298.15
760.0,95.24934018613696,1.0,189.67865996408148,83.79375261490829,4128.12364286413,298.15
761.0,95.24308931796082,1.0,188.42636219415886,76.44973397171073,2893.957536951053,298.15
762.0,95.2368384497847,1.0,192.00921527328282,85.11223538540425,2949.335668067768,298.15
763.0,95.23058758160856,1.0,183.69272219303264,75.71780903141203,3629.4450676020892,298.15
764.0,95.22433671343242,1.0,191.5178019986321,84.668622244136,2638.0932513844086,298.15
765.0,95.21808584525628,1.0,181.14611069856647,81.37434380493931,3007.5293867918735,298.15
766.0,95.21183497708014,1.0,180.0,81.76345008038805,3637.376825080597,298.15
767.0,95.20558410890402,1.0,185.67496291777366,84.55806373407081,3055.4755187008936,298.15
768.0,95.19933324072788,1.0,191.2118667141739,76.45793246755194,2280.8351436521502,298.15
769.0,95.19308237255174,1.0,180.0,83.00715488479382,2439.485065263968,298.15
770.0,95.1868315043756,1.0,183.93388905687812,90.37122497899482,2289.83142077796,298.15
771.0,95.18058063619947,1.0,180.0,73.48511028148822,3132.0661512549336,298.15
772.0,95.17432976802334,1.0,185.78546716462404,80.33559826719743,2548.7937631482782,298.15
773.0,95.1680788998472,1.0,183.68046779619968,73.31434664850732,3225.254399271365,298.15
774.0,95.16182803167106,1.0,180.0,73.4891012201196,2574.592574125668,298.15
775.0,95.15557716349493,1.0,181.04535779699452,80.14111973158333,2775.935062544054,298.15
776.0,95.14932629531879,1.0,191.2927375048489,82.95387589520573,2235.3654178654156,298.15
777.0,95.14307542714266,1.0,187.25279253451836,86.85307925987419,2650.3182711622494,298.15
778.0,95.13682455896652,1.0,180.0,83.87395177264733,2694.32112965426,298.15
779.0,95.13057369079038,1.0,180.0,80.21851142334835,2430.838446127228,298.15
780.0,95.12432282261425,1.0,180.0,80.88847902833601,2925.583192097478,298.15
781.0,95.11807195443812,1.0,180.0,78.7532055033785,2247.7513486465814,298.15
782.0,95.11182108626198,1.0,180.0,78.90748810535185,2178.0957431425254,298.15
783.0,95.10557021808584,1.0,181.43026372714246,68.28642099200697,2331.9727161109595,298.15
784.0,95.0993193499097,1.0,180.0,76.01407602986961,2821.9352195372753,298.15
785.0,95.09306848173357,1.0,180.0,87.29389750919287,2090.1079651164046,298.15
786.0,95.08681761355744,1.0,180.0,76.47361929445003,2371.408600072736,298.15
787.0,95.0805667453813,1.0,180.0,80.02832322029504,2486.139334700215,298.15
788.0,95.07431587720517,1.0,183.9237619134414,71.10085648241777,2754.9282882657335,298.15
789.0,95.06806500902903,1.0,180.0,77.41335805117998,1735.538058815708,298.15
790.0,95.0618141408529,1.0,180.0,69.24235450959094,1946.5986696471155,298.15
791.0,95.05556327267676,1.0,180.0,76.14722418926635,2490.023048162689,298.15
792.0,95.04931240450063,1.0,180.0,80.75859609822433,1725.541669926654,298.15
793.0,95.04306153632449,1.0,180.0,79.61501872513239,2471.092328847176,298.15
794.0,95.03681066814835,1.0,180.0,68.15194543097675,2554.501799680962,298.15
795.0,95.03055979997222,1.0,180.0,70.90854983182271,2364.8950450649418,298.15
796.0,95.02430893179609,1.0,182.0592669901167,73.44544033746371,1697.8171220223446,298.15
797.0,95.01805806361995,1.0,180.0,69.3335013415641,1948.4175628356031,298.15
798.0,95.01180719544381,1.0,180.0,68.54539579942775,2047.2606117847095,298.15
799.0,95.00555632726767,1.0,180.0,67.59098478769482,2032.164057151498,298.15
800.0,94.99930545909154,1.0,180.0,73.25222899048924,1620.643996575608,298.15
801.0,94.9930545909154,1.0,180.0,74.75315974189374,2018.3237429572337,298.15
802.0,94.98680372273927,1.0,180.0,66.7953824365487,2154.37487504869,298.15
803.0,94.98055285456313,1.0,180.0,70.62261884901156,2161.9026357590233,298.15
804.0,94.974301986387,1.0,180.0,62.86614633992616,1756.1192473819751,298.15
805.0,94.96805111821087,1.0,180.0,75.07320683296106,1007.1155787374224,298.15
806.0,94.96180025003473,1.0,180.0,71.58111288973144,1657.8656919050588,298.15
807.0,94.95554938185859,1.0,180.0,66.64969564206221,1185.3742721189028,298.15
808.0,94.94929851368245,1.0,180.0,71.65819242124671,1887.262298862108,298.15
809.0,94.94304764550633,1.0,180.0,73.09905026670171,1486.7889147239075,298.15
810.0,94.93679677733019,1.0,180.0,67.14996835158064,1602.5602205535324,298.15
811.0,94.93054590915405,1.0,180.0,61.82526089473532,1489.2238159538397,298.15
812.0,94.92429504097791,1.0,180.0,65.56431215413316,2310.29780862777,298.15
813.0,94.91804417280179,1.0,180.0,69.44808003325792,2038.0748107828388,298.15
814.0,94.91179330462565,1.0,180.0,64.39839917540222,1662.1643415130472,298.15
815.0,94.90554243644951,1.0,180.0,72.18491582956737,2165.818520901985,298.15
816.0,94.89929156827337,1.0,180.0,74.95983803118547,2029.5857599276576,298.15
817.0,94.89304070009723,1.0,180.0,68.78478029956216,2116.5710666866707,298.15
818.0,94.8867898319211,1.0,180.0,74.60338957475176,1000.0,298.15
819.0,94.88053896374497,1.0,180.0,64.3957943892186,2745.3601683087804,298.15
820.0,94.87428809556883,1.0,180.0,70.94415640154047,2267.437649345352,298.15
821.0,94.86803722739269,1.0,180.0,69.72856121063786,1777.9350748930842,298.15
822.0,94.86178635921655,1.0,180.0,71.4340518568415,2198.0294415119115,298.15
823.0,94.85553549104043,1.0,180.0,72.96421383682318,1827.8300745291554,298.15
824.0,94.84928462286429,1.0,180.0,57.120732637752916,2339.097267112652,298.15
825.0,94.84303375468815,1.0,180.0,64.6964566107371,2090.0531546310076,298.15
826.0,94.83678288651201,1.0,180.0,57.82732263145417,1407.1948472458107,298.15
827.0,94.83053201833587,1.0,180.0,60.26216230976472,1808.5289911547748,298.15
828.0,94.82428115015975,1.0,180.0,63.55587392050347,2614.7820144235584,298.15
829.0,94.81803028198361,1.0,180.0,73.70665378161226,1713.2466803032744,298.15
830.0,94.81177941380747,1.0,180.0,71.16137008597202,2173.474092226785,298.15
831.0,94.80552854563133,1.0,180.0,58.71350121924478,2702.6436589626283,298.15
832.0,94.79927767745521,1.0,180.0,66.15556678384749,2617.59801925233,298.15
833.0,94.79302680927907,1.0,180.0,75.57672728545752,2071.667621082487,298.15
834.0,94.78677594110293,1.0,180.0,55.8470960659747,2094.8881765034225,298.15
835.0,94.78052507292679,1.0,180.0,70.08068084738535,1799.7776066066049,298.15
836.0,94.77427420475065,1.0,180.0,58.28664966924218,2642.213604184776,298.15
837.0,94.76802333657453,1.0,180.0,63.54510783948751,2282.1125824911273,298.15
838.0,94.76177246839839,1.0,180.0,64.61488532159203,2515.5029116311857,298.15
839.0,94.75552160022225,1.0,180.0,66.09316715742088,3467.312957192211,298.15
840.0,94.74927073204611,1.0,180.0,64.675594201075,2554.6607420536106,298.15
841.0,94.74301986386999,1.0,180.0,55.296747581342565,2804.6271686844957,298.15
842.0,94.73676899569385,1.0,180.0,60.841923334390465,2920.220692280798,298.15
843.0,94.73051812751771,1.0,180.0,56.39245533042232,2453.340286478868,298.15
844.0,94.72426725934157,1.0,180.0,61.576550323072745,2581.3621592087266,298.15
845.0,94.71801639116543,1.0,180.0,63.08427395383233,2352.7863258082066,298.15
846.0,94.71176552298931,1.0,180.0,67.01096427364536,2460.445735783533,298.15
847.0,94.70551465481317,1.0,180.0,52.73099320053876,2791.701288433228,298.15
848.0,94.69926378663703,1.0,180.0,59.62489392345563,2752.946177649247,298.15
849.0,94.6930129184609,1.0,180.0,69.98273808684802,2559.2497688547132,298.15
850.0,94.68676205028476,1.0,180.0,52.56354346592406,2764.019178034937,298.15
851.0,94.68051118210863,1.0,180.0,59.437313167773624,2540.867922021834,298.15
852.0,94.67426031393249,1.0,180.0,55.26229787232846,2792.140381875644,298.15
853.0,94.66800944575635,1.0,180.0,66.40092729790554,3358.2299241537344,298.15
854.0,94.66175857758022,1.0,180.0,62.271427129318575,3262.0850298430305,298.15
855.0,94.65550770940408,1.0,180.0,52.84503163508867,2985.981948994218,298.15
856.0,94.64925684122795,1.0,180.0,57.57967476492958,2473.772353774413,298.15
857.0,94.64300597305181,1.0,180.0,51.473073573467886,3583.6974628189,298.15
858.0,94.63675510487568,1.0,180.0,68.45517494661611,3139.2169946800914,298.15
859.0,94.63050423669954,1.0,184.63749277993017,67.97014949179251,3502.1822909350817,298.15
860.0,94.62425336852341,1.0,180.0,62.579489885696056,2531.389836624855,298.15
861.0,94.61800250034727,1.0,180.0,50.41306887111407,3568.765245279851,298.15
862.0,94.61175163217113,1.0,180.0,65.6402978828692,2625.6462349761305,298.15
863.0,94.605500763995,1.0,180.0,53.883468028913924,3226.242068767484,298.15
864.0,94.59924989581886,1.0,180.0,54.745086071509185,2999.8321656313956,298.15
865.0,94.59299902764273,1.0,180.0,59.782683687810426,3109.8486879012185,298.15
866.0,94.5867481594666,1.0,180.0,64.5150995574145,3130.5349388648697,298.15
867.0,94.58049729129046,1.0,180.0,57.8855723011898,2949.1476073779754,298.15
868.0,94.57424642311432,1.0,180.0,55.80007412813524,3121.287953581151,298.15
869.0,94.5679955549382,1.0,180.0,61.260248168585704,3317.256436594046,298.15
870.0,94.56174468676205,1.0,180.0,63.371949978767105,3359.303130489708,298.15
871.0,94.55549381858592,1.0,181.82832309989098,51.06669733928187,3331.9938197002193,298.15
872.0,94.54924295040978,1.0,180.0,57.40004098292555,3629.8818041280306,298.15
873.0,94.54299208223364,1.0,183.681777757226,70.75666774832685,3465.571133014724,298.15
874.0,94.53674121405751,1.0,180.0,64.55189835490529,3481.1601298347846,298.15
875.0,94.53049034588138,1.0,180.0,71.75236574075828,3707.6436385067764,298.15
876.0,94.52423947770524,1.0,181.56146191863218,66.07220461447176,3310.0418123800864,298.15
877.0,94.5179886095291,1.0,190.81790771779634,67.4741058453719,4300.272543711755,298.15
878.0,94.51173774135296,1.0,185.3945009488132,74.455376269017,3522.23905612297,298.15
879.0,94.50548687317684,1.0,191.41729861945046,61.14584209878136,3085.47052910563,298.15
880.0,94.4992360050007,1.0,181.89980822020277,60.92254812311747,3297.517971799222,298.15
881.0,94.49298513682456,1.0,186.5658427251736,67.80745860874033,3616.5281488729524,298.15
882.0,94.48673426864842,1.0,191.1573745995255,61.885978972614645,2696.5439575264745,298.15
883.0,94.48048340047228,1.0,182.21985995116836,55.91295468243262,2399.1968492618316,298.15
884.0,94.47423253229616,1.0,180.0,68.90400818582818,3085.5405373193344,298.15
885.0,94.46798166412002,1.0,180.1476704366578,62.14741184611204,2001.4599077814373,298.15
886.0,94.46173079594388,1.0,193.81447133726007,68.50027847642141,2819.8644347255145,298.15
887.0,94.45547992776774,1.0,201.1604170268703,72.49592433508434,3015.861980313161,298.15
888.0,94.44922905959162,1.0,185.8075628822858,61.30495649922269,3118.3100372058366,298.15
889.0,94.44297819141548,1.0,186.07853286017834,71.50947809767752,2449.10172219441,298.15
890.0,94.43672732323934,1.0,206.2309862658879,71.40214677726094,3740.989597875314,298.15
891.0,94.4304764550632,1.0,180.0,77.2487456665959,2947.3490616809113,298.15
892.0,94.42422558688706,1.0,200.54364547099766,67.41140470162073,2453.6091604264548,298.15
893.0,94.41797471871094,1.0,197.21050625692658,64.63344356470961,3129.446095878697,298.15
894.0,94.4117238505348,1.0,195.42451737394222,69.13244036585243,2520.719397045553,298.15
895.0,94.40547298235866,1.0,196.62781136694414,75.43553369275229,3087.4662314818625,298.15
896.0,94.39922211418252,1.0,197.8738421280866,76.42464514105066,3218.574791768564,298.15
897.0,94.3929712460064,1.0,198.2885013798958,63.324184007557236,2466.184398344143,298.15
898.0,94.38672037783026,1.0,201.16445351602945,67.25823925596609,2612.94559909346,298.15
899.0,94.38046950965412,1.0,188.48053700122773,70.18312532049252,2924.142526177823,298.15
900.0,94.37421864147798,1.0,201.3839784875432,66.5731935454183,2579.8632930673302,298.15
901.0,94.36796777330184,1.0,205.81741461216157,67.98734498442917,2783.40339859511,298.15
902.0,94.36171690512572,1.0,195.4574594888771,69.24175836476569,2234.1973153904923,298.15
903.0,94.35546603694958,1.0,207.1759698576713,79.21597294736507,3363.360798973586,298.15
904.0,94.34921516877344,1.0,204.52054375980487,67.97391287905373,2079.59080273803,298.15
905.0,94.3429643005973,1.0,199.69203435158636,80.1858468602083,2374.664809947146,298.15
906.0,94.33671343242116,1.0,199.07746677733658,71.82167369744741,1942.168544707396,298.15
907.0,94.33046256424504,1.0,199.26918569281855,70.86981713993535,2029.2989161115488,298.15
908.0,94.3242116960689,1.0,198.7575719336089,73.86887361247261,2178.769614108446,298.15
909.0,94.31796082789276,1.0,200.14873810948228,67.92152854663046,1797.8300705742029,298.15
910.0,94.31170995971662,1.0,207.2908270741339,71.15889533129668,1000.0,298.15
911.0,94.30545909154048,1.0,212.64003215157146,76.08528874232661,2488.574604918811,298.15
912.0,94.29920822336436,1.0,223.4023348946964,65.55683940372127,1377.7916978581263,298.15
913.0,94.29295735518822,1.0,211.40156244209945,68.84425631013313,2585.5929700385514,298.15
914.0,94.28670648701208,1.0,201.8441539570977,81.47479276010498,1961.7596005330201,298.15
915.0,94.28045561883594,1.0,217.31919070383617,69.88748749407314,1446.9840650802767,298.15
916.0,94.27420475065982,1.0,215.08359127865876,75.57522747241458,1747.9177736267134,298.15
917.0,94.26795388248368,1.0,217.10137877126274,70.11353844686182,2262.6264663250295,298.15
918.0,94.26170301430754,1.0,217.02464444506327,86.42906944657072,1839.4695780603547,298.15
919.0,94.2554521461314,1.0,211.52363948343418,84.74451282721145,1626.700674634788,298.15
920.0,94.24920127795527,1.0,219.64039104304007,73.36412913277394,1672.9410486217853,298.15
921.0,94.24295040977914,1.0,220.6990571857046,81.77575448196733,1558.1955502507205,298.15
922.0,94.236699541603,1.0,211.4098592538048,74.03970323321285,1702.3142929252524,298.15
923.0,94.23044867342686,1.0,219.80460843134412,84.05637227688786,1315.4898711557992,298.15
924.0,94.22419780525072,1.0,219.06456120120816,78.41001650499926,1743.1791454426698,298.15
925.0,94.2179469370746,1.0,223.628393131984,72.7973508780452,1680.803015754642,298.15
926.0,94.21169606889846,1.0,235.08963017601437,83.07474109817232,1918.8304143151227,298.15
927.0,94.20544520072232,1.0,220.51151040986875,81.27946102022064,1611.2454308002225,298.15
928.0,94.19919433254618,1.0,230.24670196909918,75.99630494007641,1553.4848472949034,298.15
929.0,94.19294346437005,1.0,215.54718725900025,72.47515635587388,1416.622662698486,298.15
930.0,94.18669259619392,1.0,225.5872440474816,77.75356488486769,2043.6034556636039,298.15
931.0,94.18044172801778,1.0,225.01472125011102,78.8482349392119,1820.474581099469,298.15
932.0,94.17419085984164,1.0,225.3445636798684,74.59078661490544,2484.0810016399555,298.15
933.0,94.1679399916655,1.0,218.0189755183272,73.16359214110159,1750.9885636375388,298.15
934.0,94.16168912348937,1.0,235.6277142090531,77.96908232641972,1740.915100918306,298.15
935.0,94.15543825531324,1.0,230.74554843076092,68.23600017292773,1970.2386811250979,298.15
936.0,94.1491873871371,1.0,227.44346472343688,80.6454721464236,1796.697019169695,298.15
937.0,94.14293651896097,1.0,224.1421776658396,77.8802717030736,1929.3886057342881,298.15
938.0,94.13668565078483,1.0,230.9664570034044,70.92450801854982,1669.5950112615194,298.15
939.0,94.13043478260869,1.0,234.78429318736582,75.27982021616813,1289.4200838485974,298.15
940.0,94.12418391443256,1.0,228.09865835677854,79.58629875346996,1049.0773878005027,298.15
941.0,94.11793304625643,1.0,230.39222745311076,76.25442584842679,2015.9923319656625,298.15
942.0,94.11168217808029,1.0,232.35313316709582,78.85008077217252,1793.2861026320036,298.15
943.0,94.10543130990415,1.0,225.2564352628741,83.78293120208677,1631.4997709085078,298.15
944.0,94.09918044172802,1.0,222.25279385702626,77.64736767527766,1790.4300393607398,298.15
945.0,94.09292957355188,1.0,227.71908114636045,86.62508104351869,1366.3790056741927,298.15
946.0,94.08667870537575,1.0,226.733131889928,78.5054905157932,2555.3551889635214,298.15
947.0,94.08042783719961,1.0,234.06327109873405,83.02971995330411,2170.361350312326,298.15
948.0,94.07417696902347,1.0,239.82160725771143,84.57825839184997,2107.7825045693876,298.15
949.0,94.06792610084734,1.0,234.54155304397733,76.41257272205934,1932.1290512694343,298.15
950.0,94.0616752326712,1.0,230.0719319296156,89.05030360785213,2304.7116817217684,298.15
951.0,94.05542436449507,1.0,230.43524140187958,80.3714506479506,1879.2638301270479,298.15
952.0,94.04917349631893,1.0,233.07798993803556,72.32397241188126,1741.3336441800236,298.15
953.0,94.0429226281428,1.0,244.18917989380708,74.50993829974121,2655.415796740324,298.15
954.0,94.03667175996667,1.0,229.65924851425282,74.92689434621127,2097.9112400062536,298.15
955.0,94.03042089179053,1.0,236.53808301930056,77.557262914351,2183.5587851476935,298.15
956.0,94.02417002361439,1.0,234.1177040022585,76.98328102879822,2023.3664254420905,298.15
957.0,94.01791915543825,1.0,239.0167413631321,70.23810528683434,1843.7396281525234,298.15
958.0,94.01166828726213,1.0,234.8746281030459,79.23258277631584,2611.4662668860365,298.15
959.0,94.00541741908599,1.0,237.76074985208376,85.91532702036066,2486.125541774273,298.15
960.0,93.99916655090985,1.0,228.71361947779752,81.84957208424167,2501.8015509549477,298.15
961.0,93.99291568273371,1.0,230.10157292621517,83.60728106553948,2378.6759147586954,298.15
962.0,93.98666481455757,1.0,237.04773455744188,72.43475502093295,2173.816243731053,298.15
963.0,93.98041394638145,1.0,236.1462665186654,73.4542662473481,3006.0092884772594,298.15
964.0,93.97416307820531,1.0,238.2130466989161,72.35985148767115,2073.8888325940984,298.15
965.0,93.96791221002917,1.0,238.89443739585036,80.5014347166433,2173.7523282496636,298.15
966.0,93.96166134185303,1.0,242.93267367896277,67.53897233366615,2211.1013784102083,298.15
967.0,93.95541047367689,1.0,235.62228258322577,85.29860878537528,3964.373879969906,298.15
968.0,93.94915960550077,1.0,234.4434196386466,67.48094753539996,2757.923167238351,298.15
969.0,93.94290873732463,1.0,248.8092598846136,65.00379991812306,2710.411017744103,298.15
970.0,93.93665786914849,1.0,244.98366307551464,68.83082200547804,2403.5752546789436,298.15
971.0,93.93040700097235,1.0,241.96092306496556,73.43937994726984,2767.028606639365,298.15
972.0,93.92415613279623,1.0,240.14827548424643,65.9070897897268,3554.028079092338,298.15
973.0,93.91790526462009,1.0,249.9060369654962,64.96985466002846,3435.40688894551,298.15
974.0,93.91165439644395,1.0,239.5973169153476,79.66740583680752,2353.4115302748714,298.15
975.0,93.90540352826781,1.0,243.78610456812495,71.23028230059546,2861.023398749412,298.15
976.0,93.89915266009167,1.0,245.40100249878532,66.09606141481066,3793.3327097120127,298.15
977.0,93.89290179191555,1.0,249.56219501606387,72.49538662746606,3107.9110352334174,298.15
978.0,93.88665092373941,1.0,248.4935204149147,68.60180236143981,2652.0325187360118,298.15
979.0,93.88040005556327,1.0,235.58738552639613,76.20442256955215,3013.8374851786702,298.15
980.0,93.87414918738713,1.0,239.31954548935624,75.33866107802658,3264.7595593871215,298.15
981.0,93.86789831921101,1.0,237.96987911563838,77.37781834152959,4022.385430762179,298.15
982.0,93.86164745103487,1.0,234.12571524197298,77.41147551433654,2945.099200303181,298.15
983.0,93.85539658285873,1.0,237.76991384873656,66.07945702700394,3374.9395418429795,298.15
984.0,93.84914571468259,1.0,231.23951945353963,65.63936951360226,2839.3126054542226,298.15
985.0,93.84289484650645,1.0,239.880383407184,69.08488839214786,3188.5861691586797,298.15
986.0,93.83664397833033,1.0,222.54273616379464,66.83078625419736,3523.1552330847308,298.15
987.0,93.83039311015419,1.0,242.31028907517748,66.36027592923372,2820.7133774597787,298.15
988.0,93.82414224197805,1.0,231.9195431701912,66.05470457570023,3521.534554871078,298.15
989.0,93.81789137380191,1.0,231.24786081829726,66.43901816239382,4027.3766310944893,298.15
990.0,93.81164050562577,1.0,242.87271478074007,70.02685276895551,3420.031749104189,298.15
991.0,93.80538963744965,1.0,236.62866330527936,74.25419749240751,3714.0690558099436,298.15
992.0,93.79913876927351,1.0,235.1063633777673,74.85715003840562,2758.6209014839033,298.15
993.0,93.79288790109737,1.0,231.3331256221513,63.7741184166021,3142.3148931246396,298.15
994.0,93.78663703292123,1.0,232.36983625783174,74.58768653750288,2500.590690320431,298.15
995.0,93.7803861647451,1.0,243.80007804587092,76.44865759918969,3363.308082939191,298.15
996.0,93.77413529656897,1.0,237.63945439074124,59.22909618943334,3386.7387495056173,298.15
997.0,93.76788442839283,1.0,240.02464692208497,72.12108285851713,3172.97056404625,298.15
998.0,93.7616335602167,1.0,226.4061477901845,66.6006947135995,3224.4180977745414,298.15
999.0,93.75538269204056,1.0,243.57386520744183,58.291064610880284,3561.935154702443,298.15
1000.0,93.74913182386443,1.0,232.0000932242813,68.21396706446774,3071.836002588439,298.15
1001.0,93.74288095568829,1.0,227.00666858658388,72.5516125607029,3455.993856849118,298.15
1002.0,93.73663008751215,1.0,231.0943386347725,67.03854674988389,3161.5858889045794,298.15
1003.0,93.73037921933602,1.0,238.20673017410894,63.1993052417381,3354.8024439996934,298.15
1004.0,93.72412835115988,1.0,237.48002346899622,65.1281727847567,3053.7367177242604,298.15
1005.0,93.71787748298375,1.0,225.96698114985796,74.58347184266547,3762.583728130822,298.15
1006.0,93.71162661480761,1.0,231.47092200287142,64.32172974421024,2620.6360017288544,298.15
1007.0,93.70537574663147,1.0,228.38481877319995,64.91009908793615,3419.577249165993,298.15
1008.0,93.69912487845534,1.0,226.30280370236957,60.58891578886887,2865.707489903155,298.15
1009.0,93.69287401027921,1.0,244.71852333098948,71.66205840159122,2997.6088525596633,298.15
1010.0,93.68662314210307,1.0,227.3828260120871,54.83991541375419,3004.2482172251403,298.15
1011.0,93.68037227392693,1.0,237.50812209625752,67.97905315087571,2847.911951756081,298.15
1012.0,93.6741214057508,1.0,228.89432467061116,54.767216861989255,3342.55771931391,298.15
1013.0,93.66787053757466,1.0,226.58450140500727,64.59343395936506,2464.9374752883778,298.15
1014.0,93.66161966939853,1.0,236.09809143006433,60.0561899887919,3051.4315066359222,298.15
1015.0,93.6553688012224,1.0,236.5270814918258,55.24829409470793,3138.413556764255,298.15
1016.0,93.64911793304626,1.0,224.66483522641457,70.68390404179625,2902.885323076429,298.15
1017.0,93.64286706487012,1.0,233.2928775561487,61.27186952160849,3119.797495430775,298.15
1018.0,93.63661619669398,1.0,223.9018862470985,52.015273462265945,2092.824024042571,298.15
1019.0,93.63036532851785,1.0,224.456592923974,60.429582266308536,2625.1751191701196,298.15
1020.0,93.62411446034172,1.0,225.61164086972934,50.0,2648.2570145142545,298.15
1021.0,93.61786359216558,1.0,228.32568154403694,56.885044330156944,2377.392957669478,298.15
1022.0,93.61161272398944,1.0,232.6499599848783,66.18048760351594,2287.3296495934223,298.15
1023.0,93.60536185581331,1.0,216.41464526288732,58.18008509558028,2563.5310646151174,298.15
1024.0,93.59911098763718,1.0,221.97012617663768,53.972383200005055,1946.6835092573783,298.15
1025.0,93.59286011946104,1.0,210.93855110244883,57.22821221436242,2663.8189734958237,298.15
1026.0,93.5866092512849,1.0,216.88188383882232,63.719057121511746,2481.708256837808,298.15
1027.0,93.58035838310876,1.0,219.87094517378807,65.10750313261289,2013.7566099085968,298.15
1028.0,93.57410751493263,1.0,215.18439866507487,59.47027259423171,2005.2900448148068,298.15
1029.0,93.5678566467565,1.0,222.59532175467547,56.46934467260634,1704.9694491886903,298.15
1030.0,93.56160577858036,1.0,221.70120259086178,61.363296203716615,1993.4641334110058,298.15
1031.0,93.55535491040422,1.0,225.31954698098428,54.16561387851757,1985.1682224526935,298.15
1032.0,93.54910404222808,1.0,208.97470556366036,62.538183450583496,2249.732436354163,298.15
1033.0,93.54285317405196,1.0,220.66353296739013,53.79047954924122,1945.2570513157962,298.15
1034.0,93.53660230587582,1.0,202.18985452923104,54.037472985113794,2580.1937505692836,298.15
1035.0,93.53035143769968,1.0,210.50210931531922,61.48703459166085,1000.0,298.15
1036.0,93.52410056952354,1.0,207.56584238374785,64.41102468437956,1935.2545418189477,298.15
1037.0,93.51784970134742,1.0,214.79524800313317,57.11620602440128,2043.6519986592439,298.15
1038.0,93.51159883317128,1.0,198.3550699703172,67.88505191108516,1387.3282825833803,298.15
1039.0,93.50534796499514,1.0,211.694138373284,65.46050962749887,1928.8216425948717,298.15
1040.0,93.499097096819,1.0,197.31103580429863,58.46555791819566,1664.4437609194144,298.15
1041.0,93.49284622864286,1.0,208.6465487743627,57.18344802750387,2360.729706769123,298.15
1042.0,93.48659536046674,1.0,208.14094104894804,61.124601907445395,1531.1733884078228,298.15
1043.0,93.4803444922906,1.0,204.12708901644746,54.901264594062845,1732.1810979568968,298.15
1044.0,93.47409362411446,1.0,211.87859852259166,71.19638257341902,1771.7645531788805,298.15
1045.0,93.46784275593832,1.0,199.1870083186124,62.772016421125755,1040.5691348224896,298.15
1046.0,93.46159188776218,1.0,205.67373966513958,68.81158334331927,2093.9431094071397,298.15
1047.0,93.45534101958606,1.0,203.1166069352423,56.082743388099935,1447.0681534206062,298.15
1048.0,93.44909015140992,1.0,210.98973676309012,69.88870476488579,1538.5231768346305,298.15
1049.0,93.44283928323378,1.0,191.1890032677777,60.988917757021014,1485.605301298405,298.15
1050.0,93.43658841505764,1.0,209.5036628615927,67.31098911654146,1083.2647061957182,298.15
1051.0,93.43033754688152,1.0,206.52174626686053,67.5106081963578,1539.2953837999323,298.15
1052.0,93.42408667870538,1.0,200.6347731021865,69.50838109612262,1969.8099019845577,298.15
1053.0,93.41783581052924,1.0,197.83280903342214,66.5056210278339,1862.6646142551074,298.15
1054.0,93.4115849423531,1.0,193.46800269562246,61.290614803955236,2522.4768435206274,298.15
1055.0,93.40533407417696,1.0,193.96667574947963,65.47265100821282,1708.7173909050416,298.15
1056.0,93.39908320600084,1.0,191.2539179247535,60.24634987240719,1666.3925655396527,298.15
1057.0,93.3928323378247,1.0,186.8886155840584,61.496838876396154,2018.4039225994866,298.15
1058.0,93.38658146964856,1.0,197.49269207231518,64.61479464123046,1808.1822491500786,298.15
1059.0,93.38033060147242,1.0,198.28460006922546,53.63756350971323,1826.2145380984784,298.15
1060.0,93.3740797332963,1.0,200.7623894574572,69.52796714660913,1420.021942675008,298.15
1061.0,93.36782886512016,1.0,190.18359811575158,60.39928549201015,2088.427524612825,298.15
1062.0,93.36157799694402,1.0,195.1636319453204,56.361812159520724,2632.946597926804,298.15
1063.0,93.35532712876788,1.0,180.0,62.48117927223739,2333.2341496009412,298.15
1064.0,93.34907626059174,1.0,187.74914011845465,69.97762730878287,2677.941383632249,298.15
1065.0,93.34282539241562,1.0,186.23350348344852,64.73580568774494,1766.9809978611338,298.15
1066.0,93.33657452423948,1.0,188.65701402705255,55.96412034844354,1530.079860094818,298.15
1067.0,93.33032365606334,1.0,180.5348331082933,75.60451831346066,1820.2808406093855,298.15
1068.0,93.3240727878872,1.0,182.52527747360375,64.07831161809953,1621.4368431242171,298.15
1069.0,93.31782191971106,1.0,180.0,57.908316646097,2766.1473964862844,298.15
1070.0,93.31157105153494,1.0,189.17424467583828,61.00646265215427,2147.9733851577867,298.15
1071.0,93.3053201833588,1.0,182.3363325112319,56.73584997898024,1406.3295035193582,298.15
1072.0,93.29906931518266,1.0,182.45091011584023,71.90376444344703,2108.51265163791,298.15
1073.0,93.29281844700652,1.0,180.0,60.906065719278956,2415.4267302809526,298.15
1074.0,93.28656757883039,1.0,185.9827297198101,62.0130595080749,2171.5606179029774,298.15
1075.0,93.28031671065426,1.0,182.85339939391466,82.8293595555493,2162.998922936806,298.15
1076.0,93.27406584247812,1.0,180.0,66.28789734905742,2506.410050121627,298.15
1077.0,93.26781497430198,1.0,180.0,65.8737297887022,1889.691360750413,298.15
1078.0,93.26156410612585,1.0,180.0,71.55323041119318,2370.6027261599875,298.15
1079.0,93.25531323794972,1.0,180.79968183420726,58.30944523915664,1689.388050783973,298.15
1080.0,93.24906236977358,1.0,184.53514843847762,76.96591142415033,2723.6789718199984,298.15
1081.0,93.24281150159744,1.0,180.62614207860562,68.7035335111125,2774.337840966202,298.15
1082.0,93.2365606334213,1.0,180.0,73.86497449119722,2634.700762257122,298.15
1083.0,93.23030976524517,1.0,180.0,70.80411994266952,2757.6471280988453,298.15
1084.0,93.22405889706904,1.0,180.0,75.80603484197755,2495.6704230091523,298.15
1085.0,93.2178080288929,1.0,180.0,68.46883590211455,2826.3426965147696,298.15
1086.0,93.21155716071677,1.0,180.0,73.4528496370781,2976.452073200859,298.15
1087.0,93.20530629254063,1.0,180.0,83.6372290231507,2914.8361225067893,298.15
1088.0,93.1990554243645,1.0,180.0,62.83995673447658,2980.9382416660283,298.15
1089.0,93.19280455618836,1.0,180.0,88.33256284796292,3353.569878327812,298.15
1090.0,93.18655368801222,1.0,180.0,79.03833853927937,2845.942805017998,298.15
1091.0,93.18030281983609,1.0,180.0,71.82179982997356,2739.0957883072947,298.15
1092.0,93.17405195165995,1.0,180.0,65.85529516296995,2836.8096797029702,298.15
1093.0,93.16780108348382,1.0,180.0,64.46918185894641,2642.02679946763,298.15
1094.0,93.16155021530768,1.0,180.0,67.78582326818662,2750.8219510224253,298.15
1095.0,93.15529934713155,1.0,180.0,77.3958777026107,3238.7874031023084,298.15
1096.0,93.14904847895541,1.0,180.0,72.88682930819752,2848.8018516014354,298.15
1097.0,93.14279761077927,1.0,180.0,77.60600730181915,3581.7564614177045,298.15
1098.0,93.13654674260314,1.0,180.0,79.81165621361859,2360.4560384322795,298.15
1099.0,93.130295874427,1.0,180.0,78.13601371127832,3103.001203988189,298.15
1100.0,93.12404500625087,1.0,180.0,67.76672674355345,3174.5881157089943,298.15
1101.0,93.11779413807473,1.0,180.0,77.50669855643571,3272.499057308042,298.15
1102.0,93.11154326989859,1.0,180.0,77.52321976344018,3072.831160590595,298.15
1103.0,93.10529240172247,1.0,180.0,68.93807202227882,2754.6054476054246,298.15
1104.0,93.09904153354633,1.0,180.0,64.2404732389368,3323.408805883806,298.15
1105.0,93.09279066537019,1.0,180.0,78.4285634122368,3939.835383505355,298.15
1106.0,93.08653979719405,1.0,180.0,78.47458255635883,2581.68194145567,298.15
1107.0,93.08028892901793,1.0,180.0,76.38740882846963,3145.5736940479196,298.15
1108.0,93.07403806084179,1.0,180.0,74.27364167312643,3864.014005479427,298.15
1109.0,93.06778719266565,1.0,180.0,65.74491264891886,3716.5116049646153,298.15
1110.0,93.06153632448951,1.0,180.0,78.95896790933328,3202.305035128956,298.15
1111.0,93.05528545631337,1.0,180.0,80.4531022618803,3088.439688335388,298.15
1112.0,93.04903458813725,1.0,180.0,78.20506334098161,3204.390703577096,298.15
1113.0,93.04278371996111,1.0,180.0,85.50374012763784,3569.3958973027266,298.15
1114.0,93.03653285178497,1.0,180.0,74.20978084199422,2883.1715915961386,298.15
1115.0,93.03028198360883,1.0,180.0,79.36918557901829,3578.1717901212946,298.15
1116.0,93.0240311154327,1.0,180.0,82.10646034415689,3394.179536350517,298.15
1117.0,93.01778024725657,1.0,180.0,83.96678425467304,3314.94779846233,298.15
1118.0,93.01152937908043,1.0,180.0,75.44428174442083,2730.725729525008,298.15
1119.0,93.00527851090429,1.0,180.0,78.88683740017152,3132.672813310016,298.15
1120.0,92.99902764272815,1.0,180.0,83.17751117770428,3047.467621979865,298.15
1121.0,92.99277677455203,1.0,180.0,78.06837945963089,3074.2067228157243,298.15
1122.0,92.98652590637589,1.0,180.0,88.17651358283304,3055.326429996967,298.15
1123.0,92.98027503819975,1.0,180.0,72.63536753744714,2456.1235388064997,298.15
1124.0,92.97402417002361,1.0,180.0,80.85528213614411,2924.528014643423,298.15
1125.0,92.96777330184747,1.0,180.0,81.02870846071158,2859.6044448557013,298.15
1126.0,92.96152243367135,1.0,180.0,72.78858418681925,3439.6574241124954,298.15
1127.0,92.95527156549521,1.0,180.0,80.04392040806314,3243.878312499005,298.15
1128.0,92.94902069731907,1.0,180.0,78.36257115446416,3075.436979594439,298.15
1129.0,92.94276982914293,1.0,180.0,77.87090834714398,3234.656195116175,298.15
1130.0,92.9365189609668,1.0,180.0,72.86316128190386,2836.727457342091,298.15
1131.0,92.93026809279067,1.0,180.0,76.44767501538443,3153.828691144755,298.15
1132.0,92.92401722461453,1.0,180.0,85.00357096730826,2713.2544621868396,298.15
1133.0,92.91776635643839,1.0,180.0,81.35275516748064,2911.706910829137,298.15
1134.0,92.91151548826225,1.0,180.0,64.03294642245083,3217.6065420152254,298.15
1135.0,92.90526462008613,1.0,180.0,79.32735807212222,2242.9969346003354,298.15
1136.0,92.89901375190999,1.0,180.0,82.86742198804063,2357.0116874284354,298.15
1137.0,92.89276288373385,1.0,180.0,72.79261036694284,2852.5259011280555,298.15
1138.0,92.88651201555771,1.0,180.0,71.22097127045822,2955.3993287261537,298.15
1139.0,92.88026114738157,1.0,180.0,79.66966115302834,2703.6930268113156,298.15
1140.0,92.87401027920545,1.0,180.0,79.95363857860659,2825.782146596794,298.15
1141.0,92.86775941102931,1.0,180.0,70.26120339468773,2296.956122607943,298.15
1142.0,92.86150854285317,1.0,180.0,81.76623005864322,2593.7823558783425,298.15
1143.0,92.85525767467703,1.0,180.0,77.97962635554242,2236.3325387536006,298.15
1144.0,92.84900680650091,1.0,180.0,72.27804393144919,2346.5914300623544,298.15
1145.0,92.84275593832477,1.0,180.0,76.46210884523467,2477.436369147567,298.15
1146.0,92.83650507014863,1.0,180.0,80.7316736564352,2346.434085095841,298.15
1147.0,92.8302542019725,1.0,180.0,70.06165610756646,2593.7405557687616,298.15
1148.0,92.82400333379636,1.0,180.0,71.21614305131739,2171.2580355304663,298.15
1149.0,92.81775246562023,1.0,180.0,89.93094220210091,2457.7847948635363,298.15
1150.0,92.81150159744409,1.0,180.0,79.81967719791729,1565.610240996487,298.15
1151.0,92.80525072926795,1.0,180.0,76.09831455645903,2233.4952278026108,298.15
1152.0,92.79899986109181,1.0,180.0,64.77748208606941,2247.4726614911274,298.15
1153.0,92.79274899291568,1.0,180.0,70.17819769582398,2582.1776418706327,298.15
1154.0,92.78649812473955,1.0,180.0,78.51625062575839,1721.3241947913928,298.15
1155.0,92.78024725656341,1.0,180.0,61.905751323851916,1826.2908204375772,298.15
1156.0,92.77399638838727,1.0,181.4291211289595,80.51609545168047,1656.6946237769396,298.15
1157.0,92.76774552021114,1.0,180.0,65.84649394616056,2307.8713731881844,298.15
1158.0,92.761494652035,1.0,180.0,78.88943263547878,1719.2128216087576,298.15
1159.0,92.75524378385887,1.0,180.0,82.74885245034046,1555.706711751608,298.15
1160.0,92.74899291568273,1.0,180.0,78.47577596988833,2509.3210604469496,298.15
1161.0,92.7427420475066,1.0,180.0,70.00168836302498,2094.565278702058,298.15
1162.0,92.73649117933046,1.0,182.4159239860283,75.00498793130889,2130.259675185109,298.15
1163.0,92.73024031115433,1.0,180.0,76.65839520564899,1554.571452030041,298.15
1164.0,92.7239894429782,1.0,180.0,70.72828860659175,1376.520632608469,298.15
1165.0,92.71773857480206,1.0,180.0,68.64599198770668,2224.6711593119567,298.15
1166.0,92.71148770662592,1.0,180.0,76.86277577204999,1841.3056908951128,298.15
1167.0,92.70523683844978,1.0,180.0,71.19882691930265,2001.1720907894114,298.15
1168.0,92.69898597027365,1.0,180.0,65.20779518638976,2151.7771720979445,298.15
1169.0,92.69273510209752,1.0,180.0,64.19478354160333,2011.148027511584,298.15
1170.0,92.68648423392138,1.0,180.0,71.54969703467424,2028.6958846360615,298.15
1171.0,92.68023336574524,1.0,180.0,66.60349876470279,1297.6540006247335,298.15
1172.0,92.67398249756911,1.0,181.70936860844773,73.07302492134637,1305.7447127037399,298.15
1173.0,92.66773162939297,1.0,183.2722925305521,69.66613555108837,1394.5087075816946,298.15
1174.0,92.66148076121684,1.0,180.0,63.330268820405074,1366.0018297766499,298.15
1175.0,92.6552298930407,1.0,183.34195302890595,64.14246878606454,1481.2658834207061,298.15
1176.0,92.64897902486456,1.0,186.57931144847933,60.6168978932915,1764.4222219254168,298.15
1177.0,92.64272815668843,1.0,180.0,70.7731957702933,1451.0072701713798,298.15
1178.0,92.6364772885123,1.0,180.0,68.28986479115169,1376.876422360534,298.15
1179.0,92.63022642033616,1.0,185.2832821554291,69.99309238845076,2156.789777844064,298.15
1180.0,92.62397555216002,1.0,186.3120838416346,78.22714387689354,1426.6453421215986,298.15
1181.0,92.61772468398388,1.0,194.10960193156583,65.53483570581228,1613.537823798872,298.15
1182.0,92.61147381580776,1.0,184.39790687550544,65.74779394870232,1751.7991736774432,298.15
1183.0,92.60522294763162,1.0,188.72758933121048,67.534142696173,1085.572529769668,298.15
1184.0,92.59897207945548,1.0,183.9668096902694,58.25681253135565,1608.9101442385706,298.15
1185.0,92.59272121127934,1.0,182.4781589835433,58.25499828260612,1723.469374582694,298.15
1186.0,92.5864703431032,1.0,193.89112317230973,62.9438149500294,1710.8586810020408,298.15
1187.0,92.58021947492708,1.0,193.73919690802472,55.23586548024035,1533.7158539221566,298.15
1188.0,92.57396860675094,1.0,181.63243926181002,66.08026499530469,1756.108501127376,298.15
1189.0,92.5677177385748,1.0,191.4958352107657,64.57745873108541,2542.203722782696,298.15
1190.0,92.56146687039866,1.0,188.26259117015977,57.89187788360827,1866.8575510501632,298.15
1191.0,92.55521600222254,1.0,196.72522702620824,55.67338691772208,2148.5150374360574,298.15
1192.0,92.5489651340464,1.0,192.045562778645,54.48014478787417,2594.0799077284137,298.15
1193.0,92.54271426587026,1.0,193.93927292011736,67.81654378362741,1936.7864345043788,298.15
1194.0,92.53646339769412,1.0,199.95253961162877,54.79500050776644,2055.0636943760283,298.15
1195.0,92.53021252951798,1.0,199.01001550151406,59.8867940451085,2854.8223494686094,298.15
1196.0,92.52396166134186,1.0,189.53224296377672,57.870768065902695,2166.436350520267,298.15
1197.0,92.51771079316572,1.0,197.7616224393921,62.953822667123795,2921.1136673463025,298.15
1198.0,92.51145992498958,1.0,198.99341398423635,66.74638947241077,2023.4114536104933,298.15
1199.0,92.50520905681344,1.0,193.7115754274318,58.13654435848287,2284.3606315577426,298.15
1200.0,92.49895818863732,1.0,202.2515518091477,71.61958710216723,2516.99498626601,298.15
1201.0,92.49270732046118,1.0,204.08325606307906,61.283403121366824,1878.5454685604673,298.15
1202.0,92.48645645228504,1.0,192.90099157808524,59.89228733294411,2424.436104806616,298.15
1203.0,92.4802055841089,1.0,198.7110840611918,56.743215238551294,2702.8249294816496,298.15
1204.0,92.47395471593276,1.0,204.84945427880515,60.365931357781776,2607.3131049327144,298.15
1205.0,92.46770384775664,1.0,206.3065892029471,65.79085951712138,2615.992931204656,298.15
1206.0,92.4614529795805,1.0,203.92361427271547,71.0812465499157,3567.948403905123,298.15
1207.0,92.45520211140436,1.0,211.32803253618232,61.49590731915747,2372.3480704691146,298.15
1208.0,92.44895124322822,1.0,207.09893919861904,54.28447187071045,3570.939237828695,298.15
1209.0,92.44270037505208,1.0,206.82693072409452,59.26618386642691,3301.692884320026,298.15
1210.0,92.43644950687596,1.0,212.2427277334444,50.0,3055.9476368668584,298.15
1211.0,92.43019863869982,1.0,220.87023150038203,65.18882292160778,2710.300473276729,298.15
1212.0,92.42394777052368,1.0,211.15165518753702,61.938155645513504,2179.7343987738323,298.15
1213.0,92.41769690234754,1.0,211.09159457011918,61.958766800081236,2706.5002898073803,298.15
1214.0,92.4114460341714,1.0,207.62339059122942,53.938703553512084,3431.6636693207415,298.15
1215.0,92.40519516599528,1.0,210.86982490151868,50.0,2552.1538116880583,298.15
1216.0,92.39894429781914,1.0,204.02864239868256,56.20148289631971,2858.397725433147,298.15
1217.0,92.392693429643,1.0,213.77343896111222,55.250178252696855,3337.8186540164747,298.15
1218.0,92.38644256146686,1.0,211.5174204163041,57.31236022317572,2756.5386652220786,298.15
1219.0,92.38019169329074,1.0,213.62939244917087,64.86663737087585,2622.176100960184,298.15
1220.0,92.3739408251146,1.0,220.15903599654592,62.64829461485406,2933.531926739116,298.15
1221.0,92.36768995693846,1.0,218.41993733576572,73.1144183323577,3255.3071085523948,298.15
1222.0,92.36143908876232,1.0,224.9651824543006,53.875473234654876,3779.192775819647,298.15
1223.0,92.35518822058619,1.0,226.23689301975114,61.919099558177905,3625.0382055267337,298.15
1224.0,92.34893735241006,1.0,218.0337384709645,61.00501041382029,3429.8222240789,298.15
1225.0,92.34268648423392,1.0,224.31473114992932,66.61152618455918,3876.947481777463,298.15
1226.0,92.33643561605778,1.0,222.62405140036617,69.68588865374164,2887.5264230257935,298.15
1227.0,92.33018474788165,1.0,225.14651206526545,50.0,3468.14844356808,298.15
1228.0,92.32393387970552,1.0,223.52520141636705,64.10215119158977,3686.955141345568,298.15
1229.0,92.31768301152938,1.0,220.0296779477374,70.33274683353412,2787.488211949183,298.15
1230.0,92.31143214335324,1.0,225.15610702341965,57.91506036784479,3147.626499244955,298.15
1231.0,92.3051812751771,1.0,221.0363364595197,63.06999364318561,3455.953779793366,298.15
1232.0,92.29893040700097,1.0,234.7219169605735,62.701350742224264,3143.831546061065,298.15
1233.0,92.29267953882484,1.0,230.37365883325552,51.201728461958176,3171.8733582329965,298.15
1234.0,92.2864286706487,1.0,243.92268714701956,66.51056036103712,3599.672111990788,298.15
1235.0,92.28017780247256,1.0,225.82362055489745,70.45939012079184,3832.3063801243197,298.15
1236.0,92.27392693429643,1.0,233.12143905974503,70.11167961946782,2770.412824379765,298.15
1237.0,92.26767606612029,1.0,239.42146758184174,62.992528268360324,3755.091012179875,298.15
1238.0,92.26142519794416,1.0,230.17608071045944,66.70809679371547,2897.615302764216,298.15
1239.0,92.25517432976802,1.0,229.5312898346187,74.12824060023686,3134.2024313483107,298.15
1240.0,92.24892346159189,1.0,227.7660453383539,62.32676794370715,3507.267836024321,298.15
1241.0,92.24267259341575,1.0,225.25427400060698,57.49504143695461,3489.0467015044346,298.15
1242.0,92.23642172523962,1.0,236.3262805468671,65.07164225079279,2622.5609526506814,298.15
1243.0,92.23017085706348,1.0,234.52714768620223,60.734012171481474,3694.179623844073,298.15
1244.0,92.22391998888735,1.0,238.3738154809314,67.93060226708943,2918.1406826848224,298.15
1245.0,92.21766912071121,1.0,239.21598129616655,76.99290609844704,3427.70392639339,298.15
1246.0,92.21141825253507,1.0,224.1598953104593,70.98503329777796,3442.1259944665853,298.15
1247.0,92.20516738435894,1.0,234.44891856019674,68.39119539238867,3238.987309381449,298.15
1248.0,92.1989165161828,1.0,235.03283174995642,70.03300627606338,2785.40787883856,298.15
1249.0,92.19266564800667,1.0,237.36186211554332,61.26971419594909,2797.9615030905593,298.15
1250.0,92.18641477983053,1.0,228.89366538893555,67.8878500130905,2802.436743254934,298.15
1251.0,92.18016391165439,1.0,237.85439440871306,61.424601688516375,2253.0074401122565,298.15
1252.0,92.17391304347827,1.0,233.64305002988218,62.45957806727048,2800.550334919404,298.15
1253.0,92.16766217530213,1.0,232.35408676025864,68.17185772187315,2666.031098718365,298.15
1254.0,92.16141130712599,1.0,232.56423889269502,58.161256317729254,2652.7470871091136,298.15
1255.0,92.15516043894985,1.0,230.1981199184035,57.188055031558505,2430.1075235381545,298.15
1256.0,92.14890957077372,1.0,240.673922485444,81.29330655463095,2586.289548625718,298.15
1257.0,92.14265870259759,1.0,222.14145915411623,69.30586134443276,3041.791619677229,298.15
1258.0,92.13640783442145,1.0,241.09572063153777,71.86354004471171,2862.027979548284,298.15
1259.0,92.13015696624531,1.0,237.8470189886383,74.73998774920747,3305.5059956139976,298.15
1260.0,92.12390609806917,1.0,236.16291850992144,71.3154903077907,2374.306241144599,298.15
1261.0,92.11765522989305,1.0,243.48633796621462,74.39075669642709,2198.9436444721587,298.15
1262.0,92.11140436171691,1.0,234.3639385139189,72.46836166633446,2016.253867767157,298.15
1263.0,92.10515349354077,1.0,234.87468785495017,77.13784026100609,2526.582184411148,298.15
1264.0,92.09890262536463,1.0,232.5302742540614,75.32996526837049,2366.0693644715634,298.15
1265.0,92.09265175718849,1.0,231.25931261643294,75.78857761718967,2669.9718874670434,298.15
1266.0,92.08640088901237,1.0,239.0668653170318,75.7276032902714,1657.6317154103526,298.15
1267.0,92.08015002083623,1.0,251.47585902969084,65.47697083748065,1946.8013490947874,298.15
1268.0,92.07389915266009,1.0,236.56501164133337,71.04616244784813,1952.2809284950304,298.15
1269.0,92.06764828448395,1.0,241.60909157511986,70.6270425727717,2097.021647587561,298.15
1270.0,92.06139741630783,1.0,231.26293118104323,78.26730837564666,1955.4835354328072,298.15
1271.0,92.05514654813169,1.0,240.08025880445464,79.6616787872558,2240.755034961965,298.15
1272.0,92.04889567995555,1.0,241.22018267460305,77.39118249133026,2771.546574913167,298.15
1273.0,92.04264481177941,1.0,244.35306779161797,68.04629274764852,1459.7074024350745,298.15
1274.0,92.03639394360327,1.0,232.64156410302138,73.80242532987474,1693.2675291460562,298.15
1275.0,92.03014307542715,1.0,245.8682801530674,69.88026867087795,1566.833985888438,298.15
1276.0,92.02389220725101,1.0,232.49891623453044,79.40564757758797,1601.2614407169647,298.15
1277.0,92.01764133907487,1.0,254.27482385103602,82.65553625347547,2591.011469310451,298.15
1278.0,92.01139047089873,1.0,239.38543940731577,72.03398526421347,2434.164234085485,298.15
1279.0,92.00513960272261,1.0,252.25684237620302,77.94888876278925,1532.1934747085788,298.15
1280.0,91.99888873454647,1.0,249.0989826279105,80.54919223210122,1585.3717190348832,298.15
1281.0,91.99263786637033,1.0,235.46591149190303,75.82951530254182,1000.0,298.15
1282.0,91.98638699819419,1.0,231.87860372486153,79.08947885876002,1767.3189594883934,298.15
1283.0,91.98013613001805,1.0,240.20603464766796,81.9697326956658,1441.962849275369,298.15
1284.0,91.97388526184193,1.0,234.12979029006794,74.61917047309775,1540.5295282866819,298.15
1285.0,91.96763439366579,1.0,248.01807729023045,78.26774281369616,1827.0391110922658,298.15
1286.0,91.96138352548965,1.0,249.15398330051542,77.39290746389536,1600.7353667905782,298.15
1287.0,91.95513265731351,1.0,238.98042588372934,87.47085791194495,1484.592420525515,298.15
1288.0,91.94888178913737,1.0,241.3478816109851,71.2494411551846,2061.170639443773,298.15
1289.0,91.94263092096125,1.0,238.52802950825654,73.21589726460135,1856.1621762464133,298.15
1290.0,91.93638005278511,1.0,226.76005248896635,82.10744759171685,2232.364692376777,298.15
1291.0,91.93012918460897,1.0,248.32826154323743,72.55289104362619,1391.9644132651079,298.15
1292.0,91.92387831643283,1.0,230.53090520748646,77.58176360094666,2254.5532719180624,298.15
1293.0,91.9176274482567,1.0,233.71820213024583,76.38031967170483,2330.360632875119,298.15
1294.0,91.91137658008057,1.0,244.39447388551122,89.50856446118941,1574.5593261996373,298.15
1295.0,91.90512571190443,1.0,226.62908786362908,82.69642159513816,1435.0971142375283,298.15
1296.0,91.8988748437283,1.0,235.87628917771787,73.87107758099239,1765.0422719292117,298.15
1297.0,91.89262397555216,1.0,231.83710894832467,85.41715320098838,1586.6190403725707,298.15
1298.0,91.88637310737602,1.0,237.8344653037515,85.25514252760831,2554.8181243908953,298.15
1299.0,91.88012223919989,1.0,234.00601953477369,76.1679627576706,1838.8332351942956,298.15
1300.0,91.87387137102375,1.0,241.8420173266984,78.78030209423028,1960.2268261378597,298.15
1301.0,91.86762050284761,1.0,240.69886419644823,87.77551158752726,2145.04618021021,298.15
1302.0,91.86136963467148,1.0,241.57836905104716,80.54734500651298,2068.2751705862856,298.15
1303.0,91.85511876649535,1.0,239.39890292226264,59.494756752935416,1399.716295996578,298.15
1304.0,91.84886789831921,1.0,238.38501846815788,69.13105880255583,1870.414232197756,298.15
1305.0,91.84261703014307,1.0,224.49013610177758,64.94284286639558,2200.2995229618436,298.15
1306.0,91.83636616196694,1.0,245.40715642447162,78.42601507399434,2263.13225210268,298.15
1307.0,91.83011529379081,1.0,226.99266951078832,80.39512007802523,1373.8212049197764,298.15
1308.0,91.82386442561467,1.0,239.49920295559997,83.52785727205968,2173.370091368146,298.15
1309.0,91.81761355743853,1.0,228.9367475022586,82.44933044705694,2014.4799061802757,298.15
1310.0,91.8113626892624,1.0,235.7681014560432,74.73212114168376,2161.8764824698374,298.15
1311.0,91.80511182108626,1.0,226.92242526446233,80.054123588422,2338.602518486054,298.15
1312.0,91.79886095291013,1.0,231.40080085163015,79.85086128309625,2352.289891211303,298.15
1313.0,91.792610084734,1.0,225.876797999255,77.32366508889092,2302.001131011446,298.15
1314.0,91.78635921655786,1.0,212.9661244038212,89.82967320770044,2162.6354057644025,298.15
1315.0,91.78010834838172,1.0,225.69853389137418,72.96949767371254,1591.00222547473,298.15
1316.0,91.77385748020558,1.0,236.69951716448645,80.88402050839545,1969.6157875152178,298.15
1317.0,91.76760661202945,1.0,221.9144896556328,73.46932458737676,2099.929100966524,298.15
1318.0,91.76135574385331,1.0,229.43682833250602,70.75835868613679,2349.933723859137,298.15
1319.0,91.75510487567718,1.0,216.80661740050542,71.55022651462825,1965.5214192460805,298.15
1320.0,91.74885400750104,1.0,222.4096717595382,79.93068193649121,2305.1065039849564,298.15
1321.0,91.7426031393249,1.0,222.97478347569648,70.08913053939949,2910.623110585004,298.15
1322.0,91.73635227114877,1.0,220.25440454255923,71.16274985779755,3201.835924896094,298.15
1323.0,91.73010140297264,1.0,218.04757346400655,82.98359614702532,2459.665791929389,298.15
1324.0,91.7238505347965,1.0,214.06455266522403,79.37850857933611,2127.68937277802,298.15
1325.0,91.71759966662036,1.0,225.2714771447141,83.61840569157434,2534.6635474940094,298.15
1326.0,91.71134879844422,1.0,219.18886322721494,75.37065291764753,2965.8508982383255,298.15
1327.0,91.7050979302681,1.0,207.1619527400979,78.41054351467538,2267.0642364205346,298.15
1328.0,91.69884706209196,1.0,205.23020216126724,76.80301090231873,2761.7097796437347,298.15
1329.0,91.69259619391582,1.0,222.7962102255177,75.55259655368373,2806.0045215198547,298.15
1330.0,91.68634532573968,1.0,216.770388612737,79.73530156116256,2575.2095271463145,298.15
1331.0,91.68009445756356,1.0,211.58036857039164,69.43419547719346,2502.2540430561257,298.15
1332.0,91.67384358938742,1.0,223.05601292774318,72.93150370694919,3502.674237296056,298.15
1333.0,91.66759272121128,1.0,211.58438465564237,83.91249591080769,3355.745824799643,298.15
1334.0,91.66134185303514,1.0,214.01153325158091,71.80366172549945,3150.7039151685753,298.15
1335.0,91.65509098485902,1.0,218.78571511271707,85.20709598204775,2933.7553404094224,298.15
1336.0,91.64884011668288,1.0,217.38071027202437,73.63579312638383,3742.332643299436,298.15
1337.0,91.64258924850674,1.0,215.258591660138,80.15601179118505,3239.471067244737,298.15
1338.0,91.6363383803306,1.0,208.23532286253302,72.22115821117282,2891.6278676820657,298.15
1339.0,91.63008751215446,1.0,199.35176129165896,65.25246276049734,3090.3138721804453,298.15
1340.0,91.62383664397834,1.0,209.97236762564447,77.45038969494976,2955.784857720178,298.15
1341.0,91.6175857758022,1.0,210.79438885098685,71.69212251073039,3232.433383273158,298.15
1342.0,91.61133490762606,1.0,196.94212166315924,81.72085301918598,3103.340552409097,298.15
1343.0,91.60508403944992,1.0,203.52568201251927,75.93142143857901,3163.7121568135594,298.15
1344.0,91.59883317127378,1.0,205.07487551297373,69.77764497608649,3575.409741354585,298.15
1345.0,91.59258230309766,1.0,205.15925271609348,76.5774725904658,3647.7738074806257,298.15
1346.0,91.58633143492152,1.0,201.45496441780242,62.17102631785285,3575.20087146863,298.15
1347.0,91.58008056674538,1.0,192.05073604963826,71.91531182837632,3230.9326557972204,298.15
1348.0,91.57382969856924,1.0,195.92123716129979,76.059910482689,3298.7720183649644,298.15
1349.0,91.5675788303931,1.0,207.24560322889727,67.84818662557934,2989.734519259396,298.15
1350.0,91.56132796221698,1.0,194.03399508368557,67.15507423948641,2767.891246284532,298.15
1351.0,91.55507709404084,1.0,195.91047522994648,59.268275903126465,2694.0294371083755,298.15
1352.0,91.5488262258647,1.0,186.20965631240267,77.36071429271954,3010.02273720459,298.15
1353.0,91.54257535768856,1.0,202.17717502652792,69.0570714729573,3159.24506466139,298.15
1354.0,91.53632448951244,1.0,196.07291160433613,70.6192454497474,3080.893868041717,298.15
1355.0,91.5300736213363,1.0,189.62698685964813,71.3610527669683,2735.6724875215145,298.15
1356.0,91.52382275316016,1.0,193.25321440525258,70.71873155872596,3856.073432543667,298.15
1357.0,91.51757188498402,1.0,206.6677656883258,71.43884038181888,3312.2876850674625,298.15
1358.0,91.51132101680788,1.0,195.073942488467,73.43118591628578,2370.990145994892,298.15
1359.0,91.50507014863176,1.0,202.98240731838277,69.8094739870872,3310.991234927981,298.15
1360.0,91.49881928045562,1.0,183.91648709589327,60.664031297584756,3493.040213779618,298.15
1361.0,91.49256841227948,1.0,190.00796066179225,61.75811478207837,3100.766496051658,298.15
1362.0,91.48631754410334,1.0,183.4771173575702,63.174002278477325,3124.6696821519504,298.15
1363.0,91.48006667592722,1.0,187.3315227844863,61.42175182347584,3011.7667742851822,298.15
1364.0,91.47381580775108,1.0,187.06757502509438,69.22961501343998,3167.3827280529604,298.15
1365.0,91.46756493957494,1.0,194.8054982346777,62.935622131376405,2768.0194857906386,298.15
1366.0,91.4613140713988,1.0,192.02374220595175,68.88100662269505,3416.760217269082,298.15
1367.0,91.45506320322266,1.0,189.00716850513604,59.542258326958105,2856.000918568193,298.15
1368.0,91.44881233504654,1.0,180.0,73.69260711780163,2598.6338959406917,298.15
1369.0,91.4425614668704,1.0,186.6836964674313,60.17951629303378,3349.0827864222156,298.15
1370.0,91.43631059869426,1.0,180.0,61.709404227760096,3113.2203474062126,298.15
1371.0,91.43005973051812,1.0,186.14503990250623,69.91176634600484,3056.329609855087,298.15
1372.0,91.42380886234199,1.0,184.63130927933656,64.13578099305919,2940.2949239444233,298.15
1373.0,91.41755799416586,1.0,184.20001128758722,60.74808004992997,2871.521492603834,298.15
1374.0,91.41130712598972,1.0,183.7735115040448,62.175520707499814,3248.4606797558736,298.15
1375.0,91.40505625781358,1.0,190.23908625655912,63.108323710692794,2614.0742576180915,298.15
1376.0,91.39880538963745,1.0,181.30810263883865,59.41743512535098,2315.494476980816,298.15
1377.0,91.3925545214613,1.0,180.0,57.494891722161555,2122.2018444197934,298.15
1378.0,91.38630365328518,1.0,180.0,62.69471035595154,2489.3714930953242,298.15
1379.0,91.38005278510904,1.0,180.0,51.87883233442547,2522.0969416701446,298.15
1380.0,91.3738019169329,1.0,180.12793055204853,50.0,2788.1085513777266,298.15
1381.0,91.36755104875677,1.0,180.0,55.46600940225065,1983.825147570509,298.15
1382.0,91.36130018058064,1.0,185.67864800995343,63.82134365594642,2129.3857821650513,298.15
1383.0,91.3550493124045,1.0,180.0,60.22509746749848,2235.704995504713,298.15
1384.0,91.34879844422836,1.0,180.0,71.60222616811795,2979.986010605586,298.15
1385.0,91.34254757605223,1.0,180.0,70.18704810854659,1925.2044403231564,298.15
1386.0,91.33629670787609,1.0,180.0,55.08633820424669,2159.2536626830406,298.15
1387.0,91.33004583969996,1.0,180.0,52.74821737295107,2449.0168021264108,298.15
1388.0,91.32379497152382,1.0,180.0,53.57852120034233,2359.6072540353166,298.15
1389.0,91.31754410334769,1.0,180.0,67.52008576806503,2046.823980434535,298.15
1390.0,91.31129323517155,1.0,180.0,69.05374589974387,2007.3988647609835,298.15
1391.0,91.30504236699542,1.0,180.0,66.23282619405128,2393.167809152607,298.15
1392.0,91.29879149881928,1.0,180.0,60.363675362267465,2287.904679785961,298.15
1393.0,91.29254063064315,1.0,180.0,59.13592356581368,2081.07236790486,298.15
1394.0,91.286289762467,1.0,180.0,60.17230237143559,2108.3229536390704,298.15
1395.0,91.28003889429087,1.0,180.0,59.69980692234657,2082.936625696788,298.15
1396.0,91.27378802611474,1.0,180.0,56.89794068239061,1943.1706270452958,298.15
1397.0,91.2675371579386,1.0,180.0,62.35947071099916,1566.3525583083788,298.15
1398.0,91.26128628976247,1.0,180.0,54.27044966221516,1955.9948790855033,298.15
1399.0,91.25503542158633,1.0,180.0,61.767898720886066,1147.6510561287396,298.15
1400.0,91.24878455341019,1.0,180.0,59.91835990057173,1585.5845648907175,298.15
1401.0,91.24253368523406,1.0,180.0,66.61420112445524,1839.8938380212464,298.15
1402.0,91.23628281705793,1.0,180.0,65.95765321620951,1819.0281784438614,298.15
1403.0,91.23003194888179,1.0,180.0,56.293952056171385,1632.7385964705506,298.15
1404.0,91.22378108070565,1.0,180.0,57.284323747685995,2105.3573238857393,298.15
1405.0,91.21753021252951,1.0,180.0,67.18792569334659,1542.5155360543513,298.15
1406.0,91.21127934435339,1.0,180.0,62.242931270214015,1615.4934165965813,298.15
1407.0,91.20502847617725,1.0,180.0,64.9681016329074,1122.86458918618,298.15
1408.0,91.19877760800111,1.0,180.0,59.851822732289754,2081.910935798124,298.15
1409.0,91.19252673982497,1.0,180.0,51.93980735688609,1093.7987940895773,298.15
1410.0,91.18627587164885,1.0,180.0,66.03823541218793,2079.9238971236573,298.15
1411.0,91.18002500347271,1.0,180.0,60.93634671535688,1613.007718701236,298.15
1412.0,91.17377413529657,1.0,180.0,67.08282514272915,2427.260118773929,298.15
1413.0,91.16752326712043,1.0,180.0,63.69885967345606,1117.348820255096,298.15
1414.0,91.1612723989443,1.0,180.0,71.03819599623934,1880.112185170064,298.15
1415.0,91.15502153076817,1.0,180.0,71.21317265187105,2158.067185620686,298.15
1416.0,91.14877066259203,1.0,180.0,57.008599197846884,2286.050449705157,298.15
1417.0,91.14251979441589,1.0,180.0,58.87958432123243,2092.623243067394,298.15
1418.0,91.13626892623975,1.0,180.0,65.19417247448936,1685.5429707272738,298.15
1419.0,91.13001805806363,1.0,180.0,65.80042201777637,1767.2647626791218,298.15
1420.0,91.12376718988749,1.0,180.0,56.71062988211992,1384.488475692081,298.15
1421.0,91.11751632171135,1.0,180.0,67.93455157215548,2020.904840189653,298.15
1422.0,91.11126545353521,1.0,180.0,68.142860212843,2057.730148902799,298.15
1423.0,91.10501458535907,1.0,180.0,60.58992800058299,1846.8595379998912,298.15
1424.0,91.09876371718295,1.0,180.0,73.83895841658956,1782.8515371841886,298.15
1425.0,91.09251284900681,1.0,180.0,60.204508596876096,1545.016200581884,298.15
1426.0,91.08626198083067,1.0,180.0,72.17721550682745,2306.1032410921116,298.15
1427.0,91.08001111265453,1.0,180.0,61.116966193114024,1859.5968342250685,298.15
1428.0,91.0737602444784,1.0,180.0,74.3665101506831,2352.552947536699,298.15
1429.0,91.06750937630227,1.0,180.0,50.70948408309895,1750.7201985303461,298.15
1430.0,91.06125850812613,1.0,180.0,73.54900814095566,2088.360122713152,298.15
1431.0,91.05500763994999,1.0,180.0,76.52745241591195,1533.8903909508485,298.15
1432.0,91.04875677177385,1.0,180.0,71.05188742684464,2208.235690047238,298.15
1433.0,91.04250590359771,1.0,180.0,61.34072652944374,1864.3681153133061,298.15
1434.0,91.03625503542159,1.0,180.0,69.56076321610999,1838.72410143664,298.15
1435.0,91.03000416724545,1.0,180.0,61.428840928359215,2862.342117673302,298.15
1436.0,91.02375329906931,1.0,180.0,69.03994059625927,3205.757752182857,298.15
1437.0,91.01750243089317,1.0,180.0,69.42822759323934,2610.251063036027,298.15
1438.0,91.01125156271705,1.0,180.0,72.08366898104161,2088.236049793043,298.15
1439.0,91.00500069454091,1.0,180.0,68.05858060477917,3201.7584923050504,298.15
1440.0,90.99874982636477,1.0,180.0,61.21061379255155,2675.1917287011856,298.15
1441.0,90.99249895818863,1.0,180.0,72.52914827156188,2976.1172267354564,298.15
1442.0,90.98624809001251,1.0,180.0,67.70153146719161,2322.0718607773715,298.15
1443.0,90.97999722183637,1.0,180.0,62.44503616610506,1996.475207945203,298.15
1444.0,90.97374635366023,1.0,180.0,71.09785446648623,2774.2467894152787,298.15
1445.0,90.9674954854841,1.0,180.0,76.04047610891313,3019.9419727212294,298.15
1446.0,90.96124461730795,1.0,180.0,75.0480999239711,2787.2983273298773,298.15
1447.0,90.95499374913183,1.0,180.0,70.87260010160234,2322.99486203634,298.15
1448.0,90.94874288095569,1.0,180.0,73.51341740905457,3046.112709564532,298.15
1449.0,90.94249201277955,1.0,180.0,78.34814653063293,2562.45395175499,298.15
1450.0,90.93624114460341,1.0,180.0,64.85135912652785,2795.0698941878054,298.15
1451.0,90.92999027642728,1.0,180.0,76.01180578611759,3289.619548204319,298.15
1452.0,90.92373940825115,1.0,180.0,69.38748203738422,2868.6181598076837,298.15
1453.0,90.91748854007501,1.0,180.0,75.05202479418827,2743.7365980761233,298.15
1454.0,90.91123767189887,1.0,180.0,86.49028251241018,2928.1717970189643,298.15
1455.0,90.90498680372274,1.0,180.0,85.28357187096063,3716.714520078395,298.15
1456.0,90.8987359355466,1.0,180.0,74.36875503946973,2678.9078691561526,298.15
1457.0,90.89248506737047,1.0,180.0,81.14332179227385,3569.0489091731342,298.15
1458.0,90.88623419919433,1.0,180.0,69.8703954386966,3309.9267099399335,298.15
1459.0,90.8799833310182,1.0,180.0,78.12882173829829,3392.0200997889433,298.15
1460.0,90.87373246284206,1.0,180.0,74.34746419428747,3309.077040363054,298.15
1461.0,90.86748159466592,1.0,180.0,80.33749900706333,3706.449390453817,298.15
1462.0,90.8612307264898,1.0,180.0,71.69812229244188,2732.9329106041114,298.15
1463.0,90.85497985831365,1.0,180.0,78.18224049681358,3362.810025791462,298.15
1464.0,90.84872899013752,1.0,181.8953752601298,82.6690075388885,3332.41712672891,298.15
1465.0,90.84247812196138,1.0,180.0,66.89159675606821,3120.637995217158,298.15
1466.0,90.83622725378525,1.0,180.0,86.71277978757358,3446.349220351408,298.15
1467.0,90.82997638560911,1.0,180.0,75.5501483587259,3222.11545945554,298.15
1468.0,90.82372551743298,1.0,185.411537416821,68.08128645874595,3337.9429503005995,298.15
1469.0,90.81747464925684,1.0,180.0,81.80281424733053,3314.9125096914668,298.15
1470.0,90.81122378108071,1.0,185.9903876873258,72.27994162217483,3341.2898181635715,298.15
1471.0,90.80497291290457,1.0,180.0,70.5701198889253,3050.6250681221954,298.15
1472.0,90.79872204472844,1.0,180.0,71.20561950449171,3274.551836400948,298.15
1473.0,90.7924711765523,1.0,181.550646199105,80.55901432258558,4220.984543806349,298.15
1474.0,90.78622030837616,1.0,182.1810630994643,79.65834836669599,3086.1850286167414,298.15
1475.0,90.77996944020003,1.0,193.09208881467598,80.15674609446278,3667.7176163851723,298.15
1476.0,90.7737185720239,1.0,180.0,78.24630494282329,3511.3830792750528,298.15
1477.0,90.76746770384776,1.0,180.0,76.16875193139866,3154.059985232241,298.15
1478.0,90.76121683567162,1.0,182.69620741403804,83.40874271336129,3420.9732885362646,298.15
1479.0,90.75496596749548,1.0,185.22138725970674,80.90734037434956,3246.5638390299564,298.15
1480.0,90.74871509931936,1.0,189.58624423521323,69.49926430983446,3302.818498687079,298.15
1481.0,90.74246423114322,1.0,183.29580902142058,77.43141068851395,3444.8644634960237,298.15
1482.0,90.73621336296708,1.0,180.0,71.41522423164142,3314.3705943460423,298.15
1483.0,90.72996249479094,1.0,190.10019094413715,82.42265713730292,2923.3683407818144,298.15
1484.0,90.7237116266148,1.0,183.4295478683438,83.44819941799213,3323.611307522404,298.15
1485.0,90.71746075843868,1.0,193.7994540764534,71.052437413587,3132.3979772028506,298.15
1486.0,90.71120989026254,1.0,192.66783088481125,77.1677888178896,2969.7145970013316,298.15
1487.0,90.7049590220864,1.0,186.73481860538834,76.72453334269376,3023.1201910143263,298.15
1488.0,90.69870815391026,1.0,186.16633498496205,80.5954911127798,3345.138708829676,298.15
1489.0,90.69245728573412,1.0,186.95268236896126,87.57257478140124,2562.1120512369284,298.15
1490.0,90.686206417558,1.0,193.18412804705298,76.81670701436737,2352.82061693044,298.15
1491.0,90.67995554938186,1.0,195.00068395950498,88.01150062408573,2763.3112309250278,298.15
1492.0,90.67370468120572,1.0,192.687480910442,79.10583167748402,2536.288098628921,298.15
1493.0,90.66745381302958,1.0,195.15815713990756,73.97642341787747,2857.329046559767,298.15
1494.0,90.66120294485346,1.0,205.98890276519592,78.45254099184108,2260.9342982728094,298.15
1495.0,90.65495207667732,1.0,206.3026118725592,83.8210862328344,2332.8196838551753,298.15
1496.0,90.64870120850118,1.0,192.45724832696678,71.4499575372944,3153.3791578418723,298.15
1497.0,90.64245034032504,1.0,204.4443520874089,82.46922920772519,2777.2762580626463,298.15
1498.0,90.63619947214892,1.0,198.3758640554793,73.27987692329947,2681.7964544679066,298.15
1499.0,90.62994860397278,1.0,194.54617316993404,84.23888561351686,2666.1575361063624,298.15
1500.0,90.62369773579664,1.0,206.02957906422643,81.8933737419148,2515.3004597879576,298.15
1501.0,90.6174468676205,1.0,197.10193349656691,75.1780866180978,2524.641003504264,298.15
1502.0,90.61119599944436,1.0,197.92139278176188,81.69508499659736,1722.5619918944087,298.15
1503.0,90.60494513126824,1.0,193.30195487542298,82.41802388843627,2930.100887054167,298.15
1504.0,90.5986942630921,1.0,202.75771765771643,76.39579339123668,2305.8564953866317,298.15
1505.0,90.59244339491596,1.0,199.50831027415035,74.52130162366467,2236.35104971009,298.15
1506.0,90.58619252673982,1.0,213.8689508888504,78.45983782886671,2535.7646898563708,298.15
1507.0,90.57994165856368,1.0,205.28125298438383,72.65073157177801,2896.969762842847,298.15
1508.0,90.57369079038756,1.0,206.8675649840912,80.38868543922497,1915.087341758466,298.15
1509.0,90.56743992221142,1.0,204.54693755242826,81.7908561281911,2127.1592826065,298.15
1510.0,90.56118905403528,1.0,203.62495994250156,76.85376316119755,1996.5742898471503,298.15
1511.0,90.55493818585914,1.0,203.3006813586336,72.62345891297109,2222.4199212732738,298.15
1512.0,90.548687317683,1.0,224.6451889509155,76.81521728857265,2248.305930731648,298.15
1513.0,90.54243644950688,1.0,210.2948670178121,68.37890590852841,2368.063830643244,298.15
1514.0,90.53618558133074,1.0,207.6735626154547,76.01258551203078,1234.9354234533705,298.15
1515.0,90.5299347131546,1.0,213.0208090797293,83.25471109655268,2426.151511196281,298.15
1516.0,90.52368384497846,1.0,215.55488238618696,77.05344775377408,2135.1961058495444,298.15
1517.0,90.51743297680233,1.0,207.37130310964125,67.39076416056689,2072.1299643133543,298.15
1518.0,90.5111821086262,1.0,210.43048102801083,77.92472147055173,1561.375186083901,298.15
1519.0,90.50493124045006,1.0,218.36178263381686,68.52166543806054,1414.6107971687666,298.15
1520.0,90.49868037227392,1.0,212.87918712810082,69.75230331765664,1700.2298691068863,298.15
1521.0,90.49242950409779,1.0,209.46539825713185,68.53890854629698,1862.8047021764269,298.15
1522.0,90.48617863592166,1.0,214.4384322674238,69.93591555664997,1337.450646830135,298.15
1523.0,90.47992776774552,1.0,212.60905904061516,70.02433180990904,2009.3813855367011,298.15
1524.0,90.47367689956938,1.0,227.27956065419076,68.04160783887096,2450.7485597845084,298.15
1525.0,90.46742603139325,1.0,222.6859462666332,68.9875488659749,1326.42142736891,298.15
1526.0,90.46117516321712,1.0,205.28417040714245,74.25246452410144,1651.5135583008177,298.15
1527.0,90.45492429504098,1.0,218.96738320489553,72.14840876830995,1161.6592918197582,298.15
1528.0,90.44867342686484,1.0,227.61156999725412,69.644795479948,1646.6518619731728,298.15
1529.0,90.4424225586887,1.0,226.50708579206696,70.24120928687583,1003.8489981545655,298.15
1530.0,90.43617169051257,1.0,220.26253711546008,80.9182164534013,1571.5101835401179,298.15
1531.0,90.42992082233644,1.0,229.91277993589617,64.3832590341831,1000.0,298.15
1532.0,90.4236699541603,1.0,221.87396319407392,70.23662259824908,2418.4980084314648,298.15
1533.0,90.41741908598416,1.0,221.02344474130595,66.64718319680046,1029.837391680439,298.15
1534.0,90.41116821780803,1.0,222.11658216666677,66.19364050584808,1562.3662337817273,298.15
1535.0,90.40491734963189,1.0,234.466406179872,61.40659676787972,2109.3938989173366,298.15
1536.0,90.39866648145576,1.0,227.38356285540198,64.92428000950852,2024.0937434430248,298.15
1537.0,90.39241561327962,1.0,224.66534154434868,68.53643054545716,2202.8408823391173,298.15
1538.0,90.38616474510349,1.0,223.13256173730437,62.4881396965619,1956.1056722286278,298.15
1539.0,90.37991387692735,1.0,227.22982896641383,57.3745490524337,2150.572099094635,298.15
1540.0,90.37366300875121,1.0,226.65459599225167,70.06557653138962,1910.7406054048201,298.15
1541.0,90.36741214057508,1.0,224.6551122760087,59.724959919304624,1569.651440452517,298.15
1542.0,90.36116127239895,1.0,228.70219215165102,76.52961788570752,1470.571519754498,298.15
1543.0,90.3549104042228,1.0,233.29088508972382,71.83448382209231,2282.4429840536973,298.15
1544.0,90.34865953604667,1.0,251.26164208142447,70.28728282688654,1745.885825763915,298.15
1545.0,90.34240866787053,1.0,229.98204197660812,65.85561451875624,2114.8943591746147,298.15
1546.0,90.3361577996944,1.0,233.53447503461535,63.22589966102622,1729.7387164794454,298.15
1547.0,90.32990693151827,1.0,227.87508803829363,69.96716264839512,1721.9698728589901,298.15
1548.0,90.32365606334213,1.0,245.49987707210406,67.35495306345432,1968.3568900278744,298.15
1549.0,90.31740519516599,1.0,234.96373049555214,62.52350184213828,2293.450097175778,298.15
1550.0,90.31115432698986,1.0,237.54567300821742,55.31312011773077,2044.6526217748342,298.15
1551.0,90.30490345881373,1.0,237.61567141107412,60.34017524858203,1861.9064200637072,298.15
1552.0,90.29865259063759,1.0,252.00110663603544,71.87938424189943,2693.8394319723548,298.15
1553.0,90.29240172246145,1.0,240.9674330999409,72.49012215791132,2114.355370042392,298.15
1554.0,90.28615085428532,1.0,237.7052337292148,63.14289035894321,2525.5480168248596,298.15
1555.0,90.27989998610919,1.0,236.97173197171261,59.767099805219665,2288.3169263753985,298.15
1556.0,90.27364911793305,1.0,237.47744562015902,61.18868970975808,2533.9524673838464,298.15
1557.0,90.26739824975691,1.0,232.57417024952946,63.8656516751874,2434.0938162556126,298.15
1558.0,90.26114738158077,1.0,235.52649150453692,59.52203892300136,2617.313769839763,298.15
1559.0,90.25489651340465,1.0,244.5735514752911,55.55144121917776,2543.252625368516,298.15
1560.0,90.2486456452285,1.0,233.82021500770978,61.92825307951809,2680.8446277440135,298.15
1561.0,90.24239477705237,1.0,235.9861953271604,59.81830514513489,1770.0002817345967,298.15
1562.0,90.23614390887623,1.0,236.71705150104657,64.89312725839736,2977.645381633987,298.15
1563.0,90.22989304070009,1.0,234.0837209222143,53.814949049661614,2622.7686777103663,298.15
1564.0,90.22364217252397,1.0,239.9468275619904,62.09130962774089,2768.3748380536867,298.15
1565.0,90.21739130434783,1.0,238.910695306982,67.49340790630785,2215.478064043119,298.15
1566.0,90.21114043617169,1.0,232.81614290312027,57.219080292862536,3110.4393041740286,298.15
1567.0,90.20488956799555,1.0,235.36323521289003,56.24035566424973,3232.9033390641534,298.15
1568.0,90.19863869981941,1.0,238.3902140075078,60.11369446135759,2586.493902316769,298.15
1569.0,90.19238783164329,1.0,234.16945233651973,59.715157757000206,2934.759400525584,298.15
1570.0,90.18613696346715,1.0,231.6586105685334,60.04507364371345,2099.2042887520006,298.15
1571.0,90.17988609529101,1.0,233.56185351504186,58.00879084576742,2755.8302254592854,298.15
1572.0,90.17363522711487,1.0,238.82361311327864,57.73286500846677,2598.5214544470846,298.15
1573.0,90.16738435893875,1.0,236.2709430985479,67.38686961408331,3572.6665236701883,298.15
1574.0,90.16113349076261,1.0,242.4257433212239,54.236690761809086,3077.727425640711,298.15
1575.0,90.15488262258647,1.0,246.2158303553137,64.27347274471248,3843.935598882804,298.15
1576.0,90.14863175441033,1.0,234.93398489415648,65.58574955723454,3043.1004681752897,298.15
1577.0,90.14238088623419,1.0,234.66964732659378,55.20345341986325,2858.506990469183,298.15
1578.0,90.13613001805807,1.0,243.60915259311608,55.609642499104154,2964.923458553565,298.15
1579.0,90.12987914988193,1.0,240.24890531359574,59.66730880479369,2515.0569756721825,298.15
1580.0,90.12362828170579,1.0,246.49709541188392,60.714953582165535,3777.7039799096056,298.15
1581.0,90.11737741352965,1.0,238.33562356048537,56.46242433947795,2925.493588991648,298.15
1582.0,90.11112654535353,1.0,240.8230189340017,57.475659998274324,2894.996243586724,298.15
1583.0,90.10487567717739,1.0,245.03961510979167,56.76403061768096,2329.9276228738972,298.15
1584.0,90.09862480900125,1.0,236.36091825217642,62.304953124407675,3397.4820533131997,298.15
1585.0,90.09237394082511,1.0,226.44416435782077,63.981605451735966,3637.7760231444913,298.15
1586.0,90.08612307264897,1.0,252.04183153323245,60.51258085436895,3394.39921807773,298.15
1587.0,90.07987220447285,1.0,244.87208334910645,57.035360803167684,3126.972543770539,298.15
1588.0,90.07362133629671,1.0,234.4014907560228,62.80959311216438,3367.3998829404845,298.15
1589.0,90.06737046812057,1.0,235.02640916347474,70.6307225593749,3499.1044721418325,298.15
1590.0,90.06111959994443,1.0,225.71009694278177,58.28747423485204,3315.129830185666,298.15
1591.0,90.0548687317683,1.0,241.79976851673058,60.244351839053344,3006.729883435507,298.15
1592.0,90.04861786359217,1.0,235.30914637617175,58.830592682989604,3473.258715208508,298.15
1593.0,90.04236699541603,1.0,246.55922575114957,67.92616866093226,3332.831846846832,298.15
1594.0,90.0361161272399,1.0,233.15113992464262,61.88616019007978,2947.184569473165,298.15
1595.0,90.02986525906375,1.0,228.49432860053633,51.07714597274234,3836.3600428849377,298.15
1596.0,90.02361439088762,1.0,231.1284073977764,58.99881224405484,3079.715480886054,298.15
1597.0,90.01736352271149,1.0,240.05499439507153,59.83004427118635,2899.1929184495702,298.15
1598.0,90.01111265453535,1.0,223.94410162222331,64.82330421994315,2599.1026461904376,298.15
1599.0,90.00486178635921,1.0,241.3903935989718,63.55449069728724,3732.1934891906017,298.15
1600.0,89.99861091818308,1.0,230.30607242404182,58.86794961828222,3838.282579752695,298.15
1601.0,89.99236005000695,1.0,235.7272920051702,63.197407080592825,3159.5423979233524,298.15
1602.0,89.98610918183081,1.0,220.7917120391723,63.23457216446016,3360.5362079954634,298.15
1603.0,89.97985831365467,1.0,223.57163300947883,67.9579212074351,3278.351401343323,298.15
1604.0,89.97360744547854,1.0,236.594724633571,65.61360058695094,2582.74091878713,298.15
1605.0,89.9673565773024,1.0,228.93113108903677,60.09860899763699,3373.5393915357636,298.15
1606.0,89.96110570912627,1.0,236.85282885698723,58.15347224207545,3172.1957159491308,298.15
1607.0,89.95485484095013,1.0,227.38955191865273,64.75475084968541,2867.7469989617193,298.15
1608.0,89.948603972774,1.0,227.08829759882775,57.549414142698346,2499.258026747497,298.15
1609.0,89.94235310459786,1.0,221.6521266855353,69.15398505437109,3538.8775294942707,298.15
1610.0,89.93610223642173,1.0,229.46482463910021,69.36869341308254,2643.4353304250817,298.15
1611.0,89.9298513682456,1.0,224.569308678662,75.66235891789319,2625.182993901693,298.15
1612.0,89.92360050006945,1.0,232.04233721127414,69.87900943205275,2059.586955410488,298.15
1613.0,89.91734963189332,1.0,237.73269730797324,68.19275739423192,2973.6545635419634,298.15
1614.0,89.91109876371718,1.0,229.78641439434028,63.71484177819301,2882.160271022995,298.15
1615.0,89.90484789554105,1.0,236.46374538796368,65.17458089354227,2679.237249712678,298.15
1616.0,89.89859702736491,1.0,224.1653299520787,68.28005707076791,2421.550691991043,298.15
1617.0,89.89234615918878,1.0,235.20218185349214,64.59627872052849,2699.4744375370874,298.15
1618.0,89.88609529101264,1.0,237.87997169698687,57.96333872521315,2803.849541914755,298.15
1619.0,89.8798444228365,1.0,221.98091323820913,73.81922372708783,2257.272757251972,298.15
1620.0,89.87359355466037,1.0,219.58478925684653,67.84170328188544,2081.4907521145315,298.15
1621.0,89.86734268648424,1.0,216.63501756012792,69.83210447223772,2256.343050630112,298.15
1622.0,89.8610918183081,1.0,214.65540061912895,70.84327101890166,2469.385639128761,298.15
1623.0,89.85484095013196,1.0,219.75048190458904,78.33613953856874,2271.5119898986636,298.15
1624.0,89.84859008195582,1.0,221.09639915855246,59.08753609036816,1563.1222747857387,298.15
1625.0,89.8423392137797,1.0,216.62145706493632,68.59769605152736,1741.5157586971372,298.15
1626.0,89.83608834560356,1.0,226.87471564079857,75.85294237651554,2223.364287523361,298.15
1627.0,89.82983747742742,1.0,217.56555000161686,76.20447456962674,2303.17615347334,298.15
1628.0,89.82358660925128,1.0,225.38979307408633,67.2429362995788,1833.2979516245282,298.15
1629.0,89.81733574107515,1.0,219.35637360379653,76.14623891525233,1551.4937537655119,298.15
1630.0,89.81108487289902,1.0,224.40102395952673,63.72699682136702,1905.8741619131608,298.15
1631.0,89.80483400472288,1.0,207.50121853612754,78.14028584955221,1738.154652986918,298.15
1632.0,89.79858313654674,1.0,221.51571570679536,70.82067002119807,2337.6568550249526,298.15
1633.0,89.79233226837061,1.0,215.38662577825593,82.67554241753216,2235.3529223835853,298.15
1634.0,89.78608140019448,1.0,211.65945390185712,80.3390065937582,2782.6446389584676,298.15
1635.0,89.77983053201834,1.0,212.83721655238978,79.90228919999069,1430.0936602825282,298.15
1636.0,89.7735796638422,1.0,223.76358413017724,79.52314775696718,1511.6467167685244,298.15
1637.0,89.76732879566606,1.0,215.27178907356162,69.39249795777815,1956.9156318355945,298.15
1638.0,89.76107792748994,1.0,215.71053686010822,74.88150274522896,1723.3142329698785,298.15
1639.0,89.7548270593138,1.0,216.1508422192817,79.09643097604145,1781.3084685310232,298.15
1640.0,89.74857619113766,1.0,207.80186585758628,72.91903185053556,1671.0350928175121,298.15
1641.0,89.74232532296152,1.0,211.76987628565752,75.77150357895479,1626.4102695015836,298.15
1642.0,89.73607445478538,1.0,204.90206579192755,65.34113110856643,1660.3831095139674,298.15
1643.0,89.72982358660926,1.0,204.74811324946268,76.69798599777126,1609.35390286512,298.15
1644.0,89.72357271843312,1.0,203.24175300600584,72.90099649461894,1256.182803420535,298.15
1645.0,89.71732185025698,1.0,202.9200401761388,76.14473475439395,1293.5535967507992,298.15
1646.0,89.71107098208084,1.0,193.26559447581968,84.51806704082907,1442.5768831626692,298.15
1647.0,89.7048201139047,1.0,201.06775717402977,86.62855195528711,1276.7024188225446,298.15
1648.0,89.69856924572858,1.0,203.13630688788706,66.30103985312269,1941.6538494482886,298.15
1649.0,89.69231837755244,1.0,197.88709018614603,72.28800633683932,1000.0,298.15
1650.0,89.6860675093763,1.0,196.2979805958277,83.19334239219735,2656.6734042525395,298.15
1651.0,89.67981664120016,1.0,198.00816315217008,75.54942062470833,1431.9513007877904,298.15
1652.0,89.67356577302402,1.0,205.3350507803368,78.78925647078965,1925.3087891349235,298.15
1653.0,89.6673149048479,1.0,207.37484009660275,77.29703946705337,1970.5173896675212,298.15
1654.0,89.66106403667176,1.0,202.8125427552729,82.47785911562113,1040.5423621675313,298.15
1655.0,89.65481316849562,1.0,211.88378150965195,70.94057610896589,1976.689133308457,298.15
1656.0,89.64856230031948,1.0,207.64168768535723,86.97336013892563,2418.6308865032843,298.15
1657.0,89.64231143214336,1.0,194.18166565991606,75.94476032987313,2656.1129839468767,298.15
1658.0,89.63606056396722,1.0,191.1715486408228,75.77991768895663,1317.2366644836884,298.15
1659.0,89.62980969579108,1.0,180.26906671793532,74.17249043042676,1911.785423429066,298.15
1660.0,89.62355882761494,1.0,182.89403787745104,86.55462452705699,2104.784354840155,298.15
1661.0,89.61730795943882,1.0,182.65284817157232,71.37824893720146,1693.5395317184555,298.15
1662.0,89.61105709126268,1.0,189.5485209879189,84.60546008159952,1654.0855146382505,298.15
1663.0,89.60480622308654,1.0,185.37023669517072,81.05066772936507,2077.721866160055,298.15
1664.0,89.5985553549104,1.0,188.02136737639907,79.54525615112306,2053.2057251906817,298.15
1665.0,89.59230448673426,1.0,193.06068253407517,77.89517298282624,2409.87641732747,298.15
1666.0,89.58605361855814,1.0,191.583676455137,79.03145266513522,1000.0,298.15
1667.0,89.579802750382,1.0,182.37544741202328,79.58810280284528,1865.2309223917907,298.15
1668.0,89.57355188220586,1.0,189.90325073226572,85.55176893679891,1606.0416411637934,298.15
1669.0,89.56730101402972,1.0,187.0406076226595,81.80945116103855,2245.758761641164,298.15
1670.0,89.56105014585359,1.0,184.8640331076837,81.77025967867218,2151.8745763225484,298.15
1671.0,89.55479927767746,1.0,188.918800737659,81.9843579217484,2401.3658669769775,298.15
1672.0,89.54854840950132,1.0,183.54964358544072,77.93818354397327,1942.2064543813158,298.15
1673.0,89.54229754132518,1.0,185.58185931354316,79.38765584974782,2120.554075258962,298.15
1674.0,89.53604667314904,1.0,180.0,83.58493553851349,2331.03812331249,298.15
1675.0,89.5297958049729,1.0,180.0,80.45551339122176,2389.0401156657417,298.15
1676.0,89.52354493679678,1.0,184.25914330116083,87.80421427496192,1909.417896857939,298.15
1677.0,89.51729406862064,1.0,180.0,82.66091738768098,2292.909212483316,298.15
1678.0,89.5110432004445,1.0,180.0,70.91871917381985,2002.0187725726632,298.15
1679.0,89.50479233226837,1.0,180.0,87.5101840837966,2560.1006161938053,298.15
1680.0,89.49854146409223,1.0,180.0,85.12631907931946,2788.529158383061,298.15
1681.0,89.4922905959161,1.0,180.0,71.33762632520008,2406.125066899759,298.15
1682.0,89.48603972773996,1.0,180.0,86.18494232304371,2957.616111045947,298.15
1683.0,89.47978885956383,1.0,180.0,80.02728235483293,2937.9996893250886,298.15
1684.0,89.47353799138769,1.0,180.0,69.49129462684574,2950.411943560462,298.15
1685.0,89.46728712321156,1.0,180.0,81.09047303308286,2317.640541410539,298.15
1686.0,89.46103625503542,1.0,180.0,76.20371204337513,2796.456437140509,298.15
1687.0,89.45478538685929,1.0,180.0,73.88404058365815,3174.5358483407854,298.15
1688.0,89.44853451868315,1.0,180.0,71.435883487868,2858.917631712481,298.15
1689.0,89.44228365050702,1.0,180.0,77.57989226853456,3414.768458957868,298.15
1690.0,89.43603278233088,1.0,180.0,81.59664080304974,3043.8306710428237,298.15
1691.0,89.42978191415474,1.0,180.0,81.32020494559382,2717.8708903047577,298.15
1692.0,89.4235310459786,1.0,180.0,75.9551518095177,2574.1711619232815,298.15
1693.0,89.41728017780247,1.0,180.0,75.52901414914024,3772.0372143612935,298.15
1694.0,89.41102930962634,1.0,180.0,78.54116433257286,2321.3664544898456,298.15
1695.0,89.4047784414502,1.0,180.0,81.11240162686747,2518.8056845921683,298.15
1696.0,89.39852757327407,1.0,180.0,71.948719738789,3478.3959876550034,298.15
1697.0,89.39227670509793,1.0,180.0,67.80199590033439,3311.187605683557,298.15
1698.0,89.38602583692179,1.0,180.0,71.18480634981816,2898.545855109827,298.15
1699.0,89.37977496874566,1.0,180.0,62.10021199973199,3879.289810683925,298.15
1700.0,89.37352410056953,1.0,180.0,68.18966642423253,3114.9095234068277,298.15
1701.0,89.36727323239339,1.0,180.0,77.9874783501153,3106.5768328868967,298.15
1702.0,89.36102236421725,1.0,180.0,71.03832093289299,3356.278098541313,298.15
1703.0,89.35477149604111,1.0,180.0,76.75334343066241,3470.536703218796,298.15
1704.0,89.34852062786499,1.0,180.0,78.54823778863032,3476.4569694152246,298.15
1705.0,89.34226975968885,1.0,180.0,74.37101129510636,3256.3989374521075,298.15
1706.0,89.33601889151271,1.0,180.0,81.10189001028256,3502.053096070877,298.15
1707.0,89.32976802333657,1.0,180.0,79.09759192843356,2619.5783770804323,298.15
1708.0,89.32351715516043,1.0,180.0,77.75122048169007,2319.623045194028,298.15
1709.0,89.3172662869843,1.0,180.0,74.30016076234281,3326.407757703432,298.15
1710.0,89.31101541880817,1.0,180.0,77.72212580696088,2965.2538225729895,298.15
1711.0,89.30476455063203,1.0,180.0,69.55867749684724,3136.6627821747006,298.15
1712.0,89.29851368245589,1.0,180.0,78.21466282664193,3184.239387075512,298.15
1713.0,89.29226281427977,1.0,180.0,72.19527444319269,3281.378708164026,298.15
1714.0,89.28601194610363,1.0,180.0,65.8945617266284,3843.131236020723,298.15
1715.0,89.27976107792749,1.0,180.0,67.424366432231,2895.6078645942885,298.15
1716.0,89.27351020975135,1.0,180.0,62.95504601426116,3051.93828209485,298.15
1717.0,89.26725934157523,1.0,180.0,67.03775916863302,3073.6372370732925,298.15
1718.0,89.26100847339909,1.0,180.0,63.75659307236545,2666.0124038607632,298.15
1719.0,89.25475760522295,1.0,180.0,67.17959992751211,3136.604683403916,298.15
1720.0,89.24850673704681,1.0,180.0,73.45995892108905,3309.6115953278677,298.15
1721.0,89.24225586887067,1.0,180.0,61.909596243812565,3529.5046427431253,298.15
1722.0,89.23600500069455,1.0,180.0,68.1058652250526,2347.0485458140556,298.15
1723.0,89.22975413251841,1.0,180.0,60.91695018074624,2203.919680374768,298.15
1724.0,89.22350326434227,1.0,180.0,65.89178270179178,3041.4136859059354,298.15
1725.0,89.21725239616613,1.0,180.0,57.02498970141451,2779.851168272077,298.15
1726.0,89.21100152798999,1.0,180.0,55.58714435340979,3355.0662946013226,298.15
1727.0,89.20475065981387,1.0,180.0,69.43016360028113,2968.384308317029,298.15
1728.0,89.19849979163773,1.0,180.0,58.81067106221261,3068.9178113115768,298.15
1729.0,89.19224892346159,1.0,180.0,68.40000713205428,2398.1256386030636,298.15
1730.0,89.18599805528545,1.0,180.0,71.92853729814419,2752.9379048156757,298.15
1731.0,89.17974718710931,1.0,180.0,56.50425850532765,3176.724522120221,298.15
1732.0,89.17349631893319,1.0,180.0,66.43201142632964,2949.5544579703733,298.15
1733.0,89.16724545075705,1.0,180.0,57.30158383168803,2041.2171210213749,298.15
1734.0,89.16099458258091,1.0,180.0,69.69488648646187,2627.4992631683353,298.15
1735.0,89.15474371440477,1.0,180.0,66.74648376309851,3702.773678663237,298.15
1736.0,89.14849284622863,1.0,180.0,63.57251705737547,3086.6464958047477,298.15
1737.0,89.14224197805251,1.0,180.0,72.0986001448599,2081.202269467476,298.15
1738.0,89.13599110987637,1.0,180.0,66.84979224677242,2279.588315729654,298.15
1739.0,89.12974024170023,1.0,180.0,61.714010453858606,2438.298668674656,298.15
1740.0,89.1234893735241,1.0,180.0,65.66488728046639,2374.3044634292064,298.15
1741.0,89.11723850534797,1.0,180.0,63.892639480201495,2623.142939328893,298.15
1742.0,89.11098763717183,1.0,180.0,59.193159989179186,2474.7282166890227,298.15
1743.0,89.10473676899569,1.0,180.0,64.6925983943815,2388.817833176937,298.15
1744.0,89.09848590081955,1.0,180.0,68.00194956008787,2298.1209628402235,298.15
1745.0,89.09223503264343,1.0,180.0,58.18738277213152,1666.1092560604907,298.15
1746.0,89.08598416446729,1.0,180.0,67.98154501800366,2474.82140037579,298.15
1747.0,89.07973329629115,1.0,180.0,61.615524053472114,2301.4036525970123,298.15
1748.0,89.07348242811501,1.0,180.0,50.0,1993.3334927460853,298.15
1749.0,89.06723155993888,1.0,180.0,55.15250374324501,2169.26941535159,298.15
1750.0,89.06098069176275,1.0,180.0,62.757653247481805,1348.0186014818623,298.15
1751.0,89.05472982358661,1.0,180.0,63.23163856462229,2009.9171263612502,298.15
1752.0,89.04847895541047,1.0,180.0,63.90469991788932,1665.7682689865499,298.15
1753.0,89.04222808723434,1.0,180.0,58.7577760207913,2351.666041355672,298.15
1754.0,89.0359772190582,1.0,180.0,72.97742147025437,2030.5070271990182,298.15
1755.0,89.02972635088207,1.0,180.0,66.43169159069471,1456.602814830501,298.15
1756.0,89.02347548270593,1.0,180.0,64.40528095177477,2149.916025425945,298.15
1757.0,89.0172246145298,1.0,180.0,59.79258482921916,1493.2500916254767,298.15
1758.0,89.01097374635366,1.0,180.0,50.40025291015294,2304.0213189618685,298.15
1759.0,89.00472287817752,1.0,180.0,70.33971716858234,2244.7728312511927,298.15
1760.0,88.9984720100014,1.0,180.0,57.545222193593645,1503.3255806663378,298.15
1761.0,88.99222114182525,1.0,180.0,61.77867034780477,2014.5449051043115,298.15
1762.0,88.98597027364912,1.0,180.0,66.83159708423499,1525.7806535735624,298.15
1763.0,88.97971940547298,1.0,180.0,61.981557735964,1738.0344453219182,298.15
1764.0,88.97346853729684,1.0,180.0,65.57980357542425,2195.9585906525326,298.15
1765.0,88.96721766912071,1.0,180.0,53.822109964237384,2335.937707478957,298.15
1766.0,88.96096680094458,1.0,180.0,57.60658328944206,1690.6355078030476,298.15
1767.0,88.95471593276844,1.0,180.0,64.18330184053633,1000.0,298.15
1768.0,88.9484650645923,1.0,180.0,61.2452133480813,1953.3607995611867,298.15
1769.0,88.94221419641617,1.0,180.0,62.17837111157957,2450.3970821021903,298.15
1770.0,88.93596332824004,1.0,180.0,54.891530472625035,1000.0,298.15
1771.0,88.9297124600639,1.0,180.0,67.9395373048783,1475.7706221398262,298.15
1772.0,88.92346159188776,1.0,180.0,63.674327100964334,1287.7703919435169,298.15
1773.0,88.91721072371163,1.0,192.45302306972494,65.37846306895759,1608.850852169826,298.15
1774.0,88.9109598555355,1.0,185.9983867312597,60.05828381009508,2353.248918905231,298.15
1775.0,88.90470898735936,1.0,182.62023570259225,67.63447214737995,1784.9193255609525,298.15
1776.0,88.89845811918322,1.0,182.02944499812855,56.782857084155864,1298.4049623587039,298.15
1777.0,88.89220725100708,1.0,180.0,64.92369156851653,1842.5036105614101,298.15
1778.0,88.88595638283095,1.0,188.0968227406795,59.33664770990144,1266.1230482672556,298.15
1779.0,88.87970551465482,1.0,186.50856594274853,56.118681514927076,1451.820039673311,298.15
1780.0,88.87345464647868,1.0,180.0,58.365471982774466,1590.8209023328905,298.15
1781.0,88.86720377830254,1.0,187.17732867776263,65.3348254718289,1892.9696022510022,298.15
1782.0,88.8609529101264,1.0,188.7860308895489,69.3854686892283,2584.0578566866084,298.15
1783.0,88.85470204195028,1.0,187.7452603608889,56.99114771962348,1413.8707021699224,298.15
1784.0,88.84845117377414,1.0,180.33417851194028,82.35434509446154,2049.2463034741972,298.15
1785.0,88.842200305598,1.0,180.0,64.44825779407843,2197.78515530469,298.15
1786.0,88.83594943742186,1.0,194.42865588276462,64.82416656768983,2191.7155107749427,298.15
1787.0,88.82969856924572,1.0,180.88141720860006,62.37453790307972,2143.851820294747,298.15
1788.0,88.8234477010696,1.0,188.40925398933766,61.608021187564525,2219.658026630037,298.15
1789.0,88.81719683289346,1.0,187.23664511828986,61.89164673477481,2169.6694305879732,298.15
1790.0,88.81094596471732,1.0,194.89380060358738,75.02054956306714,2237.2935777299745,298.15
1791.0,88.80469509654118,1.0,182.58365918466637,68.49894460206583,1913.8354236983425,298.15
1792.0,88.79844422836504,1.0,181.59605398745222,62.11545681439925,2518.70711482419,298.15
1793.0,88.79219336018892,1.0,202.55219945922664,71.52870373215319,2484.0089713075226,298.15
1794.0,88.78594249201278,1.0,188.21949951554126,72.3877850508814,2304.775067173682,298.15
1795.0,88.77969162383664,1.0,197.47411512976242,76.51165131014938,2269.897859705617,298.15
1796.0,88.7734407556605,1.0,197.87722052901006,58.04930352384044,1855.9940807106047,298.15
1797.0,88.76718988748438,1.0,190.52772870152754,73.89412975870113,2560.541001204569,298.15
1798.0,88.76093901930824,1.0,202.91649673476945,77.99825029818692,2877.1756378687373,298.15
1799.0,88.7546881511321,1.0,209.09158959052348,66.48966377778122,2775.986813729904,298.15
1800.0,88.74843728295596,1.0,197.4511347847467,85.06488856369745,2311.040755192581,298.15
1801.0,88.74218641477984,1.0,199.27863978843854,72.93803504784887,2653.006512600987,298.15
1802.0,88.7359355466037,1.0,201.04917247244336,65.59753633145759,2592.707787252184,298.15
1803.0,88.72968467842756,1.0,207.11669302846684,70.65127840482943,3194.785709647928,298.15
1804.0,88.72343381025142,1.0,204.70854686022673,72.91540037858235,3074.8969798340704,298.15
1805.0,88.71718294207528,1.0,201.77470742475128,76.40170546877269,2667.3804092382093,298.15
1806.0,88.71093207389916,1.0,206.64980494325886,61.0496800235499,2661.1674913732786,298.15
1807.0,88.70468120572302,1.0,202.64795902012742,76.35488356234198,2504.8976310230146,298.15
1808.0,88.69843033754688,1.0,207.28270120842743,76.54531655221045,3239.8312776833814,298.15
1809.0,88.69217946937074,1.0,213.08250606762522,68.74304359783824,2777.9364839041064,298.15
1810.0,88.6859286011946,1.0,207.75482898842503,79.77748534097945,3132.867695385438,298.15
1811.0,88.67967773301848,1.0,205.89494665213522,71.48457456463488,3079.422636402629,298.15
1812.0,88.67342686484234,1.0,208.20813133803156,71.6586284400122,3056.674867463196,298.15
1813.0,88.6671759966662,1.0,204.46135131170797,80.15376414891593,2794.71155144392,298.15
1814.0,88.66092512849006,1.0,206.33662601409162,72.08546852736784,2942.9344449456657,298.15
1815.0,88.65467426031393,1.0,212.03063487297052,77.91206110528692,3308.368135029152,298.15
1816.0,88.6484233921378,1.0,209.62933250420056,75.36126405144834,2801.392133274409,298.15
1817.0,88.64217252396166,1.0,214.68831480806585,79.86811053571968,2929.784114160659,298.15
1818.0,88.63592165578552,1.0,219.74720496453511,75.9027454470129,2873.1485503868344,298.15
1819.0,88.62967078760938,1.0,222.60070734440018,71.97312225598382,3161.2667645986917,298.15
1820.0,88.62341991943326,1.0,212.78857281418678,69.37796625315863,3073.178117472968,298.15
1821.0,88.61716905125712,1.0,215.7217016597045,76.67200171897858,2886.223113423398,298.15
1822.0,88.61091818308098,1.0,221.4477141794695,77.86038399288299,3474.7000232224373,298.15
1823.0,88.60466731490484,1.0,223.91053482049415,82.34439780347256,3019.490466436701,298.15
1824.0,88.5984164467287,1.0,211.1605730135994,81.5198089590988,3283.58290389809,298.15
1825.0,88.59216557855258,1.0,214.16990217562523,77.89289443912074,2834.8116535071113,298.15
1826.0,88.58591471037644,1.0,223.3879813317759,75.00728687971396,2668.1383632967136,298.15
1827.0,88.5796638422003,1.0,220.93769168694547,72.209913438432,3030.858752783089,298.15
1828.0,88.57341297402417,1.0,214.90319880369012,75.84572357521823,2566.7023955597933,298.15
1829.0,88.56716210584804,1.0,219.47298272413946,82.1750632983923,3823.8577432096026,298.15
1830.0,88.5609112376719,1.0,228.10849728377096,85.46383104766736,3825.46120005382,298.15
1831.0,88.55466036949576,1.0,230.16242465189734,67.42656870740295,3271.4751506750204,298.15
1832.0,88.54840950131963,1.0,226.93019022807974,75.97362677498207,3643.1726519974804,298.15
1833.0,88.54215863314349,1.0,223.2488688841301,72.60431206376832,2561.6503812387396,298.15
1834.0,88.53590776496736,1.0,216.19662558763443,84.13783315324797,3286.324089356074,298.15
1835.0,88.52965689679122,1.0,231.2268225668632,80.47966334465448,3861.0023212817578,298.15
1836.0,88.52340602861509,1.0,234.05235114884897,78.1443182412251,3531.03154458722,298.15
1837.0,88.51715516043895,1.0,224.65684646680913,70.14631368654844,3249.249432590686,298.15
1838.0,88.51090429226281,1.0,235.7582200240185,79.47320292123945,2954.5497196787837,298.15
1839.0,88.50465342408668,1.0,222.55403701703378,71.37922578393969,3463.3041128295363,298.15
1840.0,88.49840255591054,1.0,233.05358551791397,83.39525766319127,4092.8635397170533,298.15
1841.0,88.4921516877344,1.0,228.0896323392134,78.8413329771068,3089.6241532880126,298.15
1842.0,88.48590081955827,1.0,226.259922452315,82.61924806023318,3557.3082309396796,298.15
1843.0,88.47964995138213,1.0,225.07902329979487,93.65821569400877,2395.2767112637566,298.15
1844.0,88.473399083206,1.0,230.91405364812928,75.51890391847925,3210.730747646792,298.15
1845.0,88.46714821502987,1.0,228.4437275771128,79.41244227192378,2812.186886140003,298.15
1846.0,88.46089734685373,1.0,229.59763058521796,72.41172205138449,3949.0706926191474,298.15
1847.0,88.45464647867759,1.0,234.72406430142775,80.43284836643738,2629.5176211927424,298.15
1848.0,88.44839561050146,1.0,240.86132631432935,73.28137821627128,3208.168535909504,298.15
1849.0,88.44214474232533,1.0,241.38985165745348,73.16229876722666,3557.7006102704254,298.15
1850.0,88.43589387414919,1.0,221.83554764844703,79.58460789597575,2599.4957014306483,298.15
1851.0,88.42964300597305,1.0,241.53932517442416,80.93365657994578,3171.681882793814,298.15
1852.0,88.42339213779692,1.0,227.036898969925,68.09537999788853,3690.4878795155832,298.15
1853.0,88.41714126962079,1.0,239.4698846971635,73.13562127791215,3104.0377536186943,298.15
1854.0,88.41089040144465,1.0,227.48445839594956,70.85378915449876,3157.7248576714073,298.15
1855.0,88.40463953326851,1.0,237.4730216564972,79.86476773671622,3026.800940840789,298.15
1856.0,88.39838866509237,1.0,244.07073519152772,74.87332118325408,2579.762136283492,298.15
1857.0,88.39213779691624,1.0,228.32416935719536,85.02908358323604,2966.5738095737834,298.15
1858.0,88.3858869287401,1.0,239.6739702802911,79.99630468132662,3389.3604838462606,298.15
1859.0,88.37963606056397,1.0,237.0509284255716,84.22172447083015,2246.3121430264746,298.15
1860.0,88.37338519238783,1.0,249.89968882559026,80.71510379251576,2307.311179149184,298.15
1861.0,88.36713432421169,1.0,233.403315297755,89.65460916811853,2161.5769431050308,298.15
1862.0,88.36088345603557,1.0,240.23325785547806,76.25699902634557,2067.2511503603137,298.15
1863.0,88.35463258785943,1.0,247.75687691509486,70.11911492724514,2410.597413053221,298.15
1864.0,88.34838171968329,1.0,232.64755890308777,70.82936129984938,2782.4365341358966,298.15
1865.0,88.34213085150715,1.0,242.97876093259399,82.34874022508173,1578.7309083640353,298.15
1866.0,88.33587998333101,1.0,245.03296369886505,77.0504042928635,2111.9601286308603,298.15
1867.0,88.32962911515489,1.0,246.3481320140118,77.74578056370387,2359.4779214972677,298.15
1868.0,88.32337824697875,1.0,237.92363060324823,81.54318062539659,3122.311232319569,298.15
1869.0,88.31712737880261,1.0,234.544801579183,82.8045898622119,2633.18241063416,298.15
1870.0,88.31087651062647,1.0,239.37087794046613,67.79383367828112,2171.0696483163483,298.15
1871.0,88.30462564245033,1.0,245.1529291541523,67.84232091442605,2413.9265325109177,298.15
1872.0,88.29837477427421,1.0,229.0508386066034,74.55026331389237,2176.8661038663195,298.15
1873.0,88.29212390609807,1.0,236.46979268250624,73.01858390896348,1512.7261727319897,298.15
1874.0,88.28587303792193,1.0,233.52166037000913,72.88834424427081,1696.3531190850456,298.15
1875.0,88.27962216974579,1.0,240.13665091067418,77.15938778334628,1170.9627083130736,298.15
1876.0,88.27337130156967,1.0,246.9232981689787,69.16320753158689,2145.166725111511,298.15
1877.0,88.26712043339353,1.0,242.20545465892923,76.5654832203116,1521.4051229354347,298.15
1878.0,88.26086956521739,1.0,235.1214353696701,75.93390307757433,1636.8611269356566,298.15
1879.0,88.25461869704125,1.0,249.13586211371685,62.129911976503934,1456.9233250128775,298.15
1880.0,88.24836782886513,1.0,249.32829921535205,68.97638660666766,1798.647545878211,298.15
1881.0,88.24211696068899,1.0,241.18369024298545,63.28453275890275,1839.772475264608,298.15
1882.0,88.23586609251285,1.0,236.33847144808843,67.8871557874779,1745.7951654778387,298.15
1883.0,88.22961522433671,1.0,235.67871992060856,75.14750905323328,2255.765471272056,298.15
1884.0,88.22336435616057,1.0,239.52017885925716,66.38484554483034,1547.7124527603971,298.15
1885.0,88.21711348798445,1.0,238.5329747281004,72.64664458981504,2045.0283765954664,298.15
1886.0,88.21086261980831,1.0,231.26342929702292,69.89334622162811,2772.7649426029857,298.15
1887.0,88.20461175163217,1.0,237.63718862780593,64.25432243759103,1981.5517237626254,298.15
1888.0,88.19836088345603,1.0,235.3353204124586,70.18270890134875,1822.123599113186,298.15
1889.0,88.1921100152799,1.0,242.02191104142142,67.2585055501565,1402.1839364173686,298.15
1890.0,88.18585914710377,1.0,238.08048784614667,70.66571152314837,1681.8491024852624,298.15
1891.0,88.17960827892763,1.0,241.37011776167148,62.08562543202126,2266.504853496326,298.15
1892.0,88.17335741075149,1.0,239.19715277471008,68.79734780882721,1807.441630467893,298.15
1893.0,88.16710654257535,1.0,228.5340196200401,70.26436588186536,1852.620075430355,298.15
1894.0,88.16085567439922,1.0,227.1712262467545,80.20722000845711,1568.931530903083,298.15
1895.0,88.15460480622309,1.0,235.25821806645396,62.720862327921445,2092.6131056232157,298.15
1896.0,88.14835393804695,1.0,226.92435959541768,66.19738841484534,1189.3464724732548,298.15
1897.0,88.14210306987081,1.0,239.64385310146034,81.09524151569815,1802.4070411543744,298.15
1898.0,88.13585220169468,1.0,234.20699484002776,68.94280834746314,1368.1407262879245,298.15
1899.0,88.12960133351854,1.0,239.8181826142016,59.26016420305341,1967.070225633954,298.15
1900.0,88.12335046534241,1.0,242.87491666986517,54.144381022549766,1180.0659596818573,298.15
1901.0,88.11709959716627,1.0,226.24529327116764,68.06044241815856,2292.794076313097,298.15
1902.0,88.11084872899013,1.0,233.8387607816407,62.80338772654611,1726.3401031606554,298.15
1903.0,88.104597860814,1.0,240.33832261256677,61.83590734403392,1702.5090122090135,298.15
1904.0,88.09834699263787,1.0,233.40483667045487,68.25203331894438,1491.621753974619,298.15
1905.0,88.09209612446173,1.0,233.30886532975174,60.6924727744191,1895.3109720493974,298.15
1906.0,88.0858452562856,1.0,226.3310078262118,64.87760069442596,1748.3036173963915,298.15
1907.0,88.07959438810946,1.0,229.54564449444425,69.97722121812004,2171.756706558973,298.15
1908.0,88.07334351993333,1.0,233.4985460116981,65.36312814336509,2461.51889225258,298.15
1909.0,88.06709265175719,1.0,235.9544993549725,71.22644939441557,2368.1182436085487,298.15
1910.0,88.06084178358105,1.0,224.59948627772235,58.16467786171594,1183.733992957922,298.15
1911.0,88.05459091540492,1.0,232.3574282704271,60.80815630840993,2325.148922383612,298.15
1912.0,88.04834004722878,1.0,228.44395426574755,65.59193603546439,2318.644047951873,298.15
1913.0,88.04208917905265,1.0,230.19413357377007,59.27983566414795,1560.575203227907,298.15
1914.0,88.03583831087651,1.0,222.42914762426554,64.88225006357828,2549.039364921557,298.15
1915.0,88.02958744270038,1.0,228.97250834640144,64.53796718209117,2706.3444586682785,298.15
1916.0,88.02333657452424,1.0,231.0833177023537,69.77412101324956,1776.2508660614874,298.15
1917.0,88.0170857063481,1.0,227.66716245804488,68.67288547465607,1827.6292038531672,298.15
1918.0,88.01083483817197,1.0,217.40902141159737,67.24910037410233,2698.1837571432366,298.15
1919.0,88.00458396999583,1.0,231.85506777809456,56.93995094747986,2753.0445719165314,298.15
1920.0,87.9983331018197,1.0,220.02437130063774,69.12673927618052,2642.4850585399668,298.15
1921.0,87.99208223364356,1.0,221.12434263412408,58.27217778249668,2953.791620343219,298.15
1922.0,87.98583136546742,1.0,223.51086095178502,63.293915056599396,2240.9966836963345,298.15
1923.0,87.9795804972913,1.0,223.21294568196097,75.73820735151492,2032.2925355834966,298.15
1924.0,87.97332962911516,1.0,229.5147532888738,66.30974763626749,2828.6923681662975,298.15
1925.0,87.96707876093902,1.0,207.27788415820652,61.69893284664113,3336.922505043726,298.15
1926.0,87.96082789276288,1.0,222.5138590937676,50.0,2402.27317130318,298.15
1927.0,87.95457702458674,1.0,223.12784224263092,70.79746871082651,2133.8106071457278,298.15
1928.0,87.94832615641062,1.0,218.57380085399708,67.81944520353208,2842.6922078016537,298.15
1929.0,87.94207528823448,1.0,215.34792807685554,57.32678557257555,3228.455743607527,298.15
1930.0,87.93582442005834,1.0,208.75810383138761,61.291014965080095,2982.7839104628893,298.15
1931.0,87.9295735518822,1.0,217.13180160958134,57.03759123646144,3289.9674819353068,298.15
1932.0,87.92332268370608,1.0,227.32485520598752,60.80885215119839,3153.3050960755254,298.15
1933.0,87.91707181552994,1.0,222.6917434822362,63.33799675304212,3021.145264922255,298.15
1934.0,87.9108209473538,1.0,213.74381964303308,65.4572519135298,2993.603754909192,298.15
1935.0,87.90457007917766,1.0,206.739298175642,57.93301560948811,2763.9549153230505,298.15
1936.0,87.89831921100154,1.0,216.91928929624805,66.75730759374058,3210.518272973404,298.15
1937.0,87.8920683428254,1.0,213.49205495054366,52.8393118670998,2949.2520124990942,298.15
1938.0,87.88581747464926,1.0,197.76297630011337,58.750023376235106,2485.730575019658,298.15
1939.0,87.87956660647312,1.0,200.5238259708038,57.992056354939976,3641.508083269467,298.15
1940.0,87.87331573829698,1.0,222.45355669696482,53.90175969615291,2804.0652108732297,298.15
1941.0,87.86706487012086,1.0,200.55901813494089,62.88802473688227,3098.1421020866046,298.15
1942.0,87.86081400194472,1.0,205.74525013492135,56.50258368223185,3558.297872033076,298.15
1943.0,87.85456313376858,1.0,210.7293918200239,58.63953944129841,2958.65743753339,298.15
1944.0,87.84831226559244,1.0,204.61895488600433,57.035578596082686,3396.7667051454646,298.15
1945.0,87.8420613974163,1.0,200.94971666225348,59.97647993916238,3401.279558321259,298.15
1946.0,87.83581052924018,1.0,209.44083337219683,57.6166377571561,2726.8388181261275,298.15
1947.0,87.82955966106404,1.0,205.7466355920182,54.321087561712396,2499.6493781161757,298.15
1948.0,87.8233087928879,1.0,204.42048012974195,68.64335822186794,2937.4467817629566,298.15
1949.0,87.81705792471176,1.0,194.8148464901914,68.79920151573195,3557.611927212892,298.15
1950.0,87.81080705653562,1.0,200.00962955160205,64.82216673534526,3514.9826060752084,298.15
1951.0,87.8045561883595,1.0,206.4226088583471,72.49550351391129,2588.4341453128945,298.15
1952.0,87.79830532018336,1.0,198.55038896070604,68.53491766699722,3897.250642752873,298.15
1953.0,87.79205445200722,1.0,196.99180412458364,66.55907230762915,4208.894748787812,298.15
1954.0,87.78580358383108,1.0,194.96256814397947,57.16205732878749,3558.7631547156006,298.15
1955.0,87.77955271565494,1.0,200.4895082347502,55.66703058444156,3508.6450057006477,298.15
1956.0,87.77330184747882,1.0,193.71235823980646,63.17547374344425,2469.7889823363225,298.15
1957.0,87.76705097930268,1.0,194.71056538141002,63.574401616656246,3589.876712125923,298.15
1958.0,87.76080011112654,1.0,184.74790006237254,52.643780887834936,3480.2987820100384,298.15
1959.0,87.7545492429504,1.0,194.15652732945537,59.1165063231361,3373.2369990439743,298.15
1960.0,87.74829837477428,1.0,184.4642949956555,67.05042560371754,3064.819281617614,298.15
1961.0,87.74204750659814,1.0,193.73382815016905,56.13712643219842,3221.0747833841338,298.15
1962.0,87.735796638422,1.0,185.27666659085975,68.46570272524423,3099.8392451711425,298.15
1963.0,87.72954577024586,1.0,185.10430727681347,62.29131228738776,3449.571477489595,298.15
1964.0,87.72329490206974,1.0,185.29647276712717,64.8292854408025,3466.6499198340557,298.15
1965.0,87.7170440338936,1.0,188.09831804419474,61.30157969859028,3017.6194855685876,298.15
1966.0,87.71079316571746,1.0,189.69801099875448,68.81539571967902,3169.9080061742784,298.15
1967.0,87.70454229754132,1.0,195.50261409229796,70.68742875655174,3129.4501295807286,298.15
1968.0,87.69829142936518,1.0,190.05397845509984,65.52424441507758,2967.308127163512,298.15
1969.0,87.69204056118906,1.0,185.17237201724262,69.51950800140054,2695.596171972197,298.15
1970.0,87.68578969301292,1.0,188.31107161035573,64.61662222384196,3056.118390934718,298.15
1971.0,87.67953882483678,1.0,180.0,78.6680574289698,3071.4755239642786,298.15
1972.0,87.67328795666064,1.0,183.0510920579811,63.89092822974828,2813.0955287574616,298.15
1973.0,87.6670370884845,1.0,193.42036119051767,68.53263104324532,2895.548868206924,298.15
1974.0,87.66078622030838,1.0,180.0,73.05133708310821,2606.569072023344,298.15
1975.0,87.65453535213224,1.0,184.9801758102634,73.14674069032358,2662.116849013202,298.15
1976.0,87.6482844839561,1.0,180.72771717071814,59.17080588162866,2657.941324137593,298.15
1977.0,87.64203361577997,1.0,180.0,68.14501494169068,2212.3699781760333,298.15
1978.0,87.63578274760383,1.0,180.0,70.39226278853833,2379.687926626929,298.15
1979.0,87.6295318794277,1.0,183.72349265213293,64.24439776570415,3153.328237815457,298.15
1980.0,87.62328101125156,1.0,187.73338622668828,66.66615377965758,2882.0325843802634,298.15
1981.0,87.61703014307543,1.0,181.2607004892654,78.25353417608224,2479.3301408469406,298.15
1982.0,87.61077927489929,1.0,180.0,65.4627956526684,2413.180267698362,298.15
1983.0,87.60452840672315,1.0,180.0,62.96036545173283,1992.3824552520543,298.15
1984.0,87.59827753854702,1.0,180.0,83.14514990709691,1944.8856801692696,298.15
1985.0,87.59202667037088,1.0,180.0,74.9850078976961,1150.7554501993743,298.15
1986.0,87.58577580219475,1.0,180.0,67.96357200958556,1803.2372810890665,298.15
1987.0,87.57952493401861,1.0,180.0,80.33740427354063,2600.5056228122503,298.15
1988.0,87.57327406584248,1.0,180.0,71.9285745158445,1434.7046009486362,298.15
1989.0,87.56702319766634,1.0,180.0,74.22454965568926,1926.585932504278,298.15
1990.0,87.5607723294902,1.0,180.0,69.50876152862806,2052.0089977494813,298.15
1991.0,87.55452146131407,1.0,180.0,88.64321749510164,2172.5505623321715,298.15
1992.0,87.54827059313794,1.0,180.0,82.6666980459451,1753.0022529958244,298.15
1993.0,87.5420197249618,1.0,180.0,69.42557584611991,1781.677598107305,298.15
1994.0,87.53576885678567,1.0,180.0,73.71212396716288,1380.8180806794812,298.15
1995.0,87.52951798860953,1.0,180.0,75.42350868568244,1701.4791453380456,298.15
1996.0,87.52326712043339,1.0,180.0,69.07817040742296,1411.59829674015,298.15
1997.0,87.51701625225726,1.0,180.0,71.8348397461086,1811.071642650591,298.15
1998.0,87.51076538408113,1.0,180.0,74.34332399702944,1876.2029720331225,298.15
1999.0,87.50451451590499,1.0,180.0,78.65315690614041,1916.6618075585613,298.15
2000.0,87.49826364772885,1.0,180.0,69.77043968886687,2294.218361955927,298.15
2001.0,87.49201277955271,1.0,180.0,70.41619872628394,2250.5720209414335,298.15
2002.0,87.48576191137658,1.0,180.0,72.0528917865214,2096.852816776932,298.15
2003.0,87.47951104320045,1.0,180.0,82.22729373198207,1499.4517791265996,298.15
2004.0,87.47326017502431,1.0,180.0,70.7903516704674,1422.5546524146148,298.15
2005.0,87.46700930684817,1.0,180.0,82.67454607379652,1455.4807982393813,298.15
2006.0,87.46075843867203,1.0,180.0,62.118591712228415,2704.48666163212,298.15
2007.0,87.4545075704959,1.0,180.0,77.1139182324846,1771.3654627868548,298.15
2008.0,87.44825670231977,1.0,180.0,64.19365696425285,2049.8130275317476,298.15
2009.0,87.44200583414363,1.0,180.0,77.29514794092469,1879.3911024079669,298.15
2010.0,87.43575496596749,1.0,180.0,81.44421796831463,1572.9853179558181,298.15
2011.0,87.42950409779135,1.0,180.0,77.51553792273833,2105.4884443217143,298.15
2012.0,87.42325322961523,1.0,180.0,80.43984519215482,1314.3256269842518,298.15
2013.0,87.41700236143909,1.0,180.0,75.97077211575787,1404.4491874590876,298.15
2014.0,87.41075149326295,1.0,180.0,81.85847468035848,1399.4104694939224,298.15
2015.0,87.40450062508681,1.0,180.0,82.10252165933478,2091.723430366688,298.15
2016.0,87.39824975691069,1.0,180.0,75.86985345958767,2186.950031268899,298.15
2017.0,87.39199888873455,1.0,180.0,84.61656305853393,1680.9043589072514,298.15
2018.0,87.38574802055841,1.0,180.0,80.2734082552007,1372.113076188566,298.15
2019.0,87.37949715238227,1.0,180.0,79.87053952521931,1091.5269634692852,298.15
2020.0,87.37324628420615,1.0,180.0,81.85737997500114,1453.488884597618,298.15
2021.0,87.36699541603001,1.0,180.0,82.6180353643811,1465.6007674395491,298.15
2022.0,87.36074454785387,1.0,180.0,80.5817706087166,1776.736627624998,298.15
2023.0,87.35449367967773,1.0,180.0,83.77328696617889,2229.699376685534,298.15
2024.0,87.34824281150159,1.0,180.0,88.1695139850204,1829.571703372465,298.15
2025.0,87.34199194332547,1.0,180.0,78.14925556184377,1460.8982192489214,298.15
2026.0,87.33574107514933,1.0,180.0,74.29964493828733,1492.80121474532,298.15
2027.0,87.32949020697319,1.0,180.0,86.91030125755526,2136.6335402999002,298.15
2028.0,87.32323933879705,1.0,180.0,77.39794432352458,2149.8905276853457,298.15
2029.0,87.31698847062091,1.0,180.0,85.10638163657147,2388.460538562781,298.15
2030.0,87.31073760244479,1.0,180.0,88.43092899462897,1962.4733080882288,298.15
2031.0,87.30448673426865,1.0,180.0,84.98810329181855,1993.9415949799757,298.15
2032.0,87.29823586609251,1.0,180.0,79.29093409664372,2556.7946399490966,298.15
2033.0,87.29198499791637,1.0,180.0,76.24672183046441,2927.054928762628,298.15
2034.0,87.28573412974023,1.0,180.0,87.54982490237282,2619.8339036800708,298.15
2035.0,87.27948326156411,1.0,180.0,83.97046193664524,2320.021730698452,298.15
2036.0,87.27323239338797,1.0,180.0,76.54606400770278,1737.0336515506133,298.15
2037.0,87.26698152521183,1.0,180.0,89.8430876606979,2530.74763144305,298.15
2038.0,87.2607306570357,1.0,180.0,70.34030098333042,2496.0204036288915,298.15
2039.0,87.25447978885957,1.0,180.0,75.96983358720495,2042.085679935193,298.15
2040.0,87.24822892068343,1.0,180.0,83.11521829243941,2340.3759997743477,298.15
2041.0,87.24197805250729,1.0,180.0,75.63255030083215,2891.5437200312563,298.15
2042.0,87.23572718433115,1.0,180.0,74.88865872876232,2198.176057173576,298.15
2043.0,87.22947631615502,1.0,180.0,81.99986216934417,2726.9149108017577,298.15
2044.0,87.22322544797889,1.0,180.0,72.4771195306628,2071.03929804975,298.15
2045.0,87.21697457980275,1.0,180.0,79.49250017829263,2520.459713348987,298.15
2046.0,87.21072371162661,1.0,180.0,71.65786086406192,2882.608424105793,298.15
2047.0,87.20447284345047,1.0,180.0,75.53064550697943,3255.300798184353,298.15
2048.0,87.19822197527435,1.0,180.0,77.90819489743478,2122.0384618318963,298.15
2049.0,87.19197110709821,1.0,180.0,79.54352538792648,2464.872899542094,298.15
2050.0,87.18572023892207,1.0,180.0,69.65945125080235,2470.527267875249,298.15
2051.0,87.17946937074593,1.0,180.0,71.04001003332061,2575.9748864547073,298.15
2052.0,87.1732185025698,1.0,180.0,76.295948800879,2625.916012638241,298.15
2053.0,87.16696763439367,1.0,180.0,73.68822725473908,2939.0257973145053,298.15
2054.0,87.16071676621753,1.0,180.0,84.22910710819296,2824.3702851274397,298.15
2055.0,87.1544658980414,1.0,180.0,80.64783553660786,3024.2769062602792,298.15
2056.0,87.14821502986526,1.0,180.0,76.54516212415781,2809.309717683875,298.15
2057.0,87.14196416168912,1.0,180.0,72.011999912374,3791.2788644493385,298.15
2058.0,87.13571329351299,1.0,180.0,77.04645034456343,3563.400543312739,298.15
2059.0,87.12946242533685,1.0,180.0,79.04859934523243,3170.3949639737334,298.15
2060.0,87.12321155716072,1.0,180.0,74.9247174117185,2904.2748456737363,298.15
2061.0,87.11696068898458,1.0,180.0,72.78939324377129,2983.6140627621926,298.15
2062.0,87.11070982080844,1.0,180.0,78.90701690295771,3132.451348395006,298.15
2063.0,87.10445895263231,1.0,180.0,70.02977590225679,3408.865792555747,298.15
2064.0,87.09820808445618,1.0,180.0,69.62217340807007,3028.5759233200542,298.15
2065.0,87.09195721628004,1.0,180.0,74.62501538618312,3273.9743679041276,298.15
2066.0,87.0857063481039,1.0,180.0,72.73332621154951,3484.7375690617123,298.15
2067.0,87.07945547992777,1.0,180.0,73.80526989239841,3750.199160013752,298.15
2068.0,87.07320461175163,1.0,180.0,63.914344523023196,3314.5724616862003,298.15
2069.0,87.0669537435755,1.0,180.0,68.38618356609057,3727.2762201868795,298.15
2070.0,87.06070287539936,1.0,180.19812341089042,72.28650955377373,3203.4311173152064,298.15
2071.0,87.05445200722322,1.0,180.0,72.662216809255,2746.707733741797,298.15
2072.0,87.0482011390471,1.0,181.2544090037463,75.81221628262564,3091.927668377396,298.15
2073.0,87.04195027087096,1.0,180.0,71.07449032306953,3176.0328386433157,298.15
2074.0,87.03569940269482,1.0,180.0,72.24997895583084,3619.3992272542337,298.15
2075.0,87.02944853451868,1.0,180.0,60.9265746492841,3121.791011519171,298.15
2076.0,87.02319766634255,1.0,184.16004985314999,62.968403730799245,3088.4074943201804,298.15
2077.0,87.01694679816642,1.0,180.0,72.47677693867212,3081.870570836729,298.15
2078.0,87.01069592999028,1.0,180.1262112284417,71.00587362215674,3827.241562629541,298.15
2079.0,87.00444506181414,1.0,180.0,58.51452101263311,3360.8188655928648,298.15
2080.0,86.998194193638,1.0,188.4978786618688,62.84712282024172,3243.7860925581076,298.15
2081.0,86.99194332546188,1.0,188.58430992928285,73.26208960970511,2865.1123879983998,298.15
2082.0,86.98569245728574,1.0,185.57024719252522,69.71789301240179,3082.4510118278504,298.15
2083.0,86.9794415891096,1.0,187.79099382063615,64.29292119921334,2324.744705797272,298.15
2084.0,86.97319072093346,1.0,187.66816170293765,67.64587424127635,3366.9568624656513,298.15
2085.0,86.96693985275732,1.0,180.90845847463234,65.52809427974252,2745.3305131255806,298.15
2086.0,86.9606889845812,1.0,186.1759207498819,61.803479822313044,2255.644761694257,298.15
2087.0,86.95443811640506,1.0,193.6541223858656,60.89762166069913,2813.256227781371,298.15
2088.0,86.94818724822892,1.0,185.35728525959112,73.59292395892935,3631.2349910501007,298.15
2089.0,86.94193638005278,1.0,189.36147148617817,60.59254137018385,3145.3756593925177,298.15
2090.0,86.93568551187664,1.0,194.95975969034873,64.73347422107487,2971.6190439710454,298.15
2091.0,86.92943464370052,1.0,183.04404774032315,53.2373289001835,2779.034018141544,298.15
2092.0,86.92318377552438,1.0,199.66017451671448,76.87591720313455,2211.7466738669177,298.15
2093.0,86.91693290734824,1.0,201.7336187449002,73.98885693246916,2888.094411867712,298.15
2094.0,86.9106820391721,1.0,194.22745276441438,57.874777683542874,2485.969506763176,298.15
2095.0,86.90443117099598,1.0,195.23082360801658,68.60878465311383,2773.7529672725937,298.15
2096.0,86.89818030281984,1.0,191.3921563452351,68.9007452344249,3480.5143743177987,298.15
2097.0,86.8919294346437,1.0,201.2416623864066,59.005738133135345,2466.4808607159616,298.15
2098.0,86.88567856646756,1.0,195.89601642230562,65.68706595810129,1841.8854814193196,298.15
2099.0,86.87942769829144,1.0,197.47118396305385,54.480672237436735,2466.943053012709,298.15
2100.0,86.8731768301153,1.0,202.48215072106484,61.9098116670033,2215.0785297743405,298.15
2101.0,86.86692596193916,1.0,195.89284948860342,64.43259002557275,2124.406659580496,298.15
2102.0,86.86067509376302,1.0,193.67492383363137,62.54469765740588,2727.456996698967,298.15
2103.0,86.85442422558688,1.0,205.77056997302023,62.05571691670791,2494.3616529007186,298.15
2104.0,86.84817335741076,1.0,204.9289801687812,58.402449252047745,2621.5608054971754,298.15
2105.0,86.84192248923462,1.0,193.26945872743363,61.95673819992002,1620.0741259272752,298.15
2106.0,86.83567162105848,1.0,192.86107852451548,64.13802149141185,2241.0036161705693,298.15
2107.0,86.82942075288234,1.0,201.02143620630378,52.872603104863074,2616.5357678096357,298.15
2108.0,86.8231698847062,1.0,217.6723201122313,60.36650222500083,1890.84992139754,298.15
2109.0,86.81691901653008,1.0,198.8291028800842,65.25277974924951,1580.22818566132,298.15
2110.0,86.81066814835394,1.0,210.01954135276952,73.67233533362307,1333.2128374636832,298.15
2111.0,86.8044172801778,1.0,208.18127464284265,73.36183982821609,1420.5670795111866,298.15
2112.0,86.79816641200166,1.0,200.09734512982854,57.158940203476185,2118.7020185958895,298.15
2113.0,86.79191554382552,1.0,198.3569362617564,62.65507110962318,1657.2245977857588,298.15
2114.0,86.7856646756494,1.0,206.57345044204246,62.18215062881303,2112.3579390312666,298.15
2115.0,86.77941380747326,1.0,212.3972258097348,50.0,1949.8954131212067,298.15
2116.0,86.77316293929712,1.0,227.5702337378498,55.9880244459152,1821.2871026546215,298.15
2117.0,86.76691207112098,1.0,227.96516921330513,52.0901514976503,1966.5364803857199,298.15
2118.0,86.76066120294485,1.0,217.1957737695208,58.571755384673644,1853.4370077866056,298.15
2119.0,86.75441033476872,1.0,217.68761760940072,60.60242956944751,2487.313193406164,298.15
2120.0,86.74815946659258,1.0,216.57421794780652,58.254551424984555,2296.0156045568883,298.15
2121.0,86.74190859841644,1.0,211.54661693331533,59.80808839930801,1398.8515123312595,298.15
2122.0,86.7356577302403,1.0,213.42860281573704,57.22224508127297,2054.9683731445525,298.15
2123.0,86.72940686206418,1.0,211.57011016621246,61.39595246405485,1694.5578830779455,298.15
2124.0,86.72315599388804,1.0,213.9036967429313,60.097327336715644,2110.4716459621586,298.15
2125.0,86.7169051257119,1.0,222.11289833708787,54.604676875327876,1624.7324614260126,298.15
2126.0,86.71065425753577,1.0,215.72229212541959,74.60075465546763,1641.6054150159814,298.15
2127.0,86.70440338935964,1.0,216.0064041587779,62.69472876973916,1314.768812716337,298.15
2128.0,86.6981525211835,1.0,220.1058958806363,66.13552093106348,1722.7000657459535,298.15
2129.0,86.69190165300736,1.0,215.71654167129606,56.650996913124445,1815.568716899865,298.15
2130.0,86.68565078483122,1.0,218.6020517426719,58.94818330544367,1411.6659403431688,298.15
2131.0,86.67939991665509,1.0,218.4133672495742,59.909744842567314,1261.8837842556336,298.15
2132.0,86.67314904847896,1.0,220.769624963635,68.33120559169818,1733.678052833941,298.15
2133.0,86.66689818030282,1.0,241.05823012781087,58.01887768578948,1885.9892157238498,298.15
2134.0,86.66064731212668,1.0,226.335673351429,58.915981572599435,2133.9344067332286,298.15
2135.0,86.65439644395055,1.0,231.88174418095943,54.57210720713669,1458.829114442558,298.15
2136.0,86.64814557577441,1.0,226.90448489515148,68.64993238691274,1846.3316413915911,298.15
2137.0,86.64189470759828,1.0,219.0991316855256,53.786962915214026,2302.2205472017968,298.15
2138.0,86.63564383942214,1.0,232.5333068659205,50.86039430321051,2049.7638457579346,298.15
2139.0,86.629392971246,1.0,227.06086701998788,65.49213107350471,2033.6159794322812,298.15
2140.0,86.62314210306987,1.0,227.33141268755222,58.94178697398819,2418.2950947674535,298.15
2141.0,86.61689123489373,1.0,230.8093871149041,67.02816055638648,1707.8567714360793,298.15
2142.0,86.6106403667176,1.0,232.13051150585844,64.6307159701891,1836.6053020201844,298.15
2143.0,86.60438949854147,1.0,239.6649168512518,58.002563614314894,1275.0395079537611,298.15
2144.0,86.59813863036533,1.0,230.95035931355406,61.25007153442827,1914.1196596119278,298.15
2145.0,86.59188776218919,1.0,224.80775807516147,60.320515744565995,1383.7521883668187,298.15
2146.0,86.58563689401305,1.0,232.6592632393705,61.120306176445986,1951.1742280023595,298.15
2147.0,86.57938602583693,1.0,240.0064237159947,56.79298251394654,1659.9693758692738,298.15
2148.0,86.57313515766079,1.0,235.03827768726606,64.12536395041369,1927.0750472365353,298.15
2149.0,86.56688428948465,1.0,233.90883133089525,70.24661558286432,1788.4559854049553,298.15
2150.0,86.56063342130851,1.0,225.4871104428904,79.4416822561481,2222.686749417751,298.15
2151.0,86.55438255313238,1.0,240.7817259755335,64.83916141073067,2467.2911897422496,298.15
2152.0,86.54813168495625,1.0,245.4356196333766,67.42540188478,1760.9763161299359,298.15
2153.0,86.54188081678011,1.0,237.49599314969225,65.04854301710485,2009.1904065317692,298.15
2154.0,86.53562994860397,1.0,238.09692050230822,64.37715593038006,2862.088924801803,298.15
2155.0,86.52937908042784,1.0,238.80429950614212,64.40897856062593,2135.8383425227958,298.15
2156.0,86.5231282122517,1.0,238.00013358688474,68.99157868219912,2660.6632177212164,298.15
2157.0,86.51687734407557,1.0,230.25956515841096,75.6388258455821,2223.2444610897446,298.15
2158.0,86.51062647589943,1.0,232.04523137690413,70.15260787383056,1927.2809878532473,298.15
2159.0,86.50437560772329,1.0,238.20901700031175,68.67969098863708,1872.7805083645244,298.15
2160.0,86.49812473954717,1.0,228.93085143819846,72.46461493044573,2450.623667525082,298.15
2161.0,86.49187387137103,1.0,244.0421162862941,68.53864877686304,2975.874097228505,298.15
2162.0,86.48562300319489,1.0,230.86774722079156,70.13668492775528,2425.2742467384455,298.15
2163.0,86.47937213501875,1.0,247.4643096057432,76.73419227767067,2346.0939736852933,298.15
2164.0,86.47312126684261,1.0,241.05522501157992,78.00029455377098,2192.0949483591335,298.15
2165.0,86.46687039866649,1.0,232.52998188300904,68.45791980416108,3175.7990780849536,298.15
2166.0,86.46061953049035,1.0,229.1599859895345,76.62469791727082,2060.3211440052896,298.15
2167.0,86.45436866231421,1.0,245.59744937289437,70.32787151012545,2997.5183397589317,298.15
2168.0,86.44811779413807,1.0,238.24292599425144,64.48887479744596,2917.4136790785815,298.15
2169.0,86.44186692596193,1.0,233.26590632651045,78.53750145802492,2988.027023761272,298.15
2170.0,86.43561605778581,1.0,254.58018023610308,71.37909663378046,3109.1356585724025,298.15
2171.0,86.42936518960967,1.0,243.26349018969717,77.5512836241577,2506.3269643960116,298.15
2172.0,86.42311432143353,1.0,240.96532489892317,64.80512355907759,2881.598284833608,298.15
2173.0,86.41686345325739,1.0,233.8982891762482,74.02538498421775,2736.1949688464206,298.15
2174.0,86.41061258508125,1.0,244.32385189697666,70.3422520817899,3255.4674414330125,298.15
2175.0,86.40436171690513,1.0,240.1600524875017,82.89739755338562,3096.006009002995,298.15
2176.0,86.39811084872899,1.0,238.0694597488438,73.66719299292987,2838.32581304392,298.15
2177.0,86.39185998055285,1.0,245.2184974424004,80.25642593894761,3594.13693242558,298.15
2178.0,86.38560911237671,1.0,236.23085021307827,77.83875642624513,3163.638125987637,298.15
2179.0,86.37935824420059,1.0,237.33129301666673,73.17536558936341,3648.6884782098346,298.15
2180.0,86.37310737602445,1.0,245.32890100039234,81.74914069795729,3170.399617931922,298.15
2181.0,86.36685650784831,1.0,242.59938312150186,76.14717021071866,3469.5184854930376,298.15
2182.0,86.36060563967217,1.0,236.48607009053077,79.73663768041392,2946.4428963373393,298.15
2183.0,86.35435477149605,1.0,252.38714436511975,78.70931487157294,2529.298079635658,298.15
2184.0,86.34810390331991,1.0,244.43679884332704,79.71643667529862,3347.9796139190234,298.15
2185.0,86.34185303514377,1.0,233.30384514788804,80.1307450162453,3182.897874976691,298.15
2186.0,86.33560216696763,1.0,235.24261134925808,81.73798378625676,3036.672624511761,298.15
2187.0,86.3293512987915,1.0,235.74651988289622,80.89297903159064,3380.4001576506143,298.15
2188.0,86.32310043061537,1.0,240.74463107368877,78.86991880516295,3811.6489078720597,298.15
2189.0,86.31684956243923,1.0,244.28397733401167,81.47136772588412,3168.2948527162616,298.15
2190.0,86.31059869426309,1.0,246.4641164657692,79.55445826193711,2790.208878037132,298.15
2191.0,86.30434782608695,1.0,227.003888854048,81.02093595233757,3413.842040795243,298.15
2192.0,86.29809695791081,1.0,238.36825880300907,60.21321530066041,2805.485027829215,298.15
2193.0,86.29184608973469,1.0,236.65777090271183,71.28441362013339,3290.1342252822983,298.15
2194.0,86.28559522155855,1.0,241.77660543020122,83.72537264024731,3061.212542061791,298.15
2195.0,86.27934435338241,1.0,241.45715220516945,79.9630861274167,3359.199934656563,298.15
2196.0,86.27309348520627,1.0,241.96648263496243,70.18852074210233,3449.965368017219,298.15
2197.0,86.26684261703014,1.0,234.76143243023188,79.51274567052909,3375.0323223107107,298.15
2198.0,86.26059174885401,1.0,244.51098898020788,80.69952417108007,3172.7720422297984,298.15
2199.0,86.25434088067787,1.0,230.56246397763329,86.51687939603882,2702.770304096301,298.15
2200.0,86.24809001250173,1.0,244.2059378126925,80.19083498977582,3229.802472850425,298.15
2201.0,86.2418391443256,1.0,240.67409543112456,87.17839879780153,3218.5822966752075,298.15
2202.0,86.23558827614946,1.0,227.5305735566626,83.05700855544636,2942.5194656895433,298.15
2203.0,86.22933740797333,1.0,222.67770948406778,78.02547838115888,3133.4489564352366,298.15
2204.0,86.2230865397972,1.0,231.17128235081995,74.83117698248796,3006.409322598364,298.15
2205.0,86.21683567162106,1.0,222.3384110700207,79.68300743143297,2646.252039383477,298.15
2206.0,86.21058480344492,1.0,225.76680527614766,82.8608682101563,3209.9401861335514,298.15
2207.0,86.20433393526879,1.0,228.80375055648244,86.47647052667685,2494.2076859438666,298.15
2208.0,86.19808306709265,1.0,220.99277873160315,81.0007226724878,2998.747163015538,298.15
2209.0,86.19183219891652,1.0,217.09962940730347,79.8562721195796,2994.4802910305866,298.15
2210.0,86.18558133074038,1.0,230.59264761101863,69.48141019550644,2754.0209381091054,298.15
2211.0,86.17933046256425,1.0,238.653388244849,84.66895074440983,2893.5265948125434,298.15
2212.0,86.17307959438811,1.0,234.59876274380647,85.58803691343721,2942.926525403705,298.15
2213.0,86.16682872621197,1.0,210.0812837817568,77.76528780040594,3220.5505235251085,298.15
2214.0,86.16057785803584,1.0,224.01220089331318,83.57197680898915,3025.5406127834685,298.15
2215.0,86.1543269898597,1.0,226.42876984014646,77.649963020623,2352.432116119674,298.15
2216.0,86.14807612168357,1.0,233.06305004374389,78.36043389271084,2990.7751257884547,298.15
2217.0,86.14182525350743,1.0,226.086360284212,79.48359873269568,3140.738811400842,298.15
2218.0,86.1355743853313,1.0,225.0799871391997,74.13359433270975,2546.7958291175596,298.15
2219.0,86.12932351715516,1.0,225.6754001534731,89.1495271366466,3396.953146318187,298.15
2220.0,86.12307264897902,1.0,209.56062944471145,73.43575216140952,2325.26092718723,298.15
2221.0,86.1168217808029,1.0,217.63582441866455,72.68373557567432,2444.6625228393373,298.15
2222.0,86.11057091262676,1.0,224.67441294844963,82.6251884763546,2471.1901769382903,298.15
2223.0,86.10432004445062,1.0,222.68300706144714,79.27260208381358,2596.87110721293,298.15
2224.0,86.09806917627448,1.0,209.82498328515618,76.7747721168705,2684.031297742397,298.15
2225.0,86.09181830809834,1.0,217.01010650765468,75.16503808594105,3019.968499483611,298.15
2226.0,86.08556743992222,1.0,221.84149973453978,76.46121668229755,2647.0660991034183,298.15
2227.0,86.07931657174608,1.0,215.22113796972243,72.50879974136812,2083.4818753712457,298.15
2228.0,86.07306570356994,1.0,217.42458682999316,88.03287348388248,2274.51412471588,298.15
2229.0,86.0668148353938,1.0,205.50501113674906,71.14662149928171,2271.695089778321,298.15
2230.0,86.06056396721766,1.0,219.11973844699227,70.15978855614172,2587.5084305760406,298.15
2231.0,86.05431309904154,1.0,217.712841995103,77.96968063353557,2603.268207908253,298.15
2232.0,86.0480622308654,1.0,211.12670194967828,87.00777276741952,1873.8689811579661,298.15
2233.0,86.04181136268926,1.0,213.55299691544909,84.61615869927037,1971.9134193047114,298.15
2234.0,86.03556049451312,1.0,207.8770390676824,80.55172640498166,1469.7955553934082,298.15
2235.0,86.029309626337,1.0,204.7249478253458,74.73531685509886,2174.475182387865,298.15
2236.0,86.02305875816086,1.0,212.57523483026176,75.70203873492225,1653.7865183341785,298.15
2237.0,86.01680788998472,1.0,204.56128196465008,62.33445692993799,1539.678058140928,298.15
2238.0,86.01055702180858,1.0,211.2672651503803,85.90240473231559,1450.3020126754852,298.15
2239.0,86.00430615363246,1.0,224.36935938477774,78.12894889402409,1627.8205467416512,298.15
2240.0,85.99805528545632,1.0,207.990760373507,85.12806506421984,1815.0491420913997,298.15
2241.0,85.99180441728018,1.0,209.09619293705052,74.10122697534923,1814.9292905030586,298.15
2242.0,85.98555354910404,1.0,206.55550590130377,75.92568840391112,1567.751850809939,298.15
2243.0,85.9793026809279,1.0,193.9157361324968,78.10197248775228,1709.1380296162552,298.15
2244.0,85.97305181275178,1.0,201.08317526132052,60.81565108862645,1586.3211592076348,298.15
2245.0,85.96680094457564,1.0,189.26685664175582,70.11898659492428,2110.708314840738,298.15
2246.0,85.9605500763995,1.0,207.1783173430682,73.40361308626828,2206.4010771615453,298.15
2247.0,85.95429920822336,1.0,197.46636418579797,82.61674415350035,1944.6829561848308,298.15
2248.0,85.94804834004722,1.0,199.11453216762055,78.01523810283929,2235.887369560599,298.15
2249.0,85.9417974718711,1.0,198.51018484981776,75.19322490511281,2036.866252960349,298.15
2250.0,85.93554660369496,1.0,199.00493109670688,71.17126603946873,1458.854102121075,298.15
2251.0,85.92929573551882,1.0,206.62268641949277,68.93243634796947,1676.8945133994996,298.15
2252.0,85.92304486734268,1.0,188.875839846199,62.45289815613307,1878.3255452923627,298.15
2253.0,85.91679399916654,1.0,195.37860727173307,73.8669241039184,2470.1836307643903,298.15
2254.0,85.91054313099042,1.0,184.4668071755258,67.18654105013901,1807.0438351097305,298.15
2255.0,85.90429226281428,1.0,199.76597189317351,66.8482484599366,1832.8748560151316,298.15
2256.0,85.89804139463814,1.0,185.19058473692354,70.58184134727901,1440.90833228673,298.15
2257.0,85.891790526462,1.0,197.80447735843754,64.81196954872794,1116.7451260392145,298.15
2258.0,85.88553965828588,1.0,194.37900049753102,74.12480938157198,1437.0322438836288,298.15
2259.0,85.87928879010974,1.0,188.28164580844495,66.93410957566962,1479.961436023511,298.15
2260.0,85.8730379219336,1.0,198.26899156493621,63.45025969661757,2019.148124063636,298.15
2261.0,85.86678705375746,1.0,197.3499364608498,66.6486700161149,1915.1530057325856,298.15
2262.0,85.86053618558132,1.0,188.23276404647197,70.07295341949381,1703.0284886593017,298.15
2263.0,85.8542853174052,1.0,188.52294903902373,61.61931554354828,2072.8187051493396,298.15
2264.0,85.84803444922906,1.0,180.87788867492128,62.947092288548276,1873.387116584549,298.15
2265.0,85.84178358105292,1.0,195.87393909815364,69.02272896523138,2205.1443667236636,298.15
2266.0,85.83553271287678,1.0,186.53922364139225,69.32184441324809,1562.4666326976965,298.15
2267.0,85.82928184470066,1.0,195.87280987231492,57.476533870697956,1765.4090854586882,298.15
2268.0,85.82303097652452,1.0,194.014861690105,65.5894032133513,1789.4822095207828,298.15
2269.0,85.81678010834838,1.0,183.39277783847976,70.07529533917352,2800.6319100826413,298.15
2270.0,85.81052924017224,1.0,180.0,50.0,1470.6644589313064,298.15
2271.0,85.8042783719961,1.0,183.42222945039077,69.15860859552978,2158.5783042206344,298.15
2272.0,85.79802750381998,1.0,180.0,73.27715613994216,1887.5703042345208,298.15
2273.0,85.79177663564384,1.0,180.43520929050482,64.61397410735692,2341.894457149374,298.15
2274.0,85.7855257674677,1.0,185.75955751209008,57.38417755606913,2338.651841143515,298.15
2275.0,85.77927489929156,1.0,189.24761533032603,63.45091905554848,2623.716517273956,298.15
2276.0,85.77302403111543,1.0,180.0,61.93226292833134,1860.5361458384928,298.15
2277.0,85.7667731629393,1.0,194.691733029018,53.26076234756629,2313.136664949428,298.15
2278.0,85.76052229476316,1.0,180.0,50.0,1764.4765074166498,298.15
2279.0,85.75427142658702,1.0,180.0,55.55784514493972,2632.493934659021,298.15
2280.0,85.74802055841089,1.0,183.6733654662532,50.0,2521.6363897638344,298.15
2281.0,85.74176969023475,1.0,180.0,57.94755773685827,3014.380048911047,298.15
2282.0,85.73551882205862,1.0,181.89094890567324,56.03614823232033,2456.073390906929,298.15
2283.0,85.72926795388248,1.0,180.0,56.60100613953984,2902.267341163916,298.15
2284.0,85.72301708570635,1.0,180.0,57.793306469710544,2908.343392812317,298.15
2285.0,85.7167662175302,1.0,181.05605423575804,62.96228062677084,2616.447330461645,298.15
2286.0,85.71051534935408,1.0,180.0,59.73114296248231,2391.9626855706956,298.15
2287.0,85.70426448117794,1.0,180.0,50.77423195804392,2548.0395810063355,298.15
2288.0,85.6980136130018,1.0,181.3266053580867,60.54483837251321,2613.08547147152,298.15
2289.0,85.69176274482567,1.0,180.0,68.140647931617,1895.6749204464177,298.15
2290.0,85.68551187664953,1.0,180.0,65.97619656109389,2854.919612317501,298.15
2291.0,85.6792610084734,1.0,180.18289305772666,60.346612639752614,3203.479719138056,298.15
2292.0,85.67301014029727,1.0,180.0,62.21833556917466,2907.818023375198,298.15
2293.0,85.66675927212113,1.0,180.0,76.1544628055037,2921.860448911813,298.15
2294.0,85.66050840394499,1.0,180.22783044932984,58.5489996567059,2495.1850666667424,298.15
2295.0,85.65425753576886,1.0,180.0,61.879272903979725,2883.94565522938,298.15
2296.0,85.64800666759272,1.0,180.0,61.94516551019055,3558.7461826609056,298.15
2297.0,85.64175579941659,1.0,180.0,55.05079206172556,2746.938440003192,298.15
2298.0,85.63550493124045,1.0,180.0,64.90801601766866,2555.026552702762,298.15
2299.0,85.62925406306431,1.0,180.0,52.960326384003174,3607.9184326802642,298.15
2300.0,85.62300319488818,1.0,180.0,54.47487313863365,3082.521767317566,298.15
2301.0,85.61675232671205,1.0,180.0,58.111356343304095,3219.352309606169,298.15
2302.0,85.61050145853591,1.0,180.0,55.21134193286539,3985.1945541217947,298.15
2303.0,85.60425059035977,1.0,180.0,60.56353633534862,3403.555116458968,298.15
2304.0,85.59799972218363,1.0,180.0,55.851231713106095,3491.7600054121344,298.15
2305.0,85.5917488540075,1.0,180.0,63.51500389079443,2779.8190078227462,298.15
2306.0,85.58549798583137,1.0,180.0,60.49211415082053,3750.4310883210264,298.15
2307.0,85.57924711765523,1.0,180.0,61.48414878500772,2846.925606595149,298.15
2308.0,85.57299624947909,1.0,180.0,59.233549772705956,2455.2144653843407,298.15
2309.0,85.56674538130295,1.0,180.0,65.2798832104676,3473.4347159188956,298.15
2310.0,85.56049451312683,1.0,180.0,51.97241069708868,3351.02970453908,298.15
2311.0,85.55424364495069,1.0,180.0,57.20086023236934,3490.8898852328975,298.15
2312.0,85.54799277677455,1.0,180.0,63.665849016239996,2972.893666214499,298.15
2313.0,85.54174190859841,1.0,180.0,54.93452327335761,3027.3084444421165,298.15
2314.0,85.53549104042229,1.0,180.0,58.91850364677967,2957.9652983252354,298.15
2315.0,85.52924017224615,1.0,180.0,66.68116910076024,3873.674918195221,298.15
2316.0,85.52298930407001,1.0,180.0,67.99628378463957,2896.163011504906,298.15
2317.0,85.51673843589387,1.0,180.0,59.156375100520684,2962.9654690424823,298.15
2318.0,85.51048756771775,1.0,180.0,68.57543154818815,3202.5516944217247,298.15
2319.0,85.50423669954161,1.0,180.0,64.51122069166259,2771.8842260445717,298.15
2320.0,85.49798583136547,1.0,180.0,59.95459335158454,3031.6742346332,298.15
2321.0,85.49173496318933,1.0,180.0,64.91567306163435,2385.91590028233,298.15
2322.0,85.48548409501319,1.0,180.0,74.1971853217946,2966.3792665084975,298.15
2323.0,85.47923322683707,1.0,180.0,70.85682570367402,2077.464137787102,298.15
2324.0,85.47298235866093,1.0,180.0,65.04378425670802,3009.101115921488,298.15
2325.0,85.46673149048479,1.0,180.0,72.94053026889361,2585.6520891471746,298.15
2326.0,85.46048062230865,1.0,180.0,70.5582435418298,2568.0911439146407,298.15
2327.0,85.45422975413251,1.0,180.0,56.70472119031802,2792.750820727209,298.15
2328.0,85.44797888595639,1.0,180.0,60.2196630347441,2665.5042309675405,298.15
2329.0,85.44172801778025,1.0,180.0,59.37821002100578,3377.893318844555,298.15
2330.0,85.43547714960411,1.0,180.0,61.46562841084795,2530.2180570525998,298.15
2331.0,85.42922628142797,1.0,180.0,60.38011275187678,2970.075178054515,298.15
2332.0,85.42297541325183,1.0,180.0,65.31116299824843,2169.941423557215,298.15
2333.0,85.41672454507571,1.0,180.0,69.65726769228614,2646.4004955514843,298.15
2334.0,85.41047367689957,1.0,180.0,65.50440565604084,2579.3291368034784,298.15
2335.0,85.40422280872343,1.0,180.0,65.97452529963596,2837.8875357803727,298.15
2336.0,85.3979719405473,1.0,180.0,70.91562850653834,2695.3441910549586,298.15
2337.0,85.39172107237115,1.0,180.0,71.97708624592413,2469.595198191977,298.15
2338.0,85.38547020419503,1.0,180.0,68.5948243629198,2540.3807662995996,298.15
2339.0,85.37921933601889,1.0,180.0,70.77352336516006,2954.6037900699625,298.15
2340.0,85.37296846784275,1.0,180.0,56.68267821436365,2188.06340203007,298.15
2341.0,85.36671759966661,1.0,180.0,73.13861010461906,2397.2767898222633,298.15
2342.0,85.36046673149049,1.0,180.0,72.5477398390104,2384.711609118545,298.15
2343.0,85.35421586331435,1.0,180.0,79.53847601220278,2894.9580276792767,298.15
2344.0,85.34796499513821,1.0,180.0,73.8328324977527,2606.718166442585,298.15
2345.0,85.34171412696207,1.0,180.0,75.31209885569527,2052.339839942222,298.15
2346.0,85.33546325878595,1.0,180.0,61.27349271642525,1827.2762375117254,298.15
2347.0,85.32921239060981,1.0,180.0,65.5795019942711,2151.0623021531806,298.15
2348.0,85.32296152243367,1.0,180.0,74.51010132728705,1694.8487358776374,298.15
2349.0,85.31671065425753,1.0,180.0,74.90718621434017,2402.7174624762356,298.15
2350.0,85.3104597860814,1.0,180.0,70.35651293865689,2679.5173646691037,298.15
2351.0,85.30420891790527,1.0,180.0,68.57397245844396,2076.381124460128,298.15
2352.0,85.29795804972913,1.0,180.0,72.17789707452336,2110.2292376906526,298.15
2353.0,85.291707181553,1.0,180.0,65.64422793598928,2336.101552101847,298.15
2354.0,85.28545631337686,1.0,180.0,69.28039889557745,1918.1144829691254,298.15
2355.0,85.27920544520072,1.0,180.0,78.29038711995271,2259.740350407087,298.15
2356.0,85.27295457702459,1.0,180.0,66.59156740486108,1541.031163483375,298.15
2357.0,85.26670370884845,1.0,180.0,81.29027772584075,2483.3201438953165,298.15
2358.0,85.26045284067231,1.0,180.0,76.01218068481208,2198.59818106497,298.15
2359.0,85.25420197249618,1.0,180.0,78.3692139041239,2212.85643952969,298.15
2360.0,85.24795110432004,1.0,180.0,75.29330696050586,2231.6785395720067,298.15
2361.0,85.24170023614391,1.0,180.0,76.30183981964088,1849.6316584573203,298.15
2362.0,85.23544936796777,1.0,180.0,71.11510177696336,1858.6143273434584,298.15
2363.0,85.22919849979164,1.0,180.0,84.03427136107788,1118.8820288295442,298.15
2364.0,85.2229476316155,1.0,180.0,78.89353492878821,1880.738655238337,298.15
2365.0,85.21669676343936,1.0,180.0,89.14779604911791,1795.697578023322,298.15
2366.0,85.21044589526323,1.0,180.0,83.27176131276717,1712.8957435760149,298.15
2367.0,85.2041950270871,1.0,180.0,75.30787978739052,2126.078305779338,298.15
2368.0,85.19794415891096,1.0,180.0,71.13355489892251,1221.9513534640612,298.15
2369.0,85.19169329073482,1.0,180.0,81.56224909966149,1713.8142915323244,298.15
2370.0,85.1854424225587,1.0,180.0,81.09302049467499,1548.784909252816,298.15
2371.0,85.17919155438256,1.0,182.26310361316212,72.99808895866846,1969.4169429182414,298.15
2372.0,85.17294068620642,1.0,180.0,77.27607108932595,2024.6516771718616,298.15
2373.0,85.16668981803028,1.0,180.0,75.43790082541445,2260.983282293734,298.15
2374.0,85.16043894985415,1.0,189.48907713491417,77.25918783092966,1875.006615961635,298.15
2375.0,85.15418808167802,1.0,181.61374232127147,79.2617723781887,1646.7805400136745,298.15
2376.0,85.14793721350188,1.0,186.73358838118588,77.46085296295593,2100.991663288177,298.15
2377.0,85.14168634532574,1.0,180.0,86.13094880072761,1739.2531944949797,298.15
2378.0,85.1354354771496,1.0,187.11456624933365,75.8592605066114,1505.6774545441413,298.15
2379.0,85.12918460897347,1.0,188.03184808938053,75.42827389135897,1576.5669861648616,298.15
2380.0,85.12293374079734,1.0,191.936622191254,76.62549343381762,1640.8748037840508,298.15
2381.0,85.1166828726212,1.0,180.0,85.65546542941134,2773.2790944696517,298.15
2382.0,85.11043200444506,1.0,180.0,85.04762341312113,2457.210356513834,298.15
2383.0,85.10418113626892,1.0,189.71014479479177,84.23397142347737,1512.5387585197948,298.15
2384.0,85.0979302680928,1.0,183.25180202646038,78.24566520654949,2373.4956073442568,298.15
2385.0,85.09167939991666,1.0,194.27080495125847,77.2533730180685,2136.6562503403293,298.15
2386.0,85.08542853174052,1.0,201.03666402314647,83.19328825780592,1582.0178181601689,298.15
2387.0,85.07917766356438,1.0,187.06255971343694,76.87901796923386,1596.7245275131097,298.15
2388.0,85.07292679538824,1.0,187.49587412848356,83.21978600662722,2219.2194054261895,298.15
2389.0,85.06667592721212,1.0,186.24495715019546,82.54519380260567,1346.6034246479908,298.15
2390.0,85.06042505903598,1.0,190.92448737958802,80.02012897261048,2902.3408678159185,298.15
2391.0,85.05417419085984,1.0,196.63323604506562,100.0,2146.5605727017346,298.15
2392.0,85.0479233226837,1.0,191.85583776943173,79.78989771928485,2802.5924024830556,298.15
2393.0,85.04167245450756,1.0,205.20291622441712,89.29923661910104,1776.5253801109573,298.15
2394.0,85.03542158633144,1.0,201.99343898507942,86.35159688489497,2583.6491940562673,298.15
2395.0,85.0291707181553,1.0,198.1258222127093,79.58171011026305,2723.715256669171,298.15
2396.0,85.02291984997916,1.0,196.30390233714627,77.25851791079216,2469.815785063426,298.15
2397.0,85.01666898180302,1.0,185.80171999162903,72.56853269589115,3017.4028138597796,298.15
2398.0,85.0104181136269,1.0,207.15495450399087,82.71886204959971,2394.36070231208,298.15
2399.0,85.00416724545076,1.0,197.59944508217907,83.38752060454091,2705.276686210998,298.15
2400.0,84.99791637727462,1.0,205.9104946402507,75.64351825759049,2335.5574355416825,298.15
2401.0,84.99166550909848,1.0,199.6421065029321,75.61193766097414,2760.3636130871064,298.15
2402.0,84.98541464092236,1.0,189.82369185141636,73.52119600034084,2779.7135201436295,298.15
2403.0,84.97916377274622,1.0,200.6437777669135,82.03610889544636,3075.7681089084404,298.15
2404.0,84.97291290457008,1.0,207.38771300518405,85.13089429534921,2773.388906941699,298.15
2405.0,84.96666203639394,1.0,195.47049612895705,72.24481931599735,3024.079793129494,298.15
2406.0,84.9604111682178,1.0,208.3671271428561,72.2399310143878,2348.661040351612,298.15
2407.0,84.95416030004168,1.0,207.2225257409009,76.36411615911756,3093.542952480836,298.15
2408.0,84.94790943186554,1.0,198.39996157342105,81.59302438950697,3049.3744937866045,298.15
2409.0,84.9416585636894,1.0,204.76797088943437,79.51178952960004,2884.9091847905065,298.15
2410.0,84.93540769551326,1.0,201.7149836801514,83.05343397628073,2068.1362091705273,298.15
2411.0,84.92915682733712,1.0,209.52962187715605,62.97750589429861,3479.315374158132,298.15
2412.0,84.922905959161,1.0,201.7987327086079,73.2576663380109,2854.9368701194267,298.15
2413.0,84.91665509098486,1.0,221.26640798959775,81.6198644814786,2535.8336281858988,298.15
2414.0,84.91040422280872,1.0,210.83306823619273,84.71217186130033,2902.9865585907005,298.15
2415.0,84.90415335463258,1.0,212.88613352208702,73.89815700868118,2809.722500082258,298.15
2416.0,84.89790248645645,1.0,218.12723081404445,71.80608306139302,3043.169531448588,298.15
2417.0,84.89165161828032,1.0,209.92198503607415,69.59208933032117,2831.9044014226497,298.15
2418.0,84.88540075010418,1.0,215.54495134223126,78.13580943895705,3472.1584703131957,298.15
2419.0,84.87914988192804,1.0,216.4179701176973,80.45093044614276,3024.973538521772,298.15
2420.0,84.8728990137519,1.0,211.43360722455327,75.31588561688423,3265.835965152624,298.15
2421.0,84.86664814557577,1.0,213.19762376102537,60.66981944436755,2774.0311966641802,298.15
2422.0,84.86039727739964,1.0,222.22863994885626,75.03864850059276,4099.755875825859,298.15
2423.0,84.8541464092235,1.0,216.59566010937593,69.6215970051777,3115.200935880302,298.15
2424.0,84.84789554104736,1.0,217.18797748663113,74.7445100622027,3324.9228891925513,298.15
2425.0,84.84164467287123,1.0,230.1180428517593,72.2174474590101,3050.989924221686,298.15
2426.0,84.8353938046951,1.0,230.23940661434798,78.5983766202382,3580.6594925908985,298.15
2427.0,84.82914293651896,1.0,216.82246820951602,71.69611226717156,3806.521372058125,298.15
2428.0,84.82289206834282,1.0,219.98110305361163,70.23238559621758,3547.6885820848966,298.15
2429.0,84.81664120016669,1.0,231.0009492673826,69.88929258905002,3812.243902793246,298.15
2430.0,84.81039033199056,1.0,233.5062954372101,78.59527715114639,3511.685801044755,298.15
2431.0,84.80413946381442,1.0,229.97109971238723,67.18124999166022,3578.81460726858,298.15
2432.0,84.79788859563828,1.0,229.56713607664216,73.72844476961579,3394.840763688862,298.15
2433.0,84.79163772746215,1.0,223.72035566160193,72.11109154363635,3417.8159846287094,298.15
2434.0,84.785386859286,1.0,219.28663547545375,70.03371194435022,3655.6834279843956,298.15
2435.0,84.77913599110988,1.0,223.9534181834855,69.41897225642614,3624.079656891408,298.15
2436.0,84.77288512293374,1.0,229.35282338010745,68.24974650791962,2834.3899353853044,298.15
2437.0,84.7666342547576,1.0,226.80290180038577,75.77768989512732,3675.6462137388107,298.15
2438.0,84.76038338658147,1.0,216.2192303412644,69.32359055303799,3516.1161383321055,298.15
2439.0,84.75413251840533,1.0,229.47002547608542,71.26745650135565,2972.271213492013,298.15
2440.0,84.7478816502292,1.0,236.18116315037585,66.40698412654862,3032.535209586232,298.15
2441.0,84.74163078205306,1.0,244.944075082471,74.51972253298248,3661.8339842398286,298.15
2442.0,84.73537991387693,1.0,225.4090870982983,64.6881119324002,3658.8960131947347,298.15
2443.0,84.72912904570079,1.0,233.32239498375955,66.87613745059086,2964.356205931556,298.15
2444.0,84.72287817752465,1.0,227.68477666541722,54.56595304195328,3490.872233679986,298.15
2445.0,84.71662730934852,1.0,234.8276556726124,65.98364530231656,3066.7254085481172,298.15
2446.0,84.71037644117239,1.0,224.58336990158466,61.11484879233716,3274.228061168625,298.15
2447.0,84.70412557299625,1.0,225.0979808392021,62.78039824082231,3413.3781929554048,298.15
2448.0,84.69787470482011,1.0,232.3271317617234,59.47019007254082,3141.440813523105,298.15
2449.0,84.69162383664397,1.0,237.7409841500538,62.5357340334399,3420.1599134110447,298.15
2450.0,84.68537296846785,1.0,227.62151769356038,72.10986550530498,3398.6881250128445,298.15
2451.0,84.6791221002917,1.0,223.37102365990665,63.7239997986128,3083.8180015716234,298.15
2452.0,84.67287123211557,1.0,243.10492971843973,57.71505762037259,2691.3896113087294,298.15
2453.0,84.66662036393943,1.0,234.00026596081733,63.67612901463891,3384.258367317554,298.15
2454.0,84.6603694957633,1.0,230.5185651173402,67.15810832161628,2047.0082385063145,298.15
2455.0,84.65411862758717,1.0,235.89599172960624,61.074420776123645,2625.7989037843477,298.15
2456.0,84.64786775941103,1.0,229.8752311247523,65.39017769132036,2687.6466819263283,298.15
2457.0,84.64161689123489,1.0,227.80179779712134,50.732840604435836,2290.2054798735567,298.15
2458.0,84.63536602305876,1.0,244.76022913616544,55.391625543422464,2678.0954011318136,298.15
2459.0,84.62911515488263,1.0,236.4242252233831,64.21155554842319,2782.4240612492113,298.15
2460.0,84.62286428670649,1.0,238.7623208749213,53.007208649956446,2646.7232388973034,298.15
2461.0,84.61661341853035,1.0,234.47354249828393,63.67318379336835,2273.3835757503257,298.15
2462.0,84.61036255035421,1.0,245.11627424743688,56.752657271658975,2443.8924355364034,298.15
2463.0,84.60411168217809,1.0,237.63881314850443,55.406422442075836,1831.5515467660773,298.15
2464.0,84.59786081400195,1.0,246.5962172100575,62.67166300223582,2330.384110785734,298.15
2465.0,84.59160994582581,1.0,235.35284739792257,63.81396985723746,2792.885830893228,298.15
2466.0,84.58535907764967,1.0,234.19973820200212,67.25058879990134,2495.2413331308935,298.15
2467.0,84.57910820947353,1.0,233.34528184351024,63.912701472838485,2335.0074602538443,298.15
2468.0,84.57285734129741,1.0,242.98587462990383,62.29392344071433,2403.518200123573,298.15
2469.0,84.56660647312127,1.0,245.55172741840445,67.54826416428303,2192.8443504217917,298.15
2470.0,84.56035560494513,1.0,236.56037958677413,54.885379916863315,2337.277596623124,298.15
2471.0,84.55410473676899,1.0,240.92972678589237,53.09114594675839,2183.8464137409364,298.15
2472.0,84.54785386859285,1.0,238.161575111564,51.65709582698905,2254.7556439059094,298.15
2473.0,84.54160300041673,1.0,247.2168317561383,64.64816067842274,1547.5734977319435,298.15
2474.0,84.53535213224059,1.0,237.647886622631,55.90797811660605,1774.5433551652718,298.15
2475.0,84.52910126406445,1.0,241.73911476986012,55.518967042472326,1824.4443298108936,298.15
2476.0,84.52285039588831,1.0,247.0844298704009,59.4278475621364,1566.213568037398,298.15
2477.0,84.51659952771219,1.0,239.25288229733675,55.38551551953674,2187.2323623396255,298.15
2478.0,84.51034865953605,1.0,236.3639099775727,56.33115539130469,1915.1375121995468,298.15
2479.0,84.50409779135991,1.0,238.31732590700489,57.56327972685934,1420.0693010929751,298.15
2480.0,84.49784692318377,1.0,239.5490103210594,63.223272885405926,1865.3992101172737,298.15
2481.0,84.49159605500763,1.0,242.23722312373818,66.85304131461129,1412.372411145643,298.15
2482.0,84.48534518683151,1.0,240.25934081352383,55.79694231860035,1632.7175513509608,298.15
2483.0,84.47909431865537,1.0,245.10491509834017,50.0,1820.8247012765157,298.15
2484.0,84.47284345047923,1.0,237.56430312053288,63.2153522064064,2138.4109049705976,298.15
2485.0,84.4665925823031,1.0,231.06212696613503,52.32402528504564,2282.0648040345304,298.15
2486.0,84.46034171412697,1.0,236.6069814482006,59.3407581395791,1926.5848321737533,298.15
2487.0,84.45409084595083,1.0,244.53903103586416,64.67640655906173,1370.4184373193948,298.15
2488.0,84.44783997777469,1.0,246.18693780206775,68.00467197953735,1536.5200303903268,298.15
2489.0,84.44158910959855,1.0,244.01745282994025,52.133585912691146,2399.6792236902456,298.15
2490.0,84.43533824142241,1.0,249.9773136422371,65.37274499634799,1000.0,298.15
2491.0,84.42908737324629,1.0,233.4485302789319,50.90162411608601,1106.6061951023723,298.15
2492.0,84.42283650507015,1.0,246.164134031782,59.17765809253655,2028.2778095799927,298.15
2493.0,84.41658563689401,1.0,242.95436709132582,62.826945105046114,1547.8210221703512,298.15
2494.0,84.41033476871787,1.0,236.62838585980268,56.14524398882973,2189.223855779748,298.15
2495.0,84.40408390054174,1.0,222.9299970521152,64.32120191683318,1416.006103533377,298.15
2496.0,84.39783303236561,1.0,234.56607055742876,60.31838481910437,1692.8782370372426,298.15
2497.0,84.39158216418947,1.0,235.54879136398134,62.72879691662374,2054.69073407363,298.15
2498.0,84.38533129601333,1.0,227.92887236335804,63.36176154338394,1538.0947790034497,298.15
2499.0,84.3790804278372,1.0,234.40681414968915,63.18458537149438,1419.0224222819234,298.15
2500.0,84.37282955966106,1.0,234.12348405619278,71.37909665316474,1222.4547466463569,298.15
2501.0,84.36657869148493,1.0,235.95439661230122,60.98061749262128,1564.793809298008,298.15
2502.0,84.3603278233088,1.0,227.9163469036241,60.231392978807726,2266.877311923113,298.15
2503.0,84.35407695513265,1.0,231.92659477118357,72.57962113455783,1972.1625798866298,298.15
2504.0,84.34782608695652,1.0,227.1870562531523,62.32185579022547,2396.6095072141984,298.15
2505.0,84.34157521878039,1.0,232.1433142773934,65.91966211220829,2085.0519638026126,298.15
2506.0,84.33532435060425,1.0,224.01874408298178,70.0250521954107,2071.8713131128143,298.15
2507.0,84.32907348242811,1.0,229.03352503622077,67.9012984704331,1629.3383785069118,298.15
2508.0,84.32282261425198,1.0,232.47900568899001,65.08692998777727,1618.2171867200498,298.15
2509.0,84.31657174607584,1.0,226.98724945753926,60.48640189774203,2273.1493007904514,298.15
2510.0,84.31032087789971,1.0,228.80681607070463,54.34844440088519,1593.130248571413,298.15
2511.0,84.30407000972357,1.0,229.29289055459202,66.3680941685499,2507.308325562497,298.15
2512.0,84.29781914154744,1.0,233.69978131347776,68.25222218393091,2273.08914821864,298.15
2513.0,84.2915682733713,1.0,228.16031323544266,67.7917512499293,2643.994509907522,298.15
2514.0,84.28531740519517,1.0,225.60814896829004,72.05015045578317,2153.33260189648,298.15
2515.0,84.27906653701903,1.0,228.5623302750064,64.30716087153945,1912.1643000574659,298.15
2516.0,84.2728156688429,1.0,229.17417223895674,70.09222013687533,2744.9372419839237,298.15
2517.0,84.26656480066676,1.0,220.2698169947186,70.98738007101818,2388.0773789203345,298.15
2518.0,84.26031393249062,1.0,219.93238648100083,70.97103150084192,2366.914753913905,298.15
2519.0,84.2540630643145,1.0,224.74915479596456,79.7926674891556,3020.025693247072,298.15
2520.0,84.24781219613836,1.0,229.74027832337327,70.93488773941172,3710.7308112639867,298.15
2521.0,84.24156132796222,1.0,221.29452155822722,63.37452869963951,1792.3811698126997,298.15
2522.0,84.23531045978608,1.0,226.80328491833518,65.28305406904431,2416.734472446061,298.15
2523.0,84.22905959160994,1.0,227.27538454540647,76.99190874656777,2473.357036235565,298.15
2524.0,84.22280872343381,1.0,227.0838117424575,74.3961869323114,2165.2834002782297,298.15
2525.0,84.21655785525768,1.0,213.05817497694514,71.25255243886274,2898.5211057723914,298.15
2526.0,84.21030698708154,1.0,225.89585163280373,69.09478334588708,2453.428805990309,298.15
2527.0,84.2040561189054,1.0,224.65382539689716,74.29741820491255,2632.5930198762385,298.15
2528.0,84.19780525072926,1.0,220.68670699544649,73.71339073109945,2518.274132073485,298.15
2529.0,84.19155438255314,1.0,215.55025319163073,75.65477119734753,2757.119610094434,298.15
2530.0,84.185303514377,1.0,215.69234881872288,62.87659034567707,2170.7227880977402,298.15
2531.0,84.17905264620086,1.0,216.6322029968557,72.27138453205966,2316.1987092719246,298.15
2532.0,84.17280177802472,1.0,217.57777403488424,75.94176354750758,2152.3855290080496,298.15
2533.0,84.1665509098486,1.0,208.84432672932886,72.17732969846966,3048.6974554647827,298.15
2534.0,84.16030004167246,1.0,207.64919038620914,79.44957191295492,3616.166799145395,298.15
2535.0,84.15404917349632,1.0,219.48824586655272,79.30221521446286,3272.874526943428,298.15
2536.0,84.14779830532018,1.0,214.45307021052105,68.54062068108878,3209.502920385632,298.15
2537.0,84.14154743714406,1.0,210.50277622572918,82.24897546767953,3045.473141191109,298.15
2538.0,84.13529656896792,1.0,209.98826523523698,72.82398069180137,3241.418311391193,298.15
2539.0,84.12904570079178,1.0,213.5491534147871,79.97365581836543,3277.511345228456,298.15
2540.0,84.12279483261564,1.0,208.52741366881136,77.62093061119229,3008.641862257096,298.15
2541.0,84.1165439644395,1.0,199.58754857354867,74.31038633944256,2740.4422660847868,298.15
2542.0,84.11029309626338,1.0,212.22273047481164,83.33659839754652,3772.366901585152,298.15
2543.0,84.10404222808724,1.0,217.16270203868342,83.77273754221173,2723.1022336228734,298.15
2544.0,84.0977913599111,1.0,206.5512483021747,79.58142291382119,2794.768326560889,298.15
2545.0,84.09154049173496,1.0,211.3947122118475,81.88757285046196,3277.1800756027687,298.15
2546.0,84.08528962355882,1.0,193.4077495618128,73.54872377408434,3465.3375184374554,298.15
2547.0,84.0790387553827,1.0,205.5940787154542,87.12457926949557,3445.6960691978384,298.15
2548.0,84.07278788720656,1.0,191.89844093154286,77.93315518620024,3647.9966580497085,298.15
2549.0,84.06653701903042,1.0,199.26748053336178,79.30103818152789,3353.5457281908593,298.15
2550.0,84.06028615085428,1.0,202.6168392701626,85.0120922168735,3709.5598420808437,298.15
2551.0,84.05403528267814,1.0,192.74898746349965,76.99026886687284,2890.8654946923994,298.15
2552.0,84.04778441450202,1.0,195.15277117586038,71.07178527381534,3880.8118655424605,298.15
2553.0,84.04153354632588,1.0,193.40446367526457,71.88242802930911,2783.525489319431,298.15
2554.0,84.03528267814974,1.0,201.34669121143548,75.16255026589687,2786.841166940891,298.15
2555.0,84.0290318099736,1.0,193.94650718609094,86.68154223260902,3214.614190475723,298.15
2556.0,84.02278094179746,1.0,193.1181402760777,90.59683075393434,3458.6814928684576,298.15
2557.0,84.01653007362134,1.0,197.5430952351834,85.42937103075103,3576.7936796087197,298.15
2558.0,84.0102792054452,1.0,198.05861117854786,76.99842692871756,2603.2374416820594,298.15
2559.0,84.00402833726906,1.0,186.50483661065863,80.47912731985772,3270.6055345071973,298.15
2560.0,83.99777746909294,1.0,203.7573295762257,77.84687378674423,2939.378947519748,298.15
2561.0,83.99152660091679,1.0,198.5336212090874,71.8251243219905,2971.6648187278697,298.15
2562.0,83.98527573274066,1.0,200.27242150034093,76.1087170994795,3941.433733107132,298.15
2563.0,83.97902486456452,1.0,187.75816446853364,74.99364699917199,3352.583837800698,298.15
2564.0,83.97277399638838,1.0,192.42076068546712,70.38781695797218,2884.613170726487,298.15
2565.0,83.96652312821226,1.0,188.49035196988046,78.32268290360223,3137.608503761878,298.15
2566.0,83.96027226003612,1.0,195.85604104936704,80.99058353314594,2288.870080998779,298.15
2567.0,83.95402139185998,1.0,180.0,78.4877240677263,2610.9061443844266,298.15
2568.0,83.94777052368384,1.0,196.78110763961385,78.64994386702887,2821.437969934536,298.15
2569.0,83.9415196555077,1.0,187.47694513091042,78.7647346202057,2906.7287896497933,298.15
2570.0,83.93526878733158,1.0,184.12657665040186,73.16964151171543,2848.2671451037404,298.15
2571.0,83.92901791915544,1.0,180.0,84.36471945445456,3028.909744974399,298.15
2572.0,83.9227670509793,1.0,187.14281633467468,72.25458800708363,2768.024053086083,298.15
2573.0,83.91651618280316,1.0,183.2576243928878,72.80753182322876,2875.057061416932,298.15
2574.0,83.91026531462703,1.0,183.88700024050513,88.96574729607966,2619.35722023505,298.15
2575.0,83.9040144464509,1.0,186.65126085120133,79.30592395266328,2585.6520857434084,298.15
2576.0,83.89776357827476,1.0,181.5544579440026,67.18020813925322,2840.92228407402,298.15
2577.0,83.89151271009862,1.0,186.43110554444746,90.53913461683686,2415.119212954208,298.15
2578.0,83.88526184192249,1.0,180.0,84.42834516310376,2905.881296208591,298.15
2579.0,83.87901097374635,1.0,183.70429416796262,75.9030725864422,2582.1121839562243,298.15
2580.0,83.87276010557022,1.0,180.0,82.85048642224517,2518.824293489817,298.15
2581.0,83.86650923739408,1.0,180.0,72.50565138459854,3299.818632206221,298.15
2582.0,83.86025836921795,1.0,180.0,73.28292473973248,2003.1802911998345,298.15
2583.0,83.8540075010418,1.0,180.0,74.47533321562001,2926.053138071337,298.15
2584.0,83.84775663286567,1.0,180.0,81.82155974207619,2235.8895371916606,298.15
2585.0,83.84150576468954,1.0,180.0,84.54752354085991,2268.2586167165837,298.15
2586.0,83.8352548965134,1.0,181.79914599382715,76.86778620677043,2347.4564249028367,298.15
2587.0,83.82900402833727,1.0,180.0,79.52853941665967,2223.557612456177,298.15
2588.0,83.82275316016114,1.0,180.0,78.61635414229681,2011.9565134919435,298.15
2589.0,83.81650229198499,1.0,180.0,68.42058209017034,1957.9333627862168,298.15
2590.0,83.81025142380886,1.0,180.0,64.17170550984338,2589.0169446055716,298.15
2591.0,83.80400055563273,1.0,180.0,77.72707323894218,1917.4052761192718,298.15
2592.0,83.79774968745659,1.0,180.0,76.81090840459754,2059.3840826391524,298.15
2593.0,83.79149881928046,1.0,180.0,70.59140888654306,1147.4011717160286,298.15
2594.0,83.78524795110432,1.0,180.0,69.2992901572088,2124.576475752256,298.15
2595.0,83.77899708292819,1.0,180.0,73.59981998844536,2114.7169019335333,298.15
2596.0,83.77274621475205,1.0,180.0,73.34083209263216,1499.4532393388617,298.15
2597.0,83.76649534657591,1.0,180.0,71.17440351827138,2511.2247595051194,298.15
2598.0,83.76024447839978,1.0,180.0,73.12359676689228,1871.2505970261957,298.15
2599.0,83.75399361022365,1.0,180.0,61.914337670743436,2126.7426805510117,298.15
2600.0,83.7477427420475,1.0,180.0,66.3489144927971,1409.5858882432995,298.15
2601.0,83.74149187387137,1.0,180.0,84.6722688410676,2035.158811719491,298.15
2602.0,83.73524100569523,1.0,180.0,85.02381550613563,1540.4878202072282,298.15
2603.0,83.7289901375191,1.0,180.0,64.72158846309091,1569.588424287414,298.15
2604.0,83.72273926934297,1.0,180.0,79.04570465485266,1479.6982614240815,298.15
2605.0,83.71648840116683,1.0,180.0,74.03735407753182,1838.9617340462776,298.15
2606.0,83.71023753299069,1.0,180.0,64.55057260428201,2106.5525123430925,298.15
2607.0,83.70398666481455,1.0,180.0,67.80152144331169,2029.596747912833,298.15
2608.0,83.69773579663843,1.0,180.0,76.69215644368283,1563.771550159395,298.15
2609.0,83.69148492846229,1.0,180.0,73.68064033486439,1278.0114648559481,298.15
2610.0,83.68523406028615,1.0,180.0,73.30473624511747,1277.5762348931858,298.15
2611.0,83.67898319211001,1.0,180.0,67.64061510032661,1806.8985821178142,298.15
2612.0,83.67273232393387,1.0,180.0,57.29441988733908,1334.7333909150384,298.15
2613.0,83.66648145575775,1.0,180.0,72.56055352646918,1629.8714167582662,298.15
2614.0,83.66023058758161,1.0,180.0,69.4135757381381,2065.144622613373,298.15
2615.0,83.65397971940547,1.0,180.0,73.11814089940056,1364.0056221863015,298.15
2616.0,83.64772885122935,1.0,180.0,73.50539265275135,2337.4243586220764,298.15
2617.0,83.64147798305319,1.0,180.0,55.83672329715907,2000.8124860031894,298.15
2618.0,83.63522711487707,1.0,180.0,76.60370229825108,1629.2649803620434,298.15
2619.0,83.62897624670093,1.0,180.0,67.11163137424917,1915.027522556691,298.15
2620.0,83.62272537852479,1.0,180.0,65.82309054158438,2065.0455316184416,298.15
2621.0,83.61647451034867,1.0,180.0,56.07964749167049,2220.2701338357174,298.15
2622.0,83.61022364217253,1.0,180.0,64.00392985552564,1224.3201901353987,298.15
2623.0,83.60397277399639,1.0,180.0,65.73687302209628,1972.7318385687322,298.15
2624.0,83.59772190582025,1.0,180.0,73.75573718425542,1653.6278278379439,298.15
2625.0,83.59147103764411,1.0,180.0,59.33854535115856,2447.97875659726,298.15
2626.0,83.58522016946799,1.0,180.0,63.41084982266662,1868.6779696712033,298.15
2627.0,83.57896930129185,1.0,180.0,61.49078482517611,2297.9146531148294,298.15
2628.0,83.57271843311571,1.0,180.0,60.86546488352889,2727.9512200030167,298.15
2629.0,83.56646756493957,1.0,180.0,60.815275573279784,1500.3018476432271,298.15
2630.0,83.56021669676343,1.0,180.0,52.4351679106595,2184.27474189918,298.15
2631.0,83.55396582858731,1.0,180.0,63.68335840802638,2662.2017634367935,298.15
2632.0,83.54771496041117,1.0,180.0,59.26575788204253,2422.6830662966713,298.15
2633.0,83.54146409223503,1.0,180.0,64.84814444527441,2779.4144418517617,298.15
2634.0,83.5352132240589,1.0,180.0,69.0154234768302,2211.073340806403,298.15
2635.0,83.52896235588275,1.0,180.0,59.24573832127457,2619.5969314973804,298.15
2636.0,83.52271148770663,1.0,180.0,59.73879392409631,3044.073984987539,298.15
2637.0,83.51646061953049,1.0,180.0,62.84121130466391,2502.8065376691434,298.15
2638.0,83.51020975135435,1.0,180.0,59.89003093782589,3236.30117596868,298.15
2639.0,83.50395888317821,1.0,180.0,65.36921224877553,2401.1525672857047,298.15
2640.0,83.49770801500208,1.0,180.0,67.450176956631,2518.7338157829604,298.15
2641.0,83.49145714682595,1.0,180.0,71.5005688110582,2452.9308001831273,298.15
2642.0,83.48520627864981,1.0,180.0,57.38177801751245,2895.9461862454773,298.15
2643.0,83.47895541047367,1.0,180.0,56.46505008941972,2429.5250976068974,298.15
2644.0,83.47270454229755,1.0,180.0,65.69684428391852,2951.0316260376553,298.15
2645.0,83.4664536741214,1.0,180.0,59.542581475238784,2361.940853891184,298.15
2646.0,83.46020280594527,1.0,180.0,59.85604438997898,3047.4038917238513,298.15
2647.0,83.45395193776913,1.0,180.0,59.49766217480465,2961.5134003105536,298.15
2648.0,83.447701069593,1.0,180.0,67.51522301860793,3178.2961172305627,298.15
2649.0,83.44145020141687,1.0,180.0,62.050664291299206,2087.5201421322236,298.15
2650.0,83.43519933324073,1.0,180.0,52.53264699793905,2660.4160326958263,298.15
2651.0,83.4289484650646,1.0,180.0,54.46380018935912,3454.5181685563575,298.15
2652.0,83.42269759688845,1.0,180.0,66.55895906232197,2458.8066884135487,298.15
2653.0,83.41644672871232,1.0,180.0,76.19766162052439,3088.4685605345508,298.15
2654.0,83.41019586053619,1.0,180.0,66.39154842497089,3178.109254181211,298.15
2655.0,83.40394499236005,1.0,180.0,54.45405379242979,2995.244891199972,298.15
2656.0,83.39769412418391,1.0,180.0,61.090076140796185,3149.0660830286492,298.15
2657.0,83.39144325600778,1.0,180.0,65.43688664703099,2709.912918389812,298.15
2658.0,83.38519238783164,1.0,180.0,54.7392589062893,3196.9685750810618,298.15
2659.0,83.37894151965551,1.0,180.0,51.855612318891374,3055.665109753861,298.15
2660.0,83.37269065147937,1.0,180.0,65.70171057258976,3478.8888703094967,298.15
2661.0,83.36643978330324,1.0,180.0,60.02592805822245,3616.815550415386,298.15
2662.0,83.3601889151271,1.0,180.0,63.000964015429766,3074.0410462453515,298.15
2663.0,83.35393804695096,1.0,180.0,64.88182827712114,3438.4324611866805,298.15
2664.0,83.34768717877483,1.0,180.0,60.003276149861065,3291.392534905925,298.15
2665.0,83.3414363105987,1.0,180.0,55.806111154160895,2852.3332333893723,298.15
2666.0,83.33518544242256,1.0,180.0,63.64530389677314,3151.0786149729006,298.15
2667.0,83.32893457424642,1.0,180.0,64.51403727067166,2984.7384019387173,298.15
2668.0,83.32268370607028,1.0,180.0,57.23429677238646,3450.104472667225,298.15
2669.0,83.31643283789415,1.0,180.0,66.1628301837594,2936.7965798288046,298.15
2670.0,83.31018196971802,1.0,180.0,66.43957344822718,3328.997029760564,298.15
2671.0,83.30393110154188,1.0,183.72463641343438,60.703764688945164,3559.253679957001,298.15
2672.0,83.29768023336575,1.0,190.89799927271204,62.315038660813485,2937.8459592391855,298.15
2673.0,83.2914293651896,1.0,180.0,61.86572877285934,3777.8872505955665,298.15
2674.0,83.28517849701348,1.0,180.0,70.54541233363531,3897.4198594518216,298.15
2675.0,83.27892762883734,1.0,182.00752191512208,57.46710352384206,2857.841988528126,298.15
2676.0,83.2726767606612,1.0,180.0,59.632341368974096,3106.8660169274954,298.15
2677.0,83.26642589248507,1.0,180.0,64.66632301115713,3003.7934086396385,298.15
2678.0,83.26017502430894,1.0,180.0,67.48360273020769,3277.474572053882,298.15
2679.0,83.2539241561328,1.0,183.46041080587943,58.803264884232306,2953.8695518412806,298.15
2680.0,83.24767328795666,1.0,180.0,63.37346673877331,3551.7077409712156,298.15
2681.0,83.24142241978052,1.0,188.55342364170974,71.01489271566909,2957.2707593291007,298.15
2682.0,83.2351715516044,1.0,184.9299760435664,60.817420724542394,3479.137754601079,298.15
2683.0,83.22892068342826,1.0,181.05584235657585,63.88712058218036,2924.4950137132205,298.15
2684.0,83.22266981525212,1.0,194.00187368260862,67.61908997869999,3554.5420379097823,298.15
2685.0,83.21641894707598,1.0,195.73679867435612,63.304291909884704,3364.3578507836964,298.15
2686.0,83.21016807889984,1.0,182.704122186963,70.2774699297497,2829.9454634969043,298.15
2687.0,83.20391721072372,1.0,181.54386315408033,68.9259253826777,3235.9392668671308,298.15
2688.0,83.19766634254758,1.0,189.1937284869232,67.29427062410784,2603.8884619917217,298.15
2689.0,83.19141547437144,1.0,191.70085815477694,61.984126414286564,3244.4656079294055,298.15
2690.0,83.1851646061953,1.0,190.6087231398853,64.993760279814,2782.6626103337617,298.15
2691.0,83.17891373801916,1.0,193.38337604896978,59.85513110384495,2830.6068310273417,298.15
2692.0,83.17266286984304,1.0,188.8823716446012,63.762800783807336,2585.2982981569676,298.15
2693.0,83.1664120016669,1.0,188.87344642819232,64.82098409339696,3161.194419101748,298.15
2694.0,83.16016113349076,1.0,201.01222853861924,57.66711518146918,3151.324211085216,298.15
2695.0,83.15391026531462,1.0,204.32601080802556,74.10282119416014,2391.1856186160294,298.15
2696.0,83.14765939713848,1.0,190.39780372265534,65.74395803418491,2112.1485301137536,298.15
2697.0,83.14140852896236,1.0,190.34468976641722,64.7909775692189,2371.621211110356,298.15
2698.0,83.13515766078622,1.0,199.07069448854028,66.7295933878598,2644.1117550710496,298.15
2699.0,83.12890679261008,1.0,194.18752335709803,72.42095903930621,2101.19332709043,298.15
2700.0,83.12265592443396,1.0,209.20707237620766,62.2589033014583,2056.7314319602224,298.15
2701.0,83.11640505625782,1.0,194.39451291933673,72.15890346143392,2055.6925051035964,298.15
2702.0,83.11015418808168,1.0,201.3104588756443,71.0322105467007,1941.6708335894127,298.15
2703.0,83.10390331990554,1.0,194.43096972519544,74.78814599391868,2564.4228867585484,298.15
2704.0,83.0976524517294,1.0,199.8344853857331,79.74644717952172,2299.018113674073,298.15
2705.0,83.09140158355328,1.0,203.24467140597895,78.71633613410943,2737.262566429456,298.15
2706.0,83.08515071537714,1.0,192.06084682225543,64.66917701387557,1816.1555921567513,298.15
2707.0,83.078899847201,1.0,201.5744952739546,67.9081325254088,1974.7018923931541,298.15
2708.0,83.07264897902486,1.0,205.5736944946776,78.56974858091783,2581.781194413744,298.15
2709.0,83.06639811084872,1.0,203.4903560109655,74.19636624995354,2138.9014405415965,298.15
2710.0,83.0601472426726,1.0,208.63331754463047,78.49326471701099,2329.8421016582934,298.15
2711.0,83.05389637449646,1.0,208.1283232970468,73.13765922843935,1872.5930710188873,298.15
2712.0,83.04764550632032,1.0,224.79381266356827,63.66001492109484,2024.6058346462146,298.15
2713.0,83.04139463814418,1.0,212.91568763811046,72.26669109861787,1163.0619252833667,298.15
2714.0,83.03514376996804,1.0,206.76658027585225,79.63322981570846,2474.109364069878,298.15
2715.0,83.02889290179192,1.0,206.14970038558332,81.65955874920238,2218.015003829213,298.15
2716.0,83.02264203361578,1.0,218.9626254047528,77.21969091944788,1161.1771271717116,298.15
2717.0,83.01639116543964,1.0,207.09514760163177,70.71119563913294,1808.9416804180744,298.15
2718.0,83.0101402972635,1.0,218.9761971175419,78.50187048912112,2086.7197747925848,298.15
2719.0,83.00388942908737,1.0,224.5905234717601,81.08426252056177,1996.36988631331,298.15
2720.0,82.99763856091124,1.0,220.6726226291167,80.56001377857632,1903.22112376145,298.15
2721.0,82.9913876927351,1.0,222.7521736916302,78.03475846749195,2030.951688756357,298.15
2722.0,82.98513682455896,1.0,220.31359591531367,71.50324048661389,1700.7384900113118,298.15
2723.0,82.97888595638283,1.0,221.55577792526486,82.87770815384114,1584.1380581988376,298.15
2724.0,82.97263508820669,1.0,211.86112529367995,71.25503867059761,1893.4733816471519,298.15
2725.0,82.96638422003056,1.0,230.89194534002175,75.9826378829021,1515.525944257061,298.15
2726.0,82.96013335185442,1.0,232.30404073151598,82.66742050287856,1923.0232329851926,298.15
2727.0,82.95388248367829,1.0,215.31932437457294,85.51825048966009,1748.3583852746917,298.15
2728.0,82.94763161550216,1.0,223.30586435721054,74.91887715761912,1878.8964088445568,298.15
2729.0,82.94138074732602,1.0,228.18950631150892,75.44228892656855,2018.5065222591252,298.15
2730.0,82.93512987914988,1.0,227.70326228507267,76.52970334171985,2252.9393172820155,298.15
2731.0,82.92887901097374,1.0,234.32886176694998,78.85691956375189,1726.7224762828237,298.15
2732.0,82.9226281427976,1.0,229.61837714043386,74.95422651933059,1536.8751990020253,298.15
2733.0,82.91637727462148,1.0,228.20011502872023,75.93656756689704,1584.8686914256025,298.15
2734.0,82.91012640644534,1.0,226.4008019023844,73.28057934049747,2014.436256453851,298.15
2735.0,82.9038755382692,1.0,227.84889283726744,72.08826169959846,1673.3476673003079,298.15
2736.0,82.89762467009307,1.0,233.27711321298045,78.05597984454428,2021.1510053053723,298.15
2737.0,82.89137380191693,1.0,232.46319918148023,77.77717985552938,1779.7586183345163,298.15
2738.0,82.8851229337408,1.0,227.3481064682558,78.73782342170283,2265.5542169454293,298.15
2739.0,82.87887206556466,1.0,230.01211076564567,76.35320115394433,1898.1400023437986,298.15
2740.0,82.87262119738853,1.0,229.3958612251174,71.9330003014513,1546.4832999035843,298.15
2741.0,82.86637032921239,1.0,228.10210029933836,75.88091136089888,2313.6057024380834,298.15
2742.0,82.86011946103625,1.0,220.91459107805545,75.9065315416557,1609.3136377037645,298.15
2743.0,82.85386859286012,1.0,228.43633942005354,71.69190125725267,1581.6762982166463,298.15
2744.0,82.84761772468399,1.0,235.40247762073602,82.61828731049826,2097.342712449837,298.15
2745.0,82.84136685650785,1.0,233.94837057238547,75.49883563483544,1613.5689454178194,298.15
2746.0,82.83511598833171,1.0,238.57146293689263,78.96216240344238,2055.055043660438,298.15
2747.0,82.82886512015557,1.0,236.98357486059285,75.61144631749416,2027.5766884429222,298.15
2748.0,82.82261425197945,1.0,245.14311155476793,76.53513669246735,2147.7457986431705,298.15
2749.0,82.8163633838033,1.0,230.82957762206817,77.49478856987415,2874.786126333236,298.15
2750.0,82.81011251562717,1.0,233.6856349253158,76.50240725949462,2314.6973904858714,298.15
2751.0,82.80386164745103,1.0,221.44432047090453,78.2794176468383,2062.103982250801,298.15
2752.0,82.79761077927489,1.0,231.89022113579736,80.80176585439267,3255.898685009378,298.15
2753.0,82.79135991109877,1.0,237.5409765372017,84.57841869289093,2556.1035395714503,298.15
2754.0,82.78510904292263,1.0,240.12885534438036,73.79662352689152,2142.3421750263255,298.15
2755.0,82.77885817474649,1.0,235.5216308448487,68.34831565592337,2892.790754874294,298.15
2756.0,82.77260730657036,1.0,231.9755207485071,84.28806805718972,1634.479729047022,298.15
2757.0,82.76635643839423,1.0,248.88066072221517,79.35713239237907,2344.0058789534282,298.15
2758.0,82.76010557021809,1.0,233.5351963102419,80.39641512443036,2277.021243585891,298.15
2759.0,82.75385470204195,1.0,226.0582052630798,75.16821101241602,2495.9455852143333,298.15
2760.0,82.74760383386581,1.0,227.52195446886233,89.40828811167634,2589.2366436677003,298.15
2761.0,82.74135296568969,1.0,246.39960076798278,79.53302177987942,2424.759137877508,298.15
2762.0,82.73510209751355,1.0,242.6444437028029,76.10387902363591,2928.326588284013,298.15
2763.0,82.72885122933741,1.0,242.03675800742292,71.07983823700238,3062.180370583917,298.15
2764.0,82.72260036116127,1.0,235.4498959177181,85.01994024142388,2194.37512131554,298.15
2765.0,82.71634949298513,1.0,226.46568743371253,70.1179316325107,2202.5425015972223,298.15
2766.0,82.710098624809,1.0,231.1821614834338,89.07544262113953,3368.361287305829,298.15
2767.0,82.70384775663287,1.0,226.9220989995828,82.17697799381683,2638.9995433635095,298.15
2768.0,82.69759688845673,1.0,239.28624104496976,73.69831493061245,2210.518725829561,298.15
2769.0,82.69134602028059,1.0,247.21667082462272,79.0385198669154,2801.569442731946,298.15
2770.0,82.68509515210445,1.0,233.4777007580186,70.91570879093615,3048.0667911481987,298.15
2771.0,82.67884428392833,1.0,240.4285166153736,81.94200721240472,3169.638528782787,298.15
2772.0,82.67259341575219,1.0,245.0521620091552,71.08821949904402,3172.194155401503,298.15
2773.0,82.66634254757605,1.0,230.91223746068994,68.31414684053252,2984.99837685213,298.15
2774.0,82.66009167939991,1.0,243.41777721195677,68.40431531663661,2521.2802257646495,298.15
2775.0,82.65384081122377,1.0,241.42770589892908,77.270036570624,3062.9748559550108,298.15
2776.0,82.64758994304765,1.0,237.0214258247289,75.25734669176154,3338.297101804313,298.15
2777.0,82.64133907487151,1.0,248.91565577727664,75.0313491293362,3541.7725140749912,298.15
2778.0,82.63508820669537,1.0,244.26214297111375,70.53773733487326,3290.966189390357,298.15
2779.0,82.62883733851923,1.0,244.42895780259738,72.13831030921257,3654.961884650705,298.15
2780.0,82.6225864703431,1.0,238.72311939139513,74.54715551708895,2789.1443233755854,298.15
2781.0,82.61633560216697,1.0,246.6905843158676,80.49785890526682,3237.632387656353,298.15
2782.0,82.61008473399083,1.0,228.05801728806017,70.88043595976018,3132.4629222795347,298.15
2783.0,82.60383386581469,1.0,237.5049486477621,74.64446771239592,3937.938624247044,298.15
2784.0,82.59758299763857,1.0,236.97269118728204,80.66253202703831,3593.195006443336,298.15
2785.0,82.59133212946243,1.0,235.92244765401207,75.22180222740256,4475.091343996366,298.15
2786.0,82.58508126128629,1.0,234.71729433269897,68.60590666505611,3383.5800682399517,298.15
2787.0,82.57883039311015,1.0,243.81271373205018,70.81937188045303,3593.066460552247,298.15
2788.0,82.57257952493401,1.0,235.13946894713266,72.8301069579602,3411.9296913013986,298.15
2789.0,82.56632865675789,1.0,237.88770056780743,61.102379072388146,2869.2353072297874,298.15
2790.0,82.56007778858175,1.0,253.9438300803444,66.34877119702183,3187.282381125088,298.15
2791.0,82.55382692040561,1.0,238.00305157711367,70.91036490300597,3351.0445371627334,298.15
2792.0,82.54757605222947,1.0,234.82590162909486,79.71900249767839,2806.5008322305257,298.15
2793.0,82.54132518405333,1.0,233.15145863972612,76.86887622042687,3288.1728514628853,298.15
2794.0,82.53507431587721,1.0,235.66385719562047,61.83675951178145,2795.685155856308,298.15
2795.0,82.52882344770107,1.0,235.17859087640852,62.37284353521411,4453.186869706022,298.15
2796.0,82.52257257952493,1.0,247.7178908112688,77.74330572538312,3696.0463893768647,298.15
2797.0,82.5163217113488,1.0,236.75220497532834,61.197365628393555,3447.176180551036,298.15
2798.0,82.51007084317266,1.0,232.87164132448794,59.70800313544008,3587.328709595212,298.15
2799.0,82.50381997499653,1.0,248.79090465152046,56.87890728431171,3744.08708211617,298.15
2800.0,82.4975691068204,1.0,230.92930941799716,63.556190521885526,3741.9950588973034,298.15
2801.0,82.49131823864425,1.0,225.23680450840547,76.67089938597007,3272.5093127550554,298.15
2802.0,82.48506737046812,1.0,230.84873591533554,70.77566619103904,3084.785964700438,298.15
2803.0,82.47881650229198,1.0,222.8746177987683,65.5449088372101,3266.835549512944,298.15
2804.0,82.47256563411585,1.0,234.94999620243306,74.29641573978834,3138.5976985944317,298.15
2805.0,82.46631476593971,1.0,232.08493297439745,75.5539600860861,2584.7946017625522,298.15
2806.0,82.46006389776358,1.0,234.07663533694213,61.77001170749513,2354.925028520138,298.15
2807.0,82.45381302958745,1.0,228.34986122972472,55.45042218139211,3382.32173775073,298.15
2808.0,82.4475621614113,1.0,232.00223568839093,56.76366904171655,3327.6935847391514,298.15
2809.0,82.44131129323517,1.0,239.7804478108333,59.19365600727224,2910.032252666067,298.15
2810.0,82.43506042505904,1.0,234.38487995115517,63.13893443660864,2523.3345343123133,298.15
2811.0,82.4288095568829,1.0,235.00259888842916,72.79533548304073,2649.1631885440215,298.15
2812.0,82.42255868870677,1.0,232.3585106365771,68.1063420913224,3057.0410040575143,298.15
2813.0,82.41630782053063,1.0,237.22909230362998,57.98149506915318,2676.2927955178925,298.15
2814.0,82.4100569523545,1.0,228.47352961038783,65.86697587969546,2294.2884378338676,298.15
2815.0,82.40380608417836,1.0,227.10438912596288,65.86227495316348,2823.7446798078267,298.15
2816.0,82.39755521600222,1.0,226.11140906877912,54.47298021111954,2434.0989306551755,298.15
2817.0,82.3913043478261,1.0,221.13835493430747,59.06940305278918,2933.9832006537913,298.15
2818.0,82.38505347964995,1.0,223.77524023287987,50.51866611208827,2695.2678682656224,298.15
2819.0,82.37880261147382,1.0,232.62291629441492,64.3146616082613,2932.3363096615126,298.15
2820.0,82.37255174329768,1.0,219.56552260577604,59.66399955573929,2278.089371772256,298.15
2821.0,82.36630087512154,1.0,222.56489561644915,61.242033129674915,2961.6167210955346,298.15
2822.0,82.36005000694541,1.0,227.81757777380508,66.89816326622677,1996.8496672366352,298.15
2823.0,82.35379913876928,1.0,221.051808372986,67.32464246460786,2273.6008242394228,298.15
2824.0,82.34754827059314,1.0,219.90959480228807,66.12320369657523,1953.0860771274395,298.15
2825.0,82.341297402417,1.0,222.63112819281503,65.99384908122869,1809.5349159476627,298.15
2826.0,82.33504653424086,1.0,224.1762923640793,60.226742741369875,1914.7660390885628,298.15
2827.0,82.32879566606474,1.0,209.83964867515718,59.835327479566175,1838.1496648367752,298.15
2828.0,82.3225447978886,1.0,223.52277281471214,68.51111877843638,2973.3393998877223,298.15
2829.0,82.31629392971246,1.0,218.18275673205727,57.997208619520386,2022.0968725407001,298.15
2830.0,82.31004306153632,1.0,207.2487318957861,51.7682770183645,2196.702644247677,298.15
2831.0,82.30379219336018,1.0,218.67191936828675,50.0,1909.3672815730747,298.15
2832.0,82.29754132518406,1.0,221.05846638714095,65.31439218346372,2090.8253379664634,298.15
2833.0,82.29129045700792,1.0,213.64961803169754,59.326918061254716,2078.428385061164,298.15
2834.0,82.28503958883178,1.0,215.85405061525404,66.19743144303794,1599.3825403406713,298.15
2835.0,82.27878872065565,1.0,214.47055131290563,53.03600329044038,1940.6812405385135,298.15
2836.0,82.2725378524795,1.0,218.88263731509883,58.39641288252817,1337.9601839023612,298.15
2837.0,82.26628698430338,1.0,215.17581152826193,61.60328727922472,1706.6712832804985,298.15
2838.0,82.26003611612724,1.0,208.26665581064017,70.50879521919146,1985.3636781018483,298.15
2839.0,82.2537852479511,1.0,200.71249486756818,56.140520710117286,2173.9320564443456,298.15
2840.0,82.24753437977498,1.0,203.08487903582486,66.26097739562454,1517.8237072346021,298.15
2841.0,82.24128351159884,1.0,212.24865189233194,59.21451355639694,2288.2291319991027,298.15
2842.0,82.2350326434227,1.0,211.2859437772495,58.04113775761326,2183.868924557199,298.15
2843.0,82.22878177524656,1.0,199.0858606921934,66.35480463415374,1511.3953630748902,298.15
2844.0,82.22253090707042,1.0,200.44592121870159,69.1296338985564,1369.047936735369,298.15
2845.0,82.2162800388943,1.0,202.08332724473948,61.40112923656587,1494.6812894965622,298.15
2846.0,82.21002917071816,1.0,211.78478451119352,50.0,1105.075564629143,298.15
2847.0,82.20377830254202,1.0,199.2190328126016,56.541772980199106,1254.0026465117576,298.15
2848.0,82.19752743436588,1.0,194.73724713730402,57.919952549838385,1231.4048257852571,298.15
2849.0,82.19127656618974,1.0,209.68492590781412,65.20351135299273,1821.885532440822,298.15
2850.0,82.18502569801362,1.0,199.45210390629472,53.072309615041846,1920.6764746199735,298.15
2851.0,82.17877482983748,1.0,197.99221137974976,61.86230963950727,2480.2268944028287,298.15
2852.0,82.17252396166134,1.0,195.28560702702836,62.39050777336434,2062.7940068947146,298.15
2853.0,82.1662730934852,1.0,193.11429986701012,64.35822100478975,1707.0959966127818,298.15
2854.0,82.16002222530906,1.0,198.85349890059405,68.35172793597208,1561.6789416856257,298.15
2855.0,82.15377135713294,1.0,194.44728363944503,54.892362830186016,2226.8984773533875,298.15
2856.0,82.1475204889568,1.0,189.48438707095966,60.67653278774738,1282.5251433708765,298.15
2857.0,82.14126962078066,1.0,189.23088730436365,60.12967608144746,1766.67728709695,298.15
2858.0,82.13501875260452,1.0,198.70603639314714,61.24828251396063,1307.392369069003,298.15
2859.0,82.12876788442838,1.0,198.52731656985685,60.97526177556443,2001.3417382870516,298.15
2860.0,82.12251701625226,1.0,189.56801542381518,64.13563959996519,2308.631307450923,298.15
2861.0,82.11626614807612,1.0,191.0735444292091,69.61978138309897,1247.2713374231862,298.15
2862.0,82.11001527989998,1.0,192.76199251670351,58.74031517370519,2566.4831554681773,298.15
2863.0,82.10376441172386,1.0,189.00045800002405,59.690467195799975,1518.5266433379848,298.15
2864.0,82.0975135435477,1.0,186.64778631702998,60.32137869843832,1632.1144320199687,298.15
2865.0,82.09126267537158,1.0,187.75529528422774,72.26540924681608,1996.1793071040793,298.15
2866.0,82.08501180719544,1.0,192.79272517088378,63.09129139786512,1548.4556460861745,298.15
2867.0,82.0787609390193,1.0,183.06512041163194,63.484702080508896,2762.161597151479,298.15
2868.0,82.07251007084318,1.0,183.80168444492168,81.20019622112939,1432.028781790659,298.15
2869.0,82.06625920266704,1.0,192.92186556595584,63.2669031453598,1767.8057306462529,298.15
2870.0,82.0600083344909,1.0,186.86105080513687,60.732584510823884,1783.0440005002195,298.15
2871.0,82.05375746631476,1.0,189.83863591053964,56.69082905513254,2485.83860381298,298.15
2872.0,82.04750659813863,1.0,183.11330652015485,78.23342990149848,1895.5844237760507,298.15
2873.0,82.0412557299625,1.0,187.1352536672631,74.1125421268052,2524.7304440660946,298.15
2874.0,82.03500486178636,1.0,195.60784078030952,67.23233207602352,2315.897739166227,298.15
2875.0,82.02875399361022,1.0,182.8815661690078,64.16370570775958,2270.586557366378,298.15
2876.0,82.02250312543408,1.0,180.0,71.92888944406396,1806.0644252509644,298.15
2877.0,82.01625225725795,1.0,180.0,67.64324455153816,2142.009427004122,298.15
2878.0,82.01000138908182,1.0,180.0,73.54283487286733,2150.7367386766778,298.15
2879.0,82.00375052090568,1.0,180.0,62.02696623569841,1980.1309572455498,298.15
2880.0,81.99749965272954,1.0,181.15964330005653,69.89978661576548,2276.6170812561086,298.15
2881.0,81.9912487845534,1.0,180.0,65.15801589521244,2873.9614176732584,298.15
2882.0,81.98499791637727,1.0,180.0,68.20712058709039,2536.1419085137186,298.15
2883.0,81.97874704820114,1.0,180.0,64.93455062008661,2849.8309231341964,298.15
2884.0,81.972496180025,1.0,180.0,74.36058307404213,2497.6887107257066,298.15
2885.0,81.96624531184887,1.0,180.0,65.39563455658943,2554.718970535683,298.15
2886.0,81.95999444367273,1.0,183.961275898207,81.12981397699589,3077.172166976287,298.15
2887.0,81.95374357549659,1.0,180.0,72.7163870231877,2756.1135872777795,298.15
2888.0,81.94749270732046,1.0,180.0,67.42479490612337,2192.347899552274,298.15
2889.0,81.94124183914433,1.0,180.0,70.40362631571556,2820.8591704198047,298.15
2890.0,81.93499097096819,1.0,180.0,73.33583594117688,2697.5960338215004,298.15
2891.0,81.92874010279206,1.0,183.00743587373222,86.53583488413378,2992.5612677092804,298.15
2892.0,81.92248923461591,1.0,180.0,80.13254421831567,3377.5042117461535,298.15
2893.0,81.91623836643979,1.0,180.0,58.98297820681716,3265.7208827055547,298.15
2894.0,81.90998749826365,1.0,180.0,73.32515900314087,2762.676395812587,298.15
2895.0,81.90373663008751,1.0,180.0,69.62199309798231,2807.416975491181,298.15
2896.0,81.89748576191138,1.0,180.0,65.38636112109734,3056.190908500982,298.15
2897.0,81.89123489373524,1.0,180.0,87.43879622581315,3463.1927328158154,298.15
2898.0,81.8849840255591,1.0,180.0,75.24960400411719,2493.2118648206906,298.15
2899.0,81.87873315738297,1.0,180.0,73.0807198859714,3032.8689637400776,298.15
2900.0,81.87248228920683,1.0,180.0,87.8901280834661,3227.7959237914824,298.15
2901.0,81.8662314210307,1.0,180.0,79.65326833851964,3657.4118074677413,298.15
2902.0,81.85998055285457,1.0,180.0,74.07705003209495,3546.945149727086,298.15
2903.0,81.85372968467843,1.0,180.0,79.7202731605707,3581.3667217694615,298.15
2904.0,81.84747881650229,1.0,180.0,87.2635413619785,2421.1293368538827,298.15
2905.0,81.84122794832615,1.0,180.0,75.11812425596867,3718.0657555179805,298.15
2906.0,81.83497708015003,1.0,180.0,79.42415218790282,3574.7819302907074,298.15
2907.0,81.82872621197389,1.0,180.0,85.78746565630205,3530.337696767956,298.15
2908.0,81.82247534379775,1.0,180.0,73.9558986572489,3437.616802696172,298.15
2909.0,81.81622447562161,1.0,180.0,85.15242615793689,3458.3670651285097,298.15
2910.0,81.80997360744547,1.0,180.0,82.04809869776008,3448.129633116523,298.15
2911.0,81.80372273926935,1.0,180.0,88.44102931865886,3446.104410149967,298.15
2912.0,81.79747187109321,1.0,180.0,68.16733918405048,3186.929668375536,298.15
2913.0,81.79122100291707,1.0,180.0,73.17494607343319,3684.665022423413,298.15
2914.0,81.78497013474093,1.0,180.0,73.98555569834092,3301.9945286669167,298.15
2915.0,81.77871926656479,1.0,180.0,75.63561386059065,3093.372989113852,298.15
2916.0,81.77246839838867,1.0,180.0,80.94546182699452,3290.754879109777,298.15
2917.0,81.76621753021253,1.0,180.0,93.07336494289711,3060.9137468813456,298.15
2918.0,81.75996666203639,1.0,180.0,73.07544980090707,3354.393762944331,298.15
2919.0,81.75371579386027,1.0,180.0,76.1944596220518,3374.8130677576896,298.15
2920.0,81.74746492568413,1.0,180.0,87.16883143600147,2922.510680099382,298.15
2921.0,81.74121405750799,1.0,180.0,81.26794746455661,3363.8705188358567,298.15
2922.0,81.73496318933185,1.0,180.0,90.40807884030878,2341.442246415496,298.15
2923.0,81.72871232115571,1.0,180.0,78.69467620630078,3449.213467441911,298.15
2924.0,81.72246145297959,1.0,180.0,78.445269091897,3312.3684587191224,298.15
2925.0,81.71621058480345,1.0,180.0,86.05334777545154,2922.492149021001,298.15
2926.0,81.70995971662731,1.0,180.0,76.73309725726087,2632.9372336501965,298.15
2927.0,81.70370884845117,1.0,180.0,75.54108946543056,2935.47827703115,298.15
2928.0,81.69745798027503,1.0,180.0,80.20738222963588,2758.966771840106,298.15
2929.0,81.69120711209891,1.0,180.0,75.40513241448181,3105.8588363394792,298.15
2930.0,81.68495624392277,1.0,180.0,80.6544869200383,3712.754329108072,298.15
2931.0,81.67870537574663,1.0,180.0,81.92351034667352,3028.7822808371643,298.15
2932.0,81.67245450757049,1.0,180.0,88.13021229992219,2849.1827176626152,298.15
2933.0,81.66620363939435,1.0,180.0,70.79019755140423,3202.4988955660087,298.15
2934.0,81.65995277121823,1.0,180.0,91.17433194867218,2794.1452345345624,298.15
2935.0,81.65370190304209,1.0,180.0,76.20647282941192,2578.7750349717653,298.15
2936.0,81.64745103486595,1.0,180.0,91.32593231880551,2215.904512307501,298.15
2937.0,81.64120016668981,1.0,180.0,76.76944040431799,2192.000271637557,298.15
2938.0,81.63494929851367,1.0,180.0,77.73738565724577,2469.823328841789,298.15
2939.0,81.62869843033755,1.0,180.0,84.59602021784941,2123.1433227601556,298.15
2940.0,81.62244756216141,1.0,180.0,69.33794651332913,2728.560383610452,298.15
2941.0,81.61619669398527,1.0,180.0,72.7323057859656,2490.523341831525,298.15
2942.0,81.60994582580913,1.0,180.0,69.85506242559548,2162.95226024805,298.15
2943.0,81.603694957633,1.0,180.0,84.72151722313453,2857.126573314773,298.15
2944.0,81.59744408945687,1.0,180.0,80.68122878701479,2467.406699190273,298.15
2945.0,81.59119322128073,1.0,180.0,84.50597816819298,2567.31832093881,298.15
2946.0,81.5849423531046,1.0,180.0,78.01826134006204,2455.47333486639,298.15
2947.0,81.57869148492847,1.0,180.0,70.19689095464142,2014.2414978915142,298.15
2948.0,81.57244061675233,1.0,180.0,76.6440420640921,2119.731159299422,298.15
2949.0,81.56618974857619,1.0,180.0,75.22885028042688,2814.6912127171454,298.15
2950.0,81.55993888040005,1.0,180.0,70.97069993942253,1506.537916402582,298.15
2951.0,81.55368801222392,1.0,180.0,77.18373337298324,2361.478758136106,298.15
2952.0,81.54743714404779,1.0,180.0,77.1835247769545,1716.3109851063227,298.15
2953.0,81.54118627587165,1.0,180.0,77.01880371733223,2071.191928488696,298.15
2954.0,81.53493540769551,1.0,180.0,78.72583034328464,2211.630538149373,298.15
2955.0,81.52868453951938,1.0,180.0,73.64724376776606,1902.7782107766277,298.15
2956.0,81.52243367134324,1.0,180.0,78.82064326688398,2078.677985489671,298.15
2957.0,81.51618280316711,1.0,180.0,70.2653483228237,1000.0,298.15
2958.0,81.50993193499097,1.0,180.0,78.59262978531005,1871.2238638958413,298.15
2959.0,81.50368106681483,1.0,180.0,77.53788127561086,2074.027408627213,298.15
2960.0,81.4974301986387,1.0,180.0,81.67490932446876,1360.0565010065475,298.15
2961.0,81.49117933046256,1.0,180.0,77.49704715906257,1631.65097327469,298.15
2962.0,81.48492846228643,1.0,188.74161574717917,75.60373874344847,2000.5218674694186,298.15
2963.0,81.4786775941103,1.0,180.0,79.42484566959683,1792.5835803365153,298.15
2964.0,81.47242672593416,1.0,180.06808098189723,71.47529016237743,2174.692700751401,298.15
2965.0,81.46617585775802,1.0,180.0,63.11596748917947,1438.5302496242432,298.15
2966.0,81.45992498958188,1.0,180.0,75.8841188826664,1811.1579637291527,298.15
2967.0,81.45367412140575,1.0,180.0,64.27936710426614,1597.779164227729,298.15
2968.0,81.44742325322962,1.0,180.0,75.98288879882097,2070.750095183103,298.15
2969.0,81.44117238505348,1.0,180.0,60.1899298037035,1536.2130183942172,298.15
2970.0,81.43492151687734,1.0,180.0,76.19492853765139,1630.9318162756945,298.15
2971.0,81.4286706487012,1.0,185.76523206648812,80.9371147793841,1902.0952312219438,298.15
2972.0,81.42241978052508,1.0,180.6497544501958,70.72910749531597,1223.789650881676,298.15
2973.0,81.41616891234894,1.0,182.68801657665577,65.61508370637597,2148.156458321192,298.15
2974.0,81.4099180441728,1.0,187.92220393964206,68.42124671037901,1037.2314627841392,298.15
2975.0,81.40366717599667,1.0,180.0,72.06545074083536,1332.291134565794,298.15
2976.0,81.39741630782054,1.0,180.0,71.05513239562174,1643.1784509467227,298.15
2977.0,81.3911654396444,1.0,187.89126055330135,61.67464545294933,1000.0,298.15
2978.0,81.38491457146826,1.0,180.0,76.33657125148731,1349.5742509732734,298.15
2979.0,81.37866370329212,1.0,180.0,62.0046096763847,2095.3657688036196,298.15
2980.0,81.372412835116,1.0,180.0,60.91928639789577,1522.1369390262275,298.15
2981.0,81.36616196693986,1.0,190.14165952422772,62.44776190287024,1461.6189383530586,298.15
2982.0,81.35991109876372,1.0,193.32289175855274,67.47744876399992,1860.2175478144404,298.15
2983.0,81.35366023058758,1.0,185.1246772502677,66.98372788753686,2051.876443685405,298.15
2984.0,81.34740936241144,1.0,189.10264982722785,63.95119753280037,1679.5448457043585,298.15
2985.0,81.34115849423532,1.0,187.3222419313764,68.5226276709535,2093.75114511905,298.15
2986.0,81.33490762605918,1.0,189.64096485859173,63.19168102652529,2322.3280865509255,298.15
2987.0,81.32865675788304,1.0,184.07352558531124,63.50023818661442,1713.4530701056397,298.15
2988.0,81.3224058897069,1.0,180.0,61.550220357507605,2441.926795256311,298.15
2989.0,81.31615502153076,1.0,187.5739979628347,65.24508724749987,2412.584788456938,298.15
2990.0,81.30990415335464,1.0,197.7305601980305,59.26213583584402,2607.8177041273125,298.15
2991.0,81.3036532851785,1.0,200.23812233790505,61.697872442758616,2032.6841672332127,298.15
2992.0,81.29740241700236,1.0,188.88407968543743,65.56984360911487,2453.114085518576,298.15
2993.0,81.29115154882622,1.0,190.87448217048404,70.92180665664672,2772.760930019322,298.15
2994.0,81.28490068065008,1.0,197.7297914633444,50.0,2138.759204671657,298.15
2995.0,81.27864981247396,1.0,207.7496780337956,62.55804068635277,2910.052113595114,298.15
2996.0,81.27239894429782,1.0,203.08664291713083,62.47072287888849,2382.0207879896875,298.15
2997.0,81.26614807612168,1.0,204.72693284704837,56.15890947417789,2333.770921325741,298.15
2998.0,81.25989720794554,1.0,190.36464903459645,57.1805675848496,1931.5898160750935,298.15
2999.0,81.2536463397694,1.0,208.965855942738,54.81249705947216,2714.630342377959,298.15
3000.0,81.24739547159328,1.0,196.5688830627352,67.34685796912079,3195.70090472565,298.15
3001.0,81.24114460341714,1.0,197.2841738828359,51.15058746333076,2021.5269821920526,298.15
3002.0,81.234893735241,1.0,207.13412479358024,54.81954160925634,2767.4588017252836,298.15
3003.0,81.22864286706488,1.0,206.98151439018767,56.0829576790729,2954.7918793228896,298.15
3004.0,81.22239199888874,1.0,207.08078126443075,56.60863508449998,2428.2931726247098,298.15
3005.0,81.2161411307126,1.0,209.15906054157554,59.7299429419103,2663.624799395234,298.15
3006.0,81.20989026253646,1.0,204.2511766483501,56.84179096317534,2927.426031881873,298.15
3007.0,81.20363939436032,1.0,212.52990128618595,59.37381507249639,2199.124733795337,298.15
3008.0,81.1973885261842,1.0,213.61578617282876,53.09482473740432,2831.4038501614205,298.15
3009.0,81.19113765800806,1.0,216.53337856019073,50.60134308418311,2392.297105703237,298.15
3010.0,81.18488678983192,1.0,214.38577787649797,60.81634931409237,3286.3850866826347,298.15
3011.0,81.17863592165578,1.0,199.96238844464818,66.1377245131939,3196.232290068657,298.15
3012.0,81.17238505347964,1.0,208.04145844528165,60.102366204336576,2764.7471412402965,298.15
3013.0,81.16613418530352,1.0,209.49699083867907,59.03269821286938,3066.836303972726,298.15
3014.0,81.15988331712738,1.0,212.7390732351756,59.13934377650143,2004.1364294162397,298.15
3015.0,81.15363244895124,1.0,215.42237572778248,57.329448770665515,3287.401233921001,298.15
3016.0,81.1473815807751,1.0,212.4407264543652,67.10203785731487,3313.0934868876056,298.15
3017.0,81.14113071259897,1.0,217.41436487245866,67.85633412255677,2956.174353513285,298.15
3018.0,81.13487984442284,1.0,215.7239248729029,66.63758587547137,3806.185728038153,298.15
3019.0,81.1286289762467,1.0,208.75510680380734,69.13580777968636,3322.057327671894,298.15
3020.0,81.12237810807056,1.0,206.43404605425147,63.65464111214133,3298.1175184166823,298.15
3021.0,81.11612723989442,1.0,210.5184533941852,61.54284563163846,3721.2022868772438,298.15
3022.0,81.10987637171829,1.0,209.62491128843698,58.7000502371888,3623.3955232453613,298.15
3023.0,81.10362550354216,1.0,207.07318529257626,61.25610523519277,3122.656815554321,298.15
3024.0,81.09737463536602,1.0,224.19155357313852,60.89730801161555,3447.361014664432,298.15
3025.0,81.09112376718988,1.0,229.2897935066713,67.97265938410126,3757.301177813039,298.15
3026.0,81.08487289901376,1.0,217.47001741946806,63.89392798328628,3646.3165277430794,298.15
3027.0,81.07862203083761,1.0,224.4775088479869,69.5487392735317,3431.6087683167107,298.15
3028.0,81.07237116266148,1.0,232.06553411516626,55.816264655578365,3197.0565898988807,298.15
3029.0,81.06612029448534,1.0,226.39112685204805,72.70688819290751,3406.564196354897,298.15
3030.0,81.0598694263092,1.0,217.89209025385364,60.046268839969116,3102.7011112948703,298.15
3031.0,81.05361855813308,1.0,223.6310312335263,70.80807312004046,3276.6318025186633,298.15
3032.0,81.04736768995694,1.0,217.2944622234884,59.79501873165868,3151.108457371885,298.15
3033.0,81.0411168217808,1.0,220.1041514564713,64.80901855610401,3145.5895231273716,298.15
3034.0,81.03486595360467,1.0,221.71829949509984,61.32111872102212,3219.900027867631,298.15
3035.0,81.02861508542853,1.0,212.86133075563058,63.9443692689041,3774.0775788721166,298.15
3036.0,81.0223642172524,1.0,227.46733501855235,64.70164658192606,3019.767510973388,298.15
3037.0,81.01611334907626,1.0,217.41151240908562,61.440952580943396,3560.7354070519477,298.15
3038.0,81.00986248090013,1.0,228.00898045116298,57.7507013389722,3190.2531204797715,298.15
3039.0,81.00361161272399,1.0,231.32993687006604,66.71805489741662,3886.979938710916,298.15
3040.0,80.99736074454785,1.0,232.67402504737606,69.81920081418176,3820.4717552741618,298.15
3041.0,80.99110987637172,1.0,231.4744830649629,61.434129569221035,3076.3847590593914,298.15
3042.0,80.98485900819558,1.0,233.56778168349473,62.249145173353966,2661.22910603786,298.15
3043.0,80.97860814001945,1.0,239.98428663229564,69.77140028315333,2812.1391894922663,298.15
3044.0,80.97235727184331,1.0,239.5848073267549,65.62561064105022,3874.5085954302554,298.15
3045.0,80.96610640366717,1.0,230.62495094173497,65.53066683756897,3161.4002480499353,298.15
3046.0,80.95985553549104,1.0,228.28818051760555,77.26241505489838,3832.4933760051,298.15
3047.0,80.9536046673149,1.0,245.05522497739125,56.4406174525695,3683.538672082077,298.15
3048.0,80.94735379913877,1.0,232.8272708654937,61.466969419655875,3582.482532223077,298.15
3049.0,80.94110293096263,1.0,231.59750613823704,69.50121312381866,2759.5049952674876,298.15
3050.0,80.93485206278649,1.0,241.26794590325494,64.26713791138859,3364.0591163038657,298.15
3051.0,80.92860119461037,1.0,238.53521176770622,63.21422117168987,3122.9542513697356,298.15
3052.0,80.92235032643423,1.0,242.5963013090993,55.84124907303806,3364.7086200525855,298.15
3053.0,80.91609945825809,1.0,237.4507189656072,62.12597228369776,2475.663539861643,298.15
3054.0,80.90984859008196,1.0,244.08668806769543,63.27174183891259,2777.8434557834703,298.15
3055.0,80.90359772190581,1.0,233.62829907714325,66.92222951023808,3063.6868474075673,298.15
3056.0,80.89734685372969,1.0,232.65998749291165,72.32611232584091,3305.4027151160903,298.15
3057.0,80.89109598555355,1.0,230.5091136355617,70.63885685287546,2012.7217951922871,298.15
3058.0,80.88484511737741,1.0,249.69644619801983,76.69863011532364,3416.5679383139955,298.15
3059.0,80.87859424920129,1.0,231.75934659606736,68.37165082081209,2473.9747731520524,298.15
3060.0,80.87234338102515,1.0,234.95801622062996,72.8392782369821,1970.4581495968305,298.15
3061.0,80.86609251284901,1.0,240.49670714902106,69.40696809652292,1951.6559472633107,298.15
3062.0,80.85984164467287,1.0,242.0964991642019,64.59907055106794,1057.9506150912891,298.15
3063.0,80.85359077649673,1.0,247.3235380700175,77.23577625351162,1963.985570047058,298.15
3064.0,80.8473399083206,1.0,234.13410067562282,66.02614681785306,2181.052613491295,298.15
3065.0,80.84108904014447,1.0,225.77687056336816,76.74116406651494,2779.9304372432534,298.15
3066.0,80.83483817196833,1.0,242.39398882526203,71.8995024777716,2694.3852875056355,298.15
3067.0,80.82858730379219,1.0,253.4156641772714,75.6036459085106,2450.163092366356,298.15
3068.0,80.82233643561605,1.0,240.64690241501782,71.46255767966505,2510.1152749109656,298.15
3069.0,80.81608556743993,1.0,238.33369832261184,75.6329956680268,2548.7610598549763,298.15
3070.0,80.80983469926379,1.0,249.99005994174257,79.17141961503492,2561.510106044219,298.15
3071.0,80.80358383108765,1.0,241.97461388578978,73.86654970105533,2415.056333636006,298.15
3072.0,80.79733296291151,1.0,234.45032915318697,78.74602774051701,1656.502732204512,298.15
3073.0,80.79108209473537,1.0,230.30010895199223,74.0786501724579,2071.2552676114283,298.15
3074.0,80.78483122655925,1.0,226.03278941967736,87.16469911739067,2393.9305675907226,298.15
3075.0,80.77858035838311,1.0,234.32411576470165,72.93352999313215,1125.7114032989803,298.15
3076.0,80.77232949020697,1.0,242.36428849416376,73.92310304023454,2035.7829092329298,298.15
3077.0,80.76607862203083,1.0,241.38685336751365,78.69656688871359,1782.8028386809885,298.15
3078.0,80.7598277538547,1.0,229.70289485789507,78.30334546511317,1468.9071042915257,298.15
3079.0,80.75357688567857,1.0,241.5299965162397,73.6083110938346,1902.67941210766,298.15
3080.0,80.74732601750243,1.0,237.83510447888068,76.78682234939723,1780.8528939439,298.15
3081.0,80.74107514932629,1.0,254.8143550087596,77.53340309669291,1468.46270981219,298.15
3082.0,80.73482428115017,1.0,236.2380914306677,85.2671809964278,1844.7404703761679,298.15
3083.0,80.72857341297401,1.0,226.85183445212408,71.85963172022707,1531.8348433447989,298.15
3084.0,80.72232254479789,1.0,247.96782002384583,80.31318711727477,1922.6743734470945,298.15
3085.0,80.71607167662175,1.0,242.98097752150883,83.58338662121099,2157.659972907045,298.15
3086.0,80.70982080844561,1.0,247.5254060867509,75.90417356837838,1768.996639322142,298.15
3087.0,80.70356994026949,1.0,236.42540027767046,86.66144311652012,2220.2193127166597,298.15
3088.0,80.69731907209335,1.0,251.5773738467159,74.37850399600866,2038.793554764225,298.15
3089.0,80.69106820391721,1.0,240.5024299576849,85.42732236561726,1676.1707979684063,298.15
3090.0,80.68481733574107,1.0,233.94766011615917,89.6062293229513,1948.4112072295898,298.15
3091.0,80.67856646756493,1.0,240.67706651532674,89.68306662880067,1265.0063659640543,298.15
3092.0,80.67231559938881,1.0,231.60229635011243,78.127622325811,1925.3515605572677,298.15
3093.0,80.66606473121267,1.0,233.38911696746504,79.2605984697849,1943.9685640637965,298.15
3094.0,80.65981386303653,1.0,228.4741734187754,77.32516993682766,2277.3009422859045,298.15
3095.0,80.6535629948604,1.0,233.8508197101943,82.98958405150762,2043.2286906044314,298.15
3096.0,80.64731212668426,1.0,241.28961712647,83.41297840391444,1624.498885697773,298.15
3097.0,80.64106125850813,1.0,233.64059288911153,78.79930194875878,1609.4183913277961,298.15
3098.0,80.63481039033199,1.0,238.8050442765063,86.47883729125456,1841.9607763536706,298.15
3099.0,80.62855952215585,1.0,238.69278577180566,79.62785691939595,1297.2415320419775,298.15
3100.0,80.62230865397972,1.0,236.91535940179276,83.51594455870168,2105.066989223767,298.15
3101.0,80.61605778580358,1.0,230.59045474052445,78.57573755082197,1851.092904950798,298.15
3102.0,80.60980691762745,1.0,228.54569379847237,79.63952979964515,1599.2023306562726,298.15
3103.0,80.60355604945131,1.0,231.90777559857878,74.23539206301152,2082.2507299294753,298.15
3104.0,80.59730518127517,1.0,241.92115280916653,81.14305736242547,1710.9859044684101,298.15
3105.0,80.59105431309904,1.0,239.86581589390514,85.30676847833168,1672.122476510607,298.15
3106.0,80.5848034449229,1.0,236.18195871936976,92.34016425806763,1403.6011432245236,298.15
3107.0,80.57855257674677,1.0,225.67965574228245,73.37794340900643,1625.7778678318703,298.15
3108.0,80.57230170857063,1.0,230.41560266794008,71.6279940180456,2343.2508445708822,298.15
3109.0,80.5660508403945,1.0,238.21721390772245,81.69423977116405,2296.4903349598185,298.15
3110.0,80.55979997221837,1.0,229.86814269412773,76.36377550657075,1924.0568205511715,298.15
3111.0,80.55354910404222,1.0,235.02064792567546,86.91610347048174,2375.7104750468293,298.15
3112.0,80.5472982358661,1.0,222.94655668363316,78.42368441932518,2211.154413168057,298.15
3113.0,80.54104736768996,1.0,221.7006693663979,77.53538939335294,2555.1868379295615,298.15
3114.0,80.53479649951382,1.0,221.6701648260158,78.6214576751771,2318.520250044974,298.15
3115.0,80.52854563133769,1.0,216.82990829675333,83.61389330241141,2029.0652416651249,298.15
3116.0,80.52229476316155,1.0,221.01549597584872,78.24983764582011,2374.48596131514,298.15
3117.0,80.51604389498542,1.0,224.81255426005592,76.18034516509702,2018.3857203062657,298.15
3118.0,80.50979302680928,1.0,224.80354808935715,73.47894359405765,3222.633518966095,298.15
3119.0,80.50354215863314,1.0,219.29326059438307,82.43861077766834,2652.4075800583105,298.15
3120.0,80.49729129045701,1.0,221.18732880782352,82.61149069111963,2506.6021594057797,298.15
3121.0,80.49104042228088,1.0,212.9765850181162,74.14306901092091,2502.4549386602894,298.15
3122.0,80.48478955410474,1.0,228.6084190673734,73.28175324592843,1644.824198262359,298.15
3123.0,80.4785386859286,1.0,219.35616302199597,79.68819884631343,2481.501520021517,298.15
3124.0,80.47228781775246,1.0,220.19570529031154,81.35310106832237,2442.6252579415345,298.15
3125.0,80.46603694957633,1.0,209.61562239438246,75.8597028421275,2558.056972649789,298.15
3126.0,80.4597860814002,1.0,223.5867363584167,70.93976154780596,2654.678842015079,298.15
3127.0,80.45353521322406,1.0,220.0581834746253,75.91148725824542,2866.696454387651,298.15
3128.0,80.44728434504792,1.0,216.19218348424778,74.00472972577455,2793.6345601790613,298.15
3129.0,80.44103347687178,1.0,211.883544290613,78.42116535758322,3001.038003250421,298.15
3130.0,80.43478260869566,1.0,218.9536951166867,68.35192758584071,3740.1839922152667,298.15
3131.0,80.42853174051952,1.0,209.4128581435449,78.63861330069462,2829.3066128561195,298.15
3132.0,80.42228087234338,1.0,221.53099011916873,73.09415249851399,2831.111911166009,298.15
3133.0,80.41603000416724,1.0,222.27658227519862,76.79915996814402,2275.907559994354,298.15
3134.0,80.4097791359911,1.0,207.33872333252305,80.6164138068172,2581.1955484649916,298.15
3135.0,80.40352826781498,1.0,214.81757652510873,66.65424100160666,3123.5396043512783,298.15
3136.0,80.39727739963884,1.0,205.9710661122942,81.00666880341666,2912.523361668984,298.15
3137.0,80.3910265314627,1.0,200.1309750907355,74.86717957447746,3021.2850672589993,298.15
3138.0,80.38477566328658,1.0,206.21875739130118,73.42985986316481,2906.919000500616,298.15
3139.0,80.37852479511044,1.0,207.40082376719528,72.2670559938729,2255.012933897702,298.15
3140.0,80.3722739269343,1.0,201.26165915246824,81.64900601132575,3592.656581958573,298.15
3141.0,80.36602305875816,1.0,209.0751105322329,71.1232439735856,3293.7155434709875,298.15
3142.0,80.35977219058202,1.0,208.607967412837,72.57616243960736,3275.146420008059,298.15
3143.0,80.3535213224059,1.0,215.21615066799998,69.44776779766586,3153.3774322237336,298.15
3144.0,80.34727045422976,1.0,208.69287753792116,72.23923302793621,3078.342965513063,298.15
3145.0,80.34101958605362,1.0,211.57701828750763,72.779739479581,3560.2591707094793,298.15
3146.0,80.33476871787748,1.0,201.98880103935065,73.6255363009952,2689.8347536997653,298.15
3147.0,80.32851784970134,1.0,205.47845184474286,73.1506052967427,2845.928626474907,298.15
3148.0,80.32226698152522,1.0,204.02397701014473,65.32969045758334,3484.797092454555,298.15
3149.0,80.31601611334908,1.0,195.73046257644398,59.40712170196598,3812.326804874148,298.15
3150.0,80.30976524517294,1.0,201.07619442611505,70.63772975888725,3399.469004102503,298.15
3151.0,80.3035143769968,1.0,203.13860533248172,79.74480892917212,3270.519269415267,298.15
3152.0,80.29726350882066,1.0,199.12031790824685,67.64642275766889,3620.977523759059,298.15
3153.0,80.29101264064454,1.0,198.1742847904834,64.16843969302954,2560.8748848905675,298.15
3154.0,80.2847617724684,1.0,191.53252298126097,59.1725613999907,2961.5825819077972,298.15
3155.0,80.27851090429226,1.0,207.6910548159796,60.692725272412474,3384.7819166331205,298.15
3156.0,80.27226003611612,1.0,190.94108978002353,70.18178502240909,2885.5692701845755,298.15
3157.0,80.26600916793998,1.0,191.93896568424333,57.77805573463293,3454.5873478653475,298.15
3158.0,80.25975829976386,1.0,201.72489444821073,72.16397447096236,3045.132368538244,298.15
3159.0,80.25350743158772,1.0,201.54898968795615,58.09412323803045,3477.5781929761592,298.15
3160.0,80.24725656341158,1.0,190.24024411249306,74.23956158617437,2921.4583822996838,298.15
3161.0,80.24100569523544,1.0,190.46451956983725,74.54391164316883,3297.0081061407923,298.15
3162.0,80.2347548270593,1.0,196.36504671834368,59.58186983672156,2691.899907382935,298.15
3163.0,80.22850395888318,1.0,195.65123892143845,56.520164574808966,3172.0099494001406,298.15
3164.0,80.22225309070704,1.0,190.6358460808805,68.91358679101202,3822.3160930163936,298.15
3165.0,80.2160022225309,1.0,191.6160188186352,69.06310076304823,2754.6160000084133,298.15
3166.0,80.20975135435478,1.0,188.34663480730052,64.24925086019307,2950.436306479633,298.15
3167.0,80.20350048617864,1.0,180.0,66.8306277640139,2636.9542251693056,298.15
3168.0,80.1972496180025,1.0,190.46436911449314,62.481777261668654,2885.4501321571065,298.15
3169.0,80.19099874982636,1.0,180.0,56.33186206530383,2356.559874486548,298.15
3170.0,80.18474788165022,1.0,180.0,66.22973364271988,2362.4876448497635,298.15
3171.0,80.1784970134741,1.0,181.5020999686047,66.63765855697817,2875.2976545949023,298.15
3172.0,80.17224614529796,1.0,180.0,59.62577423383407,2448.16831793103,298.15
3173.0,80.16599527712182,1.0,180.0,56.41054371649168,2825.4254782324333,298.15
3174.0,80.15974440894568,1.0,193.10181835268037,62.117375201076214,3026.49137485109,298.15
3175.0,80.15349354076955,1.0,186.71105674976346,56.58671751099186,2601.808664862767,298.15
3176.0,80.14724267259342,1.0,181.58502073363692,52.45535614609176,2512.5445110290825,298.15
3177.0,80.14099180441728,1.0,184.6921614186393,62.614900884515485,2376.279895526299,298.15
3178.0,80.13474093624114,1.0,188.16303057854944,61.92363706085459,3080.818193591592,298.15
3179.0,80.128490068065,1.0,180.0,65.75326715674247,2913.9588944105994,298.15
3180.0,80.12223919988887,1.0,180.0,62.95267313807448,2282.748737363489,298.15
3181.0,80.11598833171274,1.0,180.0,74.36027117271642,2376.9558595183453,298.15
3182.0,80.1097374635366,1.0,180.0,65.05087123324871,2059.8503510439527,298.15
3183.0,80.10348659536047,1.0,180.0,62.01044783770734,2569.8345974724643,298.15
3184.0,80.09723572718433,1.0,180.00812164466987,62.06209501455364,2043.0636118243397,298.15
3185.0,80.09098485900819,1.0,180.0,61.56017567340975,2644.9669496128786,298.15
3186.0,80.08473399083206,1.0,180.0,54.76597128054564,1685.1238084961765,298.15
3187.0,80.07848312265592,1.0,180.41789185972831,59.68447029650141,2113.493417280359,298.15
3188.0,80.07223225447979,1.0,180.7161675447344,63.39849524284043,2301.1928114001034,298.15
3189.0,80.06598138630365,1.0,182.8282017249951,70.70461041061094,2784.292539904176,298.15
3190.0,80.05973051812751,1.0,182.0785528320028,62.93794583663278,2541.458082451947,298.15
3191.0,80.05347964995138,1.0,180.0,54.78574904045487,2474.2715246302523,298.15
3192.0,80.04722878177525,1.0,180.0,58.503022300153695,2039.6652558038963,298.15
3193.0,80.04097791359911,1.0,180.0,66.15539035468761,2159.024154753595,298.15
3194.0,80.03472704542298,1.0,180.0,53.44563237197069,1360.4603064676871,298.15
3195.0,80.02847617724684,1.0,180.0,58.199894031675726,2054.2170287057684,298.15
3196.0,80.0222253090707,1.0,180.0,57.83235737069979,1934.1575333874346,298.15
3197.0,80.01597444089457,1.0,180.0,66.6971631815609,2212.8023508264523,298.15
3198.0,80.00972357271843,1.0,180.0,56.785081254635315,1000.0,298.15
3199.0,80.0034727045423,1.0,180.0,66.31444030525854,1973.7002871848317,298.15
3200.0,79.99722183636617,1.0,180.0,58.94974463650745,1202.166281750808,298.15
3201.0,79.99097096819003,1.0,180.0,59.50660382810135,2432.6536889596027,298.15
3202.0,79.98472010001389,1.0,180.0,61.9037490664457,2128.659127044956,298.15
3203.0,79.97846923183775,1.0,180.0,59.11270636281154,1493.2262005229443,298.15
3204.0,79.97221836366163,1.0,180.0,64.29270684594115,1657.3832977664824,298.15
3205.0,79.96596749548549,1.0,180.0,50.0,1371.342313697637,298.15
3206.0,79.95971662730935,1.0,180.0,53.41511032800414,1683.5879857458299,298.15
3207.0,79.95346575913321,1.0,180.0,60.37544505139956,1237.159540398163,298.15
3208.0,79.94721489095707,1.0,180.0,64.37098405310905,1534.543722111518,298.15
3209.0,79.94096402278095,1.0,180.0,64.22362482141956,1612.9643625277245,298.15
3210.0,79.93471315460481,1.0,180.0,64.7967847267556,1610.929353876277,298.15
3211.0,79.92846228642867,1.0,180.0,56.84180996425454,1778.9306881121051,298.15
3212.0,79.92221141825253,1.0,180.0,54.78441749192058,2085.4392485770277,298.15
3213.0,79.91596055007639,1.0,180.0,61.85664437169995,2085.1377550651005,298.15
3214.0,79.90970968190027,1.0,180.0,57.29695063574496,2090.1032846449425,298.15
3215.0,79.90345881372413,1.0,180.0,67.19602209005592,1563.3212709128738,298.15
3216.0,79.89720794554799,1.0,180.0,56.75805386064081,2009.1688537851207,298.15
3217.0,79.89095707737185,1.0,180.0,55.85361605715448,1446.1175067172098,298.15
3218.0,79.88470620919571,1.0,180.0,68.35308075127126,1967.2913706423658,298.15
3219.0,79.87845534101959,1.0,180.0,64.19836415817164,1745.097764175872,298.15
3220.0,79.87220447284345,1.0,180.0,62.75860383640029,2613.835090439182,298.15
3221.0,79.86595360466731,1.0,180.0,68.94405329128772,1392.794755814049,298.15
3222.0,79.85970273649119,1.0,180.0,56.84499881293526,1952.6567427773625,298.15
3223.0,79.85345186831505,1.0,180.0,61.45422478134308,2014.678429645447,298.15
3224.0,79.84720100013891,1.0,180.0,68.56703260092846,2313.8758809148494,298.15
3225.0,79.84095013196277,1.0,180.0,69.47161202392057,1551.3381523952644,298.15
3226.0,79.83469926378663,1.0,180.0,65.7997327483386,2291.7642281643703,298.15
3227.0,79.82844839561051,1.0,180.0,59.17296373468726,2147.640671979269,298.15
3228.0,79.82219752743437,1.0,180.0,70.58223972935886,2760.3283353544816,298.15
3229.0,79.81594665925823,1.0,180.0,60.65664882118419,2194.602395548167,298.15
3230.0,79.80969579108209,1.0,180.0,61.89275200981505,2720.7598228754127,298.15
3231.0,79.80344492290595,1.0,180.0,65.9704535802725,2129.6131414123493,298.15
3232.0,79.79719405472983,1.0,180.0,59.53187277323333,1951.9787339541008,298.15
3233.0,79.79094318655369,1.0,180.0,51.78209624826336,2210.2160693034493,298.15
3234.0,79.78469231837755,1.0,180.0,72.85480602864531,2330.689001038751,298.15
3235.0,79.77844145020141,1.0,180.0,66.84792917535417,2290.295796464467,298.15
3236.0,79.77219058202527,1.0,180.0,65.65303750976852,2178.202971071864,298.15
3237.0,79.76593971384915,1.0,180.0,64.21281358893643,2386.3254440139885,298.15
3238.0,79.75968884567301,1.0,180.0,78.59633148026502,2033.6311117799075,298.15
3239.0,79.75343797749687,1.0,180.0,62.88777321869489,2323.45701498636,298.15
3240.0,79.74718710932073,1.0,180.0,76.70835312938699,1664.331840699194,298.15
3241.0,79.7409362411446,1.0,180.0,68.02264255313054,2781.162948084058,298.15
3242.0,79.73468537296847,1.0,180.0,74.90337015617888,2851.5285386696205,298.15
3243.0,79.72843450479233,1.0,180.0,75.40599329282908,2660.316319921865,298.15
3244.0,79.7221836366162,1.0,180.0,69.41694800940137,2978.763986921382,298.15
3245.0,79.71593276844007,1.0,180.0,71.71994010884885,2703.9338837437826,298.15
3246.0,79.70968190026392,1.0,180.0,64.49170890406288,2749.830711744763,298.15
3247.0,79.70343103208779,1.0,180.0,72.63608106141682,2776.26909703338,298.15
3248.0,79.69718016391165,1.0,180.0,79.75679073357449,2839.6834251317987,298.15
3249.0,79.69092929573551,1.0,180.0,71.99503969914284,2917.7483790275755,298.15
3250.0,79.68467842755939,1.0,180.0,72.96908646177168,2533.1020099809984,298.15
3251.0,79.67842755938325,1.0,180.0,78.12201256376741,2673.578690069833,298.15
3252.0,79.67217669120711,1.0,180.0,71.26774845183736,3001.979740821348,298.15
3253.0,79.66592582303097,1.0,180.0,75.1137222905459,3377.881372670454,298.15
3254.0,79.65967495485484,1.0,180.0,82.45738444306086,3272.8774781863267,298.15
3255.0,79.65342408667871,1.0,180.0,74.79481115999505,2949.897349984331,298.15
3256.0,79.64717321850257,1.0,180.0,73.81106683914224,4030.7080711189956,298.15
3257.0,79.64092235032643,1.0,180.0,71.61372887214654,3375.468416980961,298.15
3258.0,79.6346714821503,1.0,180.0,92.48159230744197,3258.3588260580136,298.15
3259.0,79.62842061397416,1.0,180.0,79.53850645766904,3813.393737965377,298.15
3260.0,79.62216974579803,1.0,180.0,90.42098357891817,2752.9992246856873,298.15
3261.0,79.6159188776219,1.0,180.0,77.69143315636339,3064.650321225886,298.15
3262.0,79.60966800944576,1.0,180.0,78.77134178983744,3025.4498244765723,298.15
3263.0,79.60341714126962,1.0,180.0,78.67926389575368,3245.7855671280404,298.15
3264.0,79.59716627309348,1.0,180.0,81.99788448193783,3264.2087690766384,298.15
3265.0,79.59091540491735,1.0,180.0,70.40153254676329,3419.9201362847334,298.15
3266.0,79.58466453674122,1.0,180.0,72.2629419267884,3465.073612220746,298.15
3267.0,79.57841366856508,1.0,180.0,83.15616208408731,3477.847610691915,298.15
3268.0,79.57216280038894,1.0,180.0,64.54995328738411,3197.177834624674,298.15
3269.0,79.5659119322128,1.0,180.0,72.99277914462166,3455.399068790315,298.15
3270.0,79.55966106403667,1.0,180.54026210097848,84.82420462875454,3145.9528339555186,298.15
3271.0,79.55341019586054,1.0,180.0,71.19436546458572,2829.6101437976586,298.15
3272.0,79.5471593276844,1.0,180.0,80.48085613430842,3656.6494414371055,298.15
3273.0,79.54090845950827,1.0,183.60371581241552,71.60865071910104,3158.6137256349307,298.15
3274.0,79.53465759133212,1.0,180.0,69.30143857354687,3444.2687075924146,298.15
3275.0,79.528406723156,1.0,180.0,79.12309387785051,2544.848231240201,298.15
3276.0,79.52215585497986,1.0,183.68783739374024,81.92918178453706,3130.4078826824984,298.15
3277.0,79.51590498680372,1.0,183.81751844231226,75.57547241634231,3375.3991310029796,298.15
3278.0,79.5096541186276,1.0,187.62929869704257,71.48904269693304,2897.615057796627,298.15
3279.0,79.50340325045146,1.0,184.22186918689553,83.60220656338925,3222.5275677303916,298.15
3280.0,79.49715238227532,1.0,189.06608649734605,85.0121285621022,3496.628461431671,298.15
3281.0,79.49090151409918,1.0,189.49437881740795,84.49643520128714,3617.2347504995782,298.15
3282.0,79.48465064592304,1.0,190.91657523763766,78.00158634964659,3323.5484782442613,298.15
3283.0,79.47839977774692,1.0,180.0,83.1199395419894,2544.4262071852845,298.15
3284.0,79.47214890957078,1.0,183.33553052422624,84.02458908453569,2782.5747117140377,298.15
3285.0,79.46589804139464,1.0,193.12391443092432,81.30438110330596,2636.489125993598,298.15
3286.0,79.4596471732185,1.0,191.7234427820492,74.83324921893848,3418.0403639427686,298.15
3287.0,79.45339630504236,1.0,190.29782844384795,81.44857932408775,3304.0271427208013,298.15
3288.0,79.44714543686624,1.0,193.5382821921823,78.74084544472353,3137.7546870172973,298.15
3289.0,79.4408945686901,1.0,195.8924362526672,85.19393278982392,2728.113731338885,298.15
3290.0,79.43464370051396,1.0,191.11143847367816,72.9542662225867,2625.7063779074715,298.15
3291.0,79.42839283233782,1.0,183.37737589570457,73.64085972527769,2501.505018418667,298.15
3292.0,79.42214196416168,1.0,205.89029700265982,90.13864455077106,2983.8646923718225,298.15
3293.0,79.41589109598556,1.0,192.67099147736846,83.09128879245384,3111.1506522137083,298.15
3294.0,79.40964022780942,1.0,196.08681047310364,83.69079401651919,2865.5854274660724,298.15
3295.0,79.40338935963328,1.0,183.44603083816855,72.59310398412518,2855.584309810894,298.15
3296.0,79.39713849145714,1.0,200.7330346766106,86.57734549281817,2208.0761481451777,298.15
3297.0,79.390887623281,1.0,192.39411873369338,82.45244186861959,2617.684848451308,298.15
3298.0,79.38463675510488,1.0,196.07837061506967,83.63237509664434,3191.4520443075453,298.15
3299.0,79.37838588692874,1.0,198.2681409266068,80.83750282897957,1997.6230930039046,298.15
3300.0,79.3721350187526,1.0,208.08293926356674,90.68917807665278,2504.979901619459,298.15
3301.0,79.36588415057648,1.0,211.85975095379717,89.91438187805167,2592.1513668996213,298.15
3302.0,79.35963328240032,1.0,203.7214888531289,86.83456042408277,2016.7097435779021,298.15
3303.0,79.3533824142242,1.0,206.19621761995282,88.51245485812171,3080.996449797853,298.15
3304.0,79.34713154604806,1.0,205.21185909495156,74.24866319117767,3105.4385891235283,298.15
3305.0,79.34088067787192,1.0,201.3775962566648,75.90913069008134,2149.6691039685197,298.15
3306.0,79.3346298096958,1.0,195.07720214464175,80.58765512610508,1743.8494782588982,298.15
3307.0,79.32837894151966,1.0,214.2224712406057,90.57207600313495,1988.1620886894175,298.15
3308.0,79.32212807334352,1.0,208.93789840533438,67.88284945141376,2149.6208034526426,298.15
3309.0,79.31587720516738,1.0,209.24071986813206,72.04364084732885,2114.885510704457,298.15
3310.0,79.30962633699124,1.0,215.57578482540217,77.58389597941883,3114.423484366859,298.15
3311.0,79.30337546881512,1.0,202.73772653033294,69.54401525222957,1697.5863657004159,298.15
3312.0,79.29712460063898,1.0,204.94367089924836,81.39329173064333,2186.9259085966546,298.15
3313.0,79.29087373246284,1.0,211.4486790037384,83.68121450155203,2299.438471162472,298.15
3314.0,79.2846228642867,1.0,215.46457944260948,77.03508419831363,2667.6309206772867,298.15
3315.0,79.27837199611056,1.0,215.5037693049041,83.28612845948433,1903.4723070908653,298.15
3316.0,79.27212112793444,1.0,218.5086216178482,81.2014053293949,2261.288855384042,298.15
3317.0,79.2658702597583,1.0,221.332489959786,81.22534024406123,2380.3617165065953,298.15
3318.0,79.25961939158216,1.0,211.08314778286604,69.98084372035711,1433.1839488129058,298.15
3319.0,79.25336852340602,1.0,231.6935922128792,77.93475604890698,1424.052107055293,298.15
3320.0,79.24711765522989,1.0,212.34910008508947,78.60109801872805,1683.2941064657928,298.15
3321.0,79.24086678705376,1.0,219.32040217498917,71.32703032865278,1337.7431897492017,298.15
3322.0,79.23461591887762,1.0,217.6819200087574,77.66395832769982,2141.6352026141813,298.15
3323.0,79.22836505070148,1.0,217.52924251982847,58.50877537257835,1733.534388607193,298.15
3324.0,79.22211418252535,1.0,231.4215673100879,72.27902529060555,1868.7171038121337,298.15
3325.0,79.2158633143492,1.0,228.68174222026764,76.27487594101135,2363.3288840226523,298.15
3326.0,79.20961244617308,1.0,222.16928678199372,64.46607858962325,1470.5188997663233,298.15
3327.0,79.20336157799694,1.0,222.54713500815834,70.83414202613322,1712.8423460306956,298.15
3328.0,79.1971107098208,1.0,209.1480955345003,76.85504234584906,1324.4737882854038,298.15
3329.0,79.19085984164468,1.0,218.99782826406215,69.31615652380144,1710.6182266305716,298.15
3330.0,79.18460897346853,1.0,222.23276478300318,67.07247974688914,1354.8873822042715,298.15
3331.0,79.1783581052924,1.0,221.5240610274709,64.55135883186867,1875.769693546827,298.15
3332.0,79.17210723711626,1.0,226.41872591934367,67.93394064604806,1616.8748088448278,298.15
3333.0,79.16585636894013,1.0,223.97952618610827,68.78345963846527,2143.145537447216,298.15
3334.0,79.159605500764,1.0,227.88690099784884,69.97934759710466,1741.4587033451605,298.15
3335.0,79.15335463258786,1.0,227.30884953810326,81.60350079228934,2124.9818126262594,298.15
3336.0,79.14710376441172,1.0,231.41683035630618,67.65284686607215,1499.6206786426342,298.15
3337.0,79.14085289623559,1.0,229.815353321281,63.81220866078471,1562.830166727612,298.15
3338.0,79.13460202805945,1.0,239.24745732468182,75.34259929843383,1696.7388836081366,298.15
3339.0,79.12835115988332,1.0,228.83685910615444,62.869156097592246,1684.1526044727086,298.15
3340.0,79.12210029170718,1.0,236.98494255404054,61.91962083867631,1678.2396203939757,298.15
3341.0,79.11584942353105,1.0,223.00598597334397,58.128499973094414,1901.854585462922,298.15
3342.0,79.1095985553549,1.0,226.71527644815603,61.117800476596415,1691.9435037853198,298.15
3343.0,79.10334768717877,1.0,223.52061432115804,52.65668369041352,1737.3436364501163,298.15
3344.0,79.09709681900264,1.0,243.19379919937592,63.30375640347954,2125.796189507572,298.15
3345.0,79.0908459508265,1.0,232.7549668852736,56.80223936029904,1269.5555080335232,298.15
3346.0,79.08459508265037,1.0,222.87884443082106,58.7882572130511,1866.140863637928,298.15
3347.0,79.07834421447423,1.0,227.27248028288028,62.39470194184016,1660.7833525054502,298.15
3348.0,79.07209334629809,1.0,236.16859568856205,66.70758520328025,1802.0513148168525,298.15
3349.0,79.06584247812197,1.0,231.33605893186416,57.079579229410506,1979.6460294890312,298.15
3350.0,79.05959160994583,1.0,230.60743453327103,51.55940026513912,2131.0815095488515,298.15
3351.0,79.05334074176969,1.0,227.30729972975254,64.2198016894407,1884.3827407559677,298.15
3352.0,79.04708987359355,1.0,242.79672815382543,68.58457158020217,2515.307161342124,298.15
3353.0,79.04083900541741,1.0,244.47703061400108,66.24809034077543,2679.143176422532,298.15
3354.0,79.03458813724129,1.0,242.90841344001595,66.95493263879743,2489.507255655431,298.15
3355.0,79.02833726906515,1.0,245.24097624899957,68.65039413982574,1254.9757802274494,298.15
3356.0,79.02208640088901,1.0,238.71213667419156,61.22859366457119,2259.779817766242,298.15
3357.0,79.01583553271288,1.0,235.3679174651409,62.59016191541421,2298.488241886208,298.15
3358.0,79.00958466453675,1.0,225.38073795358196,59.08038774739099,2314.0368730719074,298.15
3359.0,79.00333379636061,1.0,232.81567567354176,56.90849128362554,3009.93531853788,298.15
3360.0,78.99708292818447,1.0,237.67586053139726,59.77895068268527,2151.8175346386975,298.15
3361.0,78.99083206000833,1.0,241.46005475480612,59.602409807775814,2454.844185475602,298.15
3362.0,78.9845811918322,1.0,236.80881180771686,64.3798966564149,2650.5132746701984,298.15
3363.0,78.97833032365607,1.0,238.35720582231428,51.61279959415303,3241.401442960192,298.15
3364.0,78.97207945547993,1.0,232.0018959299437,53.086323147779574,2110.585145512386,298.15
3365.0,78.96582858730379,1.0,248.12071398216173,66.19756889217042,3057.3942589295943,298.15
3366.0,78.95957771912765,1.0,239.3079798279873,60.79570511570251,2936.564827544178,298.15
3367.0,78.95332685095153,1.0,237.0365172755314,60.82634998647941,2379.6175446372376,298.15
3368.0,78.94707598277539,1.0,231.41246155445438,51.69578535789054,2605.4025926895215,298.15
3369.0,78.94082511459925,1.0,248.90091975933782,60.36680955960899,2883.3009733093063,298.15
3370.0,78.93457424642311,1.0,227.7568518774599,57.88112496182908,3047.4323931717818,298.15
3371.0,78.92832337824697,1.0,241.4946545765035,60.678857889576506,2876.659014320793,298.15
3372.0,78.92207251007085,1.0,236.26187190219204,58.75628006507753,2486.806906265455,298.15
3373.0,78.91582164189471,1.0,239.70575780507775,53.029778739739626,3112.7921983090805,298.15
3374.0,78.90957077371857,1.0,239.48649578842128,58.892358851491274,3630.6568216746346,298.15
3375.0,78.90331990554243,1.0,242.99428876308485,67.60934751555307,2910.9967848153015,298.15
3376.0,78.8970690373663,1.0,240.13266265068225,55.49891529242381,2779.97974660878,298.15
3377.0,78.89081816919017,1.0,242.07537085461257,55.15932874615726,2879.9194211374383,298.15
3378.0,78.88456730101403,1.0,237.77671018408313,66.62746394317578,2857.9114613806387,298.15
3379.0,78.87831643283789,1.0,238.20760786047268,50.164945742214,3239.503527160788,298.15
3380.0,78.87206556466175,1.0,245.00361386431808,60.377296964456896,3500.211882282516,298.15
3381.0,78.86581469648561,1.0,241.38571657825116,56.15373738734373,3846.6891104430215,298.15
3382.0,78.85956382830949,1.0,245.13260486712772,65.69014207635982,2858.165158232108,298.15
3383.0,78.85331296013335,1.0,234.75137159954502,57.42143009390402,2993.6604330063788,298.15
3384.0,78.84706209195721,1.0,238.63257939772578,55.01892452791673,3769.706504245092,298.15
3385.0,78.84081122378109,1.0,234.95709542437885,55.83355474082087,3567.0224163572834,298.15
3386.0,78.83456035560495,1.0,238.29557141390234,69.05660322828223,3370.5932708349283,298.15
3387.0,78.82830948742881,1.0,233.1406493633281,62.87764588372355,3461.880323135759,298.15
3388.0,78.82205861925267,1.0,234.23772926409606,70.17799190344843,3166.186065486625,298.15
3389.0,78.81580775107653,1.0,242.9601945136239,59.94943182282905,3567.548165586176,298.15
3390.0,78.80955688290041,1.0,232.2241923755921,62.68418974464943,3269.7974092327713,298.15
3391.0,78.80330601472427,1.0,239.03859450686684,53.172641274971156,3015.381649028013,298.15
3392.0,78.79705514654813,1.0,244.97435797598015,61.240092229238414,3373.131571413854,298.15
3393.0,78.790804278372,1.0,231.76351671810363,62.39879977828428,3782.5640114720704,298.15
3394.0,78.78455341019585,1.0,242.11291089971323,70.87455096083067,3469.8945596761096,298.15
3395.0,78.77830254201973,1.0,231.81194822940103,65.84884831347921,4164.604561898004,298.15
3396.0,78.77205167384359,1.0,234.69991887648638,57.13202866072275,3241.4286754267227,298.15
3397.0,78.76580080566745,1.0,241.85327277977277,59.10478077763919,3187.115949215824,298.15
3398.0,78.75954993749131,1.0,228.95568448271362,56.15411684465313,2704.8557971503483,298.15
3399.0,78.75329906931518,1.0,250.77911684118052,62.90501987007873,3670.4129818864253,298.15
3400.0,78.74704820113905,1.0,234.10422346485132,66.17401778454145,3408.9646656510276,298.15
3401.0,78.74079733296291,1.0,247.4544270924713,69.53861673110711,3302.186162643459,298.15
3402.0,78.73454646478677,1.0,243.93447712217437,64.5837006632478,2657.388830308842,298.15
3403.0,78.72829559661064,1.0,235.32643186176435,58.9810916553672,3463.400353778028,298.15
3404.0,78.7220447284345,1.0,224.6609921753001,60.54799920024897,3268.7419391768076,298.15
3405.0,78.71579386025837,1.0,236.582817302433,68.25538159817282,2728.7910829122084,298.15
3406.0,78.70954299208223,1.0,225.5900099319672,71.68272439891403,3447.109741682574,298.15
3407.0,78.7032921239061,1.0,231.43212171044624,64.13281759475673,2995.415651371927,298.15
3408.0,78.69704125572996,1.0,230.70868901235596,69.32932678546679,2185.5693058190186,298.15
3409.0,78.69079038755382,1.0,229.69832290241445,61.80834578825498,2629.4726884356332,298.15
3410.0,78.6845395193777,1.0,228.90621732649817,64.06573967500897,2349.018894540497,298.15
3411.0,78.67828865120156,1.0,225.7240820460934,68.42714210236643,2723.6477682356663,298.15
3412.0,78.67203778302542,1.0,224.1586426509692,68.25473348058561,2791.249734184807,298.15
3413.0,78.66578691484929,1.0,224.76993215679585,70.01538469087231,2690.4277875937833,298.15
3414.0,78.65953604667315,1.0,233.7946749825014,68.15873501326911,2269.3431164577696,298.15
3415.0,78.65328517849701,1.0,218.68815099677144,71.463194928044,2330.4099056799173,298.15
3416.0,78.64703431032088,1.0,222.1243924076826,65.38152335868097,1875.6234314921796,298.15
3417.0,78.64078344214474,1.0,237.47353510123872,81.14912885790399,3071.0548956845837,298.15
3418.0,78.63453257396861,1.0,223.6252698875374,75.91156646238002,2496.921461566662,298.15
3419.0,78.62828170579247,1.0,228.29231211018663,71.86850182509305,2706.749092180038,298.15
3420.0,78.62203083761634,1.0,218.79200903050992,71.81181205563733,2725.0335822043276,298.15
3421.0,78.6157799694402,1.0,215.21330271604066,70.95559870090968,2725.6469264390203,298.15
3422.0,78.60952910126406,1.0,224.64540258498863,69.90692859173448,2324.335478947148,298.15
3423.0,78.60327823308793,1.0,219.21412518100186,78.16420178864635,2710.9762320878694,298.15
3424.0,78.5970273649118,1.0,227.20773138842978,74.91852624945808,1751.987424687759,298.15
3425.0,78.59077649673566,1.0,216.50144961067636,68.50924800650834,1805.0146896666756,298.15
3426.0,78.58452562855952,1.0,219.2575005400265,72.72604475697982,1943.5855721750593,298.15
3427.0,78.57827476038338,1.0,227.37511354754002,75.7866894286289,2460.4229468435674,298.15
3428.0,78.57202389220726,1.0,222.42303638178146,74.81196347494588,1934.1426188767264,298.15
3429.0,78.56577302403112,1.0,216.75570163278792,69.88743020843985,2016.9436354729,298.15
3430.0,78.55952215585498,1.0,218.08853564697426,69.11614445169708,2538.519662175606,298.15
3431.0,78.55327128767884,1.0,220.60433526780494,78.57078086649031,2475.582738946797,298.15
3432.0,78.5470204195027,1.0,213.7059929705108,75.52257314046473,2124.69643287349,298.15
3433.0,78.54076955132658,1.0,204.01042240024418,72.30826981197703,2604.2167289384297,298.15
3434.0,78.53451868315044,1.0,203.1508912515726,87.38277555309261,2141.1622927013095,298.15
3435.0,78.5282678149743,1.0,212.49366100942984,78.89257128294553,1926.9462551978938,298.15
3436.0,78.52201694679816,1.0,210.14668994514358,75.2355626426905,2349.5864130723758,298.15
3437.0,78.51576607862202,1.0,216.73540556638773,74.13668991667284,1936.813536159541,298.15
3438.0,78.5095152104459,1.0,218.02246789727437,81.59031632122964,2085.244807306214,298.15
3439.0,78.50326434226976,1.0,212.78603650796268,83.59510157195893,1084.010819043869,298.15
3440.0,78.49701347409362,1.0,212.32928383766895,72.97642475326826,1819.7189712944976,298.15
3441.0,78.4907626059175,1.0,216.95213063284882,72.02280215758552,1405.0078585364674,298.15
3442.0,78.48451173774136,1.0,195.27554306779626,77.8666377189818,1489.7761292572277,298.15
3443.0,78.47826086956522,1.0,196.97004753277923,76.1443033940806,1729.23851277283,298.15
3444.0,78.47201000138908,1.0,198.40281092422495,71.84435760148573,2175.2016592178315,298.15
3445.0,78.46575913321294,1.0,196.4055575237584,75.29849493934631,1963.2556647866143,298.15
3446.0,78.45950826503682,1.0,202.50660129201117,74.30934296282543,1313.4308176962354,298.15
3447.0,78.45325739686068,1.0,204.01721768459606,75.24128192196886,1729.4997789396286,298.15
3448.0,78.44700652868454,1.0,203.23832651883936,82.92266304437479,1698.9203504382974,298.15
3449.0,78.4407556605084,1.0,203.8464832109464,82.78364070870411,1711.7408142300442,298.15
3450.0,78.43450479233226,1.0,201.76663268427671,93.59945346167035,2103.415259078628,298.15
3451.0,78.42825392415614,1.0,198.40163186281492,70.6480918095857,2010.6896611819013,298.15
3452.0,78.42200305598,1.0,195.1290032866402,83.0681219113175,2165.190119871806,298.15
3453.0,78.41575218780386,1.0,188.98388926301735,85.673902976774,1658.6074549628192,298.15
3454.0,78.40950131962772,1.0,196.13630860267972,72.4054573897286,1142.6995459319678,298.15
3455.0,78.40325045145158,1.0,199.15621939671712,67.65668280184512,1743.5116027494364,298.15
3456.0,78.39699958327546,1.0,201.70282310388637,74.48213599229705,1780.7283305400128,298.15
3457.0,78.39074871509932,1.0,189.25078311276582,73.75196587386456,2463.1300427943866,298.15
3458.0,78.38449784692318,1.0,207.0679224858784,77.38184579239929,1752.0899698950866,298.15
3459.0,78.37824697874704,1.0,197.79421604792176,86.67391325868128,2438.22124860696,298.15
3460.0,78.3719961105709,1.0,195.7873681294082,71.91023880138941,2238.6729488170677,298.15
3461.0,78.36574524239478,1.0,192.1859866639873,77.76479952016845,2046.8392392736991,298.15
3462.0,78.35949437421864,1.0,180.0,79.37087333259247,1915.8538303261787,298.15
3463.0,78.3532435060425,1.0,191.55495168265588,86.61752454940745,1561.9424255915221,298.15
3464.0,78.34699263786636,1.0,186.9564867443935,81.1825635408294,1666.9359534355551,298.15
3465.0,78.34074176969023,1.0,195.25644327578948,82.0154679762336,1391.5359290791453,298.15
3466.0,78.3344909015141,1.0,186.60038309658492,82.48772072185281,2276.9826286473485,298.15
3467.0,78.32824003333796,1.0,193.24010316022884,76.45138139231446,1000.0,298.15
3468.0,78.32198916516182,1.0,181.17874404439843,80.33154894534256,1912.828493503856,298.15
3469.0,78.3157382969857,1.0,182.44291114064856,81.89735267864995,2354.274780533951,298.15
3470.0,78.30948742880956,1.0,181.57281289782665,77.7867743508889,1938.7915988553857,298.15
3471.0,78.30323656063342,1.0,185.93326638106296,74.62227825069415,2012.9733914824042,298.15
3472.0,78.29698569245728,1.0,187.85076318939102,81.75663626145185,2478.021623498943,298.15
3473.0,78.29073482428115,1.0,180.7151141327755,77.01638634268915,1751.7984794387771,298.15
3474.0,78.28448395610502,1.0,185.93713083166406,84.85435690589131,2198.6254509494283,298.15
3475.0,78.27823308792888,1.0,181.61087757591633,71.33768314542745,2356.52250280747,298.15
3476.0,78.27198221975274,1.0,180.0,83.15132380990572,2069.343961585678,298.15
3477.0,78.2657313515766,1.0,183.9506486284572,80.64303590696613,1568.1047276832362,298.15
3478.0,78.25948048340047,1.0,180.0,81.95692824930083,2776.9488474077666,298.15
3479.0,78.25322961522434,1.0,180.0,72.04722103232437,1916.6288006608174,298.15
3480.0,78.2469787470482,1.0,180.0,74.6080793685499,2484.371458326234,298.15
3481.0,78.24072787887206,1.0,180.0,84.91177839490763,2557.3065843464788,298.15
3482.0,78.23447701069593,1.0,180.0,83.97647756658785,2132.731769475647,298.15
3483.0,78.22822614251979,1.0,180.0,90.57385758687461,2697.5375207248385,298.15
3484.0,78.22197527434366,1.0,180.0,78.51515237474341,2656.1073950758373,298.15
3485.0,78.21572440616752,1.0,180.0,78.46210076730448,3037.383894053049,298.15
3486.0,78.20947353799139,1.0,180.0,80.50408759598251,2683.149002512728,298.15
3487.0,78.20322266981525,1.0,180.0,78.27324967372873,2429.257196346897,298.15
3488.0,78.19697180163911,1.0,180.0,75.99695978291363,2392.478361131919,298.15
3489.0,78.19072093346298,1.0,180.0,80.22476513087483,2440.9610154550214,298.15
3490.0,78.18447006528685,1.0,180.0,73.43025902753327,3520.4103333564854,298.15
3491.0,78.1782191971107,1.0,180.0,82.65170772781059,2322.701335285321,298.15
3492.0,78.17196832893458,1.0,180.0,68.1675691430687,2631.0549116050265,298.15
3493.0,78.16571746075843,1.0,180.0,74.73589562424883,3211.6080355610006,298.15
3494.0,78.1594665925823,1.0,180.6094232026788,66.83639447006836,2676.5100898603196,298.15
3495.0,78.15321572440617,1.0,180.0,76.5645963692998,2778.7105993640307,298.15
3496.0,78.14696485623003,1.0,180.0,77.84948208450746,2781.995048346546,298.15
3497.0,78.1407139880539,1.0,180.0,77.85622942550592,3381.9488621068967,298.15
3498.0,78.13446311987776,1.0,180.0,68.1411423503583,2230.6530462168316,298.15
3499.0,78.12821225170163,1.0,180.0,77.18767812286454,2969.8002911689837,298.15
3500.0,78.12196138352549,1.0,180.0,70.923920729539,3322.723386725937,298.15
3501.0,78.11571051534935,1.0,180.0,69.80107405667165,3200.5318589806375,298.15
3502.0,78.10945964717322,1.0,180.0,66.2200049608846,2914.0130506020055,298.15
3503.0,78.10320877899709,1.0,180.0,64.90272421295572,3774.951637384169,298.15
3504.0,78.09695791082095,1.0,180.0,74.58944847787117,3172.5603944937184,298.15
3505.0,78.09070704264481,1.0,180.0,69.59165257460756,3085.2966127027917,298.15
3506.0,78.08445617446867,1.0,180.0,69.29846747139958,3320.480533568473,298.15
3507.0,78.07820530629255,1.0,180.0,69.91858861005613,3234.8294863018436,298.15
3508.0,78.0719544381164,1.0,180.0,71.21339852680885,3737.8980703964075,298.15
3509.0,78.06570356994027,1.0,180.0,64.313417060233,2874.8437283685726,298.15
3510.0,78.05945270176413,1.0,180.0,70.41728867754803,3188.2392224289642,298.15
3511.0,78.05320183358799,1.0,180.0,66.90658751102994,2877.442695377351,298.15
3512.0,78.04695096541187,1.0,180.0,78.73093200601079,3541.8617985168835,298.15
3513.0,78.04070009723573,1.0,180.0,72.20574949352573,3007.3417917863694,298.15
3514.0,78.03444922905959,1.0,180.0,69.31710741789466,2921.3889086362956,298.15
3515.0,78.02819836088345,1.0,180.0,55.4322255968201,2580.045732746581,298.15
3516.0,78.02194749270731,1.0,180.0,55.80941223068551,3094.7292162150598,298.15
3517.0,78.01569662453119,1.0,180.0,59.278010821982704,3871.833012349958,298.15
3518.0,78.00944575635505,1.0,180.0,79.34419876392242,2880.5583715689813,298.15
3519.0,78.00319488817891,1.0,180.0,72.22054170368818,3134.7896044331455,298.15
3520.0,77.99694402000279,1.0,180.0,65.87822078298018,3558.0970542579757,298.15
3521.0,77.99069315182663,1.0,180.0,71.72023911138812,2968.4634647497383,298.15
3522.0,77.98444228365051,1.0,180.0,68.81272080737486,2552.5141392562477,298.15
3523.0,77.97819141547437,1.0,180.0,73.66490602277827,3339.245445445021,298.15
3524.0,77.97194054729823,1.0,180.0,63.49505577044498,3975.486055772375,298.15
3525.0,77.96568967912211,1.0,180.0,66.66731941382426,2618.826143042817,298.15
3526.0,77.95943881094597,1.0,180.0,63.993621843231246,3333.3689901846196,298.15
3527.0,77.95318794276983,1.0,180.0,68.41849231668158,2698.2505286353016,298.15
3528.0,77.94693707459369,1.0,180.0,65.75211095373821,3153.475880422918,298.15
3529.0,77.94068620641755,1.0,180.0,62.13212744536083,2667.970283287397,298.15
3530.0,77.93443533824143,1.0,180.0,67.26970499612958,2955.2517053228635,298.15
3531.0,77.92818447006529,1.0,180.0,65.77163969694726,2776.5912301474036,298.15
3532.0,77.92193360188915,1.0,180.0,65.29021608061754,3632.298522378834,298.15
3533.0,77.91568273371301,1.0,180.0,63.14914759272093,2437.399891044796,298.15
3534.0,77.90943186553687,1.0,180.0,54.84026680920546,2451.312424847072,298.15
3535.0,77.90318099736075,1.0,180.0,64.2690127920455,3036.72662077432,298.15
3536.0,77.89693012918461,1.0,180.0,50.0,2910.6387799342624,298.15
3537.0,77.89067926100847,1.0,180.0,55.780233396419554,2366.259854161618,298.15
3538.0,77.88442839283233,1.0,180.0,69.13102775795937,2952.8987518401477,298.15
3539.0,77.8781775246562,1.0,180.0,55.454325485241085,2519.6505348677665,298.15
3540.0,77.87192665648007,1.0,180.0,63.871455286902076,2694.8291401450124,298.15
3541.0,77.86567578830393,1.0,180.0,69.75544970741034,2034.026860590087,298.15
3542.0,77.8594249201278,1.0,180.0,62.81510830751992,2834.648449697932,298.15
3543.0,77.85317405195165,1.0,180.0,62.6497240107935,2533.6224717384657,298.15
3544.0,77.84692318377552,1.0,180.0,54.609335430409004,1894.6001940417893,298.15
3545.0,77.84067231559939,1.0,180.0,68.35556478532932,2701.025029652062,298.15
3546.0,77.83442144742325,1.0,180.0,59.97093088609354,2628.511454354331,298.15
3547.0,77.82817057924711,1.0,180.0,62.60143113525786,2312.084031794418,298.15
3548.0,77.82191971107099,1.0,180.0,62.10014606726225,2765.457729424782,298.15
3549.0,77.81566884289484,1.0,180.0,55.892113645193625,2213.910737998104,298.15
3550.0,77.80941797471871,1.0,180.0,65.49909659006252,2887.633475695464,298.15
3551.0,77.80316710654257,1.0,180.0,67.29173468531951,2250.100284074225,298.15
3552.0,77.79691623836644,1.0,180.0,67.71813796638872,1647.68897947915,298.15
3553.0,77.79066537019031,1.0,180.0,50.0,2087.841070833515,298.15
3554.0,77.78441450201417,1.0,180.0,59.36893127355253,1801.0646378388715,298.15
3555.0,77.77816363383803,1.0,180.0,55.079329438797274,2298.552946543715,298.15
3556.0,77.7719127656619,1.0,180.0,66.08608095357701,1766.2459149578735,298.15
3557.0,77.76566189748576,1.0,180.0,66.34140739593742,1670.7506907375514,298.15
3558.0,77.75941102930963,1.0,180.0,66.92279302295337,1332.7457389429999,298.15
3559.0,77.7531601611335,1.0,180.0,57.70866365801754,1011.9714856686555,298.15
3560.0,77.74690929295735,1.0,180.0,67.40208396085659,2079.902271922991,298.15
3561.0,77.74065842478122,1.0,180.0,63.403168018286244,1381.7488792092406,298.15
3562.0,77.73440755660508,1.0,180.0,59.5852925054033,1915.4951055658123,298.15
3563.0,77.72815668842895,1.0,180.0,68.16512823878261,1528.8916744268147,298.15
3564.0,77.72190582025281,1.0,180.0,64.85017674988538,1849.4242126292997,298.15
3565.0,77.71565495207668,1.0,180.0,50.0,2563.7183795600704,298.15
3566.0,77.70940408390054,1.0,180.0,52.401609991966055,2576.0514849872325,298.15
3567.0,77.7031532157244,1.0,180.0,57.19226117620103,1660.7395434791677,298.15
3568.0,77.69690234754827,1.0,181.48293308066803,62.267419928942104,1502.659117418681,298.15
3569.0,77.69065147937214,1.0,180.0,70.10523079987016,1711.3894458448676,298.15
3570.0,77.684400611196,1.0,180.0,69.20758144759125,1280.6563949386853,298.15
3571.0,77.67814974301986,1.0,183.40573405405607,60.307242700841634,1829.3822752099627,298.15
3572.0,77.67189887484372,1.0,180.0,61.785863826179686,1785.3019057427343,298.15
3573.0,77.6656480066676,1.0,183.36143359590122,54.52858852944882,1536.065235427755,298.15
3574.0,77.65939713849146,1.0,180.0,67.9190066214728,2209.2704985620867,298.15
3575.0,77.65314627031532,1.0,180.0,64.45146021363095,1879.6813346314661,298.15
3576.0,77.6468954021392,1.0,180.0,61.653891932586234,2271.0192105752776,298.15
3577.0,77.64064453396304,1.0,182.47186490176074,60.0338668304082,1000.0,298.15
3578.0,77.63439366578692,1.0,180.0,66.5492772144994,1791.2900449410263,298.15
3579.0,77.62814279761078,1.0,180.0,66.2777902356393,2140.7876348574214,298.15
3580.0,77.62189192943464,1.0,180.0,65.85587696653175,1730.8357243676428,298.15
3581.0,77.61564106125851,1.0,180.0,76.98922176059745,2427.8214369977504,298.15
3582.0,77.60939019308238,1.0,180.9222383121877,68.29999275079233,1167.997272010126,298.15
3583.0,77.60313932490624,1.0,189.33315212700433,64.41506058383327,1693.3679367160184,298.15
3584.0,77.5968884567301,1.0,189.42828691047868,72.80997826880309,2246.1242496470913,298.15
3585.0,77.59063758855396,1.0,189.88542252304975,55.550006578738135,2050.794440168105,298.15
3586.0,77.58438672037784,1.0,193.16650679724987,71.70069650769999,1616.9176932878565,298.15
3587.0,77.5781358522017,1.0,192.3793109447049,67.6779562038774,1604.8026848662867,298.15
3588.0,77.57188498402556,1.0,182.88189270467487,67.12811179687175,2198.9040271682734,298.15
3589.0,77.56563411584942,1.0,189.41625868979204,66.07622531287078,2204.555769289573,298.15
3590.0,77.55938324767328,1.0,191.7989944126376,67.2370140525531,2005.1831935711796,298.15
3591.0,77.55313237949716,1.0,197.2898951900361,64.75675633349917,2322.853181993924,298.15
3592.0,77.54688151132102,1.0,186.94822661327666,66.65696603484008,1485.8421022187067,298.15
3593.0,77.54063064314488,1.0,190.89648450996617,59.25715833248198,2311.657523419409,298.15
3594.0,77.53437977496874,1.0,197.62975546369384,66.75520728292861,1470.030171992832,298.15
3595.0,77.5281289067926,1.0,194.85684091759728,67.5735862277651,2763.654616791212,298.15
3596.0,77.52187803861648,1.0,206.64520245395548,69.52097457337113,2430.8986682693617,298.15
3597.0,77.51562717044034,1.0,191.56422270285194,66.41898518030013,2488.445043449895,298.15
3598.0,77.5093763022642,1.0,203.93597320939696,76.13681695064648,2446.558744019012,298.15
3599.0,77.50312543408806,1.0,198.49358417077892,69.91948160364139,2120.9471230210183,298.15
3600.0,77.49687456591192,1.0,197.36570456914467,72.38430196834481,2124.585452104141,298.15
3601.0,77.4906236977358,1.0,205.57246045662853,67.44705201624512,3015.8599585051575,298.15
3602.0,77.48437282955966,1.0,215.36424241170087,70.44477298873844,2343.2216238976193,298.15
3603.0,77.47812196138352,1.0,186.6776464189375,73.8361509358486,2489.934738786522,298.15
3604.0,77.4718710932074,1.0,199.68163317271194,77.94707271814914,2475.910680330495,298.15
3605.0,77.46562022503126,1.0,195.29678002780625,76.81920812027862,2736.1882652902323,298.15
3606.0,77.45936935685512,1.0,205.89507320664478,67.64681326590055,2591.55458643539,298.15
3607.0,77.45311848867898,1.0,203.07458185286606,72.47172532682721,2714.735269997012,298.15
3608.0,77.44686762050284,1.0,210.5215569442341,75.50341860737524,3076.539092053267,298.15
3609.0,77.44061675232672,1.0,197.73520491378488,66.6855252114078,2505.1176463868137,298.15
3610.0,77.43436588415058,1.0,201.2694261185444,68.19106327297452,2948.510841402572,298.15
3611.0,77.42811501597444,1.0,206.05452238272647,73.24784224337627,3459.3174267246663,298.15
3612.0,77.4218641477983,1.0,203.53883779015203,69.83456226552453,3238.0521444883743,298.15
3613.0,77.41561327962216,1.0,197.54027541039983,87.97771122237869,2525.0088688385827,298.15
3614.0,77.40936241144604,1.0,210.25289781422796,71.30937374586587,2940.4034142881123,298.15
3615.0,77.4031115432699,1.0,215.03990818767116,80.2026066088221,3213.193105585955,298.15
3616.0,77.39686067509376,1.0,211.89554338873546,79.06819062366758,2741.3689093119146,298.15
3617.0,77.39060980691762,1.0,223.45088201390277,78.33862471101628,3554.2116531496968,298.15
3618.0,77.38435893874149,1.0,214.27788629806497,70.00660527413133,3100.4340485616062,298.15
3619.0,77.37810807056536,1.0,218.61728927874876,77.28348236785311,3732.702273008919,298.15
3620.0,77.37185720238922,1.0,216.6986070807566,92.23769519493302,3350.3494153479505,298.15
3621.0,77.36560633421308,1.0,219.0619379134707,78.44351576163243,2965.628120806626,298.15
3622.0,77.35935546603694,1.0,220.08759638360368,76.47131352149242,3128.382810865462,298.15
3623.0,77.3531045978608,1.0,224.24212833542404,74.7944908396737,3278.0234920097955,298.15
3624.0,77.34685372968468,1.0,216.38732195580081,72.59360530018427,2965.588784764869,298.15
3625.0,77.34060286150854,1.0,219.05699768045753,80.71680518811932,3651.2287686064365,298.15
3626.0,77.3343519933324,1.0,220.21371658194641,82.5152478070038,2836.3760270477514,298.15
3627.0,77.32810112515627,1.0,220.5988025022435,84.85411721986206,2960.9768450918145,298.15
3628.0,77.32185025698013,1.0,217.1918718692697,73.2443210807348,3128.8700429833207,298.15
3629.0,77.315599388804,1.0,202.96866986322686,78.59614463858604,3585.3850319732314,298.15
3630.0,77.30934852062786,1.0,215.60148437051402,82.35625368480197,3808.1781418942046,298.15
3631.0,77.30309765245173,1.0,228.2772493821632,68.05757932973673,3857.6022947783763,298.15
3632.0,77.2968467842756,1.0,227.18844275849418,81.89455354097943,3590.1931648813083,298.15
3633.0,77.29059591609946,1.0,226.44894020037978,71.14151357303757,3091.1508403003177,298.15
3634.0,77.28434504792332,1.0,228.5674746027103,73.75103977256805,2639.388647920079,298.15
3635.0,77.27809417974719,1.0,228.47437134767156,82.27667549016732,3591.083719514085,298.15
3636.0,77.27184331157105,1.0,239.22419592931635,73.19181393309061,3725.610449754712,298.15
3637.0,77.26559244339492,1.0,228.07849238239194,73.51033112160272,3041.6031724583345,298.15
3638.0,77.25934157521878,1.0,235.6251542168008,91.30507947861676,3813.0338406040855,298.15
3639.0,77.25309070704265,1.0,233.8463903611349,71.25082265158288,3174.5393239710056,298.15
3640.0,77.2468398388665,1.0,227.04394271414742,87.59977976633756,3022.530759911465,298.15
3641.0,77.24058897069037,1.0,224.74202751721427,83.24404295506754,3163.634831453584,298.15
3642.0,77.23433810251424,1.0,228.91084057330704,84.23786841634794,2852.737611519088,298.15
3643.0,77.2280872343381,1.0,230.71291694097386,92.14704147449763,2599.8208767499677,298.15
3644.0,77.22183636616197,1.0,229.27474085441892,78.24236217020048,2661.479839167657,298.15
3645.0,77.21558549798583,1.0,231.74230148800484,86.99768451816351,3161.918842446286,298.15
3646.0,77.20933462980969,1.0,227.81430349767558,66.61677439786,2708.8581453150423,298.15
3647.0,77.20308376163356,1.0,231.18672968325208,87.4593288337799,3528.993002662161,298.15
3648.0,77.19683289345743,1.0,234.07294614848686,78.40996623566538,3039.6919708745972,298.15
3649.0,77.19058202528129,1.0,233.40595703592828,80.41915798484422,2782.641631605937,298.15
3650.0,77.18433115710515,1.0,236.0648373355578,77.99680631863777,2405.8557645459077,298.15
3651.0,77.17808028892901,1.0,232.27681410528896,78.47971514755358,2489.8758696449445,298.15
3652.0,77.17182942075289,1.0,232.16575076526468,68.96956805361665,2900.732709767573,298.15
3653.0,77.16557855257675,1.0,236.53425447179603,86.66663639289703,3014.1425074527556,298.15
3654.0,77.15932768440061,1.0,241.03224535598747,79.90445053040862,1928.9956133410633,298.15
3655.0,77.15307681622447,1.0,236.21738968302154,67.57808743419693,2097.6726085203054,298.15
3656.0,77.14682594804833,1.0,238.25864719363372,82.06034443058167,2723.06362835903,298.15
3657.0,77.1405750798722,1.0,238.6868607352531,72.1407684274232,2551.788813537703,298.15
3658.0,77.13432421169607,1.0,236.9706855783104,86.45797800488438,2772.0784089418325,298.15
3659.0,77.12807334351993,1.0,241.7284266310982,83.63907414971398,2394.1535071903186,298.15
3660.0,77.1218224753438,1.0,238.3580911951958,68.79898934711365,2628.637452124928,298.15
3661.0,77.11557160716767,1.0,246.14442739767256,80.75466366798668,2616.2548957542804,298.15
3662.0,77.10932073899153,1.0,234.82450100859847,72.5190886155799,2547.5353503384126,298.15
3663.0,77.10306987081539,1.0,239.73075029898078,80.11122438992768,2709.8171611738953,298.15
3664.0,77.09681900263925,1.0,237.5278847699356,80.797348805904,2483.3822013322415,298.15
3665.0,77.09056813446313,1.0,236.8729477979381,78.40541354173214,1659.4131695902356,298.15
3666.0,77.08431726628699,1.0,235.37273256594267,82.53544405637813,2619.811144434428,298.15
3667.0,77.07806639811085,1.0,243.56798978088509,92.82810548708224,3369.1368163174197,298.15
3668.0,77.07181552993471,1.0,241.4157613322168,79.42296369522602,1980.299297234113,298.15
3669.0,77.06556466175857,1.0,249.24492832753214,87.13502037100635,1836.035098327694,298.15
3670.0,77.05931379358245,1.0,239.71079990093128,82.29130450322764,1913.119156777679,298.15
3671.0,77.05306292540631,1.0,244.5145967475358,81.07627870830879,1846.1794169719506,298.15
3672.0,77.04681205723017,1.0,236.54131742636247,77.15887600807443,1911.575915571611,298.15
3673.0,77.04056118905403,1.0,239.24190330216638,73.61344367365261,2113.1281268157977,298.15
3674.0,77.03431032087789,1.0,233.39306995437687,77.96578976120729,2391.7406407749895,298.15
3675.0,77.02805945270177,1.0,241.56876854321766,80.01015115404928,1386.3033054625032,298.15
3676.0,77.02180858452563,1.0,244.97711946728538,67.93054693779413,1867.960212994606,298.15
3677.0,77.01555771634949,1.0,248.75240880324216,70.65842837180173,1903.5579601038846,298.15
3678.0,77.00930684817335,1.0,239.14545416002494,72.25968618510569,1517.2017080416836,298.15
3679.0,77.00305597999721,1.0,240.5888106448842,77.28784965723393,2051.284288764226,298.15
3680.0,76.99680511182109,1.0,245.79814402637498,82.50689862507795,1688.863404895336,298.15
3681.0,76.99055424364495,1.0,248.48198063206183,68.52530679052957,2517.100881544502,298.15
3682.0,76.98430337546881,1.0,237.05342831158,69.37084106554882,2083.9489457174795,298.15
3683.0,76.97805250729267,1.0,245.74515820088288,66.62880752789934,1269.6838355060759,298.15
3684.0,76.97180163911653,1.0,241.8317562439348,67.93853896920004,1169.7727363027166,298.15
3685.0,76.96555077094041,1.0,241.01061102688118,70.90528092119605,2428.860084620602,298.15
3686.0,76.95929990276427,1.0,248.62489135254938,74.83612205095238,1854.8181187396935,298.15
3687.0,76.95304903458813,1.0,227.98460867862894,71.5806311587575,2079.7038125853433,298.15
3688.0,76.94679816641201,1.0,234.31394347798988,70.63780813555928,2322.3424859146053,298.15
3689.0,76.94054729823587,1.0,235.7657695712237,77.89998522067518,1425.4513390250231,298.15
3690.0,76.93429643005973,1.0,241.4298360476012,69.05042496393735,1870.2047712687001,298.15
3691.0,76.9280455618836,1.0,231.96313713628595,69.44881819008197,1829.8177063337898,298.15
3692.0,76.92179469370745,1.0,241.11545496377673,70.85301339325797,1416.4403832789983,298.15
3693.0,76.91554382553133,1.0,233.38186667785982,69.429213444397,1431.4746588392993,298.15
3694.0,76.90929295735519,1.0,240.4485157526508,68.41812399686424,1922.9045694142337,298.15
3695.0,76.90304208917905,1.0,236.02015391681115,63.85253733232815,1236.9265332265277,298.15
3696.0,76.89679122100291,1.0,247.18097477377574,61.547788305391,1538.602069035515,298.15
3697.0,76.89054035282678,1.0,229.3933433582183,69.81806819566938,1902.4320650344996,298.15
3698.0,76.88428948465065,1.0,239.52924747017835,63.33126161498531,1790.474261485986,298.15
3699.0,76.87803861647451,1.0,237.02261090911057,63.43834926624001,2162.112707550381,298.15
3700.0,76.87178774829837,1.0,233.0204590639873,62.98692115949873,1836.5552545778344,298.15
3701.0,76.86553688012224,1.0,236.7877581388344,70.28034677184186,2005.01674097633,298.15
3702.0,76.8592860119461,1.0,230.37248437096866,61.20614950102563,1608.0800725648933,298.15
3703.0,76.85303514376997,1.0,234.06967434047323,56.555060249606335,1897.4242827176686,298.15
3704.0,76.84678427559383,1.0,229.39228401397477,65.06837036406893,2097.8768319089827,298.15
3705.0,76.8405334074177,1.0,233.4993308255498,62.18854212149043,1864.44986861101,298.15
3706.0,76.83428253924156,1.0,233.97435207311958,63.56618519834336,1335.119620886243,298.15
3707.0,76.82803167106542,1.0,230.57144676589323,67.16163268724677,2408.31567841535,298.15
3708.0,76.8217808028893,1.0,234.50239071429198,68.64087711744924,2591.6896918815883,298.15
3709.0,76.81552993471315,1.0,228.45163080984423,58.18272097178705,1560.2323633960877,298.15
3710.0,76.80927906653702,1.0,231.33362598695538,58.57869794068645,2555.5291480764618,298.15
3711.0,76.80302819836089,1.0,222.18085382527732,54.896463576510385,2585.3126324389013,298.15
3712.0,76.79677733018474,1.0,225.9545099310794,61.97609508642898,2239.136743050446,298.15
3713.0,76.79052646200861,1.0,227.2338008290774,68.9169084415602,1891.1734284741838,298.15
3714.0,76.78427559383248,1.0,236.22589656744066,61.399638080007854,1708.3964377291256,298.15
3715.0,76.77802472565634,1.0,228.06885842188186,60.65719161456264,2575.714193467535,298.15
3716.0,76.77177385748021,1.0,226.65205197099843,54.10530294175788,1882.802195473129,298.15
3717.0,76.76552298930407,1.0,231.00009589659945,61.99412993730779,2239.0746658979015,298.15
3718.0,76.75927212112794,1.0,219.68883238651088,50.0,3134.433752885278,298.15
3719.0,76.7530212529518,1.0,227.11359188936697,63.717253993849305,2124.2362303533696,298.15
3720.0,76.74677038477566,1.0,226.24318129010828,75.0651370157461,2559.0064812127316,298.15
3721.0,76.74051951659953,1.0,219.3813694635302,55.231091812983045,2775.529630696455,298.15
3722.0,76.7342686484234,1.0,225.40894488638523,62.252699978468975,2901.826042277553,298.15
3723.0,76.72801778024726,1.0,213.25547895880598,58.61855593878915,2637.0117147391147,298.15
3724.0,76.72176691207112,1.0,223.6439167167738,71.88007010446813,2640.014641826116,298.15
3725.0,76.71551604389498,1.0,230.45406328025848,50.0,1756.418287637805,298.15
3726.0,76.70926517571885,1.0,223.99242806801624,61.97591132024655,1923.2993125758258,298.15
3727.0,76.70301430754272,1.0,218.8711017041632,56.88054050466139,2484.156575614064,298.15
3728.0,76.69676343936658,1.0,214.39358314967723,67.01192132274896,3156.1639907482217,298.15
3729.0,76.69051257119044,1.0,227.50061749453772,51.7599774584799,3014.992656441126,298.15
3730.0,76.6842617030143,1.0,202.54759705041099,60.52060207614456,2936.1308868051105,298.15
3731.0,76.67801083483818,1.0,212.31399805466,70.34619371473306,3211.205168461389,298.15
3732.0,76.67175996666204,1.0,213.74208805165762,55.47871648508453,3171.837570830497,298.15
3733.0,76.6655090984859,1.0,210.37298574810708,65.17364961491874,3499.8831715423826,298.15
3734.0,76.65925823030976,1.0,210.72361547031164,59.31708736002043,3421.1036585591323,298.15
3735.0,76.65300736213362,1.0,219.3425885547104,50.91973079735115,2865.167531308489,298.15
3736.0,76.6467564939575,1.0,209.09109055936307,51.03506902666129,3252.826695773402,298.15
3737.0,76.64050562578136,1.0,213.50159546433107,59.35966715491962,3523.957685458091,298.15
3738.0,76.63425475760522,1.0,209.40751701107004,64.19076819782627,3246.3047933864354,298.15
3739.0,76.6280038894291,1.0,205.77159694472243,68.80629382121381,3410.308551825224,298.15
3740.0,76.62175302125294,1.0,216.56818253388676,65.74824597124883,2950.373860643772,298.15
3741.0,76.61550215307682,1.0,205.07015127647125,59.20290735205152,2731.782544480833,298.15
3742.0,76.60925128490068,1.0,213.92924950389028,56.29998398896188,2923.635811222079,298.15
3743.0,76.60300041672454,1.0,211.67761308991444,60.38640738090805,3697.150640810492,298.15
3744.0,76.59674954854842,1.0,199.42410445854964,57.279336943211916,3152.46961603415,298.15
3745.0,76.59049868037228,1.0,203.77260868929838,50.0,3089.568979478699,298.15
3746.0,76.58424781219614,1.0,216.5919733599412,59.90481298597431,3285.02266272921,298.15
3747.0,76.57799694402,1.0,199.44145950098974,60.98920950125425,3215.3752094174574,298.15
3748.0,76.57174607584386,1.0,205.582021836669,56.15361392125396,2619.2666831604,298.15
3749.0,76.56549520766774,1.0,205.1221221025413,50.0,3536.316679694134,298.15
3750.0,76.5592443394916,1.0,197.04388263121285,61.569827126413685,3329.8263398739086,298.15
3751.0,76.55299347131546,1.0,203.34835607877005,62.04936442102044,3564.179242912456,298.15
3752.0,76.54674260313932,1.0,189.8983187915173,56.871666217335815,3300.6773404248324,298.15
3753.0,76.54049173496318,1.0,202.8137214588458,72.88806299495172,3315.010359323667,298.15
3754.0,76.53424086678706,1.0,197.40122386868177,61.90867994506342,3287.4396681995736,298.15
3755.0,76.52798999861092,1.0,183.7830242023154,57.52958199099152,3816.112340809419,298.15
3756.0,76.52173913043478,1.0,193.04700916974346,69.08607360169513,3200.9559575618746,298.15
3757.0,76.51548826225864,1.0,185.34748489896526,57.265041391385246,3267.4999520789133,298.15
3758.0,76.5092373940825,1.0,188.00990904416676,68.33756090586732,3842.2240007684095,298.15
3759.0,76.50298652590638,1.0,190.19204264694838,67.25228102900923,3075.363945017555,298.15
3760.0,76.49673565773024,1.0,195.68771256197377,57.192434632421254,3280.3481441802487,298.15
3761.0,76.4904847895541,1.0,184.10858408326052,71.60857743272776,2833.0646488449215,298.15
3762.0,76.48423392137796,1.0,187.52060248294774,62.496167503972536,2672.4010610846835,298.15
3763.0,76.47798305320183,1.0,182.01724431592513,61.574443771681466,2905.5476412259213,298.15
3764.0,76.4717321850257,1.0,183.36674635453656,60.62392030840884,2747.450912244888,298.15
3765.0,76.46548131684956,1.0,196.3972577138458,57.95899442391094,3507.436503196277,298.15
3766.0,76.45923044867342,1.0,188.44949813141304,67.4510139986616,3248.043159880613,298.15
3767.0,76.4529795804973,1.0,180.0,66.94163369290202,2492.2424427631045,298.15
3768.0,76.44672871232115,1.0,192.22660215301244,60.341829209248615,2435.257223630333,298.15
3769.0,76.44047784414502,1.0,191.05054306822157,64.49207987518432,2980.3012276150675,298.15
3770.0,76.43422697596888,1.0,182.01589348883732,57.26947851199295,3328.5774627717074,298.15
3771.0,76.42797610779274,1.0,187.9417127902858,72.4251296135175,2553.9020685775986,298.15
3772.0,76.42172523961662,1.0,192.13224121239833,63.42399242282186,3075.6624398924623,298.15
3773.0,76.41547437144048,1.0,181.92562734320614,63.63806986387185,3552.2075398936477,298.15
3774.0,76.40922350326434,1.0,180.0,70.51989182577516,3207.980095597016,298.15
3775.0,76.4029726350882,1.0,184.81473337146738,62.89955571133486,3363.383885867448,298.15
3776.0,76.39672176691207,1.0,180.0,73.92946414863111,3015.8316579427783,298.15
3777.0,76.39047089873594,1.0,180.0,70.30281719738572,2182.8941339226244,298.15
3778.0,76.3842200305598,1.0,180.0,68.26003023096897,2747.8301447616327,298.15
3779.0,76.37796916238366,1.0,181.07445536143257,58.731522187638646,2441.508272248665,298.15
3780.0,76.37171829420753,1.0,182.65657184012116,85.34749875756172,2545.65388269773,298.15
3781.0,76.36546742603139,1.0,180.0,56.19099384313654,2416.2566472267995,298.15
3782.0,76.35921655785526,1.0,182.482928240351,63.707162930395086,3119.9676063364477,298.15
3783.0,76.35296568967912,1.0,180.0,73.30124944249806,2424.1814596792174,298.15
3784.0,76.34671482150299,1.0,180.0,69.74537913760125,2189.053242412144,298.15
3785.0,76.34046395332685,1.0,180.0,82.90897865083124,2569.1282682800534,298.15
3786.0,76.33421308515071,1.0,180.0,75.28425320703734,2340.4739162178616,298.15
3787.0,76.32796221697458,1.0,180.0,67.027556527716,2284.5814291612146,298.15
3788.0,76.32171134879844,1.0,180.0,82.93663091157934,1980.2472462666194,298.15
3789.0,76.3154604806223,1.0,180.0,75.70673509551251,2115.130254377343,298.15
3790.0,76.30920961244617,1.0,180.0,75.3907626799458,2461.5724379908143,298.15
3791.0,76.30295874427003,1.0,180.0,75.88097588967257,1650.9681863488204,298.15
3792.0,76.2967078760939,1.0,180.0,83.61252041086863,2418.1828076253114,298.15
3793.0,76.29045700791777,1.0,180.0,76.11808952845689,1762.0287610470743,298.15
3794.0,76.28420613974163,1.0,180.0,71.4780356303769,1980.2551155152637,298.15
3795.0,76.2779552715655,1.0,180.0,74.41175487268195,2054.7096835382263,298.15
3796.0,76.27170440338935,1.0,180.0,69.99107701083379,1818.82045297451,298.15
3797.0,76.26545353521323,1.0,180.0,80.92143367653424,1834.8876772815981,298.15
3798.0,76.25920266703709,1.0,180.0,65.01978318287848,1536.9633917027659,298.15
3799.0,76.25295179886095,1.0,180.0,83.37154077845881,1959.796720369406,298.15
3800.0,76.24670093068482,1.0,180.0,70.3507445630216,2235.937179316774,298.15
3801.0,76.24045006250869,1.0,180.0,74.47088963790974,1228.1845461083026,298.15
3802.0,76.23419919433255,1.0,180.0,71.93709892072023,2040.2045762088728,298.15
3803.0,76.22794832615641,1.0,180.0,71.59627185726985,1623.9474918037258,298.15
3804.0,76.22169745798027,1.0,180.0,79.68865347439484,1813.0208034234588,298.15
3805.0,76.21544658980415,1.0,180.0,81.81501334016036,1605.8668475475538,298.15
3806.0,76.209195721628,1.0,180.0,80.79701416153496,1718.3626211448304,298.15
3807.0,76.20294485345187,1.0,180.0,66.65821004394594,1290.1489325189625,298.15
3808.0,76.19669398527573,1.0,180.0,81.95920817911498,2414.8386903305664,298.15
3809.0,76.19044311709959,1.0,180.0,73.00212431337066,1156.1694963708196,298.15
3810.0,76.18419224892347,1.0,180.0,86.13714461326032,1703.4682620839699,298.15
3811.0,76.17794138074733,1.0,180.0,86.61980181963287,1253.991444888777,298.15
3812.0,76.17169051257119,1.0,180.0,74.4288021687611,1862.140924929153,298.15
3813.0,76.16543964439505,1.0,180.0,65.36009020822765,1063.7860892782182,298.15
3814.0,76.15918877621891,1.0,180.0,78.50231327341729,1852.5328969925324,298.15
3815.0,76.15293790804279,1.0,180.0,77.68748244036044,1521.0738748471633,298.15
3816.0,76.14668703986665,1.0,180.0,82.88316041859383,1617.2642931595763,298.15
3817.0,76.14043617169051,1.0,180.0,81.31862209083764,1866.3684313387291,298.15
3818.0,76.13418530351437,1.0,180.0,83.3810055303578,1990.4387476986685,298.15
3819.0,76.12793443533823,1.0,180.0,77.5554566544232,2093.432970955747,298.15
3820.0,76.12168356716211,1.0,180.0,87.58165428559742,1411.5282296741836,298.15
3821.0,76.11543269898597,1.0,180.0,83.0926028860997,2128.2073048816774,298.15
3822.0,76.10918183080983,1.0,180.0,74.75244847010885,1932.3614615403683,298.15
3823.0,76.1029309626337,1.0,180.0,85.01141009495383,2337.2719771339257,298.15
3824.0,76.09668009445757,1.0,180.0,83.56547781757901,1564.2426729983033,298.15
3825.0,76.09042922628143,1.0,180.0,74.00846150795127,1767.5850287106919,298.15
3826.0,76.08417835810529,1.0,180.0,72.74219985872722,1671.08969575929,298.15
3827.0,76.07792748992915,1.0,180.0,77.15305169824781,2209.1623197418994,298.15
3828.0,76.07167662175303,1.0,180.0,80.13748253595239,2326.5606349592686,298.15
3829.0,76.06542575357689,1.0,180.0,73.24795429029932,2369.52364517347,298.15
3830.0,76.05917488540075,1.0,180.0,82.58406815277517,2190.448087953294,298.15
3831.0,76.05292401722461,1.0,180.0,85.92597326180862,2130.0804261943795,298.15
3832.0,76.04667314904847,1.0,180.0,72.38270504762991,2626.226007785174,298.15
3833.0,76.04042228087235,1.0,180.0,75.75096857802669,1815.2173571040587,298.15
3834.0,76.03417141269621,1.0,180.0,84.56247701639899,1791.6716886171682,298.15
3835.0,76.02792054452007,1.0,180.0,83.1486103512741,2610.453834322762,298.15
3836.0,76.02166967634393,1.0,180.0,82.83337106007798,1716.9329961432927,298.15
3837.0,76.0154188081678,1.0,180.0,78.52954480178163,3048.7997378187165,298.15
3838.0,76.00916793999167,1.0,180.0,80.91472300605172,2447.0445427572377,298.15
3839.0,76.00291707181553,1.0,180.0,85.88328628749996,3240.341275966532,298.15
3840.0,75.99666620363939,1.0,180.0,85.63900383226282,2220.1020981594024,298.15
3841.0,75.99041533546325,1.0,180.0,76.04531581742361,2350.2361868709954,298.15
3842.0,75.98416446728712,1.0,180.0,78.82065942832189,2774.1426617424727,298.15
3843.0,75.97791359911099,1.0,180.0,82.5502646352942,2074.6770968342485,298.15
3844.0,75.97166273093485,1.0,180.0,80.4774209151539,2454.671001434963,298.15
3845.0,75.96541186275871,1.0,180.0,77.50053224943814,2434.4181248495447,298.15
3846.0,75.95916099458258,1.0,180.0,81.71471254978721,2463.2148632219564,298.15
3847.0,75.95291012640644,1.0,180.0,75.5936610258027,3021.7864210107728,298.15
3848.0,75.94665925823031,1.0,180.0,79.6782045165665,2446.1412753221675,298.15
3849.0,75.94040839005417,1.0,180.0,77.28259023214174,3018.446996160863,298.15
3850.0,75.93415752187803,1.0,180.0,72.19087773703312,3424.850328440733,298.15
3851.0,75.92790665370191,1.0,180.0,69.06427718641383,3041.840699708772,298.15
3852.0,75.92165578552577,1.0,180.0,87.70216623583282,2950.523505080585,298.15
3853.0,75.91540491734963,1.0,180.0,68.71605383436699,2650.7988139441427,298.15
3854.0,75.9091540491735,1.0,180.0,75.72632032299238,2405.2175216399546,298.15
3855.0,75.90290318099736,1.0,180.0,75.86951182575959,3269.93772230277,298.15
3856.0,75.89665231282123,1.0,180.0,75.33984130341126,3260.7434091383657,298.15
3857.0,75.8904014446451,1.0,180.0,79.32491094130575,3565.3261131905924,298.15
3858.0,75.88415057646895,1.0,180.0,71.9564623864148,3360.9845371508836,298.15
3859.0,75.87789970829282,1.0,180.0,72.0814271029061,3260.558524807287,298.15
3860.0,75.87164884011668,1.0,180.0,73.94503141240739,3419.838563627313,298.15
3861.0,75.86539797194055,1.0,180.0,63.724398848961705,3170.0254423452207,298.15
3862.0,75.85914710376441,1.0,180.0,67.20873647571756,2629.2615294410666,298.15
3863.0,75.85289623558828,1.0,180.0,79.37296055672081,3133.6416442192594,298.15
3864.0,75.84664536741214,1.0,180.0,69.11604205065471,3288.036354502204,298.15
3865.0,75.840394499236,1.0,184.68266916585063,60.83703192315284,2871.4970677890988,298.15
3866.0,75.83414363105987,1.0,180.0,62.63549532886347,3633.614279788782,298.15
3867.0,75.82789276288374,1.0,180.10187038797784,66.28241088482147,3265.0514567866494,298.15
3868.0,75.8216418947076,1.0,180.0,67.6533764089259,2602.2213941186506,298.15
3869.0,75.81539102653146,1.0,187.13679435173444,67.63382120736294,2878.6345358231956,298.15
3870.0,75.80914015835532,1.0,181.1071656660798,77.73886471845321,3900.1760934327626,298.15
3871.0,75.8028892901792,1.0,185.05863002940217,71.19882688517714,3533.7114653523254,298.15
3872.0,75.79663842200306,1.0,181.98098326415985,75.87771174224872,2988.129749527558,298.15
3873.0,75.79038755382692,1.0,180.0,70.70003615780497,3571.008306618569,298.15
3874.0,75.78413668565078,1.0,180.0,70.99948415677983,3387.0319121918224,298.15
3875.0,75.77788581747464,1.0,181.7201889978517,66.50427564972787,3825.8480007065273,298.15
3876.0,75.77163494929852,1.0,180.0,74.3468107462981,4206.142078757365,298.15
3877.0,75.76538408112238,1.0,187.17777816565265,61.63856849116961,2917.7198790712105,298.15
3878.0,75.75913321294624,1.0,183.90109274979875,66.27406623558224,3224.432794857211,298.15
3879.0,75.75288234477011,1.0,187.74455630301216,59.481067589710634,3922.02647457718,298.15
3880.0,75.74663147659398,1.0,187.07586969323646,69.71524845365542,3507.295251326951,298.15
3881.0,75.74038060841784,1.0,182.59127875677203,74.8612886021244,2794.2089272437725,298.15
3882.0,75.7341297402417,1.0,181.2060859102991,68.52840480844105,3774.2766199600355,298.15
3883.0,75.72787887206556,1.0,191.7336891990723,51.473774113509634,3414.719410294605,298.15
3884.0,75.72162800388944,1.0,191.05892887233665,77.964348300278,3677.3588293183775,298.15
3885.0,75.7153771357133,1.0,184.91490904802956,63.51914387146239,2609.4679319430907,298.15
3886.0,75.70912626753716,1.0,180.0,68.44378205265808,2611.316792606491,298.15
3887.0,75.70287539936102,1.0,193.18224048396,64.7637883206749,2951.4356404683217,298.15
3888.0,75.69662453118488,1.0,197.53931561067685,60.74397943595996,3174.4720911279005,298.15
3889.0,75.69037366300876,1.0,185.44636972819035,57.09857191266509,2512.6007980153413,298.15
3890.0,75.68412279483262,1.0,194.2821199570905,66.66427265333827,3284.6759886704167,298.15
3891.0,75.67787192665648,1.0,199.81565430183596,68.65294534580032,3723.5797562524995,298.15
3892.0,75.67162105848034,1.0,189.25455091018523,59.31005912574081,2599.278927113518,298.15
3893.0,75.6653701903042,1.0,182.6982700808356,54.96728007709204,2542.087443854312,298.15
3894.0,75.65911932212808,1.0,202.82951766130378,60.88140340999699,3417.9285512220017,298.15
3895.0,75.65286845395194,1.0,186.44775658934685,72.21602081590109,2506.3539700436477,298.15
3896.0,75.6466175857758,1.0,197.66655671926023,66.71332542105814,2158.6113962203835,298.15
3897.0,75.64036671759966,1.0,200.8040102527188,61.166017353961614,3182.031838714537,298.15
3898.0,75.63411584942352,1.0,196.75824620336078,55.294372513373965,2863.7889046983755,298.15
3899.0,75.6278649812474,1.0,212.10005921189878,63.22884766451963,3106.213755906797,298.15
3900.0,75.62161411307126,1.0,200.69306206710212,68.7079805033957,2512.9686568138573,298.15
3901.0,75.61536324489512,1.0,203.97774601467836,62.15681399083787,2499.625973957548,298.15
3902.0,75.60911237671898,1.0,199.43582690126377,62.38163542462189,2315.844666591842,298.15
3903.0,75.60286150854284,1.0,204.6961154789338,65.18378224987325,2240.485629648371,298.15
3904.0,75.59661064036672,1.0,205.9378869466627,60.79996557430769,2141.8647337195666,298.15
3905.0,75.59035977219058,1.0,202.77887959364048,57.84827088580793,1946.6002088783607,298.15
3906.0,75.58410890401444,1.0,199.5453123406501,62.74237899623184,1980.8539005025425,298.15
3907.0,75.57785803583832,1.0,197.70336207441426,63.95472970885026,2065.0146871822835,298.15
3908.0,75.57160716766218,1.0,202.3665557931269,63.238454994677866,2272.9629616163443,298.15
3909.0,75.56535629948604,1.0,217.57123519648877,54.16318901548834,2652.2676128416397,298.15
3910.0,75.5591054313099,1.0,198.0491021198048,61.04473255743233,1479.7186805916294,298.15
3911.0,75.55285456313376,1.0,218.8789286768843,50.0,2204.6289271352493,298.15
3912.0,75.54660369495764,1.0,221.03184404473936,60.86566560760096,1385.1770033815194,298.15
3913.0,75.5403528267815,1.0,210.56325298588493,59.918883173696635,2192.532736876879,298.15
3914.0,75.53410195860536,1.0,220.72735373492768,62.2373922159674,1280.0232431046643,298.15
3915.0,75.52785109042922,1.0,212.1798754130444,57.063590518227315,1270.7682508459914,298.15
3916.0,75.52160022225308,1.0,210.8500385269796,63.02377033540124,2099.5850468157705,298.15
3917.0,75.51534935407696,1.0,209.86410566426838,65.33759130181677,1954.213737181893,298.15
3918.0,75.50909848590082,1.0,212.5640862517766,58.946422198373796,1315.2528296625915,298.15
3919.0,75.50284761772468,1.0,218.73387434116134,51.720012765112244,2240.6348407431974,298.15
3920.0,75.49659674954854,1.0,215.99408808660564,62.68020837138736,1706.6901268602126,298.15
3921.0,75.4903458813724,1.0,214.27299177630636,57.59596969228778,1979.1238867886975,298.15
3922.0,75.48409501319628,1.0,210.77048702240702,62.03036996165485,2147.2598930880554,298.15
3923.0,75.47784414502014,1.0,209.74763356189618,60.548334493733364,2407.343887777172,298.15
3924.0,75.471593276844,1.0,211.58903746325197,51.138581982659076,1733.7651455986365,298.15
3925.0,75.46534240866787,1.0,215.61395044591012,61.9679175518421,1338.2994928069706,298.15
3926.0,75.45909154049173,1.0,241.50936453563278,65.71163661503358,2139.142986449241,298.15
3927.0,75.4528406723156,1.0,228.21308118687978,57.85792629357661,2223.244474441509,298.15
3928.0,75.44658980413946,1.0,230.37475259341392,50.0,2024.1958539687423,298.15
3929.0,75.44033893596333,1.0,223.24810083463154,63.45897757218076,1848.8207448362634,298.15
3930.0,75.4340880677872,1.0,217.18050843809195,59.93491320184338,2137.1033356893718,298.15
3931.0,75.42783719961105,1.0,214.29272573055434,71.71377809375534,1586.679153856045,298.15
3932.0,75.42158633143492,1.0,227.66053729836918,54.982142562354994,1719.2208795766392,298.15
3933.0,75.41533546325878,1.0,224.73105814355068,73.33889303201565,2027.6894286539316,298.15
3934.0,75.40908459508265,1.0,225.20461154945409,67.15413602264063,1878.0910607081703,298.15
3935.0,75.40283372690652,1.0,222.09910521800052,62.33485607706283,2116.9900020546575,298.15
3936.0,75.39658285873038,1.0,225.67271103760174,58.45064086178067,1131.4976740268407,298.15
3937.0,75.39033199055424,1.0,217.61817283002037,58.50971512980077,1680.7779245441363,298.15
3938.0,75.3840811223781,1.0,223.83923278009405,62.542646037434864,2089.558533267615,298.15
3939.0,75.37783025420197,1.0,227.20828946588065,69.95718703791651,1751.2807732580666,298.15
3940.0,75.37157938602584,1.0,236.22864988940066,56.8132569528158,2087.8310479211245,298.15
3941.0,75.3653285178497,1.0,227.38192063520697,63.00640623736035,1664.8248264188812,298.15
3942.0,75.35907764967357,1.0,238.51334658771097,59.63779565154367,2370.488596971356,298.15
3943.0,75.35282678149743,1.0,230.83156884502975,62.27764834828745,1748.156332328499,298.15
3944.0,75.34657591332129,1.0,224.97071614201946,68.94885823490908,1610.8973167908707,298.15
3945.0,75.34032504514516,1.0,230.4086879766623,64.60436620793106,1842.7763738738793,298.15
3946.0,75.33407417696903,1.0,237.15739633577775,67.92550991306778,2290.6776345173084,298.15
3947.0,75.32782330879289,1.0,236.92455778369222,65.38802368857216,1905.378090095455,298.15
3948.0,75.32157244061675,1.0,228.7493762630129,57.04806952877672,1184.218035902108,298.15
3949.0,75.31532157244061,1.0,244.12743799995448,52.4207140731639,1805.141575198154,298.15
3950.0,75.30907070426449,1.0,238.50688413542557,62.60695028029366,2103.008350170063,298.15
3951.0,75.30281983608835,1.0,243.79134188217486,74.43211910414006,2186.594059664048,298.15
3952.0,75.29656896791221,1.0,237.27198532675416,74.1539571145129,2490.4410453450514,298.15
3953.0,75.29031809973607,1.0,243.88719372662106,64.76492446847112,2041.2879673623895,298.15
3954.0,75.28406723155993,1.0,234.13474484569053,71.7425591472181,2015.7468641868188,298.15
3955.0,75.2778163633838,1.0,241.28168146253842,72.79265399485698,2279.751248186113,298.15
3956.0,75.27156549520767,1.0,232.63852196865406,74.78982715875186,2193.7484762446484,298.15
3957.0,75.26531462703153,1.0,246.17901874139426,70.15248290069196,2262.1552787645383,298.15
3958.0,75.2590637588554,1.0,224.02193065574272,64.67816518631324,2147.2948972699855,298.15
3959.0,75.25281289067925,1.0,247.7131472487639,81.99261791386148,2758.0899402242394,298.15
3960.0,75.24656202250313,1.0,227.731421989722,73.15368569182672,3106.2608524357097,298.15
3961.0,75.24031115432699,1.0,225.72242085387506,70.49902806714347,1808.3563735663824,298.15
3962.0,75.23406028615085,1.0,231.44488038842022,70.93351298249173,2439.2406521099115,298.15
3963.0,75.22780941797473,1.0,239.6278657593088,71.33410427608774,3039.6249947292167,298.15
3964.0,75.22155854979859,1.0,240.99274318653875,76.67144266950797,2746.7443274551033,298.15
3965.0,75.21530768162245,1.0,242.57347390324236,67.7437848813236,2618.6666895225417,298.15
3966.0,75.20905681344631,1.0,235.19529432006877,77.68376551325832,3394.3581411020737,298.15
3967.0,75.20280594527017,1.0,238.86349664757304,70.64647505425533,2543.5067482596137,298.15
3968.0,75.19655507709405,1.0,237.34158995211084,69.43930718945985,3088.9353395687253,298.15
3969.0,75.19030420891791,1.0,239.2385947208553,75.96111431749004,3071.5117982747497,298.15
3970.0,75.18405334074177,1.0,241.92002521403873,83.93280806430441,2446.174913864745,298.15
3971.0,75.17780247256563,1.0,239.07713187325768,79.82144420508793,2840.768055290295,298.15
3972.0,75.17155160438949,1.0,241.09669819815767,72.27766473611153,3004.1791794746505,298.15
3973.0,75.16530073621337,1.0,231.8591571619044,88.53516385296288,3465.5479668356365,298.15
3974.0,75.15904986803723,1.0,246.09003662975925,78.85210877817906,3706.923380441002,298.15
3975.0,75.15279899986109,1.0,243.8008656666434,80.03789777074292,2958.9894002961214,298.15
3976.0,75.14654813168495,1.0,241.43974151149587,74.45531277564469,3301.813681151448,298.15
3977.0,75.14029726350881,1.0,235.0892408024751,71.71927063418924,3409.5590136245055,298.15
3978.0,75.13404639533269,1.0,235.49775696466426,73.33430793704397,3319.5728170409216,298.15
3979.0,75.12779552715655,1.0,238.5898821395922,79.37786587508769,2891.341487539701,298.15
3980.0,75.12154465898041,1.0,246.53003436182522,83.91663659475186,3213.1630176266212,298.15
3981.0,75.11529379080427,1.0,233.77805071411942,77.67054409006683,3512.0128878148307,298.15
3982.0,75.10904292262813,1.0,231.7175955524551,78.63580528016698,2992.107391006085,298.15
3983.0,75.10279205445201,1.0,234.33646705044953,82.94880114633814,2825.1567638678425,298.15
3984.0,75.09654118627587,1.0,243.81827522114997,64.47023203721058,2737.108140933018,298.15
3985.0,75.09029031809973,1.0,240.9454405852403,64.05316158569823,3359.0608316999915,298.15
3986.0,75.08403944992361,1.0,243.05708498218513,76.58608461503867,2612.4832015639804,298.15
3987.0,75.07778858174746,1.0,234.27247956724523,67.58879837502296,2991.6288641091805,298.15
3988.0,75.07153771357133,1.0,238.51403509470566,71.96549414300333,2708.525099963029,298.15
3989.0,75.06528684539519,1.0,243.28944472271291,78.75463158292645,2913.6834636117032,298.15
3990.0,75.05903597721905,1.0,233.68376910870418,73.48322385223427,3134.9727217159366,298.15
3991.0,75.05278510904293,1.0,247.72759557098593,73.31473095803798,2753.1593004811166,298.15
3992.0,75.04653424086679,1.0,242.2218713008256,85.70355645839425,3153.005758479343,298.15
3993.0,75.04028337269065,1.0,235.35805504080773,80.86788139712263,2878.5423929300287,298.15
3994.0,75.03403250451451,1.0,245.96452408163054,67.76040962908186,3267.7309837922207,298.15
3995.0,75.02778163633837,1.0,233.84274837836858,85.38322124877648,2981.3699833482883,298.15
3996.0,75.02153076816225,1.0,228.46103495576762,79.78144748566568,3651.450860381395,298.15
3997.0,75.01527989998611,1.0,235.9186558952392,84.87267633791477,3406.253844089146,298.15
3998.0,75.00902903180997,1.0,232.52729078747447,72.16160198786687,2833.754580043028,298.15
3999.0,75.00277816363383,1.0,235.76725748390515,80.96098690935058,3494.3794563950332,298.15
4000.0,74.9965272954577,1.0,241.45951068662922,79.25421268462186,2698.1911976978627,298.15
4001.0,74.99027642728157,1.0,233.7666155853349,82.93747632208773,3436.7517289549123,298.15
4002.0,74.98402555910543,1.0,230.4673824030179,79.39852651070407,3845.0571840289304,298.15
4003.0,74.9777746909293,1.0,233.49016659754398,72.84543271523484,3283.3234212957686,298.15
4004.0,74.97152382275316,1.0,238.32311852170372,78.343585114863,2675.5854198645793,298.15
4005.0,74.96527295457702,1.0,226.57214914997587,81.2469211771432,2991.062947851183,298.15
4006.0,74.95902208640089,1.0,221.15505313727544,68.47195887723339,2894.242727678252,298.15
4007.0,74.95277121822475,1.0,227.6101905297618,70.8770720267457,2739.268699972474,298.15
4008.0,74.94652035004862,1.0,227.88297382944072,78.13273915278681,2896.132515595872,298.15
4009.0,74.94026948187248,1.0,229.6605560913796,84.41913348143864,2893.2423958612612,298.15
4010.0,74.93401861369634,1.0,226.98759109602912,77.56381430275628,3154.837399105106,298.15
4011.0,74.92776774552021,1.0,225.80715373849148,68.72547005780532,3087.090861028268,298.15
4012.0,74.92151687734408,1.0,222.39304258118392,78.16271978387078,3123.791030632308,298.15
4013.0,74.91526600916794,1.0,222.5063397771648,78.73068448560588,2267.0891262398227,298.15
4014.0,74.90901514099181,1.0,234.51921940168114,75.3875629289227,2306.3924557854402,298.15
4015.0,74.90276427281566,1.0,223.8517465162747,78.40143818348595,3129.669741284605,298.15
4016.0,74.89651340463953,1.0,216.09986710377362,77.84885146644213,2574.238612608122,298.15
4017.0,74.8902625364634,1.0,221.4907473988055,77.61279454364548,2711.5982121389147,298.15
4018.0,74.88401166828726,1.0,230.93486954324064,80.1510337015865,2660.304204902036,298.15
4019.0,74.87776080011113,1.0,221.16826425681143,74.24926095978681,2321.809553061316,298.15
4020.0,74.871509931935,1.0,223.0426652329653,68.86192684130086,2469.948055404565,298.15
4021.0,74.86525906375886,1.0,224.177902147891,64.982593445709,2250.124835062507,298.15
4022.0,74.85900819558272,1.0,221.06985606514343,82.41674718560031,1800.3027763703462,298.15
4023.0,74.85275732740658,1.0,215.97025491966843,71.80843162370996,2177.8361374246483,298.15
4024.0,74.84650645923045,1.0,218.55035065645905,79.72470251081714,2606.309006836868,298.15
4025.0,74.84025559105432,1.0,217.34702408266966,82.55455636840705,2148.838817010472,298.15
4026.0,74.83400472287818,1.0,219.10278062053087,74.82199973478842,2445.8331479206545,298.15
4027.0,74.82775385470204,1.0,231.79482242875457,84.71633060921586,2210.35503762572,298.15
4028.0,74.8215029865259,1.0,213.90569933289285,83.94783903652853,2545.627848998983,298.15
4029.0,74.81525211834978,1.0,226.84656695297497,83.91040234399206,2572.3563632425867,298.15
4030.0,74.80900125017364,1.0,209.86993290040255,86.00773918568564,2169.013911001368,298.15
4031.0,74.8027503819975,1.0,211.477606536127,84.4320145457138,2324.733470419717,298.15
4032.0,74.79649951382136,1.0,208.5042036059117,81.72983559577403,1897.6762333280628,298.15
4033.0,74.79024864564522,1.0,209.1672525161299,63.90991112335339,1418.7314167645409,298.15
4034.0,74.7839977774691,1.0,220.63203712036162,74.30140751570016,1260.4644054668042,298.15
4035.0,74.77774690929296,1.0,212.25891154525337,78.89653523160564,1932.3511895405554,298.15
4036.0,74.77149604111682,1.0,201.3405722162905,74.11965840379415,1411.0326654951969,298.15
4037.0,74.76524517294068,1.0,205.59493289906843,68.90230792806774,2474.753642713821,298.15
4038.0,74.75899430476454,1.0,195.90208590908162,77.91665192396499,1520.7841586501165,298.15
4039.0,74.75274343658842,1.0,208.1127440273565,85.66835849982576,1903.7342938428005,298.15
4040.0,74.74649256841228,1.0,207.5832815320085,74.3196414533694,1720.6824626866746,298.15
4041.0,74.74024170023614,1.0,205.4030415604096,70.28422187615121,1244.6363566821651,298.15
4042.0,74.73399083206002,1.0,213.9728909447933,79.33499502227721,1505.9947941776038,298.15
4043.0,74.72773996388388,1.0,199.8021233080878,72.5964141288176,1759.9548387365994,298.15
4044.0,74.72148909570774,1.0,206.41127878673439,77.05913913376915,1760.3205174589725,298.15
4045.0,74.7152382275316,1.0,199.29580131859632,61.148683015050885,1584.7244651067494,298.15
4046.0,74.70898735935546,1.0,209.79759690806853,68.42615526425337,1847.2564299126818,298.15
4047.0,74.70273649117934,1.0,192.67191944316548,69.67016814024366,1287.6620309758646,298.15
4048.0,74.6964856230032,1.0,198.00318959682386,62.212189045697514,1567.2180012377858,298.15
4049.0,74.69023475482706,1.0,212.57687492787935,64.84532208332938,2332.0527559669035,298.15
4050.0,74.68398388665092,1.0,196.6184875306658,69.17700297216538,1307.1613114396882,298.15
4051.0,74.67773301847478,1.0,190.50287443988776,70.52808419830555,2163.639763826482,298.15
4052.0,74.67148215029866,1.0,199.77785358407112,70.74940542404114,1392.2429259295232,298.15
4053.0,74.66523128212252,1.0,205.9850704465558,73.20324837623774,1314.879310141393,298.15
4054.0,74.65898041394638,1.0,199.0834389260991,76.54714182625398,1757.7030793285358,298.15
4055.0,74.65272954577024,1.0,197.3882561906403,72.03444554584601,2029.9845147259641,298.15
4056.0,74.6464786775941,1.0,188.60193674202364,58.6508132514799,1460.8414279158008,298.15
4057.0,74.64022780941798,1.0,197.25397384641175,66.8476306041376,1000.0,298.15
4058.0,74.63397694124184,1.0,189.5533781706579,61.7445715343001,2252.886867044065,298.15
4059.0,74.6277260730657,1.0,187.7264966142769,62.22080847318526,1507.0674623966127,298.15
4060.0,74.62147520488956,1.0,181.75662660598695,67.92012250137371,1343.3063195929444,298.15
4061.0,74.61522433671342,1.0,187.97664623430308,66.31317524448592,1923.8298331034462,298.15
4062.0,74.6089734685373,1.0,181.593388849124,71.03781083853421,1636.999719542126,298.15
4063.0,74.60272260036116,1.0,184.7931637351311,62.051345541095024,1963.2691648801067,298.15
4064.0,74.59647173218502,1.0,186.8732504362402,69.79698896434068,1567.5832864735428,298.15
4065.0,74.59022086400888,1.0,194.6459475512584,62.43551733835396,1679.9374681723375,298.15
4066.0,74.58396999583275,1.0,180.0,59.90994187842036,1565.1380299714606,298.15
4067.0,74.57771912765662,1.0,185.99650206273216,69.04801368562792,1630.7278774667068,298.15
4068.0,74.57146825948048,1.0,187.7985043245158,75.30761190184178,1957.2630797437153,298.15
4069.0,74.56521739130434,1.0,180.0,64.25008291087642,2736.6689895823893,298.15
4070.0,74.55896652312822,1.0,180.0,58.369179940083264,2159.5908500490277,298.15
4071.0,74.55271565495208,1.0,191.48472431819334,66.63488902802592,1999.0324356968122,298.15
4072.0,74.54646478677594,1.0,180.0,61.681065611636285,2115.379121043502,298.15
4073.0,74.5402139185998,1.0,191.55562115160117,65.502307419029,1643.7924065283673,298.15
4074.0,74.53396305042367,1.0,183.55713611146905,63.495595244276736,2867.7408407140356,298.15
4075.0,74.52771218224754,1.0,190.33418715070874,70.70981687239059,2741.163759529374,298.15
4076.0,74.5214613140714,1.0,183.31957568038192,67.85993186406822,2705.626609042495,298.15
4077.0,74.51521044589526,1.0,180.0,66.78450594486397,2572.022979471312,298.15
4078.0,74.50895957771912,1.0,181.45811177207446,71.84930567138613,2895.545052707128,298.15
4079.0,74.50270870954299,1.0,180.0,65.70592559549176,2626.1680126117735,298.15
4080.0,74.49645784136686,1.0,180.0,64.01484549791562,2685.9727186508026,298.15
4081.0,74.49020697319072,1.0,181.13888096027142,56.069609473671946,2347.3844264823656,298.15
4082.0,74.48395610501458,1.0,180.0,52.71686254997214,2752.786343603329,298.15
4083.0,74.47770523683845,1.0,180.0,64.63189223488276,3235.180456636333,298.15
4084.0,74.47145436866231,1.0,180.0,69.74588905174461,3285.1324107530518,298.15
4085.0,74.46520350048618,1.0,186.66917405560147,69.75982099790863,2362.7354327656312,298.15
4086.0,74.45895263231004,1.0,180.0,57.20852198206257,2240.9482624761235,298.15
4087.0,74.4527017641339,1.0,180.0,53.67946362109789,2843.6821365793257,298.15
4088.0,74.44645089595777,1.0,180.0,59.09884452256737,2621.7144455308708,298.15
4089.0,74.44020002778163,1.0,180.0,50.29882539693495,2870.034392381598,298.15
4090.0,74.4339491596055,1.0,180.0,53.211007356007954,2785.060142395645,298.15
4091.0,74.42769829142937,1.0,180.0,60.15969081427256,2724.6043014550933,298.15
4092.0,74.42144742325323,1.0,180.0,62.354327756393424,3523.1562041869,298.15
4093.0,74.41519655507709,1.0,180.0,58.85007193974847,2874.298834788866,298.15
4094.0,74.40894568690095,1.0,180.0,52.439096836189286,3059.900364841196,298.15
4095.0,74.40269481872483,1.0,180.0,67.77502359526288,2493.530329119644,298.15
4096.0,74.39644395054869,1.0,180.0,59.36447969686508,4011.184660953665,298.15
4097.0,74.39019308237255,1.0,180.0,60.925320929,2525.2754814622267,298.15
4098.0,74.38394221419642,1.0,180.0,55.421401752768304,3086.272789536553,298.15
4099.0,74.37769134602028,1.0,180.0,60.90559750669051,3507.8384862328694,298.15
4100.0,74.37144047784415,1.0,180.0,68.77979095371316,2877.7259315932615,298.15
4101.0,74.36518960966801,1.0,180.0,57.32485972205981,3169.3505847319175,298.15
4102.0,74.35893874149187,1.0,180.0,64.51483964056825,3804.6946918012754,298.15
4103.0,74.35268787331574,1.0,180.0,63.45045757962666,3205.327156244728,298.15
4104.0,74.3464370051396,1.0,180.0,55.41865341965566,3533.430688463192,298.15
4105.0,74.34018613696347,1.0,180.0,58.94110541641281,2787.0116518460723,298.15
4106.0,74.33393526878733,1.0,180.0,66.95003299373695,3472.0054915783835,298.15
4107.0,74.32768440061119,1.0,180.0,69.83840720326307,4192.348324679729,298.15
4108.0,74.32143353243507,1.0,180.0,68.73144993024489,3799.6662428770414,298.15
4109.0,74.31518266425893,1.0,180.0,64.58664339566819,3800.449630464309,298.15
4110.0,74.30893179608279,1.0,180.0,59.04937432869106,3726.796093388915,298.15
4111.0,74.30268092790665,1.0,180.0,58.12868228775861,3310.8919452115133,298.15
4112.0,74.29643005973051,1.0,180.0,62.87815538429824,2802.7358239295963,298.15
4113.0,74.29017919155439,1.0,180.0,58.624131725201444,2890.323941164836,298.15
4114.0,74.28392832337825,1.0,180.0,53.998016876438165,3247.3448904579573,298.15
4115.0,74.27767745520211,1.0,180.0,65.69215139690435,3489.804209602456,298.15
4116.0,74.27142658702597,1.0,180.0,63.68725627715789,3063.247874006968,298.15
4117.0,74.26517571884983,1.0,180.0,61.915603879503685,3637.8529186610212,298.15
4118.0,74.25892485067371,1.0,180.0,62.25757717940232,3258.148917429586,298.15
4119.0,74.25267398249757,1.0,180.0,69.07836470198609,3281.1630088985967,298.15
4120.0,74.24642311432143,1.0,180.0,71.28745068470784,3403.923671465562,298.15
4121.0,74.24017224614529,1.0,180.0,68.54666032438423,2744.569494612216,298.15
4122.0,74.23392137796915,1.0,180.0,69.508809268286,2809.3939589290717,298.15
4123.0,74.22767050979303,1.0,180.0,59.191571927097186,2965.74310014143,298.15
4124.0,74.22141964161689,1.0,180.0,72.5829337025999,3057.2115559817257,298.15
4125.0,74.21516877344075,1.0,180.0,64.15427610930139,2995.943144594707,298.15
4126.0,74.20891790526463,1.0,180.0,71.2207170494964,3078.474251399367,298.15
4127.0,74.20266703708849,1.0,180.0,55.38481044679989,3138.4165019212323,298.15
4128.0,74.19641616891235,1.0,180.0,73.37916843269909,2901.985942706534,298.15
4129.0,74.19016530073621,1.0,180.0,57.49495832170821,3738.038062567748,298.15
4130.0,74.18391443256007,1.0,180.0,77.06692770575826,2540.9107360670146,298.15
4131.0,74.17766356438395,1.0,180.0,62.35717263451861,2918.6119947642856,298.15
4132.0,74.17141269620781,1.0,180.0,65.8289924193603,3503.1179443183773,298.15
4133.0,74.16516182803167,1.0,180.0,60.44819741836022,2482.298678820822,298.15
4134.0,74.15891095985553,1.0,180.0,61.99922906081472,2292.1357294283052,298.15
4135.0,74.1526600916794,1.0,180.0,73.69911213481737,3131.2574323808226,298.15
4136.0,74.14640922350327,1.0,180.0,68.19129726554922,3109.202388701438,298.15
4137.0,74.14015835532713,1.0,180.0,62.60101128372599,2224.597458109312,298.15
4138.0,74.13390748715099,1.0,180.0,69.72117642708865,2700.2926451284,298.15
4139.0,74.12765661897485,1.0,180.0,72.08282850193427,2990.769271683577,298.15
4140.0,74.12140575079871,1.0,180.0,70.37244775903093,2383.1382449010107,298.15
4141.0,74.11515488262259,1.0,180.0,70.83530240893825,2727.7914411559427,298.15
4142.0,74.10890401444645,1.0,180.0,67.59219539579384,2813.108670969787,298.15
4143.0,74.10265314627031,1.0,180.0,66.87179603202009,2750.6272070598493,298.15
4144.0,74.09640227809417,1.0,180.0,52.92029759991755,2318.9220790989593,298.15
4145.0,74.09015140991804,1.0,180.0,83.55966784654696,1449.541850755842,298.15
4146.0,74.08390054174191,1.0,180.0,79.99685656689766,1492.2788885756459,298.15
4147.0,74.07764967356577,1.0,180.0,69.93199136000493,2348.328026173472,298.15
4148.0,74.07139880538963,1.0,180.0,63.707436260973374,2370.914658552687,298.15
4149.0,74.0651479372135,1.0,180.0,71.15407376870002,2650.5216903169653,298.15
4150.0,74.05889706903736,1.0,180.0,68.54245238766718,2065.6079414373316,298.15
4151.0,74.05264620086123,1.0,180.0,72.32620558940859,1780.6471973248058,298.15
4152.0,74.0463953326851,1.0,180.0,74.69723336507982,2505.932998152312,298.15
4153.0,74.04014446450896,1.0,180.0,69.71591334093625,2278.285559800013,298.15
4154.0,74.03389359633283,1.0,180.0,71.5713667332838,1908.4311209363711,298.15
4155.0,74.02764272815669,1.0,180.0,80.2261662836799,1299.2023115686202,298.15
4156.0,74.02139185998055,1.0,180.0,86.53534490656605,2052.103654028607,298.15
4157.0,74.01514099180442,1.0,180.0,77.96847623956846,2437.834867415164,298.15
4158.0,74.00889012362828,1.0,180.0,72.5140100033176,2520.588027113632,298.15
4159.0,74.00263925545215,1.0,180.0,81.25591013666855,1811.3001534154898,298.15
4160.0,73.99638838727601,1.0,180.0,74.22238250204569,2148.497127074925,298.15
4161.0,73.99013751909987,1.0,180.0,79.96676776243453,1728.3994266332354,298.15
4162.0,73.98388665092374,1.0,180.0,74.37133188196236,2100.1081252874733,298.15
4163.0,73.9776357827476,1.0,180.0,78.57223437064765,2063.6028061344873,298.15
4164.0,73.97138491457147,1.0,180.0,78.47956228976926,1072.805250638769,298.15
4165.0,73.96513404639533,1.0,180.0,76.08270472690411,1707.422758688217,298.15
4166.0,73.9588831782192,1.0,180.0,70.4703196830049,1192.2361582909784,298.15
4167.0,73.95263231004306,1.0,185.44086652596167,77.36609679988749,1920.5009534114706,298.15
4168.0,73.94638144186692,1.0,180.0,77.85548224263069,1713.1285023524315,298.15
4169.0,73.9401305736908,1.0,180.0,80.85402247309881,1830.1713038638168,298.15
4170.0,73.93387970551466,1.0,180.0,80.94461853220943,1964.0457951475978,298.15
4171.0,73.92762883733852,1.0,180.0,85.63194165827053,1865.4899858336412,298.15
4172.0,73.92137796916238,1.0,187.73049315582477,75.2769340752515,1895.1524193777925,298.15
4173.0,73.91512710098624,1.0,180.0,82.58326365136223,2211.446821212833,298.15
4174.0,73.90887623281012,1.0,180.0,79.59720843186432,1677.723518815047,298.15
4175.0,73.90262536463398,1.0,184.5797014494231,76.43176963753483,1935.2124790870187,298.15
4176.0,73.89637449645784,1.0,180.0,83.27215081081236,1308.5569160663274,298.15
4177.0,73.89012362828171,1.0,180.0,77.08355074760095,1627.986799971445,298.15
4178.0,73.88387276010556,1.0,190.186856976227,76.67665969078415,2404.8441322267,298.15
4179.0,73.87762189192944,1.0,180.0,60.5629824355284,1412.1178937699806,298.15
4180.0,73.8713710237533,1.0,186.309452477203,90.75522048030912,2100.7366868842187,298.15
4181.0,73.86512015557716,1.0,181.93691190330452,76.01332516788425,2292.9523403413255,298.15
4182.0,73.85886928740103,1.0,184.94776274626383,85.28005042844212,1928.469242022858,298.15
4183.0,73.8526184192249,1.0,188.32832445891341,75.20834023261538,2007.347085784485,298.15
4184.0,73.84636755104876,1.0,189.31240294530033,75.70649139811367,1425.0121889885904,298.15
4185.0,73.84011668287262,1.0,189.56350167930444,78.69500636160815,2313.6022104376934,298.15
4186.0,73.83386581469648,1.0,185.0359783315774,84.2025385445349,1743.1541304213968,298.15
4187.0,73.82761494652036,1.0,182.10049443792317,85.50031975126514,2187.7957489204646,298.15
4188.0,73.82136407834422,1.0,181.5147909012041,81.3870692461307,2200.357936045899,298.15
4189.0,73.81511321016808,1.0,191.5024346858347,83.08808055670809,1474.4266409973668,298.15
4190.0,73.80886234199194,1.0,192.74384068388397,82.49378832846921,2083.5731377800803,298.15
4191.0,73.8026114738158,1.0,190.59727309893918,82.34466053909394,1854.4773767531638,298.15
4192.0,73.79636060563968,1.0,192.714523680987,80.6194788694948,2207.2632069235833,298.15
4193.0,73.79010973746354,1.0,191.64307343895888,76.58840687461557,2662.4851885402677,298.15
4194.0,73.7838588692874,1.0,205.9129525623792,78.85916526954865,2452.3088808381012,298.15
4195.0,73.77760800111126,1.0,189.22585929550561,85.0467720743052,2364.236654292679,298.15
4196.0,73.77135713293512,1.0,189.35492576140595,81.70626712900214,2570.5209287532653,298.15
4197.0,73.765106264759,1.0,198.4241759797847,82.3674580914641,2052.92116621694,298.15
4198.0,73.75885539658286,1.0,197.32189663386671,83.42522329586092,2709.644232950523,298.15
4199.0,73.75260452840672,1.0,193.81436636246596,87.16656918192268,2422.4614584772767,298.15
4200.0,73.74635366023058,1.0,194.6532533342615,81.88819310618912,1613.2339915617667,298.15
4201.0,73.74010279205444,1.0,200.0433047837319,75.14381432457229,3094.9651662766532,298.15
4202.0,73.73385192387832,1.0,199.72746476945338,81.19546222445042,2529.028714217227,298.15
4203.0,73.72760105570218,1.0,193.62649696978855,67.01740425132344,2379.607122329966,298.15
4204.0,73.72135018752604,1.0,204.57364936696862,79.5075504169041,3470.955313570906,298.15
4205.0,73.71509931934992,1.0,205.29618772089643,74.64807259682732,2839.585171247679,298.15
4206.0,73.70884845117376,1.0,214.8496029128858,79.54177619743734,2286.9432539331533,298.15
4207.0,73.70259758299764,1.0,207.6999978248405,80.99058222192991,2502.8671767650326,298.15
4208.0,73.6963467148215,1.0,210.22816261299118,74.11865893606837,2868.9128840024005,298.15
4209.0,73.69009584664536,1.0,210.87097384543537,74.64230790155648,3388.7374519803343,298.15
4210.0,73.68384497846924,1.0,214.6333452200785,81.99653640969609,2834.4354714027295,298.15
4211.0,73.6775941102931,1.0,202.6825619042227,78.05985877711348,3091.680667696067,298.15
4212.0,73.67134324211696,1.0,209.54916558462378,69.89272988744847,3342.3514383065494,298.15
4213.0,73.66509237394082,1.0,209.3347787837092,83.8735943248452,2815.4384882435575,298.15
4214.0,73.65884150576468,1.0,214.63575691697224,76.48559012461554,3009.8300495621256,298.15
4215.0,73.65259063758856,1.0,209.3743462254489,74.41478023451977,3172.581280134816,298.15
4216.0,73.64633976941242,1.0,223.73048067215063,72.19667452384435,2844.5387193368015,298.15
4217.0,73.64008890123628,1.0,216.62974561535643,68.67010275791615,2858.9539960277766,298.15
4218.0,73.63383803306014,1.0,219.24827370724284,70.2502630534406,3462.9666407311925,298.15
4219.0,73.627587164884,1.0,210.93370833344719,67.3537503702664,3605.323156124315,298.15
4220.0,73.62133629670788,1.0,215.35322159405177,73.06188797171211,3163.694033850191,298.15
4221.0,73.61508542853174,1.0,214.280426113756,68.09303926801879,3171.5595686141587,298.15
4222.0,73.6088345603556,1.0,216.06316618269477,68.41251109469363,3163.646257047195,298.15
4223.0,73.60258369217946,1.0,224.39880629254253,81.27977920731327,3135.6077500905976,298.15
4224.0,73.59633282400333,1.0,220.68098340687985,66.05687458808536,3000.82954179066,298.15
4225.0,73.5900819558272,1.0,212.1316682670886,69.0371708969917,2502.4357657432197,298.15
4226.0,73.58383108765106,1.0,209.5672910293937,72.958732047285,2634.6901265480033,298.15
4227.0,73.57758021947492,1.0,230.22636352562932,73.49471378820412,3652.721198898193,298.15
4228.0,73.57132935129879,1.0,213.3232521506564,71.08006610102306,3888.808173068572,298.15
4229.0,73.56507848312265,1.0,219.21831663449447,67.45562175147974,2940.154368677534,298.15
4230.0,73.55882761494652,1.0,231.54525656254316,61.150889203404034,3307.773251478292,298.15
4231.0,73.55257674677038,1.0,220.79649995557682,69.85223800771563,3302.2277188832013,298.15
4232.0,73.54632587859425,1.0,222.12936753044306,76.15060322665012,3192.6547029401086,298.15
4233.0,73.54007501041812,1.0,224.02980502443782,60.060814664695535,3199.145077872726,298.15
4234.0,73.53382414224197,1.0,225.05623330730802,67.48985536340103,3504.736537155371,298.15
4235.0,73.52757327406584,1.0,223.29336969343456,57.718619539913874,3874.023882033266,298.15
4236.0,73.5213224058897,1.0,224.12898345180753,71.58543662291962,3412.2749577481713,298.15
4237.0,73.51507153771357,1.0,234.82562900013673,71.18547185525667,3471.447201690558,298.15
4238.0,73.50882066953744,1.0,230.3349824704595,63.36490336531279,3235.767647906315,298.15
4239.0,73.5025698013613,1.0,223.48661555033652,67.05347300154165,3568.801374204173,298.15
4240.0,73.49631893318517,1.0,241.4354182515139,69.27952586224946,3505.9604530416045,298.15
4241.0,73.49006806500903,1.0,238.9907700686293,68.51228037866828,3002.455464979895,298.15
4242.0,73.48381719683289,1.0,234.3739474975473,67.83209186537148,3337.673536880956,298.15
4243.0,73.47756632865676,1.0,231.35287014622887,66.48379473997174,2907.1441091523347,298.15
4244.0,73.47131546048062,1.0,229.4185196387309,77.41585941075067,3044.4460477731463,298.15
4245.0,73.46506459230449,1.0,237.8207767811299,71.80576433186518,2612.850874990422,298.15
4246.0,73.45881372412835,1.0,247.3249868534445,65.60241069143419,3962.227313678009,298.15
4247.0,73.45256285595221,1.0,246.8297062412883,64.46989823223761,4023.5139516597037,298.15
4248.0,73.44631198777608,1.0,228.95224171228318,66.23257526000543,3243.7182804765953,298.15
4249.0,73.44006111959995,1.0,242.0138966876593,72.65087044508547,3138.6660919184737,298.15
4250.0,73.43381025142381,1.0,230.11774196242737,67.72779449200848,2903.645452834928,298.15
4251.0,73.42755938324767,1.0,243.59858563178764,73.2273834561082,2497.3074378986184,298.15
4252.0,73.42130851507153,1.0,233.94333874833555,67.623591834442,2579.920543529656,298.15
4253.0,73.4150576468954,1.0,238.42214529689969,63.916212641841405,2971.809303547967,298.15
4254.0,73.40880677871927,1.0,230.99914018235037,58.20152270270974,3112.2908285913613,298.15
4255.0,73.40255591054313,1.0,226.94265140251983,69.05109253744627,2537.5506563343984,298.15
4256.0,73.39630504236699,1.0,238.9467460988251,58.58814185186495,3016.708141157534,298.15
4257.0,73.39005417419085,1.0,236.47145261769998,72.48837981222795,2327.495959093496,298.15
4258.0,73.38380330601473,1.0,227.93744104714054,54.486455153070764,2683.0039297743474,298.15
4259.0,73.37755243783859,1.0,241.30423814134124,54.17396652581834,2808.0001334606327,298.15
4260.0,73.37130156966245,1.0,233.3888417722397,62.42276703179832,3283.5613662189826,298.15
4261.0,73.36505070148633,1.0,225.5839388681372,62.484945767875445,2764.8980506280636,298.15
4262.0,73.35879983331017,1.0,233.65968593624086,68.88705451991434,2165.4499656535672,298.15
4263.0,73.35254896513405,1.0,249.3107593890023,67.36633383779065,2353.1386007948167,298.15
4264.0,73.34629809695791,1.0,243.35552620863365,63.98894471610116,1930.2985720271824,298.15
4265.0,73.34004722878177,1.0,242.1100874490519,62.621477928833386,2660.557025475528,298.15
4266.0,73.33379636060565,1.0,243.96009708686256,61.36878962750564,2226.590264511262,298.15
4267.0,73.32754549242951,1.0,235.03343715038815,63.43868888178884,2061.001960798674,298.15
4268.0,73.32129462425337,1.0,229.5172755341843,60.39810836106683,1951.202383607945,298.15
4269.0,73.31504375607723,1.0,236.76130998914948,53.726850767452035,1809.6851772574357,298.15
4270.0,73.30879288790109,1.0,242.21200701778534,50.0,1848.4556305318529,298.15
4271.0,73.30254201972497,1.0,240.43881738167718,60.133501787564086,2666.2181197707127,298.15
4272.0,73.29629115154883,1.0,238.1163471210533,58.23709041970165,2020.0278908564192,298.15
4273.0,73.29004028337269,1.0,241.66060973061644,50.0,2694.8900183326296,298.15
4274.0,73.28378941519655,1.0,244.41927722619127,69.2291437316072,1759.7112815727335,298.15
4275.0,73.27753854702041,1.0,236.46609167774625,55.46849972299634,2405.4009863037104,298.15
4276.0,73.27128767884429,1.0,243.0773487590989,58.9760005987369,1585.078516479566,298.15
4277.0,73.26503681066815,1.0,248.53806826728345,56.62677066617556,2363.8191085362373,298.15
4278.0,73.25878594249201,1.0,248.17389856607824,59.16793971808491,2227.6423454384303,298.15
4279.0,73.25253507431587,1.0,234.67934605868308,65.30857572777303,1818.0885928800217,298.15
4280.0,73.24628420613973,1.0,246.54848787067652,60.69453975484627,1265.1058491481954,298.15
4281.0,73.24003333796361,1.0,236.27576259851205,68.34404463792808,2049.4366808105997,298.15
4282.0,73.23378246978747,1.0,241.77552279218725,59.50767956043997,1828.470999351053,298.15
4283.0,73.22753160161133,1.0,247.08707610376385,51.975586613961504,1441.3287200388709,298.15
4284.0,73.2212807334352,1.0,225.0744309442554,56.620959637338366,2204.486066112913,298.15
4285.0,73.21502986525905,1.0,230.68168553083234,51.74015201280287,1852.888910869905,298.15
4286.0,73.20877899708293,1.0,235.3838355891116,59.83054835304275,1785.6230895303136,298.15
4287.0,73.20252812890679,1.0,234.70006485877968,57.67488232326873,1713.7833800708036,298.15
4288.0,73.19627726073065,1.0,231.39477151319747,62.14028720709452,1394.4383836392794,298.15
4289.0,73.19002639255453,1.0,237.88564318594024,59.69431999695036,1756.274571198536,298.15
4290.0,73.18377552437839,1.0,234.67668304099715,51.296730567230696,1658.7732157915193,298.15
4291.0,73.17752465620225,1.0,239.10651978064413,63.05496863162525,2129.7196260393894,298.15
4292.0,73.17127378802611,1.0,234.0382593109877,60.118132339580484,1398.6890860090004,298.15
4293.0,73.16502291984997,1.0,248.87525294936043,60.86685482823427,1964.264366408781,298.15
4294.0,73.15877205167385,1.0,234.9678316074533,58.94373303645916,1387.4395788813101,298.15
4295.0,73.15252118349771,1.0,239.35277816966206,68.27966034911442,1684.3259590888667,298.15
4296.0,73.14627031532157,1.0,245.44946232170852,55.42007623252691,1834.9193608103458,298.15
4297.0,73.14001944714543,1.0,229.11887126782634,65.0734107931889,1731.3647088732882,298.15
4298.0,73.1337685789693,1.0,233.95618871258998,57.97211403549251,2105.900946141123,298.15
4299.0,73.12751771079317,1.0,227.73736478231643,74.14889614320106,1708.9311667171764,298.15
4300.0,73.12126684261703,1.0,226.1791195795821,70.2564863764704,2035.2537851128322,298.15
4301.0,73.1150159744409,1.0,224.28577767406665,67.18513567125079,1796.9512360035114,298.15
4302.0,73.10876510626476,1.0,226.58922601085217,70.48946816689391,1602.715524067614,298.15
4303.0,73.10251423808862,1.0,241.98209853418552,71.9826062304193,2348.6573465374267,298.15
4304.0,73.09626336991249,1.0,226.51819493958703,57.82756859991689,2433.8915964247767,298.15
4305.0,73.09001250173635,1.0,234.55965918911093,67.84052137272477,2007.497181645765,298.15
4306.0,73.08376163356021,1.0,237.75960230852093,63.161953047555436,1637.8349789960837,298.15
4307.0,73.07751076538408,1.0,229.3996905732133,73.6664514172147,1929.9397007775988,298.15
4308.0,73.07125989720794,1.0,239.84339349141297,59.456376458709975,1993.5589348240626,298.15
4309.0,73.06500902903181,1.0,228.7917344650304,69.41769829501938,2303.216515616983,298.15
4310.0,73.05875816085567,1.0,231.6507898786863,62.038831570482955,2688.127092157014,298.15
4311.0,73.05250729267954,1.0,230.4148299009801,76.15393261701028,2801.0104323841897,298.15
4312.0,73.0462564245034,1.0,218.00228017509232,66.47952773053065,2027.7430248977237,298.15
4313.0,73.04000555632726,1.0,233.4116921179167,69.94078263512996,2437.9214766556356,298.15
4314.0,73.03375468815113,1.0,231.91362853622374,71.74078537454713,2617.0206879163225,298.15
4315.0,73.027503819975,1.0,218.7527837534555,62.19894428253347,2366.188557051622,298.15
4316.0,73.02125295179886,1.0,222.31609160304828,70.14240014624818,2458.199449694314,298.15
4317.0,73.01500208362273,1.0,233.2400451979355,76.89555299796498,2872.886587984927,298.15
4318.0,73.0087512154466,1.0,222.06414590843323,71.97560155771515,2188.8644216221014,298.15
4319.0,73.00250034727046,1.0,234.2537965754607,62.743559372799126,2625.674975302395,298.15
4320.0,72.99624947909432,1.0,233.18568330085378,66.49669456596156,2825.2809707919632,298.15
4321.0,72.98999861091818,1.0,218.1107885555396,80.18591699256405,2086.653577233618,298.15
4322.0,72.98374774274205,1.0,221.84086415096627,76.77769847596062,1982.2599057275838,298.15
4323.0,72.97749687456592,1.0,212.6641043385574,76.34654953229784,2778.664365721737,298.15
4324.0,72.97124600638978,1.0,216.45557001400772,67.09788037594528,3319.796185095045,298.15
4325.0,72.96499513821364,1.0,209.3578990458214,71.5889902722018,2856.4736866427643,298.15
4326.0,72.9587442700375,1.0,210.30187792308715,69.3865883538941,2652.999141461133,298.15
4327.0,72.95249340186137,1.0,217.40311149709092,67.45838808748286,2719.639825713311,298.15
4328.0,72.94624253368524,1.0,219.16833267261686,77.84441528482269,2805.673389152919,298.15
4329.0,72.9399916655091,1.0,217.01011600512714,69.47914393483495,3427.8109744461035,298.15
4330.0,72.93374079733296,1.0,208.99763059522365,68.03266943541328,3070.983429053145,298.15
4331.0,72.92748992915682,1.0,224.26779482740017,79.90068228466399,3512.213454017667,298.15
4332.0,72.9212390609807,1.0,216.61907432193837,84.32301090423032,3515.87385487868,298.15
4333.0,72.91498819280456,1.0,210.47440495115535,74.73128979234016,3404.1864494480615,298.15
4334.0,72.90873732462842,1.0,210.013299918434,67.10968793674863,2403.6074737824674,298.15
4335.0,72.90248645645228,1.0,214.16980061656608,74.91313627996352,3386.16294996821,298.15
4336.0,72.89623558827614,1.0,225.1253708860037,69.10454138761618,3066.285263695822,298.15
4337.0,72.88998472010002,1.0,216.950368950552,73.07819948503045,2822.6282718374305,298.15
4338.0,72.88373385192388,1.0,209.47892691984475,76.16897144290863,3008.802889483657,298.15
4339.0,72.87748298374774,1.0,209.57727870013062,80.73511629584797,3076.1438972525793,298.15
4340.0,72.8712321155716,1.0,216.4792980034332,77.4792127274864,3544.8437205480895,298.15
4341.0,72.86498124739546,1.0,214.01519888748314,72.49311203324228,2823.216433876043,298.15
4342.0,72.85873037921934,1.0,208.96995558970988,85.56101457286387,2746.0061565303663,298.15
4343.0,72.8524795110432,1.0,198.73444013414792,81.01238944604557,2989.2282367578564,298.15
4344.0,72.84622864286706,1.0,205.5991383898649,86.41751013395341,3529.993903315643,298.15
4345.0,72.83997777469094,1.0,210.29050182373228,77.76798246407637,2847.5503938126208,298.15
4346.0,72.8337269065148,1.0,206.83242293508073,80.48774432020161,2546.047112874533,298.15
4347.0,72.82747603833866,1.0,202.3852272311558,70.98739851748526,3121.1054304588065,298.15
4348.0,72.82122517016252,1.0,200.69982459313397,82.93327780193903,3095.1889965049513,298.15
4349.0,72.81497430198638,1.0,205.93680566470331,72.65103771037825,3433.834452982876,298.15
4350.0,72.80872343381026,1.0,199.2873295408279,75.67645126125453,3554.3415160411023,298.15
4351.0,72.80247256563412,1.0,191.60550758522797,76.34418416144217,3402.584617181184,298.15
4352.0,72.79622169745798,1.0,191.2741738825649,80.59640280471785,3685.8587445844764,298.15
4353.0,72.78997082928184,1.0,190.2038149372729,73.55666668383193,3456.209083984832,298.15
4354.0,72.7837199611057,1.0,193.53824330897945,92.9953190696112,3331.8004602851215,298.15
4355.0,72.77746909292958,1.0,207.17403124083913,72.85595702904213,2776.869219594678,298.15
4356.0,72.77121822475344,1.0,194.70256382943958,68.29078500526278,3019.9021327724295,298.15
4357.0,72.7649673565773,1.0,198.9766702556273,79.1344607547662,2713.474980091146,298.15
4358.0,72.75871648840116,1.0,190.516648975097,81.72684792002076,2797.0505985473233,298.15
4359.0,72.75246562022502,1.0,185.34456383497945,87.35512349590158,3347.5203809106106,298.15
4360.0,72.7462147520489,1.0,198.04663726680388,85.54342954083852,2897.4120824702836,298.15
4361.0,72.73996388387276,1.0,181.0442257714343,84.97332258809145,3598.72710344564,298.15
4362.0,72.73371301569662,1.0,186.55903404294452,84.28176713517703,3975.0923965177826,298.15
4363.0,72.72746214752048,1.0,181.88040140110476,84.14946180578127,2645.4348274307254,298.15
4364.0,72.72121127934435,1.0,180.95503755235976,80.5868633024482,3649.52654526849,298.15
4365.0,72.71496041116822,1.0,195.31269324236658,73.67401726443484,3164.496388784735,298.15
4366.0,72.70870954299208,1.0,183.73976633333433,73.76878249761157,3078.79962443467,298.15
4367.0,72.70245867481594,1.0,188.63887332459845,78.33125416325652,2513.4036121651006,298.15
4368.0,72.6962078066398,1.0,188.4766706146969,79.31457036663171,2252.7829195557915,298.15
4369.0,72.68995693846367,1.0,186.19520244460116,86.27055154898078,2856.055893697074,298.15
4370.0,72.68370607028754,1.0,181.16580197120484,80.70021971207706,3339.5923239248878,298.15
4371.0,72.6774552021114,1.0,180.0,77.46390690655996,2786.6580159102255,298.15
4372.0,72.67120433393526,1.0,180.0,93.79998934521196,2402.287096883241,298.15
4373.0,72.66495346575914,1.0,180.0,83.97963341931877,2773.2952046861724,298.15
4374.0,72.658702597583,1.0,182.47696379438432,75.67310318405876,3146.772332096515,298.15
4375.0,72.65245172940686,1.0,180.0,77.19993075158914,2837.5351324020344,298.15
4376.0,72.64620086123072,1.0,180.0,65.50886766217519,2633.1094346331415,298.15
4377.0,72.63994999305459,1.0,184.92032181430585,89.5595758290897,2854.463913735922,298.15
4378.0,72.63369912487846,1.0,180.0,84.96784967568207,2553.185316803175,298.15
4379.0,72.62744825670232,1.0,180.0,83.99496411991862,3112.613876810038,298.15
4380.0,72.62119738852618,1.0,180.0,75.77093210494883,2575.239220366346,298.15
4381.0,72.61494652035005,1.0,180.0,88.00087757456271,2191.5050781616305,298.15
4382.0,72.6086956521739,1.0,181.80622625900605,79.83360203564274,2778.7732508489507,298.15
4383.0,72.60244478399778,1.0,180.0,67.45424250867703,1460.9455881803283,298.15
4384.0,72.59619391582164,1.0,180.0,77.01623417235135,2468.089621832445,298.15
4385.0,72.5899430476455,1.0,180.06191138385674,74.16677026691218,2104.898008841235,298.15
4386.0,72.58369217946937,1.0,180.0,74.02854209869626,1957.3624771921861,298.15
4387.0,72.57744131129323,1.0,180.0,67.2081240253533,1929.8067062961175,298.15
4388.0,72.5711904431171,1.0,181.48640236599087,78.65860056610909,1870.3590201900683,298.15
4389.0,72.56493957494096,1.0,180.0,69.57679694653602,1932.5512329678468,298.15
4390.0,72.55868870676483,1.0,180.0,82.71164548649844,1785.2191894898742,298.15
4391.0,72.55243783858869,1.0,180.0,70.29841919188212,1970.8997088795697,298.15
4392.0,72.54618697041255,1.0,180.0,70.4794890222883,2039.5863525432019,298.15
4393.0,72.53993610223642,1.0,180.0,69.02869462642022,1564.2619545924363,298.15
4394.0,72.53368523406029,1.0,180.0,80.7719359206572,1585.3916156268933,298.15
4395.0,72.52743436588415,1.0,180.0,74.93372905038197,1822.4058887668725,298.15
4396.0,72.52118349770802,1.0,180.0,74.10262248328513,2095.43832974741,298.15
4397.0,72.51493262953187,1.0,180.0,73.56044906036522,1375.6981048622422,298.15
4398.0,72.50868176135575,1.0,180.0,79.64236891282395,1430.2314432140065,298.15
4399.0,72.5024308931796,1.0,180.0,82.17542614494815,1936.8272939491214,298.15
4400.0,72.49618002500347,1.0,180.0,71.79884292285199,1700.7381977310806,298.15
4401.0,72.48992915682734,1.0,180.0,64.21317742378275,1469.944804204853,298.15
4402.0,72.4836782886512,1.0,180.0,76.27393210548783,1459.8390429156702,298.15
4403.0,72.47742742047507,1.0,180.0,75.13652976426152,1453.4145963167925,298.15
4404.0,72.47117655229893,1.0,180.0,65.96276890962739,1346.8914762233758,298.15
4405.0,72.46492568412279,1.0,180.0,56.66174622135528,2142.1714387164398,298.15
4406.0,72.45867481594667,1.0,180.0,66.6075857277852,1448.8396436851885,298.15
4407.0,72.45242394777053,1.0,180.0,82.05720892206142,1491.5978102454105,298.15
4408.0,72.44617307959439,1.0,180.0,63.063605165525786,2028.1402873979266,298.15
4409.0,72.43992221141825,1.0,180.0,71.4972015801464,1390.5120581891074,298.15
4410.0,72.43367134324211,1.0,180.0,77.87132357317932,2274.6878674732875,298.15
4411.0,72.42742047506599,1.0,180.0,63.48382978984559,1627.664314478924,298.15
4412.0,72.42116960688985,1.0,180.0,68.28253613884308,2180.6363280844257,298.15
4413.0,72.41491873871371,1.0,180.0,69.65119653163643,1672.607526687963,298.15
4414.0,72.40866787053757,1.0,180.0,73.6299265330097,2106.715249032264,298.15
4415.0,72.40241700236143,1.0,180.0,63.98935169356716,2292.289664293752,298.15
4416.0,72.39616613418531,1.0,180.0,59.78653283750621,1881.0135330197736,298.15
4417.0,72.38991526600917,1.0,180.0,74.54170435180437,1573.1326223537294,298.15
4418.0,72.38366439783303,1.0,180.0,67.0318999156781,1500.405552066274,298.15
4419.0,72.37741352965689,1.0,180.0,59.69209262565138,1958.610553244017,298.15
4420.0,72.37116266148075,1.0,180.0,70.75054846917342,1842.0351602380363,298.15
4421.0,72.36491179330463,1.0,180.0,69.25238805429727,1549.6999038800075,298.15
4422.0,72.35866092512849,1.0,180.0,76.13339678658996,2273.821997496913,298.15
4423.0,72.35241005695235,1.0,180.0,58.70987584949948,1815.5660287289375,298.15
4424.0,72.34615918877623,1.0,180.0,61.474760514765684,1336.1111113239963,298.15
4425.0,72.33990832060007,1.0,180.0,67.03233003371184,1898.698575498749,298.15
4426.0,72.33365745242395,1.0,180.0,72.95243336243148,1873.0502777126683,298.15
4427.0,72.32740658424781,1.0,180.0,73.08751972256647,2197.199873524062,298.15
4428.0,72.32115571607167,1.0,180.0,69.53743882687559,1000.0,298.15
4429.0,72.31490484789555,1.0,180.0,59.896648995883034,1431.051063963056,298.15
4430.0,72.30865397971941,1.0,180.0,59.67726038368769,2670.939648523311,298.15
4431.0,72.30240311154327,1.0,180.0,65.04341428115714,2123.772093760503,298.15
4432.0,72.29615224336713,1.0,180.0,51.204330125264235,2101.0458315968317,298.15
4433.0,72.289901375191,1.0,180.0,71.86693194483162,2405.6466760674907,298.15
4434.0,72.28365050701487,1.0,180.0,66.44884344253428,1862.6412916584825,298.15
4435.0,72.27739963883873,1.0,180.0,72.33552511145983,2186.333122050486,298.15
4436.0,72.27114877066259,1.0,180.0,56.59599103787116,2325.311402069421,298.15
4437.0,72.26489790248645,1.0,180.0,57.083850771892855,1942.9717616051655,298.15
4438.0,72.25864703431031,1.0,180.0,70.64367017752406,2205.803129382705,298.15
4439.0,72.25239616613419,1.0,180.0,60.07745887525971,1783.4174795162612,298.15
4440.0,72.24614529795805,1.0,180.0,65.37874186682114,2961.767597138806,298.15
4441.0,72.23989442978191,1.0,180.0,50.0,2176.9919947562366,298.15
4442.0,72.23364356160577,1.0,180.0,58.38139395851911,2299.949197769383,298.15
4443.0,72.22739269342964,1.0,180.0,60.21370985466908,3063.6479966193842,298.15
4444.0,72.22114182525351,1.0,180.0,63.82306365282742,2721.056806042935,298.15
4445.0,72.21489095707737,1.0,180.0,62.4865616493658,2659.466150119744,298.15
4446.0,72.20864008890123,1.0,180.0,62.029737409514745,2602.7220977307543,298.15
4447.0,72.2023892207251,1.0,180.0,62.30293472939369,2840.118389926802,298.15
4448.0,72.19613835254896,1.0,180.0,61.96696167587076,2335.562866782926,298.15
4449.0,72.18988748437283,1.0,180.0,56.69099212354165,3528.367864130978,298.15
4450.0,72.1836366161967,1.0,180.0,57.61609149310461,2446.83807664985,298.15
4451.0,72.17738574802055,1.0,180.0,66.64891421174397,2850.264749626961,298.15
4452.0,72.17113487984443,1.0,180.0,59.59843586634955,2419.7487581510613,298.15
4453.0,72.16488401166828,1.0,180.0,55.88561070152227,3632.2195701219584,298.15
4454.0,72.15863314349215,1.0,180.0,65.87223287240252,2563.50708371018,298.15
4455.0,72.15238227531601,1.0,180.0,57.70428004483063,2730.6744221084446,298.15
4456.0,72.14613140713988,1.0,180.0,64.42024023008943,3384.4807619625935,298.15
4457.0,72.13988053896375,1.0,180.0,56.074095517604704,2991.726733035293,298.15
4458.0,72.13362967078761,1.0,180.0,50.95450087697425,2468.6948628912974,298.15
4459.0,72.12737880261147,1.0,180.0,58.05733144086281,3199.9833723157753,298.15
4460.0,72.12112793443534,1.0,180.0,55.46828189536186,3437.591218094087,298.15
4461.0,72.1148770662592,1.0,180.0,58.77699456781754,3166.2360097874302,298.15
4462.0,72.10862619808307,1.0,180.0,58.40286757216658,2912.5468345617032,298.15
4463.0,72.10237532990693,1.0,180.0,62.142901829533265,3124.6759140927297,298.15
4464.0,72.0961244617308,1.0,180.0,59.28750963320867,3522.747034480766,298.15
4465.0,72.08987359355466,1.0,180.0,60.76039598041183,3963.3128017546005,298.15
4466.0,72.08362272537852,1.0,180.0,51.404432652235876,3154.8944288171597,298.15
4467.0,72.0773718572024,1.0,180.0,70.68273912327206,3246.1175513519615,298.15
4468.0,72.07112098902626,1.0,180.0,70.00891967567726,3651.5682454447438,298.15
4469.0,72.06487012085012,1.0,180.0,65.31876961548879,3528.0854066126703,298.15
4470.0,72.05861925267398,1.0,180.0,63.92770398169796,3653.8390247825023,298.15
4471.0,72.05236838449784,1.0,180.0,62.31572057917231,3073.0025720476924,298.15
4472.0,72.04611751632171,1.0,184.96389973733724,51.93996742708585,3085.5523543966374,298.15
4473.0,72.03986664814558,1.0,180.0,73.44880522634429,2975.387885974666,298.15
4474.0,72.03361577996944,1.0,180.0,56.393684254307594,2883.3833598600568,298.15
4475.0,72.0273649117933,1.0,187.44411426650515,59.273808698364554,3177.3193181958354,298.15
4476.0,72.02111404361716,1.0,180.0,66.53624602772041,3272.8265185349933,298.15
4477.0,72.01486317544104,1.0,180.0,74.241254117493,2587.826192054024,298.15
4478.0,72.0086123072649,1.0,185.86936378493562,67.16354831266038,3244.6481975885627,298.15
4479.0,72.00236143908876,1.0,193.40421906306892,64.33295576033868,2872.1685497798917,298.15
4480.0,71.99611057091263,1.0,193.62669684891912,61.54486447802434,3298.7711345604966,298.15
4481.0,71.98985970273648,1.0,184.36468709687392,68.36237118151132,3365.7578018053164,298.15
4482.0,71.98360883456036,1.0,192.4145715255238,62.73419201140497,3010.3717317105484,298.15
4483.0,71.97735796638422,1.0,180.45475161023163,59.54309310324212,3325.332835817026,298.15
4484.0,71.97110709820808,1.0,181.482955805542,55.76486403706893,2749.8271180714155,298.15
4485.0,71.96485623003196,1.0,188.5747728452466,68.48012762225528,3087.5658015562294,298.15
4486.0,71.95860536185582,1.0,189.8967223806078,70.73392449187064,2621.0225295620808,298.15
4487.0,71.95235449367968,1.0,191.43019570188622,61.86748389969962,3268.133673613925,298.15
4488.0,71.94610362550354,1.0,189.0290452155726,71.00602600071225,2796.4956600653154,298.15
4489.0,71.9398527573274,1.0,192.6119789680603,72.30670112137564,2744.8167065279026,298.15
4490.0,71.93360188915128,1.0,188.95741951609824,54.05430622972547,2567.6989053768107,298.15
4491.0,71.92735102097514,1.0,188.68021992273952,57.35240476240563,3550.2878445651772,298.15
4492.0,71.921100152799,1.0,194.23781107028856,67.20075489441004,2417.9278862320125,298.15
4493.0,71.91484928462286,1.0,194.3142745935477,65.70973006265923,2675.473784613113,298.15
4494.0,71.90859841644672,1.0,192.7167470741126,68.16001220114792,2650.439343263024,298.15
4495.0,71.9023475482706,1.0,199.655678776552,66.0882086628194,2336.644296327228,298.15
4496.0,71.89609668009446,1.0,205.74606758342114,68.76076021973954,2130.129795006712,298.15
4497.0,71.88984581191832,1.0,202.34814915445537,67.92154249602481,2399.9778678080907,298.15
4498.0,71.88359494374218,1.0,200.56848748453,70.08883795262498,2789.867782869475,298.15
4499.0,71.87734407556604,1.0,193.50738335085833,69.0571492024699,2868.6735342895217,298.15
4500.0,71.87109320738992,1.0,198.622655309574,68.4953674477498,2607.5329402078332,298.15
4501.0,71.86484233921378,1.0,206.47690414120476,80.89706353108235,1822.6760266191836,298.15
4502.0,71.85859147103764,1.0,200.08815250196727,62.461935793382544,2323.2907341051196,298.15
4503.0,71.8523406028615,1.0,202.2757187190345,83.85381613923896,3112.273509930841,298.15
4504.0,71.84608973468536,1.0,205.72174432946846,66.47098576561596,2272.879987196164,298.15
4505.0,71.83983886650924,1.0,211.4606596089486,69.58250563745219,1892.733698902971,298.15
4506.0,71.8335879983331,1.0,201.6568991744315,69.874088375141,1977.5691586726173,298.15
4507.0,71.82733713015696,1.0,211.55083565790324,80.63350200313643,2011.554556426089,298.15
4508.0,71.82108626198084,1.0,209.93498631805102,75.4915085727368,2440.025980376863,298.15
4509.0,71.8148353938047,1.0,203.96717938958423,77.0409767096866,1912.1988367266003,298.15
4510.0,71.80858452562856,1.0,194.25183534673624,81.77722387031031,2561.274395218301,298.15
4511.0,71.80233365745242,1.0,200.17191192730164,68.56980086665803,1908.5459898328536,298.15
4512.0,71.79608278927628,1.0,211.04483646963396,75.25893574137604,2106.768152452917,298.15
4513.0,71.78983192110016,1.0,213.73497587305698,85.44410794975295,1612.120725372139,298.15
4514.0,71.78358105292402,1.0,222.8623561540249,69.17197555687864,2318.56605210059,298.15
4515.0,71.77733018474788,1.0,215.47308927936282,81.13791873188124,2019.67492416728,298.15
4516.0,71.77107931657174,1.0,210.7517375819096,72.70992253888056,2770.7646646228095,298.15
4517.0,71.7648284483956,1.0,200.84078286868083,75.04078061607277,1856.018946700178,298.15
4518.0,71.75857758021948,1.0,218.5771884853171,79.33590680831156,1558.8475030413806,298.15
4519.0,71.75232671204334,1.0,211.28013260852688,71.71060614528724,1878.673291235887,298.15
4520.0,71.7460758438672,1.0,219.55220542454396,79.70526891925451,1572.073917161763,298.15
4521.0,71.73982497569106,1.0,208.89521949071732,79.49406764801047,2280.580407209663,298.15
4522.0,71.73357410751493,1.0,221.88915695653046,80.26381281355773,1000.0,298.15
4523.0,71.7273232393388,1.0,229.11761711369297,76.82362924889915,1848.458383948653,298.15
4524.0,71.72107237116266,1.0,223.4363603791201,72.16411679041238,1863.0108204808423,298.15
4525.0,71.71482150298652,1.0,218.4516514008702,78.77072277867705,1403.8661445175194,298.15
4526.0,71.70857063481039,1.0,220.2391524864185,79.36542832624035,2118.550495642297,298.15
4527.0,71.70231976663425,1.0,230.33420633661743,86.05302368915542,1965.3669296234339,298.15
4528.0,71.69606889845812,1.0,225.16005212971837,86.13548787043896,1806.658236890931,298.15
4529.0,71.68981803028198,1.0,226.94234787411776,75.06359081531332,1000.0,298.15
4530.0,71.68356716210585,1.0,217.3739925339287,85.41727686599586,1305.6988178359375,298.15
4531.0,71.6773162939297,1.0,215.0518670463035,80.37706622700213,2434.161168771874,298.15
4532.0,71.67106542575357,1.0,227.8651104700841,85.8292414908537,1705.9632620243042,298.15
4533.0,71.66481455757744,1.0,217.8587285479617,83.6558224578069,2239.1002933307113,298.15
4534.0,71.6585636894013,1.0,217.65539413902835,85.99179521193173,1178.6529177593256,298.15
4535.0,71.65231282122517,1.0,217.52981914449327,76.99868379387097,1358.6678541190734,298.15
4536.0,71.64606195304904,1.0,238.40228612052516,79.02899166442454,1558.8529010930104,298.15
4537.0,71.6398110848729,1.0,223.59748989618555,80.48036927956136,1876.9323776831786,298.15
4538.0,71.63356021669676,1.0,224.75363402979022,79.32412447842273,2146.526695015933,298.15
4539.0,71.62730934852063,1.0,233.70038092739506,86.4257908206524,1593.5649223676892,298.15
4540.0,71.62105848034449,1.0,227.21757535781973,81.23239849947447,2488.142375934108,298.15
4541.0,71.61480761216836,1.0,222.1138450467835,86.26677557945118,2046.3209589463847,298.15
4542.0,71.60855674399222,1.0,244.70629170657082,83.73188777384495,1710.5601936297276,298.15
4543.0,71.60230587581609,1.0,236.86293130316716,77.76970082822352,1873.4277590744523,298.15
4544.0,71.59605500763995,1.0,235.6883484385851,86.1555099530293,1877.4658643794362,298.15
4545.0,71.58980413946381,1.0,227.89789676194718,73.17051549541232,1936.2724176845356,298.15
4546.0,71.58355327128768,1.0,235.56795120808277,81.63152319858027,1723.7912751580886,298.15
4547.0,71.57730240311155,1.0,227.88146886832754,82.0715119017424,1851.6112760164356,298.15
4548.0,71.5710515349354,1.0,230.59048599654332,83.13230986339393,1902.298165331994,298.15
4549.0,71.56480066675927,1.0,235.74502245889957,82.25664026222532,1911.8159882088887,298.15
4550.0,71.55854979858313,1.0,229.88860938834705,83.31915574389066,2175.0972669699963,298.15
4551.0,71.552298930407,1.0,242.93061142568752,84.69136755660233,2266.517921923137,298.15
4552.0,71.54604806223087,1.0,239.1283835883457,77.7679572122092,2289.676346231561,298.15
4553.0,71.53979719405473,1.0,238.61497132220467,83.07373859413357,2350.113737547044,298.15
4554.0,71.53354632587859,1.0,228.3282214496751,79.82097642593958,2185.6962330288147,298.15
4555.0,71.52729545770245,1.0,240.51102152083598,72.33133384100587,2218.4434687570038,298.15
4556.0,71.52104458952633,1.0,233.88707164969094,78.21091350874673,1790.4377249751233,298.15
4557.0,71.51479372135019,1.0,239.65501127423244,89.17799734827997,2116.6215021404764,298.15
4558.0,71.50854285317405,1.0,234.66649930647623,70.30404932218336,2484.9519386482784,298.15
4559.0,71.50229198499791,1.0,232.20924969391538,80.93833240933121,2291.012007803523,298.15
4560.0,71.49604111682177,1.0,244.08023392343392,83.0707072506673,2192.5530273639547,298.15
4561.0,71.48979024864565,1.0,233.10671698035782,75.3715344172758,3603.511231602953,298.15
4562.0,71.48353938046951,1.0,236.24678990176582,76.48916880542689,2850.0732393303583,298.15
4563.0,71.47728851229337,1.0,226.561313431275,68.55910102627276,2861.8272601706544,298.15
4564.0,71.47103764411725,1.0,247.28506858856645,85.49056259942849,2268.628132213224,298.15
4565.0,71.4647867759411,1.0,238.95542702981277,79.48456234882504,2597.586701071205,298.15
4566.0,71.45853590776497,1.0,245.0344885512567,85.65045338734507,2367.4046907330076,298.15
4567.0,71.45228503958883,1.0,239.00008950980597,77.64347923161634,2652.8739865398416,298.15
4568.0,71.44603417141269,1.0,228.35359985908124,68.97799777752299,2870.826218091131,298.15
4569.0,71.43978330323657,1.0,246.83906461883598,80.05075792177853,2994.4581197541074,298.15
4570.0,71.43353243506043,1.0,240.59631707233095,82.70715610089428,3042.0983943900574,298.15
4571.0,71.42728156688429,1.0,234.99846381287207,74.95086675542663,2894.309088814535,298.15
4572.0,71.42103069870815,1.0,252.27098939259295,85.61911433053828,2832.2574142582903,298.15
4573.0,71.41477983053201,1.0,236.3197313884461,75.15570654371169,2797.873865226763,298.15
4574.0,71.40852896235589,1.0,234.98917268602472,77.04490131173546,3040.569231173882,298.15
4575.0,71.40227809417975,1.0,225.6902900763164,82.323656578477,3136.0691793993906,298.15
4576.0,71.39602722600361,1.0,241.60551592952217,71.55390346484481,3320.17136031046,298.15
4577.0,71.38977635782747,1.0,240.6230968775689,74.83352125079108,2987.356480046499,298.15
4578.0,71.38352548965133,1.0,239.18692339487095,64.58799189109081,3099.6758617529595,298.15
4579.0,71.37727462147521,1.0,251.88451576611877,74.95519892086479,2699.3143883278544,298.15
4580.0,71.37102375329907,1.0,236.4273645638801,72.49683572761644,2995.7144499795795,298.15
4581.0,71.36477288512293,1.0,245.1832237787675,72.62058192787599,3650.896351379703,298.15
4582.0,71.3585220169468,1.0,231.70623859712043,76.64107617555558,2376.2763337233055,298.15
4583.0,71.35227114877065,1.0,244.60943256245758,66.88912678791634,3219.004382211148,298.15
4584.0,71.34602028059453,1.0,230.01460092823652,71.13073593890203,3225.366302747977,298.15
4585.0,71.33976941241839,1.0,239.19240274492253,77.17757518021142,3057.350806442305,298.15
4586.0,71.33351854424225,1.0,240.2988310775979,79.44896750241375,2604.6485677676674,298.15
4587.0,71.32726767606611,1.0,231.52535608917884,68.75258144571428,3225.3618842060528,298.15
4588.0,71.32101680788998,1.0,237.3399053194644,80.72667907612022,3577.65203014862,298.15
4589.0,71.31476593971385,1.0,233.60859998716953,79.82974125081114,3521.647890134595,298.15
4590.0,71.30851507153771,1.0,239.5893184009595,66.65423637869964,3250.5514367675264,298.15
4591.0,71.30226420336157,1.0,240.64576383108738,70.49942922846812,3790.049966405678,298.15
4592.0,71.29601333518545,1.0,240.0320749475954,72.85547579192118,3428.429834474599,298.15
4593.0,71.28976246700931,1.0,232.63583964947546,63.34127102618234,2574.907536325739,298.15
4594.0,71.28351159883317,1.0,240.65116101825413,62.274438795515294,3438.3661134233653,298.15
4595.0,71.27726073065703,1.0,232.6094430133791,69.93269542143376,3742.322829781847,298.15
4596.0,71.2710098624809,1.0,233.80191688361802,70.69517222341169,3267.7208387741375,298.15
4597.0,71.26475899430477,1.0,249.35780398576748,66.62279806062817,3049.8588653796164,298.15
4598.0,71.25850812612863,1.0,234.01920905546163,61.608119606942466,3395.805076922732,298.15
4599.0,71.2522572579525,1.0,225.471389132792,70.86961962568397,2971.81679053834,298.15
4600.0,71.24600638977635,1.0,244.4348993748951,65.54352684392511,2751.305489066428,298.15
4601.0,71.23975552160022,1.0,233.6640412070194,66.88883587578735,2880.344921677571,298.15
4602.0,71.23350465342409,1.0,225.13221660845937,59.89860221339706,3069.8298041122466,298.15
4603.0,71.22725378524795,1.0,217.90612187935525,68.17115281753867,3265.7583885243585,298.15
4604.0,71.22100291707181,1.0,226.84802552552696,65.84542228304318,3509.0977098093067,298.15
4605.0,71.21475204889568,1.0,235.23336953436515,62.69178479617628,3232.6303453930705,298.15
4606.0,71.20850118071954,1.0,235.39652679081746,54.77770838678806,1828.9442804641403,298.15
4607.0,71.20225031254341,1.0,224.59779166224843,74.08398264011873,2913.0049346444566,298.15
4608.0,71.19599944436727,1.0,237.85197038189276,59.45467861029048,2102.719916551769,298.15
4609.0,71.18974857619114,1.0,231.11485155766445,75.52163244780282,2893.111196609704,298.15
4610.0,71.183497708015,1.0,227.81402479343822,62.33916861079881,2887.428879367816,298.15
4611.0,71.17724683983886,1.0,223.73951195228364,68.56838444258464,2856.9850629854827,298.15
4612.0,71.17099597166273,1.0,229.57727415691036,67.20187142215745,3564.2715451448535,298.15
4613.0,71.1647451034866,1.0,220.61649032739624,56.16952945042198,2860.8537377713806,298.15
4614.0,71.15849423531046,1.0,228.41338491654807,72.08920250516606,2372.8486996544684,298.15
4615.0,71.15224336713433,1.0,223.7761262621118,61.26432871093021,2675.745638730236,298.15
4616.0,71.14599249895818,1.0,238.85606024034206,67.18672000515524,2517.136630956747,298.15
4617.0,71.13974163078205,1.0,220.1533179769947,50.0,2250.0086849497015,298.15
4618.0,71.13349076260592,1.0,223.4125015429392,58.95238168642327,2997.550144283183,298.15
4619.0,71.12723989442978,1.0,223.88294325959646,60.84212405523505,2944.125914987878,298.15
4620.0,71.12098902625365,1.0,232.47223262440414,65.9844916903058,2490.235665441586,298.15
4621.0,71.11473815807751,1.0,220.38672573583526,60.952323652753854,3139.8650476453413,298.15
4622.0,71.10848728990138,1.0,209.98855592354354,70.87449017246678,2274.658430086515,298.15
4623.0,71.10223642172524,1.0,225.26934251730003,51.04563310001769,2569.191927977732,298.15
4624.0,71.0959855535491,1.0,207.42897954217858,55.42845630388385,2454.1875960311177,298.15
4625.0,71.08973468537297,1.0,228.77777306503882,56.28080715370568,2652.5858219183583,298.15
4626.0,71.08348381719684,1.0,223.22080932431842,53.8428440310244,2776.812863391913,298.15
4627.0,71.0772329490207,1.0,211.12889053251055,59.007900760358304,2061.143861514195,298.15
4628.0,71.07098208084456,1.0,218.513452559587,50.43972912327916,2273.052937430091,298.15
4629.0,71.06473121266842,1.0,220.60799568607064,52.567024434541295,2863.4828900259486,298.15
4630.0,71.0584803444923,1.0,209.9149529750975,50.0,1694.8979537061173,298.15
4631.0,71.05222947631616,1.0,224.4673980274161,64.26281983640617,2525.103972751157,298.15
4632.0,71.04597860814002,1.0,224.1690291013866,55.36969030752836,1947.1516277556282,298.15
4633.0,71.03972773996388,1.0,209.59530358333947,58.83287979761985,1945.1093810654681,298.15
4634.0,71.03347687178774,1.0,215.48915605028088,61.99202717717949,1514.3509394116595,298.15
4635.0,71.02722600361162,1.0,215.8290807368042,57.7910212652017,1558.543764788472,298.15
4636.0,71.02097513543548,1.0,199.6104606591253,50.0,1835.8704699517248,298.15
4637.0,71.01472426725934,1.0,204.86806817155372,63.92923107211114,1510.084710017222,298.15
4638.0,71.0084733990832,1.0,210.6751407861157,58.00601771104731,2036.9582867106499,298.15
4639.0,71.00222253090706,1.0,204.824720719024,70.48941269973923,2004.1188894086317,298.15
4640.0,70.99597166273094,1.0,212.78684113036047,60.04728965660149,1902.9974348378983,298.15
4641.0,70.9897207945548,1.0,202.47218297628984,61.14637975936812,1598.6292010656703,298.15
4642.0,70.98346992637866,1.0,203.18604595612257,57.44361004068874,1363.3497829439273,298.15
4643.0,70.97721905820254,1.0,207.7050169580732,61.10956248172067,1899.2311183993702,298.15
4644.0,70.97096819002638,1.0,208.98147623965917,65.95453913881926,1657.0437646105115,298.15
4645.0,70.96471732185026,1.0,193.3293042797844,69.0288784605347,1711.4089637360298,298.15
4646.0,70.95846645367412,1.0,203.17925601592327,66.48219017365886,1955.1181201951827,298.15
4647.0,70.95221558549798,1.0,209.2842103712264,50.0,1774.8475387270835,298.15
4648.0,70.94596471732186,1.0,206.4182669169606,57.68572395864565,1571.60802404778,298.15
4649.0,70.93971384914572,1.0,202.49901714660177,55.316408845619115,2524.622573187732,298.15
4650.0,70.93346298096958,1.0,201.9839167211771,64.47109017277965,1432.1350589547792,298.15
4651.0,70.92721211279344,1.0,195.58737340103903,56.04001064777154,1208.0669159250942,298.15
4652.0,70.9209612446173,1.0,198.24734798702485,62.038392670344855,1684.4711387523093,298.15
4653.0,70.91471037644118,1.0,198.46346422602963,56.13253501927858,1607.0750532435195,298.15
4654.0,70.90845950826504,1.0,205.41905300566418,66.22431366453733,1832.0855352957803,298.15
4655.0,70.9022086400889,1.0,199.39771171896825,65.75325933843317,1324.6218277566593,298.15
4656.0,70.89595777191276,1.0,197.8117359798767,62.39653481001913,1104.9753395100156,298.15
4657.0,70.88970690373662,1.0,189.284951692073,67.45687728620707,2185.61360030834,298.15
4658.0,70.8834560355605,1.0,193.71728932798047,69.12425178071744,2009.8027637367134,298.15
4659.0,70.87720516738436,1.0,188.7548473770769,63.50399907582185,2001.8025003146074,298.15
4660.0,70.87095429920822,1.0,189.56827260007438,69.0024699546155,1431.56843854284,298.15
4661.0,70.86470343103208,1.0,194.35815794943443,72.02287483463886,1736.753834827522,298.15
4662.0,70.85845256285594,1.0,193.59100942386465,66.55273600615092,1842.522914730506,298.15
4663.0,70.85220169467982,1.0,187.06146796893236,63.35532078521929,2504.3306403404254,298.15
4664.0,70.84595082650368,1.0,187.08803977978732,69.9394069502604,1669.6078031416096,298.15
4665.0,70.83969995832754,1.0,185.18876099170907,68.63244759000509,2209.961143432706,298.15
4666.0,70.8334490901514,1.0,186.27503084411623,59.25626159458657,1572.7151822530616,298.15
4667.0,70.82719822197527,1.0,186.4796953139401,62.25870970718313,2051.9124629218254,298.15
4668.0,70.82094735379914,1.0,183.45895494549737,73.39631383982075,2566.543069950236,298.15
4669.0,70.814696485623,1.0,184.91662993263824,67.30768296402367,2458.9681674614517,298.15
4670.0,70.80844561744686,1.0,191.75337936700524,69.05749580683414,2116.0634440599565,298.15
4671.0,70.80219474927074,1.0,180.0,65.86919281142491,1625.0624390803225,298.15
4672.0,70.79594388109459,1.0,185.6694180060526,75.60253489929427,2002.9152902766054,298.15
4673.0,70.78969301291846,1.0,186.91970223321678,62.85690702759978,1888.0021216161567,298.15
4674.0,70.78344214474232,1.0,184.72712373771492,72.99455198949511,2116.103057600692,298.15
4675.0,70.77719127656619,1.0,180.0,73.7272852096482,2630.754641023343,298.15
4676.0,70.77094040839006,1.0,183.90433011492306,76.22213792397508,2143.900406412114,298.15
4677.0,70.76468954021392,1.0,181.17077677565686,69.6549058920181,2967.1093816570656,298.15
4678.0,70.75843867203778,1.0,185.00768415128107,74.53403578605169,1927.9898902120908,298.15
4679.0,70.75218780386164,1.0,181.53788852417813,74.16502545322835,2705.0512606265465,298.15
4680.0,70.7459369356855,1.0,180.0,68.66226313497872,2155.399554211196,298.15
4681.0,70.73968606750938,1.0,182.01467586313717,73.95051725215367,2546.995859459573,298.15
4682.0,70.73343519933324,1.0,180.0,72.26712912916376,2283.7222650927856,298.15
4683.0,70.7271843311571,1.0,180.0,79.52616183749073,3447.036819353826,298.15
4684.0,70.72093346298097,1.0,180.0,70.81196629875267,2734.0981456219165,298.15
4685.0,70.71468259480483,1.0,180.0,76.28534338723786,2198.5444375941397,298.15
4686.0,70.7084317266287,1.0,180.0,76.10017575955757,2356.7426665304806,298.15
4687.0,70.70218085845256,1.0,180.0,67.71954507982751,2420.7694617875854,298.15
4688.0,70.69592999027643,1.0,180.0,69.68754950668526,3043.5202487897195,298.15
4689.0,70.68967912210029,1.0,180.0,67.7430210441941,2662.4886779760855,298.15
4690.0,70.68342825392415,1.0,180.0,75.75316510881586,3032.2873588252864,298.15
4691.0,70.67717738574802,1.0,180.0,78.88369824826552,3290.1921912300168,298.15
4692.0,70.67092651757189,1.0,180.0,77.0732432942356,2459.5835464133925,298.15
4693.0,70.66467564939575,1.0,180.0,79.47318157036437,3589.1783690530056,298.15
4694.0,70.65842478121961,1.0,180.0,77.5359870336331,2611.6074626506065,298.15
4695.0,70.65217391304347,1.0,180.0,67.40293049487734,3532.8003496458973,298.15
4696.0,70.64592304486735,1.0,180.0,76.29583282620833,3057.3768218003397,298.15
4697.0,70.6396721766912,1.0,180.0,78.43730150819377,3835.6045810640094,298.15
4698.0,70.63342130851507,1.0,180.0,81.81992821341451,2976.9270973094895,298.15
4699.0,70.62717044033894,1.0,180.0,78.81589934310384,3004.142708461163,298.15
4700.0,70.62091957216279,1.0,180.0,81.562974763387,3428.9370510586286,298.15
4701.0,70.61466870398667,1.0,180.0,80.14218178188284,2838.8665031259657,298.15
4702.0,70.60841783581053,1.0,180.0,78.24249159278274,2754.0330271732414,298.15
4703.0,70.60216696763439,1.0,180.0,66.78936834640176,3521.221821321763,298.15
4704.0,70.59591609945826,1.0,180.0,79.33535316988797,3622.0346532161993,298.15
4705.0,70.58966523128213,1.0,180.0,82.64921768615773,3691.0778338006057,298.15
4706.0,70.58341436310599,1.0,180.0,71.08639115887388,3538.6955624613206,298.15
4707.0,70.57716349492985,1.0,180.0,72.78520402821225,3044.9940575541623,298.15
4708.0,70.57091262675371,1.0,180.0,82.55610731315365,3364.9709210072715,298.15
4709.0,70.56466175857759,1.0,180.0,84.39196540716061,2933.903564652584,298.15
4710.0,70.55841089040145,1.0,180.0,70.70129742579113,3929.8863145864843,298.15
4711.0,70.55216002222531,1.0,180.0,78.58027047912394,3488.767435497334,298.15
4712.0,70.54590915404917,1.0,180.0,82.69953466579676,3578.4421154758866,298.15
4713.0,70.53965828587303,1.0,180.0,77.12804782881759,3463.9289040992917,298.15
4714.0,70.5334074176969,1.0,180.0,80.41994557983188,3156.7662339467965,298.15
4715.0,70.52715654952077,1.0,180.0,67.45936877580415,3907.8931505777355,298.15
4716.0,70.52090568134463,1.0,180.0,85.46955478610363,3301.8216010188858,298.15
4717.0,70.51465481316849,1.0,180.0,75.89189127691037,3719.8404994564085,298.15
4718.0,70.50840394499235,1.0,180.0,82.42403260390286,3128.120438581026,298.15
4719.0,70.50215307681623,1.0,180.0,77.28923097645959,4189.769505121867,298.15
4720.0,70.49590220864009,1.0,180.0,67.93420146315532,3369.67231016018,298.15
4721.0,70.48965134046395,1.0,180.0,70.34277686279363,3009.9019133093684,298.15
4722.0,70.48340047228781,1.0,180.0,79.32834254276244,2778.58815830575,298.15
4723.0,70.47714960411167,1.0,180.0,80.9903134804415,3496.7446275338475,298.15
4724.0,70.47089873593555,1.0,180.0,82.84967741843933,3058.761520293278,298.15
4725.0,70.46464786775941,1.0,180.0,78.32677728797871,2608.659979395235,298.15
4726.0,70.45839699958327,1.0,180.0,70.14970710451668,2896.995770952453,298.15
4727.0,70.45214613140715,1.0,180.0,72.35814259908886,2886.2812603515736,298.15
4728.0,70.44589526323101,1.0,180.0,76.52287283249102,2655.2115901832376,298.15
4729.0,70.43964439505487,1.0,180.0,79.04935697649756,3416.0874447666724,298.15
4730.0,70.43339352687873,1.0,180.0,83.44204883772393,2668.389928119819,298.15
4731.0,70.42714265870259,1.0,180.0,78.55498859904681,2663.7769853200843,298.15
4732.0,70.42089179052647,1.0,180.0,74.57432087792282,2775.8193544032383,298.15
4733.0,70.41464092235033,1.0,180.0,73.63192274901802,2952.669387967489,298.15
4734.0,70.40839005417419,1.0,180.0,81.06850946934341,2757.7446286275463,298.15
4735.0,70.40213918599805,1.0,180.0,80.81438154042294,3532.5228483461656,298.15
4736.0,70.39588831782191,1.0,180.0,76.97619678982088,2682.8614252964458,298.15
4737.0,70.38963744964579,1.0,180.0,76.04139805375186,3251.8050348850143,298.15
4738.0,70.38338658146965,1.0,180.0,77.6430838830505,2831.171667803434,298.15
4739.0,70.37713571329351,1.0,180.0,88.86166542516763,2498.963482353681,298.15
4740.0,70.37088484511737,1.0,180.0,73.64925257784394,2715.3090196160692,298.15
4741.0,70.36463397694124,1.0,180.0,69.43160769772706,2561.5497688995265,298.15
4742.0,70.35838310876511,1.0,180.0,75.96906623882334,2671.3328232512504,298.15
4743.0,70.35213224058897,1.0,180.0,79.78875608023986,2123.6349100793454,298.15
4744.0,70.34588137241283,1.0,180.0,73.90531527732031,2186.789829970264,298.15
4745.0,70.3396305042367,1.0,180.0,82.5365824515409,2079.519699897662,298.15
4746.0,70.33337963606056,1.0,180.0,69.08455583522607,2683.6808817735255,298.15
4747.0,70.32712876788443,1.0,180.0,75.71197255573804,2822.6049596638354,298.15
4748.0,70.3208778997083,1.0,180.0,76.40026777623257,2032.1163465801567,298.15
4749.0,70.31462703153215,1.0,180.0,77.97622134947473,1726.2690752579915,298.15
4750.0,70.30837616335602,1.0,180.0,76.0592971216084,1707.9813924527489,298.15
4751.0,70.30212529517988,1.0,180.0,74.3658689324528,2496.920799372936,298.15
4752.0,70.29587442700375,1.0,180.0,70.90674941985012,1841.2717999436375,298.15
4753.0,70.28962355882761,1.0,180.0,76.02151064684458,2011.1829165558108,298.15
4754.0,70.28337269065148,1.0,180.0,67.61829739933121,2163.2048075434295,298.15
4755.0,70.27712182247535,1.0,180.0,66.90569822600514,2300.6561762542738,298.15
4756.0,70.27087095429921,1.0,180.0,68.94781538393988,1266.709979778612,298.15
4757.0,70.26462008612307,1.0,180.0,70.51331603062646,1813.758074597674,298.15
4758.0,70.25836921794694,1.0,180.0,74.55086240950507,1969.4903986540473,298.15
4759.0,70.2521183497708,1.0,180.0,83.20316869418436,1199.6118746072325,298.15
4760.0,70.24586748159467,1.0,180.0,73.39389956409877,1442.322167187933,298.15
4761.0,70.23961661341853,1.0,180.0,73.92091751889068,2152.1358364551566,298.15
4762.0,70.2333657452424,1.0,180.0,70.63380738057475,1354.0683126342758,298.15
4763.0,70.22711487706626,1.0,180.0,74.63467660658682,2249.459426867822,298.15
4764.0,70.22086400889012,1.0,182.01606608180745,69.75262070589439,1907.6413497070032,298.15
4765.0,70.214613140714,1.0,180.0,66.08182133210153,2201.6109686140708,298.15
4766.0,70.20836227253785,1.0,180.0,67.787767058176,1756.3805790908914,298.15
4767.0,70.20211140436172,1.0,180.0,68.30147500975792,1837.29517679512,298.15
4768.0,70.19586053618558,1.0,180.0,77.23971695652203,1361.2975026091933,298.15
4769.0,70.18960966800944,1.0,180.0,71.37812652208409,1400.967767982358,298.15
4770.0,70.18335879983331,1.0,180.6241352202097,76.98927311586225,1599.1734441777244,298.15
4771.0,70.17710793165718,1.0,180.0,67.79954009853256,1860.3011530860076,298.15
4772.0,70.17085706348104,1.0,181.38981622626926,71.82883328731339,1821.3721499259725,298.15
4773.0,70.1646061953049,1.0,180.0,70.22790265247784,1345.9267869817809,298.15
4774.0,70.15835532712876,1.0,180.0,61.706530973639744,1750.477699044628,298.15
4775.0,70.15210445895264,1.0,180.0,70.78281530415263,1437.9250399492325,298.15
4776.0,70.1458535907765,1.0,194.58934417385652,65.0788717516414,1459.8912008323753,298.15
4777.0,70.13960272260036,1.0,180.0,70.48127097993022,1011.5218250821173,298.15
4778.0,70.13335185442422,1.0,191.0654161742712,76.9172114025286,2359.104920955674,298.15
4779.0,70.12710098624808,1.0,194.24727545171334,63.89261345320378,1948.7638198425605,298.15
4780.0,70.12085011807196,1.0,180.53880966325423,64.64339020844865,2266.696843351478,298.15
4781.0,70.11459924989582,1.0,180.0,69.68880117309536,1256.0172566195565,298.15
4782.0,70.10834838171968,1.0,185.65473168666193,67.88848030434067,1659.7046189124267,298.15
4783.0,70.10209751354355,1.0,186.09665716144914,59.70482384405706,1562.0906359692494,298.15
4784.0,70.09584664536742,1.0,180.0,74.26748321546168,1799.808361312907,298.15
4785.0,70.08959577719128,1.0,180.80909389550746,58.19084234598123,2195.408264072132,298.15
4786.0,70.08334490901514,1.0,195.01261243918538,64.56668201385833,1902.2246329001746,298.15
4787.0,70.077094040839,1.0,186.66941136381232,71.20733952865093,1864.8649641364657,298.15
4788.0,70.07084317266288,1.0,194.26600248952178,61.49269325348141,2321.0375823312784,298.15
4789.0,70.06459230448674,1.0,192.47840589255384,68.92725255182985,2074.745538795996,298.15
4790.0,70.0583414363106,1.0,193.60888590457935,59.331193037096895,1844.3676721397753,298.15
4791.0,70.05209056813446,1.0,189.5142718065795,62.51260949806527,2467.325828305049,298.15
4792.0,70.04583969995832,1.0,200.3927081085013,59.19634846450346,2288.3667419126873,298.15
4793.0,70.0395888317822,1.0,192.686318390967,68.58363442894212,1621.6338167427948,298.15
4794.0,70.03333796360606,1.0,191.96623724257222,64.95766130664688,2579.6700978093418,298.15
4795.0,70.02708709542992,1.0,193.64957251498342,59.82098196526142,2737.931273764359,298.15
4796.0,70.02083622725378,1.0,191.306707255091,59.902515810283916,2113.135863723138,298.15
4797.0,70.01458535907764,1.0,202.6056514965461,67.66475418914517,2392.1653771575966,298.15
4798.0,70.00833449090152,1.0,188.87674263558998,66.20481937426706,1542.9643382983227,298.15
4799.0,70.00208362272538,1.0,198.81147928013235,54.56712503404035,1789.1727053837888,298.15
4800.0,69.99583275454924,1.0,203.0372625351507,61.78967470513137,2413.3486119409185,298.15
4801.0,69.9895818863731,1.0,213.20355734077611,50.66345526347351,2839.1382904481275,298.15
4802.0,69.98333101819696,1.0,212.6068283246289,68.12349230275198,2306.8561902373744,298.15
4803.0,69.97708015002084,1.0,204.84281059177474,69.48750983308308,2427.211451216893,298.15
4804.0,69.9708292818447,1.0,202.6121788340999,55.37423918340528,2888.314539103175,298.15
4805.0,69.96457841366856,1.0,198.60860621697486,68.53999161194524,3118.70652006673,298.15
4806.0,69.95832754549242,1.0,197.42953236593036,53.68356772356389,3110.285370463226,298.15
4807.0,69.95207667731628,1.0,200.70555111824035,61.168403076726605,3105.1472396242007,298.15
4808.0,69.94582580914016,1.0,210.60346021112062,61.96998751321872,2421.918118463129,298.15
4809.0,69.93957494096402,1.0,204.2359177061906,53.37474603055671,2573.2518543195238,298.15
4810.0,69.93332407278788,1.0,216.1612394052342,57.71324262825411,2765.3513625103983,298.15
4811.0,69.92707320461176,1.0,209.1977426435991,62.27543735793834,2539.8684682663006,298.15
4812.0,69.92082233643562,1.0,206.6541312152971,50.0,2953.5115274533587,298.15
4813.0,69.91457146825948,1.0,199.77384371596006,70.57483267991589,2840.2417483242702,298.15
4814.0,69.90832060008334,1.0,205.00809003668303,60.365616859507696,2846.161223630747,298.15
4815.0,69.9020697319072,1.0,202.966255950921,52.37030893465285,3036.7271031029695,298.15
4816.0,69.89581886373108,1.0,207.363726026945,53.8767119609169,2665.8331825453897,298.15
4817.0,69.88956799555494,1.0,216.31887232561158,65.65049630299576,3685.9828022472157,298.15
4818.0,69.8833171273788,1.0,214.4867422014513,63.84242851616127,3199.637123443376,298.15
4819.0,69.87706625920266,1.0,211.92447925093114,62.558677654439315,3498.5460815219103,298.15
4820.0,69.87081539102653,1.0,223.52780060215514,55.9255976282866,3248.73418178828,298.15
4821.0,69.8645645228504,1.0,214.91521284426676,60.54398938260228,2828.882222941582,298.15
4822.0,69.85831365467426,1.0,223.5960139153517,60.47619624422826,3692.055863522817,298.15
4823.0,69.85206278649812,1.0,225.915142756322,61.68842781559491,3464.8372321702986,298.15
4824.0,69.84581191832198,1.0,213.66821203277215,67.47184159932904,3212.427727102427,298.15
4825.0,69.83956105014585,1.0,215.6365080574454,67.86835325931577,3171.269866514949,298.15
4826.0,69.83331018196972,1.0,232.94731777555683,55.56034955102504,3308.3319115903364,298.15
4827.0,69.82705931379358,1.0,227.45935508782316,58.854683444945394,2976.5813175167164,298.15
4828.0,69.82080844561744,1.0,219.7901403695429,65.87633615606865,3424.6787653911197,298.15
4829.0,69.8145575774413,1.0,228.83754856334812,63.13559708122898,3378.609172232233,298.15
4830.0,69.80830670926517,1.0,216.09391143207165,79.76818936046368,2814.0049467426297,298.15
4831.0,69.80205584108904,1.0,216.8305488270549,64.64872553576741,3239.1022422076367,298.15
4832.0,69.7958049729129,1.0,218.14742447727986,65.54617262666697,3030.9769793774185,298.15
4833.0,69.78955410473677,1.0,228.1852980920903,66.46158455081428,3136.4864372962734,298.15
4834.0,69.78330323656063,1.0,233.47375501865568,58.949437796936614,3251.4245281371864,298.15
4835.0,69.77705236838449,1.0,224.95135359929515,62.761663047880376,3353.060238451754,298.15
4836.0,69.77080150020836,1.0,235.93699646723812,58.37997755170261,2940.7868062627185,298.15
4837.0,69.76455063203223,1.0,226.6500726247984,79.12431631479625,2999.2610446610115,298.15
4838.0,69.75829976385609,1.0,222.8416622945088,52.823573953877485,3729.617051694525,298.15
4839.0,69.75204889567996,1.0,233.04654331551177,62.73584142315734,2735.2869363772124,298.15
4840.0,69.74579802750382,1.0,215.84753560423536,75.24420371523294,2814.324425567655,298.15
4841.0,69.73954715932769,1.0,238.5785683567511,58.94663164743887,2976.800459469375,298.15
4842.0,69.73329629115155,1.0,228.2307554327116,74.09845221198253,2662.3576368785334,298.15
4843.0,69.72704542297541,1.0,234.72289075089728,59.41894016409114,2968.5479420679267,298.15
4844.0,69.72079455479928,1.0,237.29644613573606,57.75179174095945,3089.6782622470546,298.15
4845.0,69.71454368662314,1.0,222.42781717346128,74.05285346147754,2892.357336611505,298.15
4846.0,69.708292818447,1.0,240.49169614971564,63.13737057420712,2259.3993007590047,298.15
4847.0,69.70204195027087,1.0,232.35790855683325,61.62705411526496,3317.1287153151006,298.15
4848.0,69.69579108209473,1.0,239.0407730747688,58.656403031998344,2771.8662998885325,298.15
4849.0,69.6895402139186,1.0,241.72915913941108,76.6247679975039,2708.312960210191,298.15
4850.0,69.68328934574247,1.0,231.8668432625851,73.87032673691179,2175.6815843630875,298.15
4851.0,69.67703847756633,1.0,239.58596470520678,63.94312766225982,3034.606295786967,298.15
4852.0,69.67078760939019,1.0,246.3555372996816,71.41839219822194,3009.806334939565,298.15
4853.0,69.66453674121405,1.0,230.74346912222,65.45780200930585,2788.8501834100293,298.15
4854.0,69.65828587303793,1.0,242.99558218477281,62.7712491211025,2915.3603040688986,298.15
4855.0,69.65203500486179,1.0,243.1997224121603,72.05797811924191,2553.971996840868,298.15
4856.0,69.64578413668565,1.0,243.14359936811485,66.8302876053803,3189.001264573785,298.15
4857.0,69.63953326850951,1.0,231.67351930768362,68.55524648342727,2989.4085491619394,298.15
4858.0,69.63328240033337,1.0,239.6090630386443,75.43400185661419,2445.5108552725696,298.15
4859.0,69.62703153215725,1.0,255.0,70.0016448108026,2463.9917287158755,298.15
4860.0,69.62078066398111,1.0,244.23306032864184,64.49211068941017,1759.1783979695317,298.15
4861.0,69.61452979580497,1.0,232.29309055479922,71.40719835956968,2230.641859191908,298.15
4862.0,69.60827892762885,1.0,241.2717060257388,58.45181114208562,2432.7236549966606,298.15
4863.0,69.60202805945269,1.0,226.9057353471941,71.32702692245834,2344.262692482717,298.15
4864.0,69.59577719127657,1.0,243.61085956434383,72.49113044628949,1671.3524056952074,298.15
4865.0,69.58952632310043,1.0,248.2613616970766,66.36976293884219,2571.78400138232,298.15
4866.0,69.58327545492429,1.0,241.66766320930756,76.27047005608331,3744.111974899545,298.15
4867.0,69.57702458674817,1.0,229.62058982934064,68.84546512958607,1380.6274347027838,298.15
4868.0,69.57077371857203,1.0,237.05497715430621,72.3650121591881,2611.445822935239,298.15
4869.0,69.56452285039589,1.0,238.93710705469238,71.40453539148365,2636.0325155658516,298.15
4870.0,69.55827198221975,1.0,243.26732568546248,80.2011759598995,2155.1722434089684,298.15
4871.0,69.55202111404361,1.0,234.51242608445094,65.67102198354925,2180.467333361178,298.15
4872.0,69.54577024586749,1.0,230.34293985054185,73.3429939780395,2247.7627760416663,298.15
4873.0,69.53951937769135,1.0,239.80891435827223,70.54137729578456,2465.098682513214,298.15
4874.0,69.53326850951521,1.0,239.46637709903305,84.66117969493877,2345.9255134690197,298.15
4875.0,69.52701764133907,1.0,236.24058006095268,74.72073111086871,1836.1558616616874,298.15
4876.0,69.52076677316293,1.0,233.7698547274033,68.79208586643152,1592.2778445373146,298.15
4877.0,69.51451590498681,1.0,230.9646078436762,72.9064949856299,2162.363739545987,298.15
4878.0,69.50826503681067,1.0,236.44215784230238,82.46273088797001,2369.3337169286424,298.15
4879.0,69.50201416863453,1.0,245.68937497804527,78.62067360240725,2281.854961930252,298.15
4880.0,69.49576330045839,1.0,254.13235967852938,72.08358871083607,1183.6931528750765,298.15
4881.0,69.48951243228225,1.0,247.80681473695378,73.50606059000425,2235.0087272669643,298.15
4882.0,69.48326156410613,1.0,243.58505777657842,83.01093410280559,1884.15034193685,298.15
4883.0,69.47701069592999,1.0,235.24808575774694,68.52121364238293,1968.1837465578135,298.15
4884.0,69.47075982775385,1.0,241.1174504616898,81.19136783911756,1181.8265334423168,298.15
4885.0,69.46450895957771,1.0,245.05789181274884,78.44056625989533,1780.1882304360795,298.15
4886.0,69.45825809140158,1.0,240.46155218977034,72.37193521468502,1779.01904571482,298.15
4887.0,69.45200722322545,1.0,244.94619425122215,80.2823250428412,1659.6724284638856,298.15
4888.0,69.44575635504931,1.0,242.44180934259018,73.31236900661766,1887.6623698975707,298.15
4889.0,69.43950548687317,1.0,254.6730231365614,69.40983384092792,1636.756547010884,298.15
4890.0,69.43325461869705,1.0,245.21876375851383,77.20420408482315,1000.0,298.15
4891.0,69.4270037505209,1.0,225.20888013293796,77.06181916875113,1447.3205491742233,298.15
4892.0,69.42075288234477,1.0,229.8015243505296,87.66177883273768,1900.8464669726595,298.15
4893.0,69.41450201416863,1.0,236.65023909683111,72.8857245412057,1310.427282861931,298.15
4894.0,69.4082511459925,1.0,247.0624302671838,68.6339952298216,1540.7708101746384,298.15
4895.0,69.40200027781637,1.0,232.3799379774915,71.13709790044713,2166.272987671433,298.15
4896.0,69.39574940964023,1.0,234.01496130341516,79.34302587564595,1729.5226208326958,298.15
4897.0,69.38949854146409,1.0,230.88580931374102,74.0684243209825,1983.6278958952246,298.15
4898.0,69.38324767328795,1.0,234.4879087401396,72.50563802133425,2231.075047282637,298.15
4899.0,69.37699680511182,1.0,242.8373507600769,78.13197193851758,1373.4321147507735,298.15
4900.0,69.37074593693569,1.0,220.8377095949297,76.88599260228581,1488.6435283872327,298.15
4901.0,69.36449506875955,1.0,232.35580999443104,84.5015474250463,1582.6507017253641,298.15
4902.0,69.35824420058341,1.0,226.36758941025508,84.51866642194432,1875.0529486905693,298.15
4903.0,69.35199333240728,1.0,239.09837181275358,77.32611914719153,1497.9197225552448,298.15
4904.0,69.34574246423114,1.0,234.97269147510707,79.05257004756125,2468.854302361815,298.15
4905.0,69.33949159605501,1.0,228.56661032637746,91.82660543035071,1397.5826524490926,298.15
4906.0,69.33324072787887,1.0,241.54431379770378,94.71543120834662,2279.5651298505973,298.15
4907.0,69.32698985970273,1.0,231.21810706645442,94.68738669152347,2493.593118223141,298.15
4908.0,69.3207389915266,1.0,235.58203666712683,80.86825117008277,1240.1888972124682,298.15
4909.0,69.31448812335046,1.0,238.70242647828323,78.11259294034761,1535.7640412593246,298.15
4910.0,69.30823725517433,1.0,228.53740900886757,72.48282727890656,1970.392923941325,298.15
4911.0,69.3019863869982,1.0,226.83675045626902,85.42218740751983,2275.4172826456947,298.15
4912.0,69.29573551882206,1.0,226.30697220004183,81.9890275995447,1948.7904857148383,298.15
4913.0,69.28948465064592,1.0,227.6427262027598,76.04878684265323,1948.8568916240883,298.15
4914.0,69.28323378246978,1.0,227.1332314357829,81.53075924282304,2223.043072344797,298.15
4915.0,69.27698291429365,1.0,238.21485201529742,76.2802840534707,2010.5299463879346,298.15
4916.0,69.27073204611752,1.0,232.17763247266765,74.89251479601519,1509.0255696091042,298.15
4917.0,69.26448117794138,1.0,219.86660415566712,81.70999475719337,2147.1723391878127,298.15
4918.0,69.25823030976525,1.0,236.42391943906165,87.76716721886967,1951.23246102279,298.15
4919.0,69.2519794415891,1.0,228.61148386918305,86.92737836178291,2509.8214664263796,298.15
4920.0,69.24572857341298,1.0,218.57943813577177,66.73390195777819,2223.8314683542285,298.15
4921.0,69.23947770523684,1.0,223.3095222288723,80.92688741954811,2139.3563248894097,298.15
4922.0,69.2332268370607,1.0,222.63634314035448,78.46364006423295,2517.349392856188,298.15
4923.0,69.22697596888457,1.0,223.49713482815736,78.17432994903155,2256.6677349464567,298.15
4924.0,69.22072510070844,1.0,216.64967365012464,78.10006705554811,1972.8325186191503,298.15
4925.0,69.2144742325323,1.0,223.58753457986091,76.06952704854723,2700.646937385455,298.15
4926.0,69.20822336435616,1.0,228.91853286755122,63.85616119539823,2309.564768658463,298.15
4927.0,69.20197249618002,1.0,224.3710970746331,80.45548348310803,2980.7590060743505,298.15
4928.0,69.1957216280039,1.0,206.17057961327365,81.55167424437022,2992.8681095788143,298.15
4929.0,69.18947075982776,1.0,213.17296801903686,79.52954895103055,2564.22821734605,298.15
4930.0,69.18321989165162,1.0,217.17566502215251,75.44550519584982,3368.7618377477584,298.15
4931.0,69.17696902347548,1.0,215.85274430597605,68.14261660098938,3176.786548544696,298.15
4932.0,69.17071815529934,1.0,223.48023027848438,76.77526902245042,2624.7712837455088,298.15
4933.0,69.16446728712322,1.0,222.67388608408646,74.25249977028015,3544.6904615432213,298.15
4934.0,69.15821641894708,1.0,206.8570035507911,88.39677293990677,1800.584316242674,298.15
4935.0,69.15196555077094,1.0,208.65604328662997,72.13434194561655,3501.4963478799737,298.15
4936.0,69.1457146825948,1.0,216.59693026184837,83.28538029280831,3312.37164925565,298.15
4937.0,69.13946381441866,1.0,221.15849112771116,73.32994311739645,2873.0840183812034,298.15
4938.0,69.13321294624254,1.0,214.73150189064472,66.42409822667916,2880.034721182696,298.15
4939.0,69.1269620780664,1.0,211.79772803546672,72.23909927321257,3047.493659788012,298.15
4940.0,69.12071120989026,1.0,207.44538311404452,73.4951253251607,3100.7006350519773,298.15
4941.0,69.11446034171412,1.0,216.2613813260063,70.63442292894118,2603.756417835711,298.15
4942.0,69.10820947353798,1.0,197.87761277900557,71.12645998383192,3338.9254552357916,298.15
4943.0,69.10195860536186,1.0,196.28268958848764,74.1033781055969,3669.400031096014,298.15
4944.0,69.09570773718572,1.0,215.87874250073384,71.71666570299868,3728.0022939079613,298.15
4945.0,69.08945686900958,1.0,203.55549436346945,75.87389321299909,3082.6606196979874,298.15
4946.0,69.08320600083346,1.0,200.21201261247657,75.57048788827231,3354.464419808245,298.15
4947.0,69.0769551326573,1.0,210.43409979325583,69.34611641251576,3739.7646170188254,298.15
4948.0,69.07070426448118,1.0,203.89166389293,63.66345355154259,3272.922404757352,298.15
4949.0,69.06445339630504,1.0,200.3827310065596,70.7293699991437,3873.3876602196783,298.15
4950.0,69.0582025281289,1.0,197.66254688067355,73.49717740208715,2932.1838883627697,298.15
4951.0,69.05195165995278,1.0,202.28316205651367,66.12266745492269,3148.349238272897,298.15
4952.0,69.04570079177664,1.0,202.57277641986784,66.54014791031099,2735.0785551406434,298.15
4953.0,69.0394499236005,1.0,197.05328286919547,71.6694500040465,3523.343831272506,298.15
4954.0,69.03319905542436,1.0,198.94911263261818,75.3541510536577,2930.6344838256723,298.15
4955.0,69.02694818724822,1.0,194.67776313626868,82.67135320134885,3593.9568035624693,298.15
4956.0,69.0206973190721,1.0,186.05301126754324,70.46839323096167,3527.0833637732558,298.15
4957.0,69.01444645089596,1.0,185.06248060203944,68.52890993387085,3894.072980946503,298.15
4958.0,69.00819558271982,1.0,196.78556526408846,63.61833594293938,3391.0647548994334,298.15
4959.0,69.00194471454368,1.0,191.0142627984563,79.0018772102017,3252.171234424305,298.15
4960.0,68.99569384636754,1.0,195.8586622207588,78.66423178347782,2652.705452406552,298.15
4961.0,68.98944297819142,1.0,183.34465823178556,68.04965905104793,3338.0746137620513,298.15
4962.0,68.98319211001528,1.0,197.43060848216342,60.724847200402785,3669.0338164203386,298.15
4963.0,68.97694124183914,1.0,188.07862455124194,54.61092671134883,3695.3919106157377,298.15
4964.0,68.970690373663,1.0,189.68453738864065,64.56911109328809,2981.5076428745006,298.15
4965.0,68.96443950548687,1.0,195.01897979163766,59.80759184020895,3096.1575724344575,298.15
4966.0,68.95818863731074,1.0,184.47968025494262,73.90226835481161,3437.3416797353443,298.15
4967.0,68.9519377691346,1.0,190.08006452722154,62.227701604734534,3062.1732644168765,298.15
4968.0,68.94568690095846,1.0,188.18983204857943,68.34778806537213,3266.8187478393556,298.15
4969.0,68.93943603278233,1.0,185.21051089900564,67.18914996139627,3523.605869311318,298.15
4970.0,68.93318516460619,1.0,189.31463289774015,53.621685821800945,3091.9338263656446,298.15
4971.0,68.92693429643006,1.0,181.07035617752905,63.53710022638661,2203.3863364475874,298.15
4972.0,68.92068342825392,1.0,187.8814447523282,65.30404002335091,3285.562943594277,298.15
4973.0,68.91443256007778,1.0,194.9629220479647,68.01123314187132,2539.4476662445672,298.15
4974.0,68.90818169190166,1.0,186.7183037804083,50.0,2368.5816242287697,298.15
4975.0,68.90193082372552,1.0,180.88235753548005,76.48497884722595,2404.49634158673,298.15
4976.0,68.89567995554938,1.0,180.0,59.03581235229219,2655.9481844032434,298.15
4977.0,68.88942908737324,1.0,187.87855142975064,51.9058925330915,2500.4320833978336,298.15
4978.0,68.8831782191971,1.0,180.11258662355834,62.03686215418476,2260.625581523332,298.15
4979.0,68.87692735102098,1.0,180.0,61.0613041890473,2142.663213737974,298.15
4980.0,68.87067648284484,1.0,182.61746925574303,59.004344267211756,2306.3321299223776,298.15
4981.0,68.8644256146687,1.0,180.0,61.05748857862819,2459.3438040044184,298.15
4982.0,68.85817474649257,1.0,180.0,69.32683717204759,3154.2937340677536,298.15
4983.0,68.85192387831643,1.0,180.0,54.60608011755353,2904.5407344569603,298.15
4984.0,68.8456730101403,1.0,180.0,71.43988767279575,2149.779640532846,298.15
4985.0,68.83942214196416,1.0,180.0,66.50905211767517,2917.050212970141,298.15
4986.0,68.83317127378803,1.0,180.0,64.73614208938841,2231.703620943993,298.15
4987.0,68.82692040561189,1.0,180.0,55.65078415446377,3060.7138853331944,298.15
4988.0,68.82066953743575,1.0,180.0,62.60948218179464,2267.9849562354884,298.15
4989.0,68.81441866925962,1.0,180.0,71.09402507566938,2276.4713197498745,298.15
4990.0,68.80816780108348,1.0,180.0,64.16879818510883,2216.0227494720098,298.15
4991.0,68.80191693290735,1.0,180.0,53.1799111886874,1820.009501200891,298.15
4992.0,68.79566606473121,1.0,180.0,51.26148650941772,2674.85316572389,298.15
4993.0,68.78941519655507,1.0,180.0,51.067412124096684,1851.1217022702556,298.15
4994.0,68.78316432837894,1.0,180.0,67.55190667501638,1820.278029737641,298.15
4995.0,68.7769134602028,1.0,180.0,54.0311355863265,2231.6622041560695,298.15
4996.0,68.77066259202667,1.0,180.0,60.8415970774962,1357.1158578534898,298.15
4997.0,68.76441172385053,1.0,180.0,65.80023537729262,1883.7299367283022,298.15
4998.0,68.75816085567439,1.0,180.0,62.01728646841634,1699.3128250763077,298.15
4999.0,68.75190998749827,1.0,180.0,50.09635706313074,1267.4969106351014,298.15
5000.0,68.74565911932213,1.0,180.0,56.49888574098723,1697.2164058471976,298.15
5001.0,68.73940825114599,1.0,180.0,61.87731035596565,1837.3690355006308,298.15
5002.0,68.73315738296986,1.0,180.0,58.61977865426266,1935.3463237092546,298.15
5003.0,68.72690651479373,1.0,180.0,68.5489139788147,1247.320350924994,298.15
5004.0,68.72065564661759,1.0,180.0,58.611782659808796,1191.7914402918868,298.15
5005.0,68.71440477844145,1.0,180.0,63.636338996789846,2106.2159308069263,298.15
5006.0,68.70815391026531,1.0,180.0,63.716412305594424,2416.0295858891154,298.15
5007.0,68.70190304208919,1.0,180.0,59.65719011249855,1314.2954349793656,298.15
5008.0,68.69565217391305,1.0,180.0,60.83328944206613,1350.5512267576905,298.15
5009.0,68.68940130573691,1.0,180.0,59.680923499322276,1448.1231744628794,298.15
5010.0,68.68315043756077,1.0,180.0,72.01717873764352,1317.4643429475525,298.15
5011.0,68.67689956938463,1.0,180.0,67.60713786561769,1545.914922249728,298.15
5012.0,68.6706487012085,1.0,180.0,74.47391786880395,1398.2409536275445,298.15
5013.0,68.66439783303237,1.0,180.0,61.20866513779003,1852.8933765480394,298.15
5014.0,68.65814696485623,1.0,180.0,51.94459090904914,1643.4106370294942,298.15
5015.0,68.65189609668009,1.0,180.0,50.0,1818.4178855188336,298.15
5016.0,68.64564522850395,1.0,180.0,55.12145070899875,2314.0913020184394,298.15
5017.0,68.63939436032783,1.0,180.0,65.89165835296706,2152.877409726759,298.15
5018.0,68.63314349215169,1.0,180.0,67.62027315950584,1650.761338231642,298.15
5019.0,68.62689262397555,1.0,180.0,67.70641363984079,2014.0448475990747,298.15
5020.0,68.62064175579941,1.0,180.0,78.88220311187382,2660.403932599085,298.15
5021.0,68.61439088762327,1.0,180.0,56.846264486415684,1172.817361294425,298.15
5022.0,68.60814001944715,1.0,180.0,63.361786935428015,1765.0128410978252,298.15
5023.0,68.60188915127101,1.0,180.0,69.92756148464412,1749.8485482604176,298.15
5024.0,68.59563828309487,1.0,180.0,64.79018933134067,2008.4921044507155,298.15
5025.0,68.58938741491873,1.0,180.0,57.52550705661572,1694.4811312650263,298.15
5026.0,68.5831365467426,1.0,180.0,69.92500367529098,2226.8178054021487,298.15
5027.0,68.57688567856647,1.0,180.0,64.26337399629901,2715.6114644178574,298.15
5028.0,68.57063481039033,1.0,180.0,64.54634285267875,1433.535002725734,298.15
5029.0,68.56438394221419,1.0,180.0,63.10780521009292,2031.4407613538187,298.15
5030.0,68.55813307403807,1.0,180.0,62.572717007278904,1954.638492421793,298.15
5031.0,68.55188220586193,1.0,180.0,71.03906110483015,2141.180680968645,298.15
5032.0,68.54563133768579,1.0,180.0,74.1361807243016,1735.4160791701759,298.15
5033.0,68.53938046950965,1.0,180.0,80.2340112436143,2109.1824564693015,298.15
5034.0,68.53312960133351,1.0,180.0,64.7473404085416,2526.13352505406,298.15
5035.0,68.52687873315739,1.0,180.0,70.23184631124421,2317.3760998363273,298.15
5036.0,68.52062786498125,1.0,180.0,73.8389973956198,2780.1503881537524,298.15
5037.0,68.51437699680511,1.0,180.0,77.48390123129747,2750.2667053395207,298.15
5038.0,68.50812612862897,1.0,180.0,64.20487000288338,2269.9323434862167,298.15
5039.0,68.50187526045283,1.0,180.0,68.63508954941422,2540.7402743431207,298.15
5040.0,68.49562439227671,1.0,180.0,69.93219067967718,1991.3706762983454,298.15
5041.0,68.48937352410057,1.0,180.0,66.49650623454329,2431.0732696810896,298.15
5042.0,68.48312265592443,1.0,180.0,67.75118520726745,3165.6557804179047,298.15
5043.0,68.4768717877483,1.0,180.0,64.67505768644807,2417.3824010541,298.15
5044.0,68.47062091957216,1.0,180.0,78.03907877205748,2696.532148553826,298.15
5045.0,68.46437005139603,1.0,180.0,70.34869591724059,2327.699420076897,298.15
5046.0,68.45811918321989,1.0,180.0,68.89541468120765,2318.060627011114,298.15
5047.0,68.45186831504375,1.0,180.0,66.72781564083239,3218.4444179082243,298.15
5048.0,68.44561744686762,1.0,180.0,74.62357310053946,2782.7861455880497,298.15
5049.0,68.43936657869148,1.0,180.0,82.74393137033445,2873.0544037719696,298.15
5050.0,68.43311571051535,1.0,180.0,72.57837653549305,2588.1951666073087,298.15
5051.0,68.42686484233921,1.0,180.0,74.57237539098067,2857.282870498459,298.15
5052.0,68.42061397416307,1.0,180.0,76.21093980371239,2936.91572624757,298.15
5053.0,68.41436310598694,1.0,180.0,74.35749862083667,2597.109114869398,298.15
5054.0,68.4081122378108,1.0,180.0,65.57719932694039,3394.622027582068,298.15
5055.0,68.40186136963467,1.0,180.0,73.822762521188,2970.1537700244808,298.15
5056.0,68.39561050145853,1.0,180.0,72.51104536544192,2880.8591379100576,298.15
5057.0,68.3893596332824,1.0,180.0,79.15032512085085,2769.056048498335,298.15
5058.0,68.38310876510627,1.0,180.0,78.29326343392404,3071.787638519332,298.15
5059.0,68.37685789693013,1.0,180.0,75.35730833153383,2981.1997092212896,298.15
5060.0,68.370607028754,1.0,180.0,78.89243589365174,3257.950709165378,298.15
5061.0,68.36435616057786,1.0,180.0,76.37995120966863,3742.730996307988,298.15
5062.0,68.35810529240172,1.0,180.0,71.00304677552832,3444.573250814333,298.15
5063.0,68.35185442422559,1.0,180.0,73.84705307868532,3275.7430912265036,298.15
5064.0,68.34560355604945,1.0,180.0,79.09926582788569,3124.7862172116625,298.15
5065.0,68.33935268787332,1.0,180.0,74.04572075444442,3547.746341827387,298.15
5066.0,68.33310181969718,1.0,180.0,85.72005282614191,2903.7663544565885,298.15
5067.0,68.32685095152104,1.0,180.0,75.77827574734152,3106.6409990907064,298.15
5068.0,68.32060008334491,1.0,180.0,72.52328741858075,3235.9583449650654,298.15
5069.0,68.31434921516878,1.0,180.0,88.51816105912762,3026.70256832148,298.15
5070.0,68.30809834699264,1.0,180.0,80.85483986086088,3241.4818973365004,298.15
5071.0,68.3018474788165,1.0,182.27959851968527,88.95704223983053,2654.746203503043,298.15
5072.0,68.29559661064036,1.0,183.21245319746816,81.28347723162406,3376.6694606970336,298.15
5073.0,68.28934574246423,1.0,180.24675658946825,75.37817229131846,4503.067182612686,298.15
5074.0,68.2830948742881,1.0,182.0860108443172,79.08325454938482,3414.731629895499,298.15
5075.0,68.27684400611196,1.0,186.2186613934109,76.8125800082801,3333.400821012264,298.15
5076.0,68.27059313793582,1.0,180.0,86.19228973846703,2828.529552157379,298.15
5077.0,68.26434226975968,1.0,180.0,80.63112336377633,2909.493159717889,298.15
5078.0,68.25809140158356,1.0,180.09130824701757,96.63787945868384,2928.377689178431,298.15
5079.0,68.25184053340742,1.0,185.2189486700059,81.27233800504224,2811.4909318851674,298.15
5080.0,68.24558966523128,1.0,181.10000254419728,94.87900005561995,3393.9572757441238,298.15
5081.0,68.23933879705515,1.0,188.75361923992918,77.55963321385453,2963.188210710426,298.15
5082.0,68.233087928879,1.0,188.97249389008127,74.92600722619082,2976.9861150891643,298.15
5083.0,68.22683706070288,1.0,191.57953266485714,82.4596733509481,3996.6187698157573,298.15
5084.0,68.22058619252674,1.0,182.7973027147335,77.44095968376735,2882.413263038875,298.15
5085.0,68.2143353243506,1.0,186.6523654705665,87.28298162552358,3345.6451232693103,298.15
5086.0,68.20808445617448,1.0,182.35039835187416,83.17399005276563,3228.782938034119,298.15
5087.0,68.20183358799834,1.0,187.16451846955462,75.4787911419736,3423.5223366964615,298.15
5088.0,68.1955827198222,1.0,183.08973284318293,80.53902889143161,3010.386871888748,298.15
5089.0,68.18933185164606,1.0,188.12589131130312,89.6943371628212,3155.4261843633126,298.15
5090.0,68.18308098346992,1.0,194.18852916670986,85.54042571393622,2484.437077464209,298.15
5091.0,68.1768301152938,1.0,198.0297575178236,72.03468322450149,2760.627871926218,298.15
5092.0,68.17057924711766,1.0,192.7787632203368,89.58739706522947,2921.1600865862647,298.15
5093.0,68.16432837894152,1.0,182.28179899587457,85.97539026821786,3621.3339299019926,298.15
5094.0,68.15807751076538,1.0,195.7462697792512,82.88224447669208,2667.4926724021834,298.15
5095.0,68.15182664258924,1.0,197.5817645076325,87.51040761219582,2759.6610873663485,298.15
5096.0,68.14557577441312,1.0,196.87436498966312,80.94628160978289,2625.8691340769124,298.15
5097.0,68.13932490623698,1.0,200.40656872167528,75.85434701596014,3387.96063157964,298.15
5098.0,68.13307403806084,1.0,197.98487435844976,87.63040288270567,2867.3660581757517,298.15
5099.0,68.1268231698847,1.0,197.40564421848214,72.4264436875166,2635.799360114943,298.15
5100.0,68.12057230170856,1.0,203.74126719904154,74.5647090117758,2252.5690683219927,298.15
5101.0,68.11432143353244,1.0,202.53422278578034,89.52470936606146,2603.3534890899527,298.15
5102.0,68.1080705653563,1.0,203.29206851196278,73.83922743202679,2628.461104580053,298.15
5103.0,68.10181969718016,1.0,208.70018290252085,80.77591481369062,2261.9145930908203,298.15
5104.0,68.09556882900402,1.0,207.03850745281642,79.73173612668998,1931.6342280154417,298.15
5105.0,68.08931796082788,1.0,211.78272052422545,70.36607563368301,1879.322217057801,298.15
5106.0,68.08306709265176,1.0,205.83850054249825,74.94724158824796,1892.2945053732271,298.15
5107.0,68.07681622447562,1.0,217.90924421121463,70.06657811931366,2398.9081462653658,298.15
5108.0,68.07056535629948,1.0,211.13192665160457,77.87794282206606,2788.4299913916257,298.15
5109.0,68.06431448812336,1.0,204.76885365179,73.22209057791737,2633.6200685264776,298.15
5110.0,68.0580636199472,1.0,198.0005373970239,81.71887191870864,2441.671825143723,298.15
5111.0,68.05181275177108,1.0,209.88697391816112,88.187866548936,2374.98151985716,298.15
5112.0,68.04556188359494,1.0,218.4624094699208,73.93945924352298,2152.8423904497,298.15
5113.0,68.0393110154188,1.0,213.16138653618356,80.6479203381035,2083.305284291938,298.15
5114.0,68.03306014724268,1.0,216.40082913309817,54.04922298181205,1792.539610599174,298.15
5115.0,68.02680927906654,1.0,202.30498316437934,78.46856616394369,1971.6142776292818,298.15
5116.0,68.0205584108904,1.0,217.51062840388747,81.74799264905565,2107.8994254276067,298.15
5117.0,68.01430754271426,1.0,224.031984938053,72.33363630731503,1864.7282707716265,298.15
5118.0,68.00805667453812,1.0,215.39838204138903,63.01368442281811,1000.0,298.15
5119.0,68.001805806362,1.0,218.86119477641466,77.07668185524439,1529.2493628724746,298.15
5120.0,67.99555493818586,1.0,226.3900448511407,75.49897572153162,1900.7946347775057,298.15
5121.0,67.98930407000972,1.0,221.49683448470864,76.97115050888544,1722.4999343658774,298.15
5122.0,67.98305320183358,1.0,215.16163387544583,73.79961765636048,2079.8689600112543,298.15
5123.0,67.97680233365745,1.0,212.19198754300126,74.00384072872329,1443.7675562272075,298.15
5124.0,67.97055146548132,1.0,211.88562404338714,65.32719269869065,1859.7934560145327,298.15
5125.0,67.96430059730518,1.0,225.7682543678708,75.92687508797526,2188.554002915209,298.15
5126.0,67.95804972912904,1.0,234.67682370723944,80.98321461344413,1706.7606351051702,298.15
5127.0,67.95179886095292,1.0,228.99991654014082,64.57061987073259,1639.089011871684,298.15
5128.0,67.94554799277677,1.0,220.40836193145407,70.24383420133881,2086.926534953296,298.15
5129.0,67.93929712460064,1.0,235.34554681278289,66.26704654719529,1228.250857287555,298.15
5130.0,67.9330462564245,1.0,217.43646841198154,67.16799400485726,1565.8362581550505,298.15
5131.0,67.92679538824837,1.0,227.32311431476984,70.95830428599457,1121.4042502962166,298.15
5132.0,67.92054452007224,1.0,221.08882094778278,70.94877025912449,1674.9781880691608,298.15
5133.0,67.91429365189609,1.0,211.69932344366939,66.69611816671564,2099.678736255605,298.15
5134.0,67.90804278371996,1.0,233.59328384143,76.82736429136129,1690.3708093001803,298.15
5135.0,67.90179191554382,1.0,231.6340076058664,72.96927891497162,1296.8952447277902,298.15
5136.0,67.89554104736769,1.0,220.2342696819249,71.31626072851012,2136.1399415062656,298.15
5137.0,67.88929017919156,1.0,231.77698996998825,78.00824538087048,1879.4747127062676,298.15
5138.0,67.88303931101541,1.0,227.54661475538265,66.82746183961996,1496.0762399684422,298.15
5139.0,67.87678844283928,1.0,228.6289975523483,63.992208141745856,2117.0326652108656,298.15
5140.0,67.87053757466315,1.0,228.38803550047604,70.36840430702422,1954.451714833557,298.15
5141.0,67.86428670648701,1.0,240.80199907276227,64.67519882494759,2437.97715230041,298.15
5142.0,67.85803583831088,1.0,234.53598541724776,74.80487313431651,1811.8782825280814,298.15
5143.0,67.85178497013473,1.0,233.09449929134385,64.85673538095799,2177.6128741336333,298.15
5144.0,67.8455341019586,1.0,228.96631821356283,70.58455502773326,1188.4554697681488,298.15
5145.0,67.83928323378247,1.0,234.20165097093678,59.88094228750393,1499.869313368873,298.15
5146.0,67.83303236560633,1.0,234.7263743298282,59.80522821578571,1836.6448988864188,298.15
5147.0,67.8267814974302,1.0,236.24862010762502,61.500007750124205,2117.2338261880955,298.15
5148.0,67.82053062925407,1.0,249.10746206012618,65.59500659534622,1958.2902355481338,298.15
5149.0,67.81427976107793,1.0,236.17354539075978,69.50976791301007,1904.135295907558,298.15
5150.0,67.80802889290179,1.0,231.46312618108362,73.36579159501332,2075.9790528848753,298.15
5151.0,67.80177802472565,1.0,236.26180043173892,61.718688617229645,2389.183495335394,298.15
5152.0,67.79552715654953,1.0,233.83069791107772,63.245634730933915,2057.9770461949793,298.15
5153.0,67.78927628837339,1.0,236.40301558459444,61.3329985789496,2162.9738976533968,298.15
5154.0,67.78302542019725,1.0,228.00646991589767,62.3382468752532,2413.360798746576,298.15
5155.0,67.77677455202112,1.0,233.3722016511701,59.279417964455455,3062.1476910344245,298.15
5156.0,67.77052368384497,1.0,229.19478116567498,54.97160430560709,2172.842591867835,298.15
5157.0,67.76427281566885,1.0,232.8577774077286,62.080699820685645,2874.1401860022825,298.15
5158.0,67.75802194749271,1.0,235.42690537153118,59.36090155049023,2135.883470368776,298.15
5159.0,67.75177107931657,1.0,226.69389657285083,65.87015279368869,2671.670731863656,298.15
5160.0,67.74552021114044,1.0,242.38637770973335,57.925546259884385,2120.4933411780344,298.15
5161.0,67.73926934296429,1.0,229.45051413390584,57.45377038800372,2865.0811735373045,298.15
5162.0,67.73301847478817,1.0,234.68848332576624,62.22263897245856,2765.492075769763,298.15
5163.0,67.72676760661203,1.0,234.62826097244496,55.84623124919513,3044.0123502347305,298.15
5164.0,67.72051673843589,1.0,231.59724981862155,63.591953896356806,2266.345877400667,298.15
5165.0,67.71426587025977,1.0,246.1223758290706,65.8549876688125,2652.1609289495,298.15
5166.0,67.70801500208361,1.0,243.76096452719918,57.30111618085068,2502.1659529000744,298.15
5167.0,67.70176413390749,1.0,242.55939153617857,50.43227118878431,2601.2047706838225,298.15
5168.0,67.69551326573135,1.0,241.20005494971602,64.04897357275085,2331.890395687337,298.15
5169.0,67.68926239755521,1.0,241.30237825233783,58.71242080877082,2636.563782316568,298.15
5170.0,67.68301152937909,1.0,239.92704705499267,53.33308823153076,3127.912227738865,298.15
5171.0,67.67676066120293,1.0,247.89082625708616,51.57792813013872,2882.657258555345,298.15
5172.0,67.67050979302681,1.0,241.63002042097204,62.48924670180254,3607.224472101536,298.15
5173.0,67.66425892485067,1.0,244.32915269180947,54.32865244603691,3052.2549647214273,298.15
5174.0,67.65800805667453,1.0,230.32289238060258,72.46764055167495,3375.971235799103,298.15
5175.0,67.65175718849841,1.0,232.20295288252137,54.4000269291855,2822.249342834377,298.15
5176.0,67.64550632032227,1.0,243.44142570244577,61.989134495425645,2513.184393854939,298.15
5177.0,67.63925545214613,1.0,242.56703565464545,60.97243163511245,3241.1770784467785,298.15
5178.0,67.63300458396999,1.0,243.44179764180592,52.22737862219685,3429.4429324747744,298.15
5179.0,67.62675371579385,1.0,236.94553848136266,68.66770597763991,3201.6669108469328,298.15
5180.0,67.62050284761773,1.0,247.32753756106905,54.753297542229994,3243.4239748181253,298.15
5181.0,67.61425197944159,1.0,246.24041522237928,74.32044286331865,3679.1184335755875,298.15
5182.0,67.60800111126545,1.0,238.21097290426007,54.46676463870045,3208.0482962052947,298.15
5183.0,67.60175024308933,1.0,233.11082900896216,69.62430367915528,2953.0351192097924,298.15
5184.0,67.59549937491317,1.0,238.93349569051384,56.80689774901853,3904.9633037178737,298.15
5185.0,67.58924850673705,1.0,246.10721941880124,67.15744665517428,4005.2391043476323,298.15
5186.0,67.58299763856091,1.0,238.345182369092,63.22117180021683,3861.666961967125,298.15
5187.0,67.57674677038477,1.0,244.42776110472684,50.975281157504554,3652.5963126915367,298.15
5188.0,67.57049590220865,1.0,240.5640380071319,71.56691475351553,3240.0470969362304,298.15
5189.0,67.5642450340325,1.0,245.866578212736,54.16588822679175,3537.7035295781156,298.15
5190.0,67.55799416585637,1.0,227.72075622282554,61.36018092713657,3323.1789581567546,298.15
5191.0,67.55174329768023,1.0,238.47568433000276,56.67830348754747,3132.7284509703636,298.15
5192.0,67.5454924295041,1.0,246.7009719398445,62.16978647970784,2737.261638804714,298.15
5193.0,67.53924156132797,1.0,228.60041957325444,66.11176778592389,3438.056509336834,298.15
5194.0,67.53299069315182,1.0,246.97846736817863,60.478044606223996,3641.8479386942336,298.15
5195.0,67.52673982497569,1.0,237.00008606144925,54.88909516074062,3291.8522271988663,298.15
5196.0,67.52048895679955,1.0,231.59021820450192,59.12652225601191,3780.0282494640883,298.15
5197.0,67.51423808862342,1.0,231.348217646538,63.524041059805924,3526.717750834685,298.15
5198.0,67.50798722044729,1.0,232.90877645146418,57.65783711621913,2743.081263070237,298.15
5199.0,67.50173635227114,1.0,234.92947361319366,67.7206282345476,3656.708967345367,298.15
5200.0,67.49548548409501,1.0,240.06445807543898,57.6546815927695,3036.2881333378787,298.15
5201.0,67.48923461591887,1.0,237.5029618437828,67.08068899267755,2734.726243722327,298.15
5202.0,67.48298374774274,1.0,227.19804257136687,60.60550802557701,2895.8477999903334,298.15
5203.0,67.47673287956661,1.0,231.52620419701674,77.98917378087653,3789.1718559477745,298.15
5204.0,67.47048201139047,1.0,231.5199116505086,67.90889074938103,3750.946388253732,298.15
5205.0,67.46423114321433,1.0,236.50338958528815,70.31523506262944,2934.093610227242,298.15
5206.0,67.4579802750382,1.0,233.01531100385264,62.96752791706207,3408.4158611176726,298.15
5207.0,67.45172940686206,1.0,237.76623975891513,70.5467808539959,3169.9587117011506,298.15
5208.0,67.44547853868593,1.0,237.254478827873,65.91021147340835,2849.0345283142437,298.15
5209.0,67.4392276705098,1.0,234.6685566001051,65.30190097625047,3049.1504134117376,298.15
5210.0,67.43297680233366,1.0,215.01939103560252,69.3189127657818,2223.2494203862966,298.15
5211.0,67.42672593415753,1.0,223.8152749940542,59.629935889483875,2661.6064667675387,298.15
5212.0,67.42047506598138,1.0,223.15376885578794,64.39882872377764,2795.258426527814,298.15
5213.0,67.41422419780525,1.0,231.58551329469546,63.71855688495709,2912.1128315697833,298.15
5214.0,67.40797332962912,1.0,231.74240645011517,79.08457883578525,3227.397143703073,298.15
5215.0,67.40172246145298,1.0,234.51213790525375,76.25067752129574,3561.0341960761175,298.15
5216.0,67.39547159327685,1.0,232.73543545602607,64.66112501918084,2386.7226886912067,298.15
5217.0,67.3892207251007,1.0,226.73455262873375,73.07208368007068,2795.131498304619,298.15
5218.0,67.38296985692457,1.0,222.02581810652262,67.21830296603684,2782.240890836406,298.15
5219.0,67.37671898874844,1.0,230.3485615769318,73.82710725460177,1491.690617899323,298.15
5220.0,67.3704681205723,1.0,216.1803298669878,75.63169131569147,2721.157535285819,298.15
5221.0,67.36421725239617,1.0,217.13486024654088,69.04988730503915,2212.215591471305,298.15
5222.0,67.35796638422002,1.0,211.65717599520107,66.36936537378932,1738.4988780737976,298.15
5223.0,67.3517155160439,1.0,224.2758398105562,71.98724288528189,2388.9319697876185,298.15
5224.0,67.34546464786776,1.0,211.09746580798014,71.01111038431887,2685.0186146397955,298.15
5225.0,67.33921377969162,1.0,213.1833611695121,73.02595485559998,2003.7506892948215,298.15
5226.0,67.3329629115155,1.0,220.70647752857113,75.67771514977309,2891.8964873400573,298.15
5227.0,67.32671204333934,1.0,217.4763259697678,74.01178191006437,1987.6275760709318,298.15
5228.0,67.32046117516322,1.0,214.51644606177246,76.68014109589213,2927.1601134165007,298.15
5229.0,67.31421030698708,1.0,200.86032566277873,71.61758886608801,2098.6317858092507,298.15
5230.0,67.30795943881094,1.0,224.03652136655066,74.13122657638884,2672.8362325471703,298.15
5231.0,67.30170857063482,1.0,222.0142619138765,69.48606828051547,2024.4744332058697,298.15
5232.0,67.29545770245868,1.0,215.11632284436106,71.53829191071745,1993.4641166812876,298.15
5233.0,67.28920683428254,1.0,218.42359307105247,79.10369705324125,1822.9547256197402,298.15
5234.0,67.2829559661064,1.0,223.7977904851891,63.139150399394715,1863.1675738095357,298.15
5235.0,67.27670509793026,1.0,210.01239825995071,81.90574802074323,1736.5599615910478,298.15
5236.0,67.27045422975414,1.0,200.7422073968969,76.4282896388072,1812.9745362722676,298.15
5237.0,67.264203361578,1.0,216.0446704268842,69.53179268341194,2376.814456294013,298.15
5238.0,67.25795249340186,1.0,201.04340988296937,80.0632809530605,2093.271615191481,298.15
5239.0,67.25170162522573,1.0,209.70854084056919,77.80343619603096,1219.2969272557743,298.15
5240.0,67.24545075704958,1.0,208.07649584952756,79.31328287514266,1742.4018454138507,298.15
5241.0,67.23919988887346,1.0,220.2180034786006,77.70556045430065,2333.4502845408456,298.15
5242.0,67.23294902069732,1.0,213.06652283284194,73.23140168553968,2116.584536101616,298.15
5243.0,67.22669815252118,1.0,214.2122902094612,75.90047270648067,1452.614855439421,298.15
5244.0,67.22044728434506,1.0,213.9875916248489,78.02509176103139,1567.7209166528737,298.15
5245.0,67.2141964161689,1.0,204.0494471652601,81.06999514151374,1962.655032837458,298.15
5246.0,67.20794554799278,1.0,199.5683570153138,74.72351222024199,1457.0731093586462,298.15
5247.0,67.20169467981664,1.0,211.02349612014385,75.07825709696276,1265.8894380399438,298.15
5248.0,67.1954438116405,1.0,210.66886412219623,85.59946836963587,1701.641136197814,298.15
5249.0,67.18919294346438,1.0,203.42920775693418,79.80822975235999,1946.3226036012252,298.15
5250.0,67.18294207528822,1.0,199.76912616273964,79.72843834608538,1812.5938974657943,298.15
5251.0,67.1766912071121,1.0,206.76849763935968,90.70407201523705,1641.0453966080686,298.15
5252.0,67.17044033893596,1.0,195.0489155356044,83.2724412277927,1548.679750234965,298.15
5253.0,67.16418947075982,1.0,201.29674102292395,88.90415936511556,2059.20875690344,298.15
5254.0,67.1579386025837,1.0,195.0994565359815,82.6184017724809,1368.5291337332671,298.15
5255.0,67.15168773440755,1.0,198.01209775747253,81.95908907318736,2017.2466267811078,298.15
5256.0,67.14543686623142,1.0,198.7506396503507,91.49493796721742,2042.2911463476735,298.15
5257.0,67.13918599805528,1.0,180.0,75.72924708646207,1586.1358361965351,298.15
5258.0,67.13293512987914,1.0,199.6644244429338,73.69914502468039,1882.746766450691,298.15
5259.0,67.12668426170302,1.0,186.4175741491773,85.3827029457684,1994.7304284405973,298.15
5260.0,67.12043339352688,1.0,197.9047647966123,78.0973089676235,1765.372498436977,298.15
5261.0,67.11418252535074,1.0,193.4069270568848,81.86280657206724,1500.3399523947128,298.15
5262.0,67.1079316571746,1.0,189.87399125657433,81.26225715610879,1361.7362908708228,298.15
5263.0,67.10168078899846,1.0,190.2976993706576,77.84890753261817,1484.9843646252257,298.15
5264.0,67.09542992082234,1.0,187.03996433846223,77.31359074901731,2214.1454795837594,298.15
5265.0,67.0891790526462,1.0,196.15157501938938,80.88725611341701,1424.8470227492778,298.15
5266.0,67.08292818447006,1.0,183.91880933926203,77.31209260387647,2085.9877940865344,298.15
5267.0,67.07667731629394,1.0,181.89450860608397,82.95134982416083,1839.3120654633974,298.15
5268.0,67.07042644811779,1.0,190.61739527096162,81.19866938984266,1639.2606660193717,298.15
5269.0,67.06417557994166,1.0,180.0,87.5095752847081,1536.0749439071449,298.15
5270.0,67.05792471176552,1.0,183.39569060901187,79.56906303668941,2041.4339315650018,298.15
5271.0,67.05167384358938,1.0,184.05227114329318,83.98670953420417,2617.3771558435005,298.15
5272.0,67.04542297541326,1.0,180.0,83.36393463659186,2204.2687018116817,298.15
5273.0,67.0391721072371,1.0,180.0,84.66946318623346,3252.531103522757,298.15
5274.0,67.03292123906098,1.0,180.0,83.94737694584911,2937.4040681839747,298.15
5275.0,67.02667037088484,1.0,183.517396786686,78.1917303003007,1929.5298153287188,298.15
5276.0,67.0204195027087,1.0,180.0,74.37608593433421,1894.273374677478,298.15
5277.0,67.01416863453258,1.0,180.0,80.01547894198089,2706.4215493949205,298.15
5278.0,67.00791776635643,1.0,180.0,82.92299983342335,2083.955577974537,298.15
5279.0,67.0016668981803,1.0,180.0,73.27089437731199,2163.5378112496796,298.15
5280.0,66.99541603000417,1.0,180.0,82.59453117475397,2723.110637399495,298.15
5281.0,66.98916516182803,1.0,180.0,77.05556293056497,3161.079620853052,298.15
5282.0,66.9829142936519,1.0,180.74498652528385,83.67012470167272,2904.237752248504,298.15
5283.0,66.97666342547575,1.0,180.0,79.72566187903449,2666.144696807,298.15
5284.0,66.97041255729962,1.0,180.0,85.46893808696794,3098.2310370057776,298.15
5285.0,66.96416168912349,1.0,183.9437428553856,87.34529551705748,3338.978250701378,298.15
5286.0,66.95791082094735,1.0,186.32143316656433,72.12465337233111,2685.870979481882,298.15
5287.0,66.95165995277122,1.0,180.0,72.97912918699251,2445.0720055780184,298.15
5288.0,66.94540908459508,1.0,180.0,80.2291272334756,2568.736004502747,298.15
5289.0,66.93915821641895,1.0,180.0,80.85585942382049,2826.414772708992,298.15
5290.0,66.93290734824281,1.0,180.0,75.59871115027511,2746.413138289784,298.15
5291.0,66.92665648006667,1.0,180.0,76.65330824001528,3061.4978287045114,298.15
5292.0,66.92040561189054,1.0,180.0,70.52739782745114,2577.2610689242347,298.15
5293.0,66.9141547437144,1.0,180.0,71.38488476432998,3110.9295559409647,298.15
5294.0,66.90790387553827,1.0,180.0,74.6843586785347,2868.3933100962063,298.15
5295.0,66.90165300736214,1.0,180.0,83.81814813780133,3079.3462269453416,298.15
5296.0,66.89540213918599,1.0,180.0,70.73300314084112,3619.5432675936736,298.15
5297.0,66.88915127100987,1.0,180.0,79.18689699562684,3887.621067033861,298.15
5298.0,66.88290040283373,1.0,180.0,74.51090445015863,3166.8629507199626,298.15
5299.0,66.87664953465759,1.0,180.0,84.58365106388831,3711.8274636026804,298.15
5300.0,66.87039866648146,1.0,180.0,72.06271214357542,3285.72075501102,298.15
5301.0,66.86414779830531,1.0,180.0,75.27441177138613,2672.903386317715,298.15
5302.0,66.85789693012919,1.0,180.0,71.35427568934391,3305.962418388904,298.15
5303.0,66.85164606195305,1.0,180.0,73.30357862792076,2774.3796451724497,298.15
5304.0,66.84539519377691,1.0,180.0,78.6292231351808,3743.0261015626643,298.15
5305.0,66.83914432560078,1.0,180.0,60.088732066395266,3154.352537183126,298.15
5306.0,66.83289345742463,1.0,180.0,80.03742269176644,2483.8100809222296,298.15
5307.0,66.82664258924851,1.0,180.0,69.18214607796229,2749.6764647182226,298.15
5308.0,66.82039172107237,1.0,180.0,65.91984089185932,3067.845059276936,298.15
5309.0,66.81414085289623,1.0,180.0,83.80574027349061,2534.005660458033,298.15
5310.0,66.8078899847201,1.0,180.0,70.05185770309839,3414.880733749751,298.15
5311.0,66.80163911654395,1.0,180.0,74.12688268229367,3720.3353617393122,298.15
5312.0,66.79538824836783,1.0,180.0,70.08389016884028,3119.6312282012996,298.15
5313.0,66.78913738019169,1.0,180.0,70.61738460545628,3334.1430286682,298.15
5314.0,66.78288651201555,1.0,180.0,65.78746766647691,3984.539711101739,298.15
5315.0,66.77663564383943,1.0,180.0,75.16740115850403,3035.9475284564646,298.15
5316.0,66.77038477566329,1.0,180.0,81.06306503999572,3030.418840174763,298.15
5317.0,66.76413390748715,1.0,180.0,64.058357326361,3057.1208581061182,298.15
5318.0,66.75788303931101,1.0,180.0,78.09858299516583,3503.8487818686845,298.15
5319.0,66.75163217113487,1.0,180.0,70.25096218432535,2884.086815919588,298.15
5320.0,66.74538130295875,1.0,180.0,60.93317348154618,3166.878082720713,298.15
5321.0,66.73913043478261,1.0,180.0,58.423458244191735,3762.7720648199725,298.15
5322.0,66.73287956660647,1.0,180.0,71.7539548238742,2690.8883033104316,298.15
5323.0,66.72662869843035,1.0,180.0,62.511873604438044,3373.9460968313915,298.15
5324.0,66.7203778302542,1.0,180.0,67.79232467068296,3504.163527431721,298.15
5325.0,66.71412696207807,1.0,180.0,69.05035044424669,3381.0916653753266,298.15
5326.0,66.70787609390193,1.0,180.0,73.11790185608032,3410.4938664919437,298.15
5327.0,66.70162522572579,1.0,180.0,62.51530323268744,2738.488852198192,298.15
5328.0,66.69537435754967,1.0,180.0,62.644819210001224,3317.224078413053,298.15
5329.0,66.68912348937351,1.0,180.0,69.24578580494058,2618.6096823985977,298.15
5330.0,66.68287262119739,1.0,180.0,65.61086844059085,2876.24771140165,298.15
5331.0,66.67662175302125,1.0,180.0,65.20656198951222,2371.856866727762,298.15
5332.0,66.67037088484511,1.0,180.0,64.07540548235805,2865.8307148669137,298.15
5333.0,66.66412001666899,1.0,180.0,60.93219238403977,2804.0020097704205,298.15
5334.0,66.65786914849284,1.0,180.0,67.71553730787468,3297.759154198512,298.15
5335.0,66.65161828031671,1.0,180.0,66.47669203741245,2310.4341171360925,298.15
5336.0,66.64536741214057,1.0,180.0,72.63486544910323,2559.91695016681,298.15
5337.0,66.63911654396443,1.0,180.0,56.843382857552996,2298.849505749185,298.15
5338.0,66.63286567578831,1.0,180.0,67.05566069204434,2377.681039249868,298.15
5339.0,66.62661480761216,1.0,180.0,62.380508151048595,1962.10017691329,298.15
5340.0,66.62036393943603,1.0,180.0,73.31567570487769,2051.6879970345803,298.15
5341.0,66.6141130712599,1.0,180.0,61.72753063130997,2709.278626294419,298.15
5342.0,66.60786220308376,1.0,180.0,62.974162567607976,1883.8851933423066,298.15
5343.0,66.60161133490763,1.0,180.0,56.64814204884431,1599.475208299054,298.15
5344.0,66.59536046673149,1.0,180.0,60.152103274933445,2624.263195172274,298.15
5345.0,66.58910959855535,1.0,180.0,69.22121569516523,1974.85265156375,298.15
5346.0,66.58285873037921,1.0,180.0,59.22701456312068,2718.6532722812644,298.15
5347.0,66.57660786220308,1.0,180.0,61.41476918366713,2169.8262429027363,298.15
5348.0,66.57035699402695,1.0,180.0,61.90128662499299,2181.285814062564,298.15
5349.0,66.56410612585081,1.0,180.0,60.12423937498727,1575.2497881326954,298.15
5350.0,66.55785525767467,1.0,180.0,63.303315883483336,1873.0903663448698,298.15
5351.0,66.55160438949855,1.0,180.0,65.71959378227575,1908.609669978614,298.15
5352.0,66.5453535213224,1.0,180.0,66.51575942533474,2369.242903384067,298.15
5353.0,66.53910265314627,1.0,180.0,61.81808937662523,2094.617101239792,298.15
5354.0,66.53285178497013,1.0,180.0,58.00315412457299,2030.0317876873273,298.15
5355.0,66.526600916794,1.0,180.0,59.98041427040757,1706.9019170834697,298.15
5356.0,66.52035004861787,1.0,180.0,70.02826699035285,1884.3100343768208,298.15
5357.0,66.51409918044172,1.0,180.0,53.779343071757445,2319.1146631566007,298.15
5358.0,66.5078483122656,1.0,180.0,64.40883401531833,2035.9143919499143,298.15
5359.0,66.50159744408946,1.0,180.0,58.326660145457225,1811.4650795514679,298.15
5360.0,66.49534657591332,1.0,180.0,53.362360256749206,1590.343714498976,298.15
5361.0,66.48909570773719,1.0,180.0,55.34696435614991,2117.6388962693445,298.15
5362.0,66.48284483956104,1.0,180.0,60.6336085037628,1833.5018441241218,298.15
5363.0,66.47659397138491,1.0,180.0,65.48200851397195,1914.0511717753002,298.15
5364.0,66.47034310320878,1.0,180.0,65.99576039417825,1839.4011221798012,298.15
5365.0,66.46409223503264,1.0,180.0,72.15297668894733,2041.4129475077239,298.15
5366.0,66.45784136685651,1.0,180.0,52.27723795176412,1124.2951182579177,298.15
5367.0,66.45159049868037,1.0,180.0,64.79074856595234,1731.0656219884015,298.15
5368.0,66.44533963050424,1.0,180.0,50.0,1377.7257379467856,298.15
5369.0,66.4390887623281,1.0,180.0,63.39238028799112,1481.6452709252735,298.15
5370.0,66.43283789415196,1.0,180.0,68.67614430536808,1368.9644943790686,298.15
5371.0,66.42658702597583,1.0,180.49637607424134,68.6753187046389,1848.1113025959364,298.15
5372.0,66.4203361577997,1.0,180.0,55.469315204154746,2249.7753746670437,298.15
5373.0,66.41408528962356,1.0,181.11082496040137,50.35219236935143,2211.444400127188,298.15
5374.0,66.40783442144743,1.0,180.54748306698792,54.508259454234846,2002.2925082356373,298.15
5375.0,66.40158355327128,1.0,183.2163435238028,54.857468858713986,2335.7020201923074,298.15
5376.0,66.39533268509516,1.0,180.0,59.032970803297864,1738.718083103451,298.15
5377.0,66.38908181691902,1.0,180.47474285293853,68.32412504214942,1397.7155908145758,298.15
5378.0,66.38283094874288,1.0,187.7232177999704,61.13544760300893,1702.642904927799,298.15
5379.0,66.37658008056675,1.0,180.8623227614677,62.759675951630044,1957.265521731009,298.15
5380.0,66.3703292123906,1.0,180.0,67.6670413923744,2229.1325130908986,298.15
5381.0,66.36407834421448,1.0,185.7784598153429,63.63811881059488,2316.346756013835,298.15
5382.0,66.35782747603834,1.0,183.76733703441332,69.2801556601025,1197.9806124455267,298.15
5383.0,66.3515766078622,1.0,183.18633280357489,63.56150077384425,1107.416043573359,298.15
5384.0,66.34532573968607,1.0,189.53634129665193,60.19009559418181,1809.1817539043543,298.15
5385.0,66.33907487150992,1.0,190.46355377870975,65.44992917364253,2293.7909011491597,298.15
5386.0,66.3328240033338,1.0,195.5961690062146,65.73460323027615,1798.3647923505507,298.15
5387.0,66.32657313515766,1.0,194.30927491657644,69.24556125346702,1813.7231156262562,298.15
5388.0,66.32032226698152,1.0,194.6384738914702,66.72806167061101,1812.8752533955073,298.15
5389.0,66.3140713988054,1.0,188.86844664687356,62.53847048832833,1904.4387419684329,298.15
5390.0,66.30782053062924,1.0,185.5777100200399,59.810879679718106,2249.7343199469487,298.15
5391.0,66.30156966245312,1.0,188.9606132158503,69.09481687420939,1399.3920699162916,298.15
5392.0,66.29531879427698,1.0,185.07256034749997,62.95170464483552,2540.296960565981,298.15
5393.0,66.28906792610084,1.0,193.97923656366137,68.91572826331323,2488.0415609300635,298.15
5394.0,66.28281705792472,1.0,184.3700367983621,69.57342916847138,1699.289793769928,298.15
5395.0,66.27656618974858,1.0,203.42266251660044,76.22091369322507,2395.0132989635117,298.15
5396.0,66.27031532157244,1.0,199.4642255987913,70.17964658711028,2472.443319309256,298.15
5397.0,66.2640644533963,1.0,200.29313245072328,69.0015199337759,1993.9670462474644,298.15
5398.0,66.25781358522016,1.0,211.41234622729718,66.79904410833666,2220.963755338241,298.15
5399.0,66.25156271704404,1.0,196.94241090959054,72.54710061182041,2277.140069525335,298.15
5400.0,66.2453118488679,1.0,191.89737031550274,68.96980825886538,1750.6194294012741,298.15
5401.0,66.23906098069176,1.0,205.58349238359523,65.21057934931312,2284.8032767804366,298.15
5402.0,66.23281011251564,1.0,200.20076622787377,64.0725142284738,2931.6704933965007,298.15
5403.0,66.22655924433948,1.0,194.70533235535675,66.52540645664745,2260.2842601280477,298.15
5404.0,66.22030837616336,1.0,212.46164561524495,66.50858448074494,2691.7654011779646,298.15
5405.0,66.21405750798722,1.0,210.57763732476712,75.06619092368047,2862.687597213001,298.15
5406.0,66.20780663981108,1.0,213.27727505897477,72.59817160542498,2397.9171862590833,298.15
5407.0,66.20155577163496,1.0,202.896552337851,68.22490550222459,3179.5153518819207,298.15
5408.0,66.1953049034588,1.0,203.9070562754751,60.620882349459045,2680.0762485780356,298.15
5409.0,66.18905403528268,1.0,213.9482715792645,68.38074275634006,2715.867358863955,298.15
5410.0,66.18280316710654,1.0,204.95996256475885,73.60639039011791,2936.3329266853625,298.15
5411.0,66.1765522989304,1.0,207.3927637354087,76.17793680837673,4252.394566285822,298.15
5412.0,66.17030143075428,1.0,213.10190215047754,67.97743024185918,3307.0677133319537,298.15
5413.0,66.16405056257813,1.0,220.7538313603952,76.82054464925027,3021.9447047399863,298.15
5414.0,66.157799694402,1.0,197.32116212035717,75.71219141646644,2812.906604697332,298.15
5415.0,66.15154882622586,1.0,210.2257056032048,74.33755806148503,3505.904692450959,298.15
5416.0,66.14529795804972,1.0,207.26121614572884,77.47715151040644,3681.014026209373,298.15
5417.0,66.1390470898736,1.0,219.56376563032975,80.86047282998416,3365.339381939523,298.15
5418.0,66.13279622169745,1.0,206.95414707281327,77.78266253166845,3186.1530407196096,298.15
5419.0,66.12654535352132,1.0,218.30377241958507,73.03034117783548,3561.748685925273,298.15
5420.0,66.12029448534518,1.0,203.89054579498116,70.36327570855066,3509.6306789705436,298.15
5421.0,66.11404361716905,1.0,221.8065889943833,83.09511164141111,3091.554855721288,298.15
5422.0,66.10779274899292,1.0,223.11710379596286,78.17181892233812,3495.9928859446363,298.15
5423.0,66.10154188081678,1.0,218.97795054167062,80.36251522714505,3016.4466657513017,298.15
5424.0,66.09529101264064,1.0,208.86866775994838,77.98908684700888,3380.040660073644,298.15
5425.0,66.0890401444645,1.0,220.99686532233494,80.99659195352025,2656.4940355752133,298.15
5426.0,66.08278927628837,1.0,221.71927421256942,79.323400905151,3638.1741623422395,298.15
5427.0,66.07653840811224,1.0,221.98120202549666,83.48700390063297,2934.4204473102172,298.15
5428.0,66.0702875399361,1.0,225.92843415480579,69.15572451774774,3606.341145710175,298.15
5429.0,66.06403667175996,1.0,212.97828289141572,81.53889432965528,3114.925206567375,298.15
5430.0,66.05778580358384,1.0,229.19253245867915,70.24471450444466,2966.6613843861473,298.15
5431.0,66.05153493540769,1.0,231.0742477500203,82.35788205636442,2853.420345443376,298.15
5432.0,66.04528406723156,1.0,211.59240103546512,77.43763050946453,3308.276012876597,298.15
5433.0,66.03903319905542,1.0,215.35240346131903,76.47170616424536,3577.9178693385097,298.15
5434.0,66.03278233087929,1.0,226.0576935506601,78.96261064177486,2759.306254014992,298.15
5435.0,66.02653146270316,1.0,218.74305328426442,84.41345076438104,3051.6748263551494,298.15
5436.0,66.02028059452701,1.0,230.30787679661023,78.29486613015186,3479.793476004553,298.15
5437.0,66.01402972635088,1.0,231.5431382395704,76.94561596394772,3080.387109458979,298.15
5438.0,66.00777885817475,1.0,232.59946372816975,90.63471939968355,4113.6199822521385,298.15
5439.0,66.0015279899986,1.0,218.04929661794202,71.16232638092151,2765.008282460802,298.15
5440.0,65.99527712182248,1.0,225.8881091560258,79.26366353545204,3295.345254124809,298.15
5441.0,65.98902625364633,1.0,229.898152494555,80.36154784341397,3515.481232510731,298.15
5442.0,65.9827753854702,1.0,222.73149371324152,79.32648184668619,2772.2377686397167,298.15
5443.0,65.97652451729407,1.0,227.03186992918802,78.26207412893271,3690.726967449625,298.15
5444.0,65.97027364911793,1.0,233.07752597599722,71.85618217246547,3520.577612399129,298.15
5445.0,65.9640227809418,1.0,231.41274676669974,83.95232251547553,2857.5971952557265,298.15
5446.0,65.95777191276565,1.0,236.67572358954084,80.19079542523151,3349.018512808627,298.15
5447.0,65.95152104458953,1.0,222.10596717431923,70.4558176203586,2843.4842388686843,298.15
5448.0,65.94527017641339,1.0,234.6373546495613,68.6884087779797,2438.6469795192284,298.15
5449.0,65.93901930823725,1.0,233.00345495352838,78.23764571926782,3208.9124789516163,298.15
5450.0,65.93276844006112,1.0,234.0120453391544,74.62014990166676,2946.8493734319204,298.15
5451.0,65.92651757188499,1.0,233.35078109468824,71.80878789426052,2823.1031710269667,298.15
5452.0,65.92026670370885,1.0,231.46526544959252,80.71965868285672,2833.0001020697696,298.15
5453.0,65.91401583553271,1.0,233.96083394310585,81.35966806577247,2852.9226080565427,298.15
5454.0,65.90776496735657,1.0,233.8260837823536,76.6984363339744,2427.2527903788286,298.15
5455.0,65.90151409918045,1.0,230.8513646886544,78.71976264227533,2383.725384246748,298.15
5456.0,65.89526323100431,1.0,237.29173310551224,77.71846341969149,2658.0478044963143,298.15
5457.0,65.88901236282817,1.0,239.22941752455833,78.45369368508248,2794.392778642932,298.15
5458.0,65.88276149465204,1.0,227.2998595496861,84.32565071115035,2785.4231996512995,298.15
5459.0,65.87651062647589,1.0,238.57362210437907,76.47314971410731,2775.917731749162,298.15
5460.0,65.87025975829977,1.0,232.93837796430196,77.89446657054522,2964.2656311589576,298.15
5461.0,65.86400889012363,1.0,233.9502438231989,76.80076812223135,2026.5484377098371,298.15
5462.0,65.85775802194749,1.0,244.97532729809734,77.29943435278,2678.1121334385402,298.15
5463.0,65.85150715377137,1.0,224.43368948946102,75.25975090382232,2623.4186212030118,298.15
5464.0,65.84525628559521,1.0,237.40723623689965,79.89415180890893,2357.452823243161,298.15
5465.0,65.83900541741909,1.0,246.2807175966628,64.1442671441636,2537.201414624821,298.15
5466.0,65.83275454924295,1.0,235.29408206453428,87.72778765232393,2046.0480661430256,298.15
5467.0,65.82650368106681,1.0,244.42746604054537,81.15386389301236,2011.5050002502928,298.15
5468.0,65.82025281289069,1.0,240.80028109453988,67.64497720848068,2579.209956408596,298.15
5469.0,65.81400194471453,1.0,228.29033605325444,80.25897104849986,2307.00585984085,298.15
5470.0,65.80775107653841,1.0,243.02326251403952,81.9682299064868,2323.2294382545115,298.15
5471.0,65.80150020836227,1.0,237.09766534963683,78.14102876907151,1893.540653098308,298.15
5472.0,65.79524934018613,1.0,239.04293405267535,80.20100426765013,1911.5244136990132,298.15
5473.0,65.78899847201001,1.0,238.65325684416723,73.13294105154361,1795.6168721378242,298.15
5474.0,65.78274760383385,1.0,240.87630602715254,84.62554293420388,1874.6201476616761,298.15
5475.0,65.77649673565773,1.0,250.71907934179345,79.13538350751364,2274.885796322176,298.15
5476.0,65.77024586748159,1.0,239.71534425495705,78.63009180402571,1609.6445000166016,298.15
5477.0,65.76399499930545,1.0,237.21031592143672,77.54660546447231,1688.0360024134413,298.15
5478.0,65.75774413112933,1.0,238.5074724475251,69.83466659438811,1890.0600936890016,298.15
5479.0,65.75149326295319,1.0,232.71852489924424,68.50593662099837,2229.0948245317304,298.15
5480.0,65.74524239477705,1.0,232.44427829114431,68.93795060194078,1912.0085344774322,298.15
5481.0,65.73899152660091,1.0,242.8623540195014,75.79005095910068,1159.0646864939745,298.15
5482.0,65.73274065842477,1.0,231.12993596262226,72.05506622151019,2583.0975272465157,298.15
5483.0,65.72648979024865,1.0,236.41128948797112,76.29468712818728,2114.694743102556,298.15
5484.0,65.72023892207251,1.0,233.2535546143322,63.08254044832365,1876.7522615639054,298.15
5485.0,65.71398805389637,1.0,237.26172355700092,72.1983012158082,1436.194493855467,298.15
5486.0,65.70773718572025,1.0,230.16641692258048,70.17189664658379,2019.1622083959558,298.15
5487.0,65.7014863175441,1.0,239.90973357744414,68.72915916325368,2020.9696275805484,298.15
5488.0,65.69523544936797,1.0,241.64129956992346,72.31854459747866,1873.2442723976155,298.15
5489.0,65.68898458119183,1.0,243.2229486360357,74.91607783536624,1297.523495780072,298.15
5490.0,65.6827337130157,1.0,238.40063101836344,66.77517889464288,1145.2736280429733,298.15
5491.0,65.67648284483957,1.0,238.4765012398886,69.56979504783864,1879.5415354394797,298.15
5492.0,65.67023197666342,1.0,234.4506933927833,65.64211428137261,1938.950457749202,298.15
5493.0,65.66398110848729,1.0,236.85966147496026,65.7814254525272,2059.694048272747,298.15
5494.0,65.65773024031115,1.0,237.49207481500468,74.19105419884198,1590.9664890420318,298.15
5495.0,65.65147937213501,1.0,243.1485024611862,70.71874452502402,1000.0,298.15
5496.0,65.64522850395889,1.0,236.2802744950124,56.22894341228055,1533.302977289686,298.15
5497.0,65.63897763578274,1.0,220.82317692311784,71.83297005886064,1796.2868967806799,298.15
5498.0,65.63272676760661,1.0,233.63958251136103,67.32261744579905,1000.0,298.15
5499.0,65.62647589943047,1.0,238.93711918001756,64.4674635127227,2127.9994993119926,298.15
5500.0,65.62022503125434,1.0,228.37200448276928,67.6977867911699,2240.8776968910133,298.15
5501.0,65.61397416307821,1.0,231.10344071447773,65.50851544529465,1122.0991333187135,298.15
5502.0,65.60772329490206,1.0,228.23157935914588,63.98281954042699,1512.7560544717937,298.15
5503.0,65.60147242672593,1.0,230.5145708489771,68.48710658659247,1621.345516409056,298.15
5504.0,65.5952215585498,1.0,235.15853109739405,73.702728031714,1685.7427765342595,298.15
5505.0,65.58897069037366,1.0,232.06849867689274,62.311269515015866,2180.0711543203984,298.15
5506.0,65.58271982219753,1.0,234.7439979688923,76.29503793185954,1758.0728387542633,298.15
5507.0,65.5764689540214,1.0,235.32917921766867,60.97920437616639,1799.7118999602255,298.15
5508.0,65.57021808584526,1.0,240.36643373469983,63.114647528269565,1915.9470300844519,298.15
5509.0,65.56396721766912,1.0,234.42584055516284,68.39331369538634,2994.731164671965,298.15
5510.0,65.55771634949298,1.0,234.56112929860487,66.63960611946705,2996.432376789944,298.15
5511.0,65.55146548131685,1.0,222.68359672652454,70.45157558413537,2606.3465466993384,298.15
5512.0,65.54521461314071,1.0,226.12957958359,50.93937483409318,2125.947912939947,298.15
5513.0,65.53896374496458,1.0,227.2669808201559,60.814015033507914,1827.0748085113303,298.15
5514.0,65.53271287678845,1.0,229.62673461351432,61.33296641796429,1877.9495733442557,298.15
5515.0,65.5264620086123,1.0,235.33355842368562,72.3265105421166,2475.542148134229,298.15
5516.0,65.52021114043617,1.0,230.77353036816768,65.06327140381033,1953.5227129443,298.15
5517.0,65.51396027226004,1.0,222.12302212030207,53.11204055085721,1963.486894993498,298.15
5518.0,65.5077094040839,1.0,228.36114559690657,64.70497530163593,2371.5367054097087,298.15
5519.0,65.50145853590777,1.0,227.67822311427048,68.15285767523065,2478.814479792159,298.15
5520.0,65.49520766773162,1.0,225.33917242570735,59.9498577074635,2712.8348021402085,298.15
5521.0,65.4889567995555,1.0,218.33153559488943,56.81154479686009,2923.4782079366655,298.15
5522.0,65.48270593137936,1.0,215.21587032931293,62.03413166758899,2918.3699037720053,298.15
5523.0,65.47645506320322,1.0,220.96795934098301,57.824783890101,2184.0217350092657,298.15
5524.0,65.4702041950271,1.0,221.24713391391268,62.47691396033843,2385.7894892393915,298.15
5525.0,65.46395332685094,1.0,220.6087925660883,62.05805884814877,3291.920023496325,298.15
5526.0,65.45770245867482,1.0,226.96662225765868,65.1503927633782,2832.6761076110133,298.15
5527.0,65.45145159049868,1.0,215.7001594187077,59.48781003321754,3298.6798251412447,298.15
5528.0,65.44520072232254,1.0,224.31291605514372,50.0,2735.3070294768268,298.15
5529.0,65.43894985414641,1.0,218.22126216440418,61.73662667116118,2705.500065540499,298.15
5530.0,65.43269898597026,1.0,210.92059295003884,59.64927370374971,1955.5434840282348,298.15
5531.0,65.42644811779414,1.0,209.92747833861353,60.97389811687377,3451.959314661842,298.15
5532.0,65.420197249618,1.0,206.7198591753085,58.400966849544325,3051.282326662939,298.15
5533.0,65.41394638144186,1.0,211.72784478277242,59.67410177035325,3037.0601096849987,298.15
5534.0,65.40769551326574,1.0,205.76432429580234,55.24660700249005,2444.1805528711366,298.15
5535.0,65.4014446450896,1.0,215.8430874650417,57.903613873923334,3296.961852460726,298.15
5536.0,65.39519377691346,1.0,207.0617305261769,61.71340227428939,3142.21371397059,298.15
5537.0,65.38894290873732,1.0,208.28488712593514,55.615823081759174,3096.906517625163,298.15
5538.0,65.38269204056118,1.0,208.35194917307365,71.73823320476028,3002.100304809448,298.15
5539.0,65.37644117238506,1.0,212.1681572475353,51.249856539355626,2143.666178018232,298.15
5540.0,65.37019030420892,1.0,206.8783831302645,55.898615344509096,3057.2406314080167,298.15
5541.0,65.36393943603278,1.0,199.50359441834257,57.456105644405454,2809.845097509718,298.15
5542.0,65.35768856785666,1.0,204.70023071857156,50.0,3514.5753816067636,298.15
5543.0,65.3514376996805,1.0,203.71744286093548,64.49038548235157,3177.9115455765377,298.15
5544.0,65.34518683150438,1.0,194.9632193796804,61.90345928000798,2987.5972340577287,298.15
5545.0,65.33893596332824,1.0,206.8456779016752,68.17319725859112,3588.226807518286,298.15
5546.0,65.3326850951521,1.0,202.0131294139373,50.0,2881.1861045095698,298.15
5547.0,65.32643422697598,1.0,211.8713432096614,56.421083653866596,3663.7601088229776,298.15
5548.0,65.32018335879982,1.0,197.21009397332227,53.62792618614233,3639.282634852592,298.15
5549.0,65.3139324906237,1.0,185.80751662622265,67.23279475837084,3040.6804165700396,298.15
5550.0,65.30768162244756,1.0,199.9249009589898,62.86937138570208,3405.0398566599547,298.15
5551.0,65.30143075427142,1.0,193.9996542210665,57.94260199383672,2813.572452397691,298.15
5552.0,65.2951798860953,1.0,194.34977790805203,60.51129539427375,3754.859782350315,298.15
5553.0,65.28892901791914,1.0,198.2212112499438,66.94411887263276,3712.1740117258187,298.15
5554.0,65.28267814974302,1.0,183.62473205375267,58.02951351581965,3278.0539206246726,298.15
5555.0,65.27642728156688,1.0,201.48865274570127,51.821277449616915,3178.9029500417487,298.15
5556.0,65.27017641339074,1.0,188.72170360579776,57.31451442765184,3545.600530046288,298.15
5557.0,65.26392554521462,1.0,194.55652890597415,59.48164726855572,2513.8003777386293,298.15
5558.0,65.25767467703847,1.0,190.40708302277756,55.424327081774514,3141.3983733646855,298.15
5559.0,65.25142380886234,1.0,196.66099634101627,65.62157904223899,3129.7951005203176,298.15
5560.0,65.2451729406862,1.0,193.50051685517641,78.67970192905162,2967.6765999143045,298.15
5561.0,65.23892207251006,1.0,181.02098389959508,65.89877391422903,3624.2115078894585,298.15
5562.0,65.23267120433394,1.0,185.15658379446714,68.45001337661868,3132.2786443414802,298.15
5563.0,65.2264203361578,1.0,193.7343648141218,63.73286162639851,2966.610721544634,298.15
5564.0,65.22016946798166,1.0,190.65114110338672,62.12257752623929,2133.3016583865815,298.15
5565.0,65.21391859980552,1.0,189.342105075508,70.31762268373716,3214.717216778897,298.15
5566.0,65.20766773162939,1.0,193.96356273515164,67.07240591125704,2909.911786457352,298.15
5567.0,65.20141686345326,1.0,182.23695518303765,59.116580468497176,2945.5945841152356,298.15
5568.0,65.19516599527712,1.0,187.54499582588124,69.91692307918662,3144.3949710499382,298.15
5569.0,65.18891512710098,1.0,184.5150418190301,67.67650027846568,2469.9559197041754,298.15
5570.0,65.18266425892486,1.0,181.07390879823652,74.07537465257965,2819.9822832341615,298.15
5571.0,65.1764133907487,1.0,184.30783180830602,67.90383263066185,2740.3644322046275,298.15
5572.0,65.17016252257258,1.0,181.59923325706689,64.30578197927808,2949.447375976874,298.15
5573.0,65.16391165439644,1.0,180.0,66.30488653277165,2457.0327772123414,298.15
5574.0,65.1576607862203,1.0,190.4412835877116,68.27455039579276,2565.8745900329523,298.15
5575.0,65.15140991804418,1.0,180.0,64.56502148011259,3176.0181137460213,298.15
5576.0,65.14515904986803,1.0,184.47608477340117,61.93102047254949,2325.462972864846,298.15
5577.0,65.1389081816919,1.0,180.0,61.71850308085591,3036.198388043204,298.15
5578.0,65.13265731351576,1.0,180.0,62.50614454739693,2992.438664155925,298.15
5579.0,65.12640644533963,1.0,180.0,70.58001098779037,3821.2467227425777,298.15
5580.0,65.1201555771635,1.0,180.0,71.41607712199526,2762.4642379495285,298.15
5581.0,65.11390470898735,1.0,180.0,72.74304729208251,2547.885440271784,298.15
5582.0,65.10765384081122,1.0,180.0,70.41234613786258,2843.279656149761,298.15
5583.0,65.10140297263509,1.0,180.0,72.84327446488265,2230.2227770040026,298.15
5584.0,65.09515210445895,1.0,180.0,72.42257629810202,2455.8841808537586,298.15
5585.0,65.08890123628282,1.0,180.0,76.83137163564069,1992.109158838002,298.15
5586.0,65.08265036810668,1.0,180.0,71.97731808036968,3027.5238835870095,298.15
5587.0,65.07639949993055,1.0,180.0,74.8927174275973,1819.828893443137,298.15
5588.0,65.0701486317544,1.0,180.0,83.17243589038614,2392.973365420337,298.15
5589.0,65.06389776357827,1.0,180.0,72.85238236814656,2240.2717144107683,298.15
5590.0,65.05764689540214,1.0,180.0,82.63905087861279,1719.4176266360473,298.15
5591.0,65.051396027226,1.0,180.0,78.45088467907021,1710.5707887141355,298.15
5592.0,65.04514515904987,1.0,180.0,81.28332590254585,1613.8468303798254,298.15
5593.0,65.03889429087374,1.0,180.0,79.04398297058631,1713.1638985705722,298.15
5594.0,65.03264342269759,1.0,180.0,66.58850438960991,1967.697945119447,298.15
5595.0,65.02639255452146,1.0,180.0,72.66118736352905,2060.368167907223,298.15
5596.0,65.02014168634533,1.0,180.0,70.29094284800185,1998.2638400789674,298.15
5597.0,65.01389081816919,1.0,180.0,75.16816741046664,1972.6752562154602,298.15
5598.0,65.00763994999306,1.0,180.0,67.84302758303971,2229.083661320877,298.15
5599.0,65.00138908181691,1.0,180.0,87.33332838691487,1894.3972318760386,298.15
5600.0,64.99513821364079,1.0,180.0,83.24221979448866,2088.5538282508032,298.15
5601.0,64.98888734546465,1.0,180.0,64.1210949653783,2008.8561297347442,298.15
5602.0,64.98263647728851,1.0,180.0,77.14815167786469,1991.0454754950963,298.15
5603.0,64.97638560911238,1.0,180.0,84.40790188246875,2012.7004959185128,298.15
5604.0,64.97013474093623,1.0,180.0,88.69772137693747,1815.4828508082342,298.15
5605.0,64.9638838727601,1.0,180.0,72.63419424038895,1240.2991968317115,298.15
5606.0,64.95763300458397,1.0,180.0,76.12117838621182,2047.6911669714561,298.15
5607.0,64.95138213640783,1.0,180.0,82.84880773524918,2310.6736981642234,298.15
5608.0,64.9451312682317,1.0,180.0,78.6397207366126,1296.2142058696766,298.15
5609.0,64.93888040005555,1.0,180.0,76.67182010800896,2032.2087731326792,298.15
5610.0,64.93262953187943,1.0,180.0,79.5660244448141,1710.89405397422,298.15
5611.0,64.92637866370329,1.0,180.0,75.73195970366648,1848.2598215115063,298.15
5612.0,64.92012779552715,1.0,180.0,69.54142510063029,2138.793244188827,298.15
5613.0,64.91387692735103,1.0,180.0,83.41839772555332,2053.4073218629405,298.15
5614.0,64.90762605917489,1.0,180.0,78.42208814324776,1468.0359100807166,298.15
5615.0,64.90137519099875,1.0,180.0,76.37519906652331,1426.1747109642083,298.15
5616.0,64.89512432282261,1.0,180.0,78.76211609969893,1514.1894524796257,298.15
5617.0,64.88887345464647,1.0,180.0,75.49835179583228,1586.1848102288704,298.15
5618.0,64.88262258647035,1.0,180.0,74.82599256523453,1795.663346675176,298.15
5619.0,64.87637171829421,1.0,180.0,67.41386160413873,1693.0398062571924,298.15
5620.0,64.87012085011807,1.0,180.0,78.91369872597885,1635.1308486913406,298.15
5621.0,64.86386998194195,1.0,180.0,75.6904024052566,1590.6703042415734,298.15
5622.0,64.8576191137658,1.0,180.0,75.28328723871834,1905.2172428431186,298.15
5623.0,64.85136824558967,1.0,180.0,86.30702988328832,1534.2450236904317,298.15
5624.0,64.84511737741353,1.0,180.0,70.95910435861113,2179.1214674922503,298.15
5625.0,64.83886650923739,1.0,180.0,80.20999025621369,1984.196614077502,298.15
5626.0,64.83261564106127,1.0,180.0,79.95902549882173,1337.0946575269963,298.15
5627.0,64.82636477288511,1.0,180.0,80.84122374013903,2158.1238955664185,298.15
5628.0,64.82011390470899,1.0,180.0,95.0708379918081,2280.9014975111713,298.15
5629.0,64.81386303653285,1.0,180.0,68.70288836618656,2522.4172094629407,298.15
5630.0,64.80761216835671,1.0,180.0,81.77400834871226,1801.1345902524245,298.15
5631.0,64.80136130018059,1.0,180.0,80.56327675221938,1768.3205843436067,298.15
5632.0,64.79511043200444,1.0,180.0,83.21223341410636,2399.852181214347,298.15
5633.0,64.78885956382831,1.0,180.0,75.7132341269852,2074.37618398191,298.15
5634.0,64.78260869565217,1.0,180.0,85.20753796305812,2397.301914086114,298.15
5635.0,64.77635782747603,1.0,180.0,78.22509872481473,2589.9492416336902,298.15
5636.0,64.77010695929991,1.0,180.0,81.92505655255789,2306.2716902072502,298.15
5637.0,64.76385609112376,1.0,180.0,85.63241043616172,2428.9720996214364,298.15
5638.0,64.75760522294763,1.0,180.0,75.10208279740439,2034.4696075264162,298.15
5639.0,64.7513543547715,1.0,180.0,81.67656970644168,2598.054299060178,298.15
5640.0,64.74510348659535,1.0,180.0,78.09047982435399,2661.6511885100376,298.15
5641.0,64.73885261841923,1.0,180.0,81.80723115511694,2365.8721813587204,298.15
5642.0,64.73260175024309,1.0,180.0,76.15446266708388,2644.936091108804,298.15
5643.0,64.72635088206695,1.0,180.0,78.21380474411156,2766.548865104297,298.15
5644.0,64.72010001389081,1.0,180.0,82.5206958530363,2888.8684258371377,298.15
5645.0,64.71384914571468,1.0,180.0,66.84730272069787,2328.814744739055,298.15
5646.0,64.70759827753855,1.0,180.0,88.59172877694968,2390.608932069206,298.15
5647.0,64.70134740936241,1.0,180.0,75.30043864139658,2406.5959240744355,298.15
5648.0,64.69509654118627,1.0,180.0,83.33218410462221,2631.7130330449313,298.15
5649.0,64.68884567301015,1.0,180.0,82.0670330266368,1744.5831867473141,298.15
5650.0,64.682594804834,1.0,180.0,76.65261318528526,3230.2495574996797,298.15
5651.0,64.67634393665787,1.0,180.0,71.78281444486336,3187.5733141929563,298.15
5652.0,64.67009306848173,1.0,180.0,77.04868199238963,2505.3118729301013,298.15
5653.0,64.6638422003056,1.0,180.0,87.48811900391561,2877.392575577476,298.15
5654.0,64.65759133212947,1.0,180.0,62.47178381280662,3255.200125163919,298.15
5655.0,64.65134046395332,1.0,180.0,81.15281547633433,3322.489684244421,298.15
5656.0,64.6450895957772,1.0,180.0,71.8256328213765,3064.3482207051215,298.15
5657.0,64.63883872760105,1.0,180.0,58.71386754008223,3695.9774526373353,298.15
5658.0,64.63258785942492,1.0,180.0,63.77302092565333,3479.3344069952586,298.15
5659.0,64.62633699124879,1.0,180.0,68.14006020983365,3427.916190609331,298.15
5660.0,64.62008612307264,1.0,180.0,66.84778587723366,3685.3160552080435,298.15
5661.0,64.61383525489651,1.0,180.0,71.9941273197836,2999.8216226999784,298.15
5662.0,64.60758438672038,1.0,180.0,73.62162008552986,2835.2955033585076,298.15
5663.0,64.60133351854424,1.0,180.0,76.59009778242878,3039.688745274329,298.15
5664.0,64.59508265036811,1.0,180.0,77.17134405910402,2912.5318344334746,298.15
5665.0,64.58883178219196,1.0,180.0,68.66391325077154,3330.036629433825,298.15
5666.0,64.58258091401584,1.0,180.0,80.16924340439051,3053.466282351389,298.15
5667.0,64.5763300458397,1.0,180.0,75.3713294463965,3374.4354607751393,298.15
5668.0,64.57007917766356,1.0,180.0,80.57042493801038,3463.195006519637,298.15
5669.0,64.56382830948743,1.0,180.0,73.8818347520323,3084.6271576331483,298.15
5670.0,64.5575774413113,1.0,191.4970935934957,66.25956895871084,3339.0138145105316,298.15
5671.0,64.55132657313516,1.0,183.0416993200896,65.75392838893684,3017.9937240324452,298.15
5672.0,64.54507570495902,1.0,180.0,62.05301951367816,3470.8464578090616,298.15
5673.0,64.53882483678288,1.0,180.0,64.11961699258617,2688.3879803554823,298.15
5674.0,64.53257396860675,1.0,183.54983705307365,68.34876004100686,3409.7644187431365,298.15
5675.0,64.52632310043062,1.0,180.72747829563684,64.34562684380838,3159.4178234087967,298.15
5676.0,64.52007223225448,1.0,185.2084018480752,66.26763714360597,2987.8486838888293,298.15
5677.0,64.51382136407835,1.0,182.1801175531011,70.48786847609057,2845.7798313477024,298.15
5678.0,64.5075704959022,1.0,184.1967289404098,65.20017210758473,2926.814117967127,298.15
5679.0,64.50131962772608,1.0,182.66347648845817,84.7561060983049,3996.1516274142914,298.15
5680.0,64.49506875954994,1.0,193.53258327484338,64.79161170248621,3051.192536352045,298.15
5681.0,64.4888178913738,1.0,185.58214496565282,79.68616829304021,3134.4476922066297,298.15
5682.0,64.48256702319767,1.0,186.90828344255846,61.822153883725136,3146.511777408692,298.15
5683.0,64.47631615502152,1.0,184.33684241432013,61.43785267786483,3248.5959021768185,298.15
5684.0,64.4700652868454,1.0,180.0,76.0138228653991,3037.3745025689936,298.15
5685.0,64.46381441866926,1.0,197.229798055412,70.64438809563805,3134.5268664619352,298.15
5686.0,64.45756355049312,1.0,186.105576850689,63.936980990983116,3459.8767994012496,298.15
5687.0,64.451312682317,1.0,192.72607639597598,59.40757131136679,3263.2411988383983,298.15
5688.0,64.44506181414084,1.0,197.2642016520514,69.9051522857511,3949.046457356066,298.15
5689.0,64.43881094596472,1.0,190.01296569289522,64.6332236161579,3016.1210450700505,298.15
5690.0,64.43256007778858,1.0,200.75866715824873,71.78905225465793,2599.8287750724585,298.15
5691.0,64.42630920961244,1.0,188.72914330897245,57.57762659681998,2955.2442843576255,298.15
5692.0,64.42005834143632,1.0,181.61804448564018,61.71734886125454,2454.3177530022244,298.15
5693.0,64.41380747326016,1.0,189.5827805741399,66.45541262492696,3157.5235992242297,298.15
5694.0,64.40755660508404,1.0,197.03319985828523,65.21030612685956,2728.779798687406,298.15
5695.0,64.4013057369079,1.0,196.35709015838955,57.89452128627408,2863.7726960785926,298.15
5696.0,64.39505486873176,1.0,199.71068736782308,64.0107774026618,2170.84811793122,298.15
5697.0,64.38880400055564,1.0,194.62435366617458,62.28445319432088,2265.3527539496486,298.15
5698.0,64.3825531323795,1.0,184.00194192171475,55.34505582913409,2031.7901223886645,298.15
5699.0,64.37630226420336,1.0,200.5221760001524,69.24140625435196,2885.1434866243626,298.15
5700.0,64.37005139602722,1.0,202.1989233061777,50.0,2253.225938882428,298.15
5701.0,64.36380052785108,1.0,202.86305806171848,58.003112693184825,2398.0823227165833,298.15
5702.0,64.35754965967496,1.0,199.80518550944367,65.99469864570034,2978.6731884036026,298.15
5703.0,64.35129879149882,1.0,203.43913310544255,64.91170470659947,2236.2371739722,298.15
5704.0,64.34504792332268,1.0,203.66772732311426,59.5543019153146,2614.9830947708765,298.15
5705.0,64.33879705514656,1.0,204.5355256842885,52.25319626737351,2190.7335060227692,298.15
5706.0,64.3325461869704,1.0,209.2145284789453,55.02452509726824,2617.076814136953,298.15
5707.0,64.32629531879428,1.0,196.63580249401736,54.29664358610807,2073.7433005067473,298.15
5708.0,64.32004445061814,1.0,205.08321865411102,50.0,2598.09092052452,298.15
5709.0,64.313793582442,1.0,210.48694967863386,69.17705615410856,2589.2465466886038,298.15
5710.0,64.30754271426588,1.0,203.71435949580325,71.58062670436892,1597.4752916658574,298.15
5711.0,64.30129184608973,1.0,208.2203047223233,55.992995655508636,2305.6502882278073,298.15
5712.0,64.2950409779136,1.0,201.81923592396294,50.0,2511.352396603254,298.15
5713.0,64.28879010973746,1.0,200.6193138451196,60.93055213961517,1856.0417833542165,298.15
5714.0,64.28253924156132,1.0,200.17043059724438,60.27560087191878,1683.876958850598,298.15
5715.0,64.2762883733852,1.0,213.0694165838942,65.31213925999138,1387.0709517674406,298.15
5716.0,64.27003750520905,1.0,209.38952482594283,61.35786716126321,2000.2063733639432,298.15
5717.0,64.26378663703292,1.0,214.96108978487848,60.76575976175664,1798.164510666467,298.15
5718.0,64.25753576885678,1.0,222.94665242847424,54.066842615250756,1809.0942751950008,298.15
5719.0,64.25128490068064,1.0,213.64591366222413,59.12112807443806,1780.2991394155433,298.15
5720.0,64.24503403250452,1.0,218.70701384397088,66.04237774602886,1998.0498646931774,298.15
5721.0,64.23878316432837,1.0,209.02289568038523,69.74930256543333,2010.7436464133896,298.15
5722.0,64.23253229615224,1.0,211.00711796199494,61.20464320634322,2653.930039599745,298.15
5723.0,64.2262814279761,1.0,204.28937569475815,62.77398192918622,2016.091167185403,298.15
5724.0,64.22003055979997,1.0,210.50035216051484,59.2017563433432,2257.8915300810177,298.15
5725.0,64.21377969162384,1.0,214.9050093909115,63.415277012270074,1732.84783707199,298.15
5726.0,64.2075288234477,1.0,218.29620146994705,51.86136736050682,1891.2452609581924,298.15
5727.0,64.20127795527156,1.0,217.43598902349385,65.74447675975834,1654.659243699067,298.15
5728.0,64.19502708709543,1.0,220.20095579330055,71.4435273249193,1500.8616986964023,298.15
5729.0,64.18877621891929,1.0,224.8865875235115,60.375293597801665,1888.5689251689341,298.15
5730.0,64.18252535074316,1.0,218.76132221604368,63.37884182821758,1768.6245860734914,298.15
5731.0,64.17627448256702,1.0,222.97231597844382,55.54954905753925,1066.9651001464003,298.15
5732.0,64.17002361439089,1.0,225.90074170170178,69.13967192107211,2122.057763152876,298.15
5733.0,64.16377274621476,1.0,221.52238974594638,59.988817101920624,1137.6782186553417,298.15
5734.0,64.15752187803861,1.0,223.65586055354288,57.37470092504849,1662.5096100657297,298.15
5735.0,64.15127100986248,1.0,229.13725146416,63.54563815343496,1628.3028185430662,298.15
5736.0,64.14502014168635,1.0,237.42879762872556,59.748926014581016,1501.3265405449874,298.15
5737.0,64.1387692735102,1.0,231.60197327768878,58.87349767957094,1446.869104853798,298.15
5738.0,64.13251840533408,1.0,221.25152485929794,58.26362691499108,1785.686706871704,298.15
5739.0,64.12626753715793,1.0,224.4785542393541,52.70245663694682,1804.8098215794632,298.15
5740.0,64.1200166689818,1.0,222.90794079854214,57.10766736285371,1755.7183107518367,298.15
5741.0,64.11376580080567,1.0,232.79249260536056,71.64271397361293,1322.987679868223,298.15
5742.0,64.10751493262953,1.0,235.62887982101526,69.31504751905696,1657.2268790624294,298.15
5743.0,64.1012640644534,1.0,220.7517088289253,63.87884132055436,1732.3799913919115,298.15
5744.0,64.09501319627725,1.0,231.43146076099234,64.3171046239855,1667.2190591749115,298.15
5745.0,64.08876232810113,1.0,228.97066389428954,57.22330313194035,2282.2341962049627,298.15
5746.0,64.08251145992499,1.0,229.38862860473975,71.08525547188317,1428.8128792618422,298.15
5747.0,64.07626059174885,1.0,231.64803100683787,62.36272437991657,1834.2727667045024,298.15
5748.0,64.07000972357272,1.0,231.90336179413558,69.88960693888433,1526.4596441088577,298.15
5749.0,64.06375885539657,1.0,229.58144528009316,64.04644066827592,1673.4301930137453,298.15
5750.0,64.05750798722045,1.0,236.79722390977412,62.439134798718776,2064.9909545992155,298.15
5751.0,64.05125711904431,1.0,230.33051826371505,76.33126444552043,2448.143333143047,298.15
5752.0,64.04500625086817,1.0,233.35051262557522,66.83285705662998,2708.518762882747,298.15
5753.0,64.03875538269205,1.0,233.03643401106007,72.32034933962127,2007.1017011567535,298.15
5754.0,64.0325045145159,1.0,243.77725756711365,70.28374734679474,1498.863724795167,298.15
5755.0,64.02625364633977,1.0,234.21870524022438,64.03404800458729,2621.691032366739,298.15
5756.0,64.02000277816363,1.0,248.73550052376086,74.96044690518447,2809.545486743501,298.15
5757.0,64.01375190998749,1.0,240.64469154360506,63.144451310605795,1913.7593578637716,298.15
5758.0,64.00750104181137,1.0,228.01048571110562,65.98301461451442,2585.1280503352327,298.15
5759.0,64.00125017363523,1.0,231.29382399924503,63.69652085168791,2523.1900406258,298.15
5760.0,63.99499930545909,1.0,233.40133991466655,69.08786632030807,2144.436129404018,298.15
5761.0,63.98874843728296,1.0,246.96433402576974,70.66794732944533,1650.1338175519027,298.15
5762.0,63.98249756910682,1.0,245.25459301097015,64.14323043667818,2284.747082091076,298.15
5763.0,63.97624670093068,1.0,249.71121225818803,66.56901492996307,2285.0659618777986,298.15
5764.0,63.96999583275455,1.0,239.05055329110672,70.50419545727702,2094.7206833551377,298.15
5765.0,63.96374496457841,1.0,236.8311844508133,77.74964278544243,2716.2765305692797,298.15
5766.0,63.95749409640228,1.0,233.48123302593422,66.80984805797065,2147.3845462827985,298.15
5767.0,63.95124322822614,1.0,245.14055872728179,76.8936612278378,2935.6971257902824,298.15
5768.0,63.94499236005001,1.0,232.912459036339,68.38533759346075,3771.0882535751434,298.15
5769.0,63.93874149187387,1.0,241.4966058244133,75.75345869434857,3041.3766653409275,298.15
5770.0,63.93249062369773,1.0,237.45091975359745,80.21811593172734,3691.889587761548,298.15
5771.0,63.9262397555216,1.0,244.92748189325243,80.15471026785211,3459.5413924769687,298.15
5772.0,63.91998888734546,1.0,238.770454807123,74.18367383801315,2643.851447271185,298.15
5773.0,63.91373801916933,1.0,244.19243318878716,74.63909499770304,3188.7066755493065,298.15
5774.0,63.90748715099319,1.0,239.57626870926953,65.19425375674035,3361.4725940917733,298.15
5775.0,63.90123628281706,1.0,238.92175433117512,81.71085376990884,2622.907322863453,298.15
5776.0,63.89498541464092,1.0,243.48769588062075,70.65843499228518,2654.1951249330414,298.15
5777.0,63.88873454646478,1.0,247.85022502086724,72.78244563826173,3525.6356464895257,298.15
5778.0,63.88248367828865,1.0,243.73580607344596,78.91065949598327,2286.0853620376492,298.15
5779.0,63.87623281011251,1.0,246.27081824697547,68.35473958121634,3399.799797965833,298.15
5780.0,63.86998194193638,1.0,231.39992594644238,77.0198087398068,3307.570404607284,298.15
5781.0,63.86373107376024,1.0,243.91296837405199,86.29615616084124,3785.5383563711953,298.15
5782.0,63.85748020558411,1.0,243.1536440642589,83.29049595696802,3772.2132567427107,298.15
5783.0,63.85122933740797,1.0,240.44971347288896,74.90958067504592,3165.9348260310503,298.15
5784.0,63.84497846923183,1.0,235.34961065241026,84.74542824400923,2714.408963751703,298.15
5785.0,63.8387276010557,1.0,241.8976265770345,79.49972348669428,3439.3443963087475,298.15
5786.0,63.83247673287956,1.0,246.96359553334264,86.23062790297739,3160.4035580058726,298.15
5787.0,63.82622586470343,1.0,237.88317591375505,70.5524538518649,2816.8570606191342,298.15
5788.0,63.81997499652729,1.0,236.75956134923638,84.96614827811342,3229.7474075565156,298.15
5789.0,63.81372412835116,1.0,234.66845386300523,83.50520444408248,3267.4378364667664,298.15
5790.0,63.80747326017502,1.0,252.86631814218234,79.40342095346438,2866.676113752415,298.15
5791.0,63.801222391998884,1.0,238.497689373601,77.11825078871321,3018.1387117654713,298.15
5792.0,63.79497152382275,1.0,231.76628307349696,69.48938214626718,3620.392114371647,298.15
5793.0,63.788720655646614,1.0,234.56938857288515,82.23549994921585,3382.929592910129,298.15
5794.0,63.78246978747048,1.0,232.5263634348426,85.72230566607006,2526.2422885801716,298.15
5795.0,63.776218919294344,1.0,233.88351103122955,71.28112580088363,4009.519597394959,298.15
5796.0,63.76996805111821,1.0,240.34839534362706,84.31725524483633,3071.757588831386,298.15
5797.0,63.763717182942074,1.0,248.28634323426795,79.713481692054,3434.925305091029,298.15
5798.0,63.757466314765935,1.0,235.09076055373387,80.14613814370695,3808.1152497667085,298.15
5799.0,63.7512154465898,1.0,227.66330419977274,81.9291529082048,3118.3420501803703,298.15
5800.0,63.744964578413665,1.0,224.79661854235968,90.56488919913268,3494.06784579999,298.15
5801.0,63.73871371023753,1.0,237.35028980317983,79.93187955143937,2711.2268509843975,298.15
5802.0,63.732462842061395,1.0,235.99085463071214,81.07675564429988,2218.6974686835815,298.15
5803.0,63.72621197388526,1.0,231.26733141904978,79.21455723807595,3375.070715327174,298.15
5804.0,63.719961105709125,1.0,228.3762124178602,74.21340911489231,3266.8534089524346,298.15
5805.0,63.71371023753299,1.0,222.1060564877646,76.15303183008444,2996.2477210249544,298.15
5806.0,63.707459369356854,1.0,231.79052551369608,79.06165925545373,2662.178986796581,298.15
5807.0,63.701208501180716,1.0,231.99366638967595,81.76324906062025,2748.635098892132,298.15
5808.0,63.694957633004584,1.0,221.6607665209545,93.01582481422875,2294.1274114205903,298.15
5809.0,63.688706764828446,1.0,223.7305237200772,75.66077165243865,2443.8551479876164,298.15
5810.0,63.682455896652314,1.0,233.52530701352168,84.23566229132662,2484.708377341953,298.15
5811.0,63.676205028476176,1.0,221.72605855871078,86.14760774253462,2480.712995848921,298.15
5812.0,63.669954160300044,1.0,223.78218209200125,82.92738153146541,2703.497860942931,298.15
5813.0,63.663703292123905,1.0,231.82860336868657,86.92846389231765,3577.6640024827198,298.15
5814.0,63.65745242394777,1.0,237.30884882113062,80.49849463461408,2647.3779261095037,298.15
5815.0,63.651201555771635,1.0,229.76234529126853,79.41898674936142,2052.1631294885483,298.15
5816.0,63.6449506875955,1.0,229.98054446161603,87.2528614260509,2512.244104182105,298.15
5817.0,63.638699819419365,1.0,226.20725634758637,74.60678077144928,2380.6508708890206,298.15
5818.0,63.63244895124323,1.0,218.77717103861286,85.29038887594814,2813.9104399089156,298.15
5819.0,63.626198083067095,1.0,225.25391769130812,82.3564784067141,2954.3471488305613,298.15
5820.0,63.619947214890956,1.0,224.7377625141089,88.0876530227228,2841.493576328587,298.15
5821.0,63.61369634671482,1.0,231.68827163042977,74.85277247977525,2588.1249106121227,298.15
5822.0,63.607445478538686,1.0,219.31903570968745,75.47034908565338,2322.0410194386563,298.15
5823.0,63.60119461036255,1.0,223.71149762831482,79.57605300246954,2487.452993802963,298.15
5824.0,63.594943742186416,1.0,225.33910852526768,73.71231828026774,2255.1112260980663,298.15
5825.0,63.58869287401028,1.0,218.35594831581957,73.23191147122807,2186.4612896321773,298.15
5826.0,63.582442005834146,1.0,213.56273261465302,86.59672188659074,2628.4443475686044,298.15
5827.0,63.57619113765801,1.0,219.98788406766963,79.92445233035434,2209.7758109816446,298.15
5828.0,63.56994026948187,1.0,218.07319726904072,80.07162911964815,2344.81466902161,298.15
5829.0,63.56368940130574,1.0,213.75637791125206,69.50015669309433,1704.3578271254646,298.15
5830.0,63.5574385331296,1.0,213.06925256193026,75.79157886456207,2828.203990072281,298.15
5831.0,63.55118766495347,1.0,226.98078415116055,82.75558788355775,2052.690485296843,298.15
5832.0,63.54493679677733,1.0,209.74148765347724,81.39818651611579,2137.179212101725,298.15
5833.0,63.5386859286012,1.0,213.85058871347934,80.56193551153292,1728.5651519107532,298.15
5834.0,63.53243506042506,1.0,220.77350051034654,87.12008162511177,1770.6466406887173,298.15
5835.0,63.52618419224892,1.0,205.35003821730382,66.10950725847448,2587.087367525136,298.15
5836.0,63.51993332407279,1.0,203.1044174818663,79.35757732007066,1383.5828580338953,298.15
5837.0,63.51368245589665,1.0,207.94678385472534,75.95264502841606,1871.6060784662952,298.15
5838.0,63.50743158772052,1.0,203.08139221267447,68.92456575604551,1879.3851080810084,298.15
5839.0,63.50118071954438,1.0,208.9046212098165,71.7577149028696,1429.3832591397154,298.15
5840.0,63.49492985136825,1.0,218.22366836337824,75.54708656000732,2009.338102937696,298.15
5841.0,63.48867898319211,1.0,197.08581340804798,68.80448418787766,1476.4670356684023,298.15
5842.0,63.48242811501597,1.0,208.26553983824704,80.02496754485784,2474.346119908675,298.15
5843.0,63.47617724683984,1.0,204.54405803661106,74.37780855821656,1897.5476444592255,298.15
5844.0,63.4699263786637,1.0,201.82422025671903,74.27944871654807,1728.7650357719524,298.15
5845.0,63.46367551048757,1.0,203.22899054640803,62.927069431004824,1000.0,298.15
5846.0,63.45742464231143,1.0,204.32839499295628,73.0961442924578,1067.137747985475,298.15
5847.0,63.4511737741353,1.0,201.07399915863945,67.71458663676432,2217.273676078043,298.15
5848.0,63.44492290595916,1.0,206.37916711810206,66.17542606835974,1561.241423271109,298.15
5849.0,63.43867203778302,1.0,196.54550050050096,70.75069378067028,1610.6325547811432,298.15
5850.0,63.43242116960689,1.0,203.70883848292019,72.1575945682477,1589.2338116898609,298.15
5851.0,63.42617030143075,1.0,195.73775545077342,78.03743167359266,1626.904742715904,298.15
5852.0,63.41991943325462,1.0,196.48494657784283,71.0025648436382,2321.4010993668153,298.15
5853.0,63.41366856507848,1.0,208.44097807993774,76.89904725738772,1455.3014624663597,298.15
5854.0,63.40741769690235,1.0,195.10365401234947,61.992097069602764,1088.4225732957893,298.15
5855.0,63.40116682872621,1.0,193.07507435473426,70.28403444200879,2617.6597547860124,298.15
5856.0,63.39491596055007,1.0,195.26034598260273,71.08842857128545,1860.6287267370574,298.15
5857.0,63.38866509237394,1.0,201.84461394407117,65.23347077739571,1650.6423900456875,298.15
5858.0,63.3824142241978,1.0,205.61962217754092,59.68952847477252,2456.9029218372875,298.15
5859.0,63.37616335602167,1.0,195.0646056927619,70.84610878479043,2322.9005687736044,298.15
5860.0,63.36991248784553,1.0,198.06435201642392,72.13591418064715,1179.3998583243176,298.15
5861.0,63.3636616196694,1.0,200.01763750180248,68.60695964382927,2166.8841105762795,298.15
5862.0,63.35741075149326,1.0,186.65196579243786,65.38335258718159,2069.9920656517647,298.15
5863.0,63.35115988331712,1.0,194.5950933162387,62.255468910502515,1506.2912896244127,298.15
5864.0,63.34490901514099,1.0,195.22390918284506,66.48599201224756,1000.0,298.15
5865.0,63.33865814696485,1.0,189.38790231072304,71.93243196503639,1871.760864153627,298.15
5866.0,63.33240727878872,1.0,188.78449716116955,64.83127279298543,1767.8509935091215,298.15
5867.0,63.32615641061258,1.0,190.92825061296145,64.36384382777638,2126.397555836407,298.15
5868.0,63.31990554243645,1.0,186.89482710321653,66.1597469008409,1727.0958609566987,298.15
5869.0,63.31365467426031,1.0,180.0,53.96839575125064,1934.0950290431892,298.15
5870.0,63.307403806084174,1.0,180.03125365336243,63.27563700440383,2806.7444212952746,298.15
5871.0,63.30115293790804,1.0,182.20857727626768,65.93012723518952,2016.9110259778226,298.15
5872.0,63.294902069731904,1.0,190.2606903518394,61.276890740315594,2709.40812832503,298.15
5873.0,63.28865120155577,1.0,182.15154715919354,68.3120449800386,1693.115405239163,298.15
5874.0,63.282400333379634,1.0,180.0,59.83052491040713,2817.815492751766,298.15
5875.0,63.2761494652035,1.0,180.1915583182781,57.878051955167564,2248.9406765809617,298.15
5876.0,63.269898597027364,1.0,180.0,63.93773733019934,1657.0635713168872,298.15
5877.0,63.263647728851225,1.0,180.0,75.17747145651255,2742.9200702221547,298.15
5878.0,63.257396860675094,1.0,180.0,59.86186857880232,2345.7692416701802,298.15
5879.0,63.251145992498955,1.0,180.0,58.698392517373534,2351.367679864613,298.15
5880.0,63.244895124322824,1.0,182.45008358351555,57.57722431694293,1901.8719445364795,298.15
5881.0,63.238644256146685,1.0,180.0,53.92655516584435,2333.9143159974665,298.15
5882.0,63.23239338797055,1.0,180.0,54.59358894061316,3012.905985391576,298.15
5883.0,63.226142519794415,1.0,180.72152426956427,60.28138041443238,2446.481839779242,298.15
5884.0,63.219891651618276,1.0,180.0,51.53301750663674,2158.5801164775917,298.15
5885.0,63.213640783442145,1.0,180.0,65.15963761673885,2490.9478700077434,298.15
5886.0,63.207389915266006,1.0,180.0,70.49651313357738,3039.9788012730232,298.15
5887.0,63.201139047089875,1.0,180.0,68.82717114281536,2823.62626043503,298.15
5888.0,63.194888178913736,1.0,180.0,58.906947292914424,3183.9476801063684,298.15
5889.0,63.188637310737604,1.0,180.0,62.65785797594932,3441.3114028479463,298.15
5890.0,63.182386442561466,1.0,180.0,57.54111822783332,2588.686181914129,298.15
5891.0,63.17613557438533,1.0,180.0,50.0,2933.3694102236286,298.15
5892.0,63.169884706209196,1.0,180.0,62.928406472161576,2762.414623768931,298.15
5893.0,63.16363383803306,1.0,180.0,56.28561625484152,2799.772382596598,298.15
5894.0,63.157382969856926,1.0,180.0,73.41872489662762,2693.385698724322,298.15
5895.0,63.15113210168079,1.0,180.0,56.15857885493079,3196.4491507699913,298.15
5896.0,63.144881233504655,1.0,180.0,63.16554447379871,2745.504259540901,298.15
5897.0,63.13863036532852,1.0,180.0,64.98983157250494,2906.2224611266574,298.15
5898.0,63.13237949715238,1.0,180.0,63.563959958107745,2496.4337294686256,298.15
5899.0,63.12612862897625,1.0,180.0,58.683784945635516,3573.582691682034,298.15
5900.0,63.11987776080011,1.0,180.0,64.71970848788169,3036.044634787674,298.15
5901.0,63.11362689262398,1.0,180.0,63.41616766263632,3341.190272482601,298.15
5902.0,63.10737602444784,1.0,180.0,60.34685351004921,3731.764120914103,298.15
5903.0,63.101125156271706,1.0,180.0,52.54516276241026,3691.9064504616467,298.15
5904.0,63.09487428809557,1.0,180.0,63.40994868490452,3112.8253801176456,298.15
5905.0,63.08862341991943,1.0,180.0,67.97282529698263,3076.286719226098,298.15
5906.0,63.0823725517433,1.0,180.0,66.45752479438043,3240.4447837483144,298.15
5907.0,63.07612168356716,1.0,180.0,66.90174109400598,2967.3797567672846,298.15
5908.0,63.06987081539103,1.0,180.0,56.140940070826815,3637.4715880025224,298.15
5909.0,63.06361994721489,1.0,180.0,67.14733784912417,3248.852676608466,298.15
5910.0,63.05736907903876,1.0,180.0,50.0,3012.8333358197615,298.15
5911.0,63.05111821086262,1.0,180.0,62.31141584973713,3544.692695726526,298.15
5912.0,63.04486734268648,1.0,180.0,65.8624628725755,3434.8488301947755,298.15
5913.0,63.03861647451035,1.0,180.0,61.9686492879121,2759.0938045549715,298.15
5914.0,63.03236560633421,1.0,180.0,50.78770082319302,3452.9061526067085,298.15
5915.0,63.02611473815808,1.0,180.0,61.00759547188401,4065.287581885367,298.15
5916.0,63.01986386998194,1.0,180.0,66.99472581385653,3313.7078036371754,298.15
5917.0,63.01361300180581,1.0,180.0,68.3056091441581,3516.6039676655028,298.15
5918.0,63.00736213362967,1.0,180.0,70.4912686036092,3767.216661678197,298.15
5919.0,63.00111126545353,1.0,180.0,60.91930980478119,3590.411789750686,298.15
5920.0,62.9948603972774,1.0,180.0,70.08135010215675,2595.3721796804666,298.15
5921.0,62.98860952910126,1.0,180.0,71.46874968465559,2448.44088080153,298.15
5922.0,62.98235866092513,1.0,180.0,59.65278261006896,3429.6672338235458,298.15
5923.0,62.97610779274899,1.0,180.0,68.77071302645408,3538.362753975728,298.15
5924.0,62.96985692457286,1.0,180.0,65.78028987616287,2609.416473748517,298.15
5925.0,62.96360605639672,1.0,180.0,64.0018768790344,3422.8905560019075,298.15
5926.0,62.95735518822058,1.0,180.0,66.15417628955827,2748.462334690962,298.15
5927.0,62.95110432004445,1.0,180.0,69.91630472470987,2880.8592013362063,298.15
5928.0,62.94485345186831,1.0,180.0,73.60395026204647,2755.321650204372,298.15
5929.0,62.93860258369218,1.0,180.0,65.64764943512142,3600.505778128563,298.15
5930.0,62.93235171551604,1.0,180.0,60.5145118356143,2432.17383435151,298.15
5931.0,62.92610084733991,1.0,180.0,74.70481061708989,2602.3375473528154,298.15
5932.0,62.91984997916377,1.0,180.0,66.60983627172087,3022.6572537897437,298.15
5933.0,62.91359911098763,1.0,180.0,64.59717037298752,2472.434788038172,298.15
5934.0,62.9073482428115,1.0,180.0,72.89508867434259,3370.451923419002,298.15
5935.0,62.90109737463536,1.0,180.0,71.33012277056186,2727.660848898834,298.15
5936.0,62.89484650645923,1.0,180.0,69.29793407903169,3026.0759477758866,298.15
5937.0,62.88859563828309,1.0,180.0,65.62356747421421,2717.2949240241956,298.15
5938.0,62.88234477010696,1.0,180.0,67.86665344080116,2678.340330258069,298.15
5939.0,62.87609390193082,1.0,180.0,72.31756069306215,2942.4986207140905,298.15
5940.0,62.869843033754684,1.0,180.0,68.10551684358363,2733.595786991617,298.15
5941.0,62.86359216557855,1.0,180.0,68.96925126157831,2952.369861348077,298.15
5942.0,62.857341297402414,1.0,180.0,66.21682391108828,2307.0963045838485,298.15
5943.0,62.85109042922628,1.0,180.0,75.60468291357773,2496.1803995336445,298.15
5944.0,62.844839561050144,1.0,180.0,68.43225512465573,1637.309578915601,298.15
5945.0,62.83858869287401,1.0,180.0,74.47578799234144,1857.696419352555,298.15
5946.0,62.83233782469787,1.0,180.0,72.23779945369371,1929.311942262264,298.15
5947.0,62.826086956521735,1.0,180.0,69.30047562742668,1898.68271994631,298.15
5948.0,62.8198360883456,1.0,180.0,83.32078302369105,2305.948356642259,298.15
5949.0,62.813585220169465,1.0,180.0,73.79645323226688,1695.7534372517907,298.15
5950.0,62.80733435199333,1.0,180.0,66.82319927181517,2138.8913775234473,298.15
5951.0,62.801083483817195,1.0,180.0,84.78573556991809,2077.465915886862,298.15
5952.0,62.79483261564106,1.0,180.0,80.52294097232375,2031.0268188584619,298.15
5953.0,62.788581747464924,1.0,180.0,71.67505607209868,2056.4101215576056,298.15
5954.0,62.782330879288786,1.0,180.0,75.1997117502282,2008.3935206292176,298.15
5955.0,62.776080011112654,1.0,180.0,79.76527764711626,2665.508137905093,298.15
5956.0,62.769829142936516,1.0,180.0,78.20212705083863,1944.8568743192661,298.15
5957.0,62.763578274760384,1.0,180.0,80.98119744467442,1831.9160821999158,298.15
5958.0,62.757327406584245,1.0,181.28439734516084,76.5407721007703,1269.14461853462,298.15
5959.0,62.751076538408114,1.0,180.0,73.87417785061066,1308.8731975810035,298.15
5960.0,62.744825670231975,1.0,180.0,77.16867877304198,2309.4407800701515,298.15
5961.0,62.73857480205584,1.0,180.0,70.73694086004309,2119.0257148277565,298.15
5962.0,62.732323933879705,1.0,180.0,75.53870903461018,2119.572048585821,298.15
5963.0,62.72607306570357,1.0,180.0,77.46908342370703,2284.810346119094,298.15
5964.0,62.719822197527435,1.0,180.20434426994672,79.6889278281581,1914.3853765627769,298.15
5965.0,62.713571329351296,1.0,180.0,87.3180665373602,2402.6979106783183,298.15
5966.0,62.707320461175165,1.0,182.14709942329156,72.38403390581207,1326.516916721731,298.15
5967.0,62.701069592999026,1.0,180.0,86.96286107606389,1093.6305515148638,298.15
5968.0,62.69481872482289,1.0,180.0,80.73977076842252,1660.1555959566367,298.15
5969.0,62.688567856646756,1.0,180.0,65.16627021683193,1821.2425060006947,298.15
5970.0,62.68231698847062,1.0,180.0,85.68114160629705,1855.5132466179411,298.15
5971.0,62.676066120294486,1.0,183.61365766767324,78.29666548086254,2126.8509855019,298.15
5972.0,62.66981525211835,1.0,180.0,87.57644785242667,1709.6283984876159,298.15
5973.0,62.663564383942216,1.0,180.0,75.7415036752603,2006.2265996729484,298.15
5974.0,62.65731351576608,1.0,180.0,77.11840553362381,1674.533452875186,298.15
5975.0,62.65106264758994,1.0,182.53987234279157,83.7939585978541,1409.888318720798,298.15
5976.0,62.64481177941381,1.0,182.62585218680115,70.1068076614619,1866.9619472165223,298.15
5977.0,62.63856091123767,1.0,182.05821237398155,75.65127369280476,2001.1575751470768,298.15
5978.0,62.63231004306154,1.0,183.8605896365472,71.23104138944484,1771.0063784846388,298.15
5979.0,62.6260591748854,1.0,183.19826672353437,74.31430926495774,1772.707117173017,298.15
5980.0,62.61980830670927,1.0,181.9626609919373,88.97914456301301,1611.5307355532482,298.15
5981.0,62.61355743853313,1.0,190.4056081125424,74.46371513512419,1486.1895352296965,298.15
5982.0,62.60730657035699,1.0,187.37925164567685,75.788638717334,2108.7354331656093,298.15
5983.0,62.60105570218086,1.0,183.17182960741218,64.20125041238028,1555.532575461299,298.15
5984.0,62.59480483400472,1.0,191.03110524493857,76.38942946286622,1540.8281600570076,298.15
5985.0,62.58855396582859,1.0,191.13725232805015,62.72693148445006,2002.3010462566263,298.15
5986.0,62.58230309765245,1.0,190.20425871749956,81.64213576816061,1606.4783639969523,298.15
5987.0,62.57605222947632,1.0,180.0,84.32093055417674,1981.789020856424,298.15
5988.0,62.56980136130018,1.0,187.5100600090927,82.42196727845878,2566.5222029114943,298.15
5989.0,62.56355049312404,1.0,187.76685241438093,71.382889012449,2074.961186153972,298.15
5990.0,62.55729962494791,1.0,182.74371367638608,79.47886237859382,1575.0201745352783,298.15
5991.0,62.55104875677177,1.0,182.0893519495734,82.24881143298141,2135.025057543637,298.15
5992.0,62.54479788859564,1.0,191.08273746071805,77.53287820616717,1551.9332972824354,298.15
5993.0,62.5385470204195,1.0,196.54785928186348,72.36965868300427,1274.2890721185536,298.15
5994.0,62.53229615224337,1.0,194.6211753459623,84.81475124945987,1816.9028091268901,298.15
5995.0,62.52604528406723,1.0,201.11728492908912,72.62409578690745,2837.238353562724,298.15
5996.0,62.51979441589109,1.0,205.1744670313571,81.92153241832023,2057.3710922201117,298.15
5997.0,62.51354354771496,1.0,190.2542801701385,79.24824553406712,3033.077209431037,298.15
5998.0,62.50729267953882,1.0,205.25981814121738,87.25636557709086,2757.7763390504815,298.15
5999.0,62.50104181136269,1.0,197.155927377316,91.71889648160457,3090.7051557694344,298.15
6000.0,62.49479094318655,1.0,197.09632214305924,75.48093462676985,1625.2988548003723,298.15
6001.0,62.48854007501042,1.0,204.9958420097225,71.87534219182551,2859.6994312204597,298.15
6002.0,62.48228920683428,1.0,209.3809446067978,79.08277641770245,2484.3829672210036,298.15
6003.0,62.47603833865814,1.0,194.6176635223004,78.28619065134608,2949.8538285525296,298.15
6004.0,62.46978747048201,1.0,206.15037378639417,81.31355453222635,2560.9493136567735,298.15
6005.0,62.46353660230587,1.0,207.42980368090596,73.4100918970583,2715.8486637300493,298.15
6006.0,62.45728573412974,1.0,207.0367680229007,73.19926239374607,2699.411895925461,298.15
6007.0,62.4510348659536,1.0,205.77670319308461,76.66732755579825,2831.1032907962285,298.15
6008.0,62.44478399777747,1.0,209.1367844842278,78.63615065196073,3329.286511010931,298.15
6009.0,62.43853312960133,1.0,202.70266305568663,70.33598394176067,3016.400022258166,298.15
6010.0,62.43228226142519,1.0,207.0260510009042,75.72447597598068,2839.9272931134387,298.15
6011.0,62.42603139324906,1.0,208.98289752565273,75.71614107425796,2540.1826035956083,298.15
6012.0,62.41978052507292,1.0,213.30546318548488,79.55895217950128,2786.674672182121,298.15
6013.0,62.41352965689679,1.0,210.51581281206148,75.13324670770224,2604.7024193733496,298.15
6014.0,62.40727878872065,1.0,208.996870523033,81.78687779450979,2740.3213529455866,298.15
6015.0,62.40102792054452,1.0,213.67771211576786,78.67660287040532,3407.4628886973155,298.15
6016.0,62.39477705236838,1.0,225.62455269866712,64.73969999023844,3255.1315326515746,298.15
6017.0,62.388526184192244,1.0,212.72500789124487,73.08082620324542,3791.831603671584,298.15
6018.0,62.38227531601611,1.0,204.9674514401433,80.56664989925123,3019.4940842810133,298.15
6019.0,62.376024447839974,1.0,212.74780703114706,68.53801207436214,3185.5662355422724,298.15
6020.0,62.36977357966384,1.0,212.20001465262854,74.930360646347,3223.5373583384035,298.15
6021.0,62.363522711487704,1.0,219.01106596762327,75.19568436009388,3189.229177445933,298.15
6022.0,62.35727184331157,1.0,212.19414913507714,73.55534432759009,2721.749427201921,298.15
6023.0,62.351020975135434,1.0,221.57679967305234,70.28537632444254,3092.688030368312,298.15
6024.0,62.344770106959295,1.0,213.79321687970477,72.35553500300254,3572.2690227431985,298.15
6025.0,62.338519238783164,1.0,219.76185444518075,68.58784702825396,3431.32275082761,298.15
6026.0,62.332268370607025,1.0,223.7140518223687,67.35857150772232,3390.06846347276,298.15
6027.0,62.326017502430894,1.0,225.48961013214065,76.22381804418377,3836.6502918837577,298.15
6028.0,62.319766634254755,1.0,216.60303078588558,68.99217403595706,3883.0456388350813,298.15
6029.0,62.31351576607862,1.0,219.32397509810983,83.56784013780549,3608.632096758063,298.15
6030.0,62.307264897902485,1.0,219.31025138448075,61.83058148156239,4151.958234905805,298.15
6031.0,62.30101402972635,1.0,228.349253304956,70.3611125149146,3591.6573868936484,298.15
6032.0,62.294763161550215,1.0,218.26845218704761,64.75299227096498,3101.151436352847,298.15
6033.0,62.288512293374076,1.0,221.77435169692185,73.29092126269722,3109.5137633201944,298.15
6034.0,62.282261425197945,1.0,224.57984583883334,62.22461537713012,3460.963116920147,298.15
6035.0,62.276010557021806,1.0,215.8171782175804,74.55040709136597,3060.0305344727344,298.15
6036.0,62.269759688845674,1.0,230.78791825354307,72.07617325740549,3636.900667603171,298.15
6037.0,62.263508820669536,1.0,232.1302185111507,61.700003427567594,2351.8846143403753,298.15
6038.0,62.257257952493404,1.0,228.5442360298868,65.26267648457036,2999.0220691418026,298.15
6039.0,62.251007084317266,1.0,221.70705760351007,69.42275420029982,3450.1978901696766,298.15
6040.0,62.24475621614113,1.0,231.4945425971255,71.92393500259864,3183.052562452606,298.15
6041.0,62.238505347964995,1.0,244.21659051602538,69.60344692468604,2640.5449855422894,298.15
6042.0,62.23225447978886,1.0,233.14191114723903,64.70290163640404,3222.6462337739285,298.15
6043.0,62.226003611612725,1.0,222.73943110911702,77.4071231774084,3459.9084507988705,298.15
6044.0,62.21975274343659,1.0,232.20619941986874,71.98850851113306,2466.551559769002,298.15
6045.0,62.213501875260455,1.0,234.73319433324872,59.667968475022356,3558.8613264601026,298.15
6046.0,62.20725100708432,1.0,235.94415255285153,64.91617400409244,2758.3481528851653,298.15
6047.0,62.20100013890818,1.0,222.27990588116634,75.91767017183687,2910.522174578795,298.15
6048.0,62.194749270732046,1.0,236.77103766983092,66.3874769356787,2492.34223725306,298.15
6049.0,62.18849840255591,1.0,236.68838422975523,64.01387575659489,2958.0658394525794,298.15
6050.0,62.182247534379776,1.0,243.05454842788475,61.323219976732744,4299.539932737405,298.15
6051.0,62.17599666620364,1.0,229.66762396166902,57.189843262091294,2746.528541340149,298.15
6052.0,62.169745798027506,1.0,233.84730656551548,62.61107540872289,2845.1385777536493,298.15
6053.0,62.16349492985137,1.0,239.10563347248683,62.04070836425102,2473.3536294908026,298.15
6054.0,62.15724406167523,1.0,228.1498896194121,54.22229393872972,2307.6677206670242,298.15
6055.0,62.1509931934991,1.0,236.23600160486978,57.487532576107654,2762.440518679219,298.15
6056.0,62.14474232532296,1.0,233.18460814813568,67.45483672033409,2458.6699988927253,298.15
6057.0,62.13849145714683,1.0,233.34755016330377,55.2515534844379,2719.0838229584965,298.15
6058.0,62.13224058897069,1.0,225.50196998598776,60.62761642227181,2295.36836534465,298.15
6059.0,62.12598972079456,1.0,235.01204793577747,64.1175816660406,2584.358083076224,298.15
6060.0,62.11973885261842,1.0,246.11789712963477,64.25097377613695,1637.8959541743698,298.15
6061.0,62.11348798444228,1.0,247.00742731777365,69.96087571333219,1670.8818228062846,298.15
6062.0,62.10723711626615,1.0,242.64773976012876,59.24317396054153,2817.3376916567317,298.15
6063.0,62.10098624809001,1.0,245.1507600611931,60.96320795982971,2237.2119247556084,298.15
6064.0,62.09473537991388,1.0,242.7279816306005,70.43948186089838,2043.3146189796566,298.15
6065.0,62.08848451173774,1.0,234.5511704007027,57.03845435831743,2055.6949665194406,298.15
6066.0,62.08223364356161,1.0,240.7414108097872,60.35401007354196,2300.7851248062434,298.15
6067.0,62.07598277538547,1.0,238.90048124577157,61.044347352896146,2034.7547483596215,298.15
6068.0,62.06973190720933,1.0,227.6548710121089,59.52087721224437,1735.0658442904562,298.15
6069.0,62.0634810390332,1.0,235.6407657525425,65.78574763328999,2321.3393878011257,298.15
6070.0,62.05723017085706,1.0,245.91628945781446,50.0,1973.56576278448,298.15
6071.0,62.05097930268093,1.0,241.36711290923202,57.4427188909156,1399.0889520228916,298.15
6072.0,62.04472843450479,1.0,241.95599333298293,64.05909737469044,1984.3134348051824,298.15
6073.0,62.03847756632866,1.0,236.03477813765411,54.96369031738714,1653.8426317251547,298.15
6074.0,62.03222669815252,1.0,246.36414806825908,55.484602260624875,1719.0523900339317,298.15
6075.0,62.02597582997638,1.0,244.4007014321942,57.787250680371514,1606.3717462736297,298.15
6076.0,62.01972496180025,1.0,230.5172448852621,68.25540620188282,2284.6379434268288,298.15
6077.0,62.01347409362411,1.0,240.82539032580678,61.2578417484295,1856.8007309901193,298.15
6078.0,62.00722322544798,1.0,240.58026741278266,59.2447316827862,1740.676812128653,298.15
6079.0,62.00097235727184,1.0,236.2134459883282,53.587701710505065,1847.2879490122648,298.15
6080.0,61.99472148909571,1.0,246.09501700013385,61.33122893178948,1607.8318157736514,298.15
6081.0,61.98847062091957,1.0,233.8556249356591,52.42023811325198,1387.1437934661164,298.15
6082.0,61.98221975274343,1.0,243.1322710756552,50.0,1711.9600450116768,298.15
6083.0,61.9759688845673,1.0,230.0546100403227,58.094244531334,1268.0946776878297,298.15
6084.0,61.96971801639116,1.0,232.01767869647114,50.0,1893.7552364377175,298.15
6085.0,61.96346714821503,1.0,236.16018350057956,58.97573750135532,1881.2144549627037,298.15
6086.0,61.95721628003889,1.0,246.25491616279538,66.94192865187864,1240.660237255271,298.15
6087.0,61.95096541186276,1.0,231.45803604124404,69.62939899788485,1268.686598858406,298.15
6088.0,61.94471454368662,1.0,238.5562127960267,65.86700012299555,1506.2951100124774,298.15
6089.0,61.938463675510484,1.0,236.48653767630574,66.7764895152445,2274.301370030707,298.15
6090.0,61.93221280733435,1.0,240.08253892561325,59.52507112440883,1679.578124648719,298.15
6091.0,61.92596193915821,1.0,230.45795494582026,57.30558741202483,1875.5074560734954,298.15
6092.0,61.91971107098208,1.0,238.0551431185819,64.4899395046316,1000.0,298.15
6093.0,61.91346020280594,1.0,245.3235316398099,66.36641227746223,1367.7295097961644,298.15
6094.0,61.90720933462981,1.0,246.89222105993593,64.37577279939654,1803.8246533592073,298.15
6095.0,61.90095846645367,1.0,227.00029047374915,62.32228997703143,2219.7620484793765,298.15
6096.0,61.894707598277535,1.0,240.88058758849073,55.34278065747367,2252.0316347841144,298.15
6097.0,61.8884567301014,1.0,239.1282950313868,51.544922765020836,1898.5526592470194,298.15
6098.0,61.882205861925264,1.0,237.5424234341538,63.203777918643446,2348.15634307936,298.15
6099.0,61.87595499374913,1.0,235.9820987108319,70.17389341502432,2521.637126973915,298.15
6100.0,61.869704125572994,1.0,247.42788678250523,57.27488279998487,1765.8751549289514,298.15
6101.0,61.86345325739686,1.0,230.22149723352553,65.87244290127698,2110.238031890255,298.15
6102.0,61.857202389220724,1.0,220.97638850831126,66.98707840154879,1354.783134168462,298.15
6103.0,61.850951521044585,1.0,236.9254826385568,66.68591499733901,2457.09567822776,298.15
6104.0,61.844700652868454,1.0,227.14691685594684,59.3100388218635,2238.1052434445323,298.15
6105.0,61.838449784692315,1.0,220.79739403912149,55.360406490667515,2201.915111869095,298.15
6106.0,61.832198916516184,1.0,232.39085075907724,60.01192165491586,1964.5175006664376,298.15
6107.0,61.825948048340045,1.0,229.21649296980874,66.22261440984175,2394.3842332462764,298.15
6108.0,61.819697180163914,1.0,225.57646336408982,61.81538916409641,2404.295330835208,298.15
6109.0,61.813446311987775,1.0,224.92360023367146,65.11110160396713,1716.8364739436158,298.15
6110.0,61.807195443811636,1.0,232.4285713427018,65.18237040444531,2177.519328107685,298.15
6111.0,61.800944575635505,1.0,235.8382256521062,65.00670460604057,2292.8406599967325,298.15
6112.0,61.794693707459366,1.0,215.9994975768965,68.12431917245256,2060.147574644811,298.15
6113.0,61.788442839283235,1.0,233.21592782430116,62.01943395410861,2679.655088989635,298.15
6114.0,61.782191971107096,1.0,235.39448791514303,71.12321990419795,2986.7690364463815,298.15
6115.0,61.775941102930965,1.0,225.88634397002318,62.698112783728384,2746.0946677664324,298.15
6116.0,61.769690234754826,1.0,217.24252598767785,69.74528054512473,1987.4679039363918,298.15
6117.0,61.76343936657869,1.0,220.07226636768476,65.65916983812761,2390.963101259063,298.15
6118.0,61.757188498402556,1.0,215.80819631521683,65.59643146869833,2219.3221430874382,298.15
6119.0,61.75093763022642,1.0,217.499734537272,69.28673196969444,2311.6121186388696,298.15
6120.0,61.744686762050286,1.0,224.04215041023824,68.74595043526239,2339.145369526022,298.15
6121.0,61.73843589387415,1.0,221.06481458941377,71.42032046022258,2956.0937065243565,298.15
6122.0,61.732185025698016,1.0,225.63851239922812,72.47556405515816,2229.4023110699513,298.15
6123.0,61.72593415752188,1.0,221.19911112472974,59.96605908730451,2358.5306068204713,298.15
6124.0,61.71968328934574,1.0,217.43993594818582,73.4660294073666,2736.6213981379246,298.15
6125.0,61.71343242116961,1.0,219.00985088257733,73.8341903843742,3415.274003322977,298.15
6126.0,61.70718155299347,1.0,212.1556624976496,72.14671907953104,3297.3381140938577,298.15
6127.0,61.70093068481734,1.0,217.0832590988005,76.70284763537799,2984.282668426775,298.15
6128.0,61.6946798166412,1.0,219.79090549595205,74.59260314570105,2503.777561955001,298.15
6129.0,61.68842894846507,1.0,215.58024871473023,66.04435816165588,3023.3969133664255,298.15
6130.0,61.68217808028893,1.0,221.63666316346587,82.1123432841955,3286.9218770802677,298.15
6131.0,61.67592721211279,1.0,215.6852920576882,76.23010266545279,3438.5657326981595,298.15
6132.0,61.66967634393666,1.0,223.26175552774177,66.89126259130666,3491.107582952498,298.15
6133.0,61.66342547576052,1.0,208.7426616727972,71.18385024634534,3550.386349598305,298.15
6134.0,61.65717460758439,1.0,211.02937847298728,71.95479146048827,3370.0162226453426,298.15
6135.0,61.65092373940825,1.0,201.89600016877068,77.39052854159624,3253.5919320592157,298.15
6136.0,61.64467287123212,1.0,217.06074093859232,79.72106299846953,3347.802372804952,298.15
6137.0,61.63842200305598,1.0,205.57353007685813,76.39995338105642,3698.4744774022174,298.15
6138.0,61.63217113487984,1.0,219.00326653617094,78.65494261310255,3406.227899263652,298.15
6139.0,61.62592026670371,1.0,197.9719118557747,78.37381077746946,2897.583338148537,298.15
6140.0,61.61966939852757,1.0,204.19179172658696,63.79799618152993,3497.3458788251123,298.15
6141.0,61.61341853035144,1.0,216.2431428077668,71.35724787709181,2789.9518820249277,298.15
6142.0,61.6071676621753,1.0,211.9854489873605,63.40660344026435,3242.3764182602663,298.15
6143.0,61.60091679399917,1.0,190.33559644583454,72.7919193956169,2827.0745769701357,298.15
6144.0,61.59466592582303,1.0,207.36375900282155,76.11741133295973,3686.6369487806196,298.15
6145.0,61.58841505764689,1.0,198.79695840496237,70.37962375303677,3452.290671320311,298.15
6146.0,61.58216418947076,1.0,208.12615952227938,75.7200012838493,3629.9683914683164,298.15
6147.0,61.57591332129462,1.0,199.8080625361781,80.24820739296781,3519.7965729707325,298.15
6148.0,61.56966245311849,1.0,206.03703139649576,79.36843606735273,3165.167312974068,298.15
6149.0,61.56341158494235,1.0,192.75470469472128,75.67508401806508,3509.0831502366723,298.15
6150.0,61.55716071676622,1.0,198.7544661461848,72.61050861663205,3367.694778208451,298.15
6151.0,61.55090984859008,1.0,201.09644885100144,82.47249763974258,3384.216862933393,298.15
6152.0,61.54465898041394,1.0,192.76973219613936,82.8411334424038,3456.1018071973886,298.15
6153.0,61.53840811223781,1.0,195.58543124822862,86.16014807563724,3251.896009633309,298.15
6154.0,61.53215724406167,1.0,205.97287041190356,74.9952744289662,3179.0459296670547,298.15
6155.0,61.52590637588554,1.0,198.32417254293057,69.05753250825198,3071.770904881552,298.15
6156.0,61.5196555077094,1.0,183.96127327866265,81.82249363087821,3427.946554742936,298.15
6157.0,61.51340463953327,1.0,192.75563779258638,68.93387059090793,3056.264753241247,298.15
6158.0,61.50715377135713,1.0,198.55214275681251,79.42933453983123,3426.300633464164,298.15
6159.0,61.50090290318099,1.0,189.54569287433102,73.40265400615678,3477.463714896483,298.15
6160.0,61.49465203500486,1.0,195.04075457297023,78.98126278007716,3987.8575436126594,298.15
6161.0,61.48840116682872,1.0,196.88311886175615,71.87916125924988,3456.598632929566,298.15
6162.0,61.48215029865259,1.0,181.63349371425048,76.34366061302134,2572.443744930562,298.15
6163.0,61.47589943047645,1.0,191.8887419926766,75.66963215535304,3310.9727155885994,298.15
6164.0,61.46964856230032,1.0,190.0894643284887,80.78293743043672,3534.682544475491,298.15
6165.0,61.46339769412418,1.0,194.22409692391687,87.33522366902811,2906.196477887623,298.15
6166.0,61.457146825948044,1.0,184.92384030027645,81.8525324287806,3366.8474061637908,298.15
6167.0,61.45089595777191,1.0,188.3903231820627,77.54028560984761,3187.696382779168,298.15
6168.0,61.444645089595774,1.0,194.09797910835604,86.05811184590523,3479.790279601046,298.15
6169.0,61.43839422141964,1.0,190.70226523751916,81.86749747101665,3163.5256191630842,298.15
6170.0,61.432143353243504,1.0,180.92506699160947,66.32828828599439,2919.9907149818905,298.15
6171.0,61.42589248506737,1.0,183.04200800920702,76.36652527956407,2936.0624485120475,298.15
6172.0,61.419641616891234,1.0,192.9603620723598,76.60383968749862,2889.354861907382,298.15
6173.0,61.413390748715095,1.0,180.0,77.38460961084614,2779.4468862394724,298.15
6174.0,61.40713988053896,1.0,180.0,77.76815898568411,2326.5058740754585,298.15
6175.0,61.400889012362825,1.0,186.75383944190665,77.70156406928731,2874.8085835620777,298.15
6176.0,61.39463814418669,1.0,180.92655583136076,84.55497476473195,3085.0175077494705,298.15
6177.0,61.388387276010555,1.0,185.13919635405918,88.42013332287331,2943.969573774661,298.15
6178.0,61.38213640783442,1.0,180.0,78.7344815220961,2571.7892072678733,298.15
6179.0,61.375885539658285,1.0,181.02511278065685,78.90893077497714,2455.553706813519,298.15
6180.0,61.369634671482146,1.0,183.22572094943172,85.67160003224072,2256.855106953646,298.15
6181.0,61.363383803306014,1.0,180.0,68.9236584366082,2090.633094984055,298.15
6182.0,61.357132935129876,1.0,180.0,73.07998817303906,2660.405068937887,298.15
6183.0,61.350882066953744,1.0,182.69424004916254,77.24155027940012,2469.5761794794075,298.15
6184.0,61.344631198777606,1.0,180.0,76.80988682520511,2207.701234624334,298.15
6185.0,61.338380330601474,1.0,180.0,81.09041947350609,2478.1469308544383,298.15
6186.0,61.332129462425335,1.0,184.22135908411235,74.86399900482613,2497.0528656302617,298.15
6187.0,61.3258785942492,1.0,180.0,78.28873221300285,2904.138805343214,298.15
6188.0,61.319627726073065,1.0,180.0,86.36075841652698,1621.1128464723452,298.15
6189.0,61.31337685789693,1.0,182.75984214642307,80.81307944309283,1791.2374794131479,298.15
6190.0,61.307125989720795,1.0,180.0,90.30203207093639,3157.1103143290584,298.15
6191.0,61.30087512154466,1.0,181.04295506573746,74.38904740866411,2038.3033556175747,298.15
6192.0,61.294624253368525,1.0,180.0,75.20389576831897,2127.117445260578,298.15
6193.0,61.288373385192386,1.0,180.0,78.89255493212362,2152.628585692659,298.15
6194.0,61.28212251701625,1.0,180.0,75.36516676944298,1691.4716829657525,298.15
6195.0,61.275871648840116,1.0,180.0,73.83185073989276,1690.554113539266,298.15
6196.0,61.26962078066398,1.0,180.0,71.19195023850197,1625.4295458104325,298.15
6197.0,61.263369912487846,1.0,180.0,75.62229057824221,1268.0985579038388,298.15
6198.0,61.25711904431171,1.0,180.0,71.2953526995164,2240.640878551424,298.15
6199.0,61.250868176135576,1.0,180.0,74.7293316427618,2454.186823971716,298.15
6200.0,61.24461730795944,1.0,180.0,69.90500331232526,1552.1196464054142,298.15
6201.0,61.2383664397833,1.0,180.0,76.52060101985295,2348.245882968022,298.15
6202.0,61.23211557160717,1.0,180.0,68.93038030423827,1957.3985313479943,298.15
6203.0,61.22586470343103,1.0,180.0,69.19729095647459,2336.602719345726,298.15
6204.0,61.2196138352549,1.0,180.0,64.11630315909309,1904.056594616023,298.15
6205.0,61.21336296707876,1.0,180.0,79.08654371083195,2100.3226158779485,298.15
6206.0,61.20711209890263,1.0,180.0,69.41861980822495,1908.5860503324304,298.15
6207.0,61.20086123072649,1.0,180.0,72.73647156847227,1476.6869948184533,298.15
6208.0,61.19461036255035,1.0,180.0,61.19169736172427,1832.4662408052218,298.15
6209.0,61.18835949437422,1.0,180.0,74.12920718019355,1894.47932399723,298.15
6210.0,61.18210862619808,1.0,180.0,57.0444985984527,2274.1598057904284,298.15
6211.0,61.17585775802195,1.0,180.0,78.49772504973464,1902.2802302163907,298.15
6212.0,61.16960688984581,1.0,180.0,66.74953422252108,1343.0167719613653,298.15
6213.0,61.16335602166968,1.0,180.0,69.52386582489147,1575.415034765476,298.15
6214.0,61.15710515349354,1.0,180.0,67.24682827086706,2049.401650961131,298.15
6215.0,61.1508542853174,1.0,180.0,68.22663381665622,1578.092923505797,298.15
6216.0,61.14460341714127,1.0,180.0,65.96231236381503,1700.9057711786147,298.15
6217.0,61.13835254896513,1.0,180.0,69.87582933663658,1803.7221105305407,298.15
6218.0,61.132101680789,1.0,180.0,80.89234255439295,1134.000285123741,298.15
6219.0,61.12585081261286,1.0,180.0,66.07441731246844,1911.8415476157145,298.15
6220.0,61.11959994443673,1.0,180.0,77.6786120469914,2338.2027249545963,298.15
6221.0,61.11334907626059,1.0,180.0,72.18973705434819,1000.0,298.15
6222.0,61.10709820808445,1.0,180.0,68.29466685136512,1778.7947117267452,298.15
6223.0,61.10084733990832,1.0,180.0,71.51603816892985,1390.3035709507628,298.15
6224.0,61.09459647173218,1.0,180.0,75.89625538794914,1969.4328116022868,298.15
6225.0,61.08834560355605,1.0,180.0,54.32804816806047,2008.0016107732622,298.15
6226.0,61.08209473537991,1.0,180.0,63.72663396417443,2090.0885130783918,298.15
6227.0,61.07584386720378,1.0,180.0,73.69884074430279,2226.7838434878486,298.15
6228.0,61.06959299902764,1.0,180.0,63.139247020381504,1825.008584589666,298.15
6229.0,61.0633421308515,1.0,180.0,61.88149206962599,1538.9761337831524,298.15
6230.0,61.05709126267537,1.0,180.0,60.9006490443533,2004.0696042532256,298.15
6231.0,61.05084039449923,1.0,180.0,62.017885535488105,1835.9877022722535,298.15
6232.0,61.0445895263231,1.0,180.0,60.18498082490302,2179.6774319871674,298.15
6233.0,61.03833865814696,1.0,180.0,63.395040150310734,2154.3102255292747,298.15
6234.0,61.03208778997083,1.0,180.0,54.53254077486086,1993.808199826139,298.15
6235.0,61.02583692179469,1.0,180.0,60.8588504031424,2342.123047375229,298.15
6236.0,61.01958605361855,1.0,180.0,61.33513715110283,2745.2819062645876,298.15
6237.0,61.01333518544242,1.0,180.0,51.913164223511,2825.073252130821,298.15
6238.0,61.00708431726628,1.0,180.0,60.60516376979501,2392.15643419556,298.15
6239.0,61.00083344909015,1.0,180.0,65.78869224968615,2778.234250896584,298.15
6240.0,60.99458258091401,1.0,180.0,59.150733704785885,1820.4664678063355,298.15
6241.0,60.98833171273788,1.0,180.0,57.147178835706264,2290.7082329465916,298.15
6242.0,60.98208084456174,1.0,180.0,60.84358037626825,1419.1115181950365,298.15
6243.0,60.975829976385604,1.0,180.0,66.3979723846987,2162.27377542428,298.15
6244.0,60.96957910820947,1.0,180.0,62.63723889559015,2820.5285322329023,298.15
6245.0,60.963328240033334,1.0,180.0,65.69710923825211,2533.6809651258714,298.15
6246.0,60.9570773718572,1.0,180.0,58.5884232864551,2201.2926885466827,298.15
6247.0,60.950826503681064,1.0,180.0,60.51512395176475,2945.0024789091635,298.15
6248.0,60.94457563550493,1.0,180.0,63.58432961725882,2626.0393594709085,298.15
6249.0,60.938324767328794,1.0,180.0,61.03123636296947,3336.709389583296,298.15
6250.0,60.932073899152655,1.0,180.0,53.177788763885076,2026.5620667198941,298.15
6251.0,60.925823030976524,1.0,180.0,57.16473953001682,3203.0639479426236,298.15
6252.0,60.919572162800385,1.0,180.0,50.849530544211916,3937.823238375012,298.15
6253.0,60.913321294624254,1.0,180.0,61.79077229798493,3934.592132337594,298.15
6254.0,60.907070426448115,1.0,180.0,64.37122175034058,3315.18899359449,298.15
6255.0,60.900819558271984,1.0,180.0,64.09297658779256,3510.132816030008,298.15
6256.0,60.894568690095845,1.0,180.0,56.92813791718303,3011.5814360812883,298.15
6257.0,60.888317821919706,1.0,180.0,55.25316062090498,2948.142157766715,298.15
6258.0,60.882066953743575,1.0,180.0,61.20988554935981,3094.1861116494792,298.15
6259.0,60.875816085567436,1.0,180.0,59.17432709167119,2867.7290128958675,298.15
6260.0,60.869565217391305,1.0,180.0,68.78278696175207,2363.793383122108,298.15
6261.0,60.863314349215166,1.0,180.21204889688042,54.09992878212371,3116.27653949462,298.15
6262.0,60.857063481039035,1.0,180.0,59.52615504592136,3059.152375804679,298.15
6263.0,60.850812612862896,1.0,180.0,54.93295931248159,2827.332976104812,298.15
6264.0,60.844561744686764,1.0,190.6053716373508,56.6350410973854,2986.5221241823074,298.15
6265.0,60.838310876510626,1.0,180.0,64.47007971655795,3410.916498824421,298.15
6266.0,60.83206000833449,1.0,180.0,61.66746465173558,3995.6646183709595,298.15
6267.0,60.825809140158356,1.0,184.46597718925375,58.19172396018959,3379.408385601716,298.15
6268.0,60.81955827198222,1.0,180.0,71.85604672553659,3284.083152534449,298.15
6269.0,60.813307403806085,1.0,180.0,60.145069131837694,3286.616633672294,298.15
6270.0,60.80705653562995,1.0,180.0,63.895843273141935,3394.4623133618543,298.15
6271.0,60.800805667453815,1.0,180.54969871480196,52.7536781603143,3180.4787727993953,298.15
6272.0,60.79455479927768,1.0,180.0,57.5013874369842,3300.5247962802364,298.15
6273.0,60.78830393110154,1.0,180.0,57.716235814520076,2943.736005907957,298.15
6274.0,60.78205306292541,1.0,180.0,73.37169151523834,3346.6774971474697,298.15
6275.0,60.77580219474927,1.0,180.0,56.56085390349093,3633.6644020494086,298.15
6276.0,60.769551326573136,1.0,185.00826197231967,65.86134766892862,2992.9352711267516,298.15
6277.0,60.763300458397,1.0,181.41424931603584,65.87981667873098,2456.091536277893,298.15
6278.0,60.757049590220866,1.0,196.3840757335701,69.88961494105716,3231.2625859168675,298.15
6279.0,60.75079872204473,1.0,180.0,60.7549560166637,3039.316703478217,298.15
6280.0,60.74454785386859,1.0,180.0,68.8635760416655,3186.4654467635487,298.15
6281.0,60.73829698569246,1.0,182.22988890332263,57.27362516684359,2880.6676626593116,298.15
6282.0,60.73204611751632,1.0,183.52663987266794,65.03743378445895,3218.437452922019,298.15
6283.0,60.72579524934019,1.0,192.64879041736248,71.73947344361578,2795.208924548633,298.15
6284.0,60.71954438116405,1.0,186.68442313144183,59.31816171321624,3829.7246696619427,298.15
6285.0,60.71329351298792,1.0,190.0146200040379,64.64676037835248,2881.4606223292603,298.15
6286.0,60.70704264481178,1.0,194.37647642612916,71.65507833966001,1955.0509338119318,298.15
6287.0,60.70079177663564,1.0,200.9061159565552,62.383016832079,3110.572080735133,298.15
6288.0,60.69454090845951,1.0,181.42289171392682,71.14932583575904,2758.875768632271,298.15
6289.0,60.68829004028337,1.0,195.94789478522688,68.74131486755984,2865.286179963938,298.15
6290.0,60.68203917210724,1.0,190.8588060365675,62.566289338027126,2554.1358577295296,298.15
6291.0,60.6757883039311,1.0,192.20785382113593,63.44861041676694,3064.452253938984,298.15
6292.0,60.66953743575497,1.0,191.08672774943284,55.33572888144947,2619.345844977389,298.15
6293.0,60.66328656757883,1.0,185.61211729565045,68.01916222483453,3156.677823401735,298.15
6294.0,60.65703569940269,1.0,190.16356165751174,67.13138538562396,3316.2200353385774,298.15
6295.0,60.65078483122656,1.0,191.95239124402073,75.64349843546565,2603.2888205107956,298.15
6296.0,60.64453396305042,1.0,203.46686791748067,67.45954702488525,1925.0215639311814,298.15
6297.0,60.63828309487429,1.0,209.44374718728997,66.51164064778433,2785.699042809009,298.15
6298.0,60.63203222669815,1.0,198.61705678844447,66.90663964106459,1902.203960954068,298.15
6299.0,60.62578135852202,1.0,205.09692359718736,64.5428938094677,2360.99787911555,298.15
6300.0,60.61953049034588,1.0,190.2745665673317,77.61582232954713,2843.4461856905027,298.15
6301.0,60.61327962216974,1.0,202.90634725191762,79.74004132990181,2493.3630909230105,298.15
6302.0,60.60702875399361,1.0,196.90065449328412,66.45024064526156,1913.243793291206,298.15
6303.0,60.60077788581747,1.0,202.3499206080532,67.63504626084773,2108.79305372413,298.15
6304.0,60.59452701764134,1.0,209.65356949597899,68.76851246435447,2127.0921077592993,298.15
6305.0,60.5882761494652,1.0,206.96953740562162,68.20068283542733,1997.6084121201538,298.15
6306.0,60.58202528128907,1.0,202.65362672408094,74.24487131156954,2419.785677154103,298.15
6307.0,60.57577441311293,1.0,209.47111039762171,76.26316395479755,2242.3838456822546,298.15
6308.0,60.56952354493679,1.0,217.55731716107516,63.351091978512095,1671.8350038890426,298.15
6309.0,60.56327267676066,1.0,210.25869218288506,83.61759395060109,1332.8424209540945,298.15
6310.0,60.55702180858452,1.0,204.83589482014872,75.33393434291406,2293.091836338458,298.15
6311.0,60.55077094040839,1.0,201.24916832873473,68.32674139731022,2021.579151694795,298.15
6312.0,60.54452007223225,1.0,215.20110546564877,68.68932975139376,1880.7921860460729,298.15
6313.0,60.53826920405612,1.0,206.43232563381807,70.55419650815416,1714.1021462271601,298.15
6314.0,60.53201833587998,1.0,211.89735129960184,75.64097033169993,1941.2352251028392,298.15
6315.0,60.525767467703844,1.0,219.23431397803185,88.9611423168004,1863.582159269749,298.15
6316.0,60.51951659952771,1.0,210.6507158539659,84.2322628977035,1553.1242900363636,298.15
6317.0,60.513265731351574,1.0,220.87511170821804,76.33987134094993,1573.47140423384,298.15
6318.0,60.50701486317544,1.0,211.69912888264903,76.30884744852584,1597.8342157169088,298.15
6319.0,60.5007639949993,1.0,210.06714120035184,70.20366346637455,1404.731044869161,298.15
6320.0,60.49451312682317,1.0,213.76993799964904,76.18531664413443,1843.83959560471,298.15
6321.0,60.48826225864703,1.0,219.5819469495751,78.86836781951854,1863.1742648793852,298.15
6322.0,60.482011390470895,1.0,212.24116184303378,73.16380272736245,1889.070575853486,298.15
6323.0,60.47576052229476,1.0,218.41106563752837,70.20365628248888,1261.8010991566505,298.15
6324.0,60.469509654118625,1.0,231.7539102459081,79.60201529486206,1021.3152157643427,298.15
6325.0,60.46325878594249,1.0,226.75866397001946,75.91108553603759,1841.2609730205832,298.15
6326.0,60.457007917766354,1.0,216.61308876966766,78.7101281057518,2081.002557201232,298.15
6327.0,60.45075704959022,1.0,232.6286512348619,84.22642140544421,1000.0,298.15
6328.0,60.444506181414084,1.0,226.89819512657732,75.684668873006,2018.1804411109458,298.15
6329.0,60.438255313237946,1.0,228.6206366556156,67.58015338831913,1685.6181483818918,298.15
6330.0,60.432004445061814,1.0,226.30521222142943,80.80284913841429,2437.988466515059,298.15
6331.0,60.425753576885675,1.0,223.39350402630447,85.44882383318141,1836.5580245262358,298.15
6332.0,60.419502708709544,1.0,234.34784158494284,76.29396843246462,1000.0,298.15
6333.0,60.413251840533405,1.0,229.63905078615653,80.81377095419765,2179.3003000117073,298.15
6334.0,60.407000972357274,1.0,232.0500524557655,71.72771188212661,1464.4254539095923,298.15
6335.0,60.400750104181135,1.0,224.43053627099735,67.51378064171601,1839.906013638052,298.15
6336.0,60.394499236005,1.0,227.21448618515188,84.2272166354921,1770.1837373006738,298.15
6337.0,60.388248367828865,1.0,224.17847667884575,73.09957809734038,1897.1327804985763,298.15
6338.0,60.381997499652726,1.0,230.56297975307442,75.97683237510404,2347.2164905607538,298.15
6339.0,60.375746631476595,1.0,231.2894915014988,80.88429214969194,1817.3680797078457,298.15
6340.0,60.369495763300456,1.0,232.03988062811544,82.03816208262819,2379.8653314883886,298.15
6341.0,60.363244895124325,1.0,230.38639957890888,79.39742016165621,1627.3402270587194,298.15
6342.0,60.356994026948186,1.0,230.8323730227722,84.63209457090501,1936.3969234943156,298.15
6343.0,60.35074315877205,1.0,237.43846808638133,70.81636351414824,2409.625454309846,298.15
6344.0,60.344492290595916,1.0,236.36349694107656,80.09814497425965,2005.4704628175846,298.15
6345.0,60.33824142241978,1.0,241.730088879539,80.01218928239643,2440.954279551252,298.15
6346.0,60.331990554243646,1.0,234.1718482062023,83.77381478172352,1740.8320688755966,298.15
6347.0,60.32573968606751,1.0,224.99016728942092,75.61976800519894,1913.873724714985,298.15
6348.0,60.319488817891376,1.0,241.47620607096326,81.31383852779496,2443.25586674416,298.15
6349.0,60.31323794971524,1.0,230.0793537983711,82.58926331849237,2511.380658893186,298.15
6350.0,60.3069870815391,1.0,236.12984052719548,84.63817791386984,2451.9668723305745,298.15
6351.0,60.30073621336297,1.0,241.84407457608617,90.7929050119871,2464.444960612849,298.15
6352.0,60.29448534518683,1.0,246.50654211262628,74.32031326216435,2253.82274289222,298.15
6353.0,60.2882344770107,1.0,233.2449999962572,77.5242479703,1789.2153511132867,298.15
6354.0,60.28198360883456,1.0,237.04808694950052,68.42074826478455,2022.1072958721693,298.15
6355.0,60.27573274065843,1.0,224.4799565146644,68.6950836625746,1956.2501434862602,298.15
6356.0,60.26948187248229,1.0,238.84055999298448,81.86011836115877,2727.2629461583338,298.15
6357.0,60.26323100430615,1.0,233.6821079023379,81.06002999760204,1994.4847397625304,298.15
6358.0,60.25698013613002,1.0,240.2731037368124,87.13742422949063,1482.7108872795725,298.15
6359.0,60.25072926795388,1.0,231.27882229796938,87.67569485330526,2545.365619403197,298.15
6360.0,60.24447839977775,1.0,240.46958772274016,70.42306520254212,2539.0588348824717,298.15
6361.0,60.23822753160161,1.0,241.91407721176054,74.7103940426606,2774.7848144721775,298.15
6362.0,60.23197666342548,1.0,247.69683486750833,81.17663933820296,2932.960779458463,298.15
6363.0,60.22572579524934,1.0,227.04498645850305,82.90147043502999,2629.0382112401358,298.15
6364.0,60.2194749270732,1.0,246.5174337310632,72.08020534391498,2519.5413293547344,298.15
6365.0,60.21322405889707,1.0,230.0463313807305,70.12457013008,2691.823163662307,298.15
6366.0,60.20697319072093,1.0,232.16402982790828,77.12988490204197,2857.5053791597993,298.15
6367.0,60.2007223225448,1.0,231.28901845127467,69.89392007726974,2614.7556173001217,298.15
6368.0,60.19447145436866,1.0,249.087812077389,78.54042746765273,2637.798481238021,298.15
6369.0,60.18822058619253,1.0,236.63107347752344,78.03445427784209,3283.540127745441,298.15
6370.0,60.18196971801639,1.0,241.8950695352619,73.74420664733353,3030.622034265619,298.15
6371.0,60.17571884984025,1.0,234.97027142827687,67.45077767433129,2695.4326710979158,298.15
6372.0,60.16946798166412,1.0,244.5325837510065,75.292158814548,2776.709422989787,298.15
6373.0,60.16321711348798,1.0,246.35648055616113,80.59975168443829,3062.127680397492,298.15
6374.0,60.15696624531185,1.0,247.33948194205686,73.45123652780867,2433.6486174649635,298.15
6375.0,60.15071537713571,1.0,242.82842647751755,71.5987216782381,3178.505391844709,298.15
6376.0,60.14446450895958,1.0,241.97039473786072,67.77324330616483,3072.5335401677353,298.15
6377.0,60.13821364078344,1.0,236.83064812017113,74.31767652031918,3095.2113775540975,298.15
6378.0,60.1319627726073,1.0,247.6953719841239,66.7865579481733,2956.1246769676195,298.15
6379.0,60.12571190443117,1.0,241.84157054027267,79.95694970856171,3007.747205030049,298.15
6380.0,60.11946103625503,1.0,248.97122364914136,73.1325028700191,3252.7553475731424,298.15
6381.0,60.1132101680789,1.0,232.56003498238658,72.66978449218787,2715.765260256897,298.15
6382.0,60.10695929990276,1.0,231.76155080078283,71.26311499047627,3210.768684890218,298.15
6383.0,60.10070843172663,1.0,242.0346113396483,68.27332496445806,3201.6572005642342,298.15
6384.0,60.09445756355049,1.0,243.18761442821304,74.60061377092394,3360.293377593449,298.15
6385.0,60.08820669537435,1.0,235.29232724606388,73.28569297290622,2953.136800579815,298.15
6386.0,60.08195582719822,1.0,245.43174572574318,82.74905645060058,3374.5122976524135,298.15
6387.0,60.07570495902208,1.0,232.2532727873262,72.64845569806438,3427.4432821953715,298.15
6388.0,60.06945409084595,1.0,238.34348413594344,80.58934599174565,3534.0103812826796,298.15
6389.0,60.06320322266981,1.0,243.33476025205024,64.76267169397904,3322.5261357445092,298.15
6390.0,60.05695235449368,1.0,245.885794403199,67.7038699245452,3155.5362761031943,298.15
6391.0,60.05070148631754,1.0,237.27568333708618,73.52629723726663,3407.6503433638504,298.15
6392.0,60.044450618141404,1.0,228.35104167068334,78.1484441883852,3512.6738216376402,298.15
6393.0,60.03819974996527,1.0,238.25048294365774,66.25733975912533,3139.8851150997584,298.15
6394.0,60.031948881789134,1.0,239.59841300357292,63.393611884421624,2492.3300505622665,298.15
6395.0,60.025698013613,1.0,240.58234715978693,76.76929782787488,3446.196232426284,298.15
6396.0,60.019447145436864,1.0,239.47536253142468,76.73129275780103,3600.5331118619783,298.15
6397.0,60.01319627726073,1.0,237.17816518460512,57.56966273495495,2984.3625095680686,298.15
6398.0,60.006945409084594,1.0,245.30579684962598,72.45384200015828,3586.034170158843,298.15
6399.0,60.000694540908455,1.0,244.35857219042566,67.84435139857393,3380.9382739622642,298.15
6400.0,59.994443672732324,1.0,226.34733008101588,62.654834293855515,2602.9493489812066,298.15
6401.0,59.988192804556185,1.0,234.86138093878367,64.45553431778508,3638.565420597658,298.15
6402.0,59.98194193638005,1.0,225.37973242101998,61.884677683811006,3412.2643948304094,298.15
6403.0,59.975691068203915,1.0,220.03034243255635,64.92555077353225,3032.2957686001287,298.15
6404.0,59.96944020002778,1.0,228.60429430180432,70.64107805449456,3445.402197868365,298.15
6405.0,59.963189331851645,1.0,231.8177217290634,72.11157425497589,3237.2208274390073,298.15
6406.0,59.956938463675506,1.0,226.1439172693715,74.72506190415916,2763.098648956788,298.15
6407.0,59.950687595499375,1.0,220.3079096831637,62.99103913355832,3243.7855886112766,298.15
6408.0,59.944436727323236,1.0,225.22911527716047,67.53982909228196,2656.0104416797176,298.15
6409.0,59.938185859147104,1.0,239.1857490571639,65.09458646298276,2901.341920631166,298.15
6410.0,59.931934990970966,1.0,233.38046895937157,64.36091997190626,2980.3948971111645,298.15
6411.0,59.925684122794834,1.0,229.13726770008748,69.0801740905158,3318.832426905289,298.15
6412.0,59.919433254618696,1.0,228.43564523978603,68.407738693434,3005.336817932251,298.15
6413.0,59.91318238644256,1.0,228.22662687955994,63.48457024439264,2554.508187879577,298.15
6414.0,59.906931518266425,1.0,227.40766034497082,59.952814337991924,2105.565105329313,298.15
6415.0,59.90068065009029,1.0,230.63165233505762,62.85063125617575,2627.1488964346504,298.15
6416.0,59.894429781914155,1.0,241.4285984541169,59.303427116351635,3626.5003078072937,298.15
6417.0,59.88817891373802,1.0,212.307043549679,62.61100971081601,3184.9579028349817,298.15
6418.0,59.881928045561885,1.0,216.34929936995127,59.52867485417207,2268.2680140531593,298.15
6419.0,59.87567717738575,1.0,226.8053906751623,69.83344199374187,3214.6468201024977,298.15
6420.0,59.86942630920961,1.0,222.46951379814305,64.2073550466079,2993.9447411593055,298.15
6421.0,59.863175441033476,1.0,223.7300060289818,65.52764132959463,2209.891032884426,298.15
6422.0,59.85692457285734,1.0,209.73231527600598,58.0503071145133,3429.0251084533484,298.15
6423.0,59.850673704681206,1.0,213.72539946108037,62.73213596902699,2254.678974942289,298.15
6424.0,59.84442283650507,1.0,221.4419725925593,61.641907616923014,2755.4917855631816,298.15
6425.0,59.838171968328936,1.0,216.51480956617286,60.513992831299355,1639.1265093899965,298.15
6426.0,59.8319211001528,1.0,216.09207571510962,54.168685461538374,1797.1153855002901,298.15
6427.0,59.82567023197666,1.0,212.03382673200682,70.40121551433606,2504.1684894788414,298.15
6428.0,59.81941936380053,1.0,216.46720940854348,65.48934565566695,2182.514936406159,298.15
6429.0,59.81316849562439,1.0,209.52818390384118,63.140563374040134,2445.357837999713,298.15
6430.0,59.80691762744826,1.0,208.8208492324418,57.998279868517066,2643.8485347270125,298.15
6431.0,59.80066675927212,1.0,218.77491021319457,65.56085712536928,1707.0642675336126,298.15
6432.0,59.79441589109599,1.0,215.31638031622865,65.53442484931585,2056.500183726503,298.15
6433.0,59.78816502291985,1.0,218.08598817008573,56.38647335239371,2259.0075013746955,298.15
6434.0,59.78191415474371,1.0,210.4059481334697,58.41855261652055,2418.141760315177,298.15
6435.0,59.77566328656758,1.0,216.52004891211743,56.14913115798845,1466.3722085758995,298.15
6436.0,59.76941241839144,1.0,225.35671433448402,59.48599811552728,1339.5772275224856,298.15
6437.0,59.76316155021531,1.0,205.84820995162127,54.02282032967274,1948.1130735109355,298.15
6438.0,59.75691068203917,1.0,204.62657883965113,57.056033005147825,2422.5930878090726,298.15
6439.0,59.75065981386304,1.0,212.64042507088587,51.94654795052047,1897.3763337805333,298.15
6440.0,59.7444089456869,1.0,208.78841196816086,59.80235710350733,1444.9237424768448,298.15
6441.0,59.73815807751076,1.0,208.59795240732555,62.30966771620389,1543.2308968888908,298.15
6442.0,59.73190720933463,1.0,220.905468491165,55.49232616362291,1648.75393081797,298.15
6443.0,59.72565634115849,1.0,208.99998205963806,61.38961232923054,1072.8652748166096,298.15
6444.0,59.71940547298236,1.0,203.82191448342792,53.00159980957803,1733.1687276673576,298.15
6445.0,59.71315460480622,1.0,200.45310167629404,54.83311372143193,1435.8355898705581,298.15
6446.0,59.70690373663009,1.0,198.29275927942007,63.820887961687696,1708.7787062476798,298.15
6447.0,59.70065286845395,1.0,198.09006765925315,59.890009746621416,2364.3033526015497,298.15
6448.0,59.69440200027781,1.0,201.78102111228324,67.81976462348294,2151.4236999852783,298.15
6449.0,59.68815113210168,1.0,195.5049281882085,60.93741947525533,1944.5468192742885,298.15
6450.0,59.68190026392554,1.0,206.68370777719127,62.05666704295888,1528.7563804422402,298.15
6451.0,59.67564939574941,1.0,193.48708550140822,63.85047048355241,2018.113488276831,298.15
6452.0,59.66939852757327,1.0,196.95077773766596,62.406749147478436,1195.7982032080492,298.15
6453.0,59.66314765939714,1.0,205.8051562250388,62.076082858548396,1368.7137319605345,298.15
6454.0,59.656896791221,1.0,192.69793332612198,60.26994352209143,1592.6406853064805,298.15
6455.0,59.65064592304486,1.0,198.02171461490843,50.137369870396476,2114.5102701866736,298.15
6456.0,59.64439505486873,1.0,195.12483131819113,62.27501390153113,1451.8710580924885,298.15
6457.0,59.63814418669259,1.0,185.65822357869632,57.24803099627866,1812.5805353397977,298.15
6458.0,59.63189331851646,1.0,194.960104604447,64.62552573328483,1301.0823892389192,298.15
6459.0,59.62564245034032,1.0,192.08027599986323,68.69701896428548,2072.6797465323552,298.15
6460.0,59.61939158216419,1.0,198.28529104391802,54.78341896069489,2015.6804394396697,298.15
6461.0,59.61314071398805,1.0,195.8985931150213,68.91525267024743,2322.275876058115,298.15
6462.0,59.606889845811914,1.0,197.68810143087228,64.58255146946742,1821.3734259165547,298.15
6463.0,59.60063897763578,1.0,189.11339764683743,61.85743125710701,2228.2344576165146,298.15
6464.0,59.59438810945964,1.0,185.68365377575898,68.096566621106,1303.7764492168183,298.15
6465.0,59.58813724128351,1.0,180.6707303310241,64.03111462693069,1553.9489429944356,298.15
6466.0,59.58188637310737,1.0,186.8986289873088,63.077204139448654,1764.7115357118225,298.15
6467.0,59.57563550493124,1.0,199.37337925872444,57.14457802870024,1614.239305741548,298.15
6468.0,59.5693846367551,1.0,180.0,64.97157421227058,2026.7970685315097,298.15
6469.0,59.563133768578965,1.0,187.9807594523064,70.18840895513308,2552.4251702662564,298.15
6470.0,59.55688290040283,1.0,193.86061630642428,62.60149708545923,2036.3233716221716,298.15
6471.0,59.550632032226694,1.0,186.97106017296954,68.97762635742336,1976.5378553324108,298.15
6472.0,59.54438116405056,1.0,190.545708488116,59.844232455622446,2699.3220662456156,298.15
6473.0,59.538130295874424,1.0,189.2941400195351,62.311966067149854,1712.178897036762,298.15
6474.0,59.53187942769829,1.0,180.0,63.70520565346574,2170.3193871471067,298.15
6475.0,59.525628559522154,1.0,180.7982061476287,59.15830728778851,2009.7447456980422,298.15
6476.0,59.519377691346016,1.0,186.87158028386898,67.56359965351446,2370.433430542933,298.15
6477.0,59.513126823169884,1.0,180.0,72.77595055454654,2197.495544248685,298.15
6478.0,59.506875954993745,1.0,180.0,72.39373456927075,1866.5066114566068,298.15
6479.0,59.500625086817614,1.0,180.94173331247384,69.19108632651101,2373.804598883806,298.15
6480.0,59.494374218641475,1.0,180.1153543041197,68.7073228147416,2348.1514113927788,298.15
6481.0,59.488123350465344,1.0,180.0,65.92165586326898,2418.2108535980537,298.15
6482.0,59.481872482289205,1.0,180.0,81.78904314135194,2058.8324995058274,298.15
6483.0,59.47562161411307,1.0,180.0,68.05089230489727,2720.4615523897073,298.15
6484.0,59.469370745936935,1.0,180.0,71.95604922990307,2840.3749603819,298.15
6485.0,59.463119877760796,1.0,180.0,71.57296268456705,2694.741731285038,298.15
6486.0,59.456869009584665,1.0,180.0,67.45839343862859,2603.3161378308973,298.15
6487.0,59.450618141408526,1.0,180.0,67.25616214558086,2467.5159948690007,298.15
6488.0,59.444367273232395,1.0,181.39275532055603,80.60882305765756,2630.895423166246,298.15
6489.0,59.438116405056256,1.0,180.0,80.71465076707825,3373.6855451560327,298.15
6490.0,59.431865536880125,1.0,180.0,74.81607960531788,2718.215843572765,298.15
6491.0,59.425614668703986,1.0,180.0,70.07890133696039,2961.0312014831165,298.15
6492.0,59.41936380052785,1.0,180.54344153485974,77.22005464834933,3009.7482465941316,298.15
6493.0,59.413112932351716,1.0,180.0,74.21583542053848,2651.8666603593983,298.15
6494.0,59.40686206417558,1.0,180.0,69.27104775997243,2837.330660363052,298.15
6495.0,59.400611195999446,1.0,180.0,77.45692889453507,3160.622117980763,298.15
6496.0,59.39436032782331,1.0,180.0,87.36606260228598,2843.0080285254726,298.15
6497.0,59.388109459647175,1.0,180.0,70.63717608219538,2801.2155938184796,298.15
6498.0,59.38185859147104,1.0,180.0,79.58293414352154,2469.383995225488,298.15
6499.0,59.3756077232949,1.0,180.0,79.52176498823673,3416.4960103404383,298.15
6500.0,59.36935685511877,1.0,180.0,85.83648186393756,2928.4184111667423,298.15
6501.0,59.36310598694263,1.0,180.0,67.7759031894391,2840.067147747599,298.15
6502.0,59.3568551187665,1.0,180.0,72.26709779904319,3201.1162631449884,298.15
6503.0,59.35060425059036,1.0,180.0,76.30707409392188,3364.7571825068376,298.15
6504.0,59.344353382414226,1.0,180.0,84.56568959667237,3048.8374617851587,298.15
6505.0,59.33810251423809,1.0,180.0,72.55501159218647,3898.0638633778212,298.15
6506.0,59.33185164606195,1.0,180.0,73.90060177156133,3766.447286418402,298.15
6507.0,59.32560077788582,1.0,180.0,77.20729933185103,3211.0563859368326,298.15
6508.0,59.31934990970968,1.0,180.0,72.33079196365135,3403.9983729120836,298.15
6509.0,59.31309904153355,1.0,180.0,77.23775087849552,2660.277844400619,298.15
6510.0,59.30684817335741,1.0,180.0,76.01013650561653,3507.80108812635,298.15
6511.0,59.30059730518128,1.0,180.0,72.30967400645135,3370.5876828555706,298.15
6512.0,59.29434643700514,1.0,180.0,81.94487338417233,2533.069241130755,298.15
6513.0,59.288095568829,1.0,180.0,85.72067625659528,3126.3515538529105,298.15
6514.0,59.28184470065287,1.0,180.0,79.34978031698107,2688.024859128127,298.15
6515.0,59.27559383247673,1.0,180.0,67.04916607732116,3571.9446193083586,298.15
6516.0,59.2693429643006,1.0,180.0,81.60522533468858,2753.4825333305034,298.15
6517.0,59.26309209612446,1.0,180.0,73.2654768832234,2616.2083348460724,298.15
6518.0,59.25684122794833,1.0,180.0,75.86952095915717,2832.756243940034,298.15
6519.0,59.25059035977219,1.0,180.0,81.21870293766926,3127.9862996066795,298.15
6520.0,59.24433949159605,1.0,180.0,80.99505283155972,3117.268411054778,298.15
6521.0,59.23808862341992,1.0,180.0,78.0096424283363,2831.6786777582533,298.15
6522.0,59.23183775524378,1.0,180.0,72.57620140563542,3114.2734592131646,298.15
6523.0,59.22558688706765,1.0,180.0,69.28206578051231,2818.046329064071,298.15
6524.0,59.21933601889151,1.0,180.0,82.65804193100128,3137.798953144847,298.15
6525.0,59.21308515071538,1.0,180.0,81.33351104726776,3297.7425181336916,298.15
6526.0,59.20683428253924,1.0,180.0,87.34656169004008,3033.0575764984915,298.15
6527.0,59.2005834143631,1.0,180.0,76.69568172366485,2893.4434133985787,298.15
6528.0,59.19433254618697,1.0,180.0,77.31897213193825,2938.8117608082607,298.15
6529.0,59.18808167801083,1.0,180.0,71.81807987845713,2566.062538894558,298.15
6530.0,59.1818308098347,1.0,180.0,78.87105835289833,3187.1583291663815,298.15
6531.0,59.17557994165856,1.0,180.0,82.83143922119552,2811.4263850025345,298.15
6532.0,59.16932907348243,1.0,180.0,78.30964500662233,3311.990539295095,298.15
6533.0,59.16307820530629,1.0,180.0,80.24442300034866,3478.220565696428,298.15
6534.0,59.15682733713015,1.0,180.0,87.2470561050727,2159.4188967418117,298.15
6535.0,59.15057646895402,1.0,180.0,78.94640525682202,2909.797602471602,298.15
6536.0,59.14432560077788,1.0,180.0,83.18379351750846,2514.1998759424496,298.15
6537.0,59.13807473260175,1.0,180.0,77.06229527431907,2677.2391047550614,298.15
6538.0,59.13182386442561,1.0,180.0,78.4322512787589,2527.2583942181304,298.15
6539.0,59.12557299624948,1.0,180.0,76.1689893512884,2052.7025956695993,298.15
6540.0,59.11932212807334,1.0,180.0,87.77357686640951,2705.2710283058027,298.15
6541.0,59.113071259897204,1.0,180.0,85.41420927631334,2181.603117553273,298.15
6542.0,59.10682039172107,1.0,180.0,78.82729531239107,2938.390114729045,298.15
6543.0,59.100569523544934,1.0,180.0,80.92938475854167,2247.2370010406407,298.15
6544.0,59.0943186553688,1.0,180.0,83.61422780808431,2379.2780994040827,298.15
6545.0,59.088067787192664,1.0,180.0,87.1456252922793,2468.188977440221,298.15
6546.0,59.08181691901653,1.0,180.0,72.53244899532291,2406.2287589861708,298.15
6547.0,59.07556605084039,1.0,180.0,75.06259028648535,2409.57870003704,298.15
6548.0,59.069315182664255,1.0,180.0,85.89291847731528,2394.5012977693164,298.15
6549.0,59.06306431448812,1.0,180.0,77.11167354190411,2040.3016275228988,298.15
6550.0,59.056813446311985,1.0,180.0,77.13927099600419,1925.799594310537,298.15
6551.0,59.05056257813585,1.0,180.0,75.78857748643374,2295.3336298891427,298.15
6552.0,59.044311709959715,1.0,180.0,78.84939546007244,2036.44053015019,298.15
6553.0,59.03806084178358,1.0,180.0,76.63806810718292,1694.7781345282433,298.15
6554.0,59.031809973607444,1.0,180.0,71.32944917299143,1950.8905139743104,298.15
6555.0,59.025559105431306,1.0,180.0,71.57644767115507,1395.8403811285232,298.15
6556.0,59.019308237255174,1.0,180.0,77.59622301071792,1814.8218569361527,298.15
6557.0,59.013057369079036,1.0,180.0,73.6611290355431,1779.9322911169897,298.15
6558.0,59.006806500902904,1.0,180.0,77.882008882051,1816.3397278809525,298.15
6559.0,59.000555632726766,1.0,180.0,76.95655986889503,1814.1127367928846,298.15
6560.0,58.994304764550634,1.0,180.0,74.0055681265013,2048.0882665099557,298.15
6561.0,58.988053896374495,1.0,180.0,76.80381254049888,2253.206081603623,298.15
6562.0,58.98180302819836,1.0,180.0,74.37512202093544,1559.3341708591024,298.15
6563.0,58.975552160022225,1.0,180.0,73.63511025446424,1507.2701993600767,298.15
6564.0,58.96930129184609,1.0,180.0,64.3632406787786,1752.4771273751746,298.15
6565.0,58.963050423669955,1.0,182.84956739045234,69.847867516063,1338.0887484122218,298.15
6566.0,58.95679955549382,1.0,180.0,67.90831184653551,2369.9660907235243,298.15
6567.0,58.950548687317685,1.0,180.0,72.03736690770371,1701.6247329239627,298.15
6568.0,58.944297819141546,1.0,180.0,76.96408172961634,1356.2963078217358,298.15
6569.0,58.93804695096541,1.0,180.0,73.93268073591021,1426.1102118044396,298.15
6570.0,58.931796082789276,1.0,180.9972140827692,68.41202214434935,1394.2378630769526,298.15
6571.0,58.92554521461314,1.0,180.25187855055896,76.48183889470155,2016.1394817748348,298.15
6572.0,58.919294346437006,1.0,180.0,68.21077898700385,1764.9943969102044,298.15
6573.0,58.91304347826087,1.0,180.0,67.90349232201436,2441.1076965923075,298.15
6574.0,58.906792610084736,1.0,180.0,73.10103917929295,1000.0,298.15
6575.0,58.9005417419086,1.0,180.0,66.00061088132477,2160.01678245875,298.15
6576.0,58.89429087373246,1.0,180.0,66.48170055936501,1000.0,298.15
6577.0,58.88804000555633,1.0,189.2543191022121,70.72720438301076,1375.3926283691567,298.15
6578.0,58.88178913738019,1.0,180.0,65.1489779376702,1701.3883041565718,298.15
6579.0,58.87553826920406,1.0,182.1797198876312,74.18388630172129,1470.2426186172745,298.15
6580.0,58.86928740102792,1.0,181.76935827259098,72.42977416195569,1508.7114604546257,298.15
6581.0,58.86303653285179,1.0,180.0,61.84537070389274,2079.702319556991,298.15
6582.0,58.85678566467565,1.0,186.02553113895584,59.99942724891817,2291.962438440575,298.15
6583.0,58.85053479649951,1.0,188.6435768367317,62.69055669356946,2181.2940899565683,298.15
6584.0,58.84428392832338,1.0,188.4987097527513,77.32268528532728,1999.699634522117,298.15
6585.0,58.83803306014724,1.0,197.82352644294176,68.3665004434993,1958.6732040911438,298.15
6586.0,58.83178219197111,1.0,180.8766461814872,59.39987340551923,1285.9473870438642,298.15
6587.0,58.82553132379497,1.0,188.20289122135063,73.02312938398681,1778.7435965750253,298.15
6588.0,58.81928045561884,1.0,181.73638046677792,75.16291869706582,1639.7803800378629,298.15
6589.0,58.8130295874427,1.0,188.4826364139928,66.17373389229282,2475.8620656321564,298.15
6590.0,58.80677871926656,1.0,186.35689816538806,52.82741378677449,2516.5035601936543,298.15
6591.0,58.80052785109043,1.0,201.42998632414142,63.88710041119011,1754.8075425241811,298.15
6592.0,58.79427698291429,1.0,189.6932972256062,65.35221726357571,1552.8673003052627,298.15
6593.0,58.78802611473816,1.0,189.26797577311618,73.54641510936762,2916.9949242878447,298.15
6594.0,58.78177524656202,1.0,195.75915676915017,65.26878901866557,3098.7159802551823,298.15
6595.0,58.77552437838589,1.0,193.5657545032505,64.24490240922295,1858.6741801662301,298.15
6596.0,58.76927351020975,1.0,199.10447747089887,65.40599953255334,1806.453880825954,298.15
6597.0,58.76302264203361,1.0,196.99825899898744,71.09230511364981,2168.4489977489934,298.15
6598.0,58.75677177385748,1.0,198.84129336024787,59.68910226590019,2600.2038367953983,298.15
6599.0,58.75052090568134,1.0,203.02331187113572,64.86901124928089,2746.0490095015225,298.15
6600.0,58.74427003750521,1.0,195.2399610345022,62.97481614196849,2082.688265094014,298.15
6601.0,58.73801916932907,1.0,203.8145444981948,56.227597846114136,3155.2652532760258,298.15
6602.0,58.73176830115294,1.0,205.20064271128285,55.24000965115982,2306.226873645566,298.15
6603.0,58.7255174329768,1.0,201.91771559757635,62.21270485196686,2609.8172863830623,298.15
6604.0,58.71926656480066,1.0,208.66287437053336,59.88752287109958,2540.3011606961268,298.15
6605.0,58.71301569662453,1.0,207.53524586382576,55.261819264895564,2504.7082157995956,298.15
6606.0,58.70676482844839,1.0,200.22964241960955,61.65984693814823,3428.511613923024,298.15
6607.0,58.70051396027226,1.0,191.36783150937023,65.4150495808557,1949.6558015813619,298.15
6608.0,58.69426309209612,1.0,207.63616591291122,56.35038731514203,2844.813207653817,298.15
6609.0,58.68801222391999,1.0,210.71191483240207,56.59765025044276,3364.420169907208,298.15
6610.0,58.68176135574385,1.0,207.93019743338107,52.28017481457677,2150.767943384726,298.15
6611.0,58.67551048756771,1.0,212.77129747772395,60.277360687231145,2825.5562703116016,298.15
6612.0,58.66925961939158,1.0,211.7061747462774,64.85215024828796,3191.006849645348,298.15
6613.0,58.66300875121544,1.0,205.0689060025221,55.306354695843055,3397.1007180764573,298.15
6614.0,58.65675788303931,1.0,202.82354392555314,59.874870828712794,3082.8851590860827,298.15
6615.0,58.65050701486317,1.0,207.0728102969524,53.44535892627158,2570.742962713025,298.15
6616.0,58.64425614668704,1.0,214.69728584659998,64.74225242146342,3279.5263293221055,298.15
6617.0,58.6380052785109,1.0,219.80672713884542,54.596461694349294,2816.4254676210803,298.15
6618.0,58.631754410334764,1.0,211.63663326418506,54.81288458232157,3243.428543694861,298.15
6619.0,58.62550354215863,1.0,207.93827974701122,65.49738294898098,2443.0728192635615,298.15
6620.0,58.619252673982494,1.0,204.33526385654892,64.88178088545453,3108.1226124710297,298.15
6621.0,58.61300180580636,1.0,225.5337860519182,69.93829016319293,3194.4766950529156,298.15
6622.0,58.606750937630224,1.0,213.96747636528795,74.99729785546474,3071.6951382498664,298.15
6623.0,58.60050006945409,1.0,227.64186454193157,54.656181544694405,3370.4356081419555,298.15
6624.0,58.594249201277954,1.0,230.3029063587893,68.34961558776637,3399.3918290158817,298.15
6625.0,58.587998333101815,1.0,224.27569729602894,50.0,3934.7316110619495,298.15
6626.0,58.581747464925684,1.0,216.02902529000673,57.49372176678006,2979.580129654059,298.15
6627.0,58.575496596749545,1.0,215.3381010283986,55.93471339861043,3628.5712330224464,298.15
6628.0,58.569245728573414,1.0,216.41277693222327,59.144158088904994,3284.4466251120502,298.15
6629.0,58.562994860397275,1.0,226.73388746040473,62.77328896989742,3529.38692048295,298.15
6630.0,58.55674399222114,1.0,221.45644621994958,55.520351479809804,3479.875152116751,298.15
6631.0,58.550493124045005,1.0,235.16914635793813,63.34570037540985,3279.0672548107596,298.15
6632.0,58.544242255868866,1.0,224.21552230034226,64.42636556171045,3546.669562895401,298.15
6633.0,58.537991387692735,1.0,231.35315036475174,70.8101488765052,2942.906916180775,298.15
6634.0,58.531740519516596,1.0,224.86137816699855,60.18055350447145,3497.8860392242636,298.15
6635.0,58.525489651340465,1.0,236.51949677927934,64.40672061534224,2721.4114763396606,298.15
6636.0,58.519238783164326,1.0,222.19541705579985,63.31185400406513,3427.3236473010215,298.15
6637.0,58.512987914988194,1.0,229.42238584892024,66.1965138657838,3496.3360899536424,298.15
6638.0,58.506737046812056,1.0,228.9157869169696,51.854473151090446,2549.5346592691308,298.15
6639.0,58.50048617863592,1.0,239.33479033200913,70.97115178710413,2755.3944224337824,298.15
6640.0,58.494235310459786,1.0,226.30220727172895,55.92734130199292,2897.394932868958,298.15
6641.0,58.48798444228365,1.0,234.58971758220645,61.75052596936081,3542.0099675230235,298.15
6642.0,58.481733574107515,1.0,237.7586749613932,64.89493077928616,3528.7124041466877,298.15
6643.0,58.47548270593138,1.0,224.78865572494354,71.35587552368217,2972.290025609468,298.15
6644.0,58.469231837755245,1.0,234.29379521766649,63.807018022200666,3197.2685593656147,298.15
6645.0,58.46298096957911,1.0,221.53044254603915,61.781872241883505,2655.3056784518362,298.15
6646.0,58.45673010140297,1.0,236.91530294035812,69.93483432622855,2948.20147995282,298.15
6647.0,58.45047923322684,1.0,232.01125524995868,76.30469631552282,3330.379952071724,298.15
6648.0,58.4442283650507,1.0,240.5984804783098,64.45325710676582,3344.0721594891115,298.15
6649.0,58.437977496874566,1.0,239.45130996935873,60.79024098038311,3485.8232877003124,298.15
6650.0,58.43172662869843,1.0,228.21569255304286,58.17407174886741,2596.3396069137852,298.15
6651.0,58.425475760522296,1.0,245.51013786884764,58.75758933494587,2798.139706720495,298.15
6652.0,58.41922489234616,1.0,233.23138363184663,68.75671436269795,2439.4770510679773,298.15
6653.0,58.41297402417002,1.0,228.26082054403773,66.00577396628408,2833.664864044376,298.15
6654.0,58.40672315599389,1.0,230.19546344656322,72.25774425395389,2618.9581310216745,298.15
6655.0,58.40047228781775,1.0,239.8366056508893,66.22732616531586,2768.9012792219664,298.15
6656.0,58.39422141964162,1.0,248.91755290568233,57.35839940147954,2544.96963259778,298.15
6657.0,58.38797055146548,1.0,234.76301030902465,67.2704778133888,3589.964269096836,298.15
6658.0,58.38171968328935,1.0,240.97782478155048,67.32531125065562,2742.9037840165333,298.15
6659.0,58.37546881511321,1.0,242.61618133666943,70.56521139122093,2268.2073307615833,298.15
6660.0,58.36921794693707,1.0,243.35496348493018,67.54001359825362,2372.4980114930277,298.15
6661.0,58.36296707876094,1.0,233.05562482174307,69.14046778409895,2541.8966981692984,298.15
6662.0,58.3567162105848,1.0,248.54279509333378,66.35694107664662,2088.0125712292,298.15
6663.0,58.35046534240867,1.0,243.39458174711578,61.18941005194675,2242.3989626013554,298.15
6664.0,58.34421447423253,1.0,237.68781284195947,77.29950143043132,1793.5933669101582,298.15
6665.0,58.3379636060564,1.0,232.407859047328,64.96231603550386,2091.1162243147273,298.15
6666.0,58.33171273788026,1.0,229.6407165552982,66.61947583954375,1916.6329444416153,298.15
6667.0,58.32546186970412,1.0,238.43535532056472,84.35547074880073,1478.5471359894875,298.15
6668.0,58.31921100152799,1.0,245.8605908430413,69.89488859306142,2099.262728168073,298.15
6669.0,58.31296013335185,1.0,231.7561329523068,68.35660027912029,1835.824787239416,298.15
6670.0,58.30670926517572,1.0,238.45649902763142,79.55329376306243,1315.8449813494249,298.15
6671.0,58.30045839699958,1.0,235.70338618745183,62.65411085116013,2386.2758386164737,298.15
6672.0,58.29420752882345,1.0,231.07079515382173,58.86942202706123,2360.9883220182714,298.15
6673.0,58.28795666064731,1.0,240.39645165543487,71.78408880347027,1712.1169816281208,298.15
6674.0,58.28170579247117,1.0,246.70415360734802,76.83021078291237,2204.493926983662,298.15
6675.0,58.27545492429504,1.0,240.49894019885593,84.36387338232558,1561.8307540722637,298.15
6676.0,58.2692040561189,1.0,233.9434491668115,79.4390390748709,1645.7404234207966,298.15
6677.0,58.26295318794277,1.0,247.4202463637581,81.92998092218743,1753.8353050213573,298.15
6678.0,58.25670231976663,1.0,232.59921397417108,79.69914372226897,2344.801771007806,298.15
6679.0,58.2504514515905,1.0,242.72748464606755,76.10677604132854,1831.9129309130262,298.15
6680.0,58.24420058341436,1.0,234.53564322380822,77.86938756302321,2088.7093427686864,298.15
6681.0,58.23794971523822,1.0,240.7656572673499,76.82964530707675,1157.8197728228538,298.15
6682.0,58.23169884706209,1.0,250.33615918506496,86.4449089419451,1565.9818776789934,298.15
6683.0,58.22544797888595,1.0,231.10726726332675,76.38695487044416,2038.903877771589,298.15
6684.0,58.21919711070982,1.0,233.41997256819383,61.68434453157546,1686.9879357173886,298.15
6685.0,58.21294624253368,1.0,237.10403758073318,69.17997448295202,1649.8903426963113,298.15
6686.0,58.20669537435755,1.0,236.83855229611143,81.0958729232712,1561.9147930199947,298.15
6687.0,58.20044450618141,1.0,234.6013476297839,70.78277589496972,2034.4690372183702,298.15
6688.0,58.194193638005274,1.0,240.36621819629462,78.28877889621212,1711.0251242118995,298.15
6689.0,58.18794276982914,1.0,241.97080432141138,80.64392116189237,1205.0137504468466,298.15
6690.0,58.181691901653004,1.0,241.71515270540544,82.96834997344128,1430.7012208323204,298.15
6691.0,58.17544103347687,1.0,243.1304926178711,80.44932612327403,2544.995904154046,298.15
6692.0,58.16919016530073,1.0,236.92025965422064,75.1317616577441,1670.4634542383549,298.15
6693.0,58.1629392971246,1.0,245.36324598139922,63.28098063127694,1000.0,298.15
6694.0,58.15668842894846,1.0,237.49125071717177,73.50072112686283,1817.8171564557038,298.15
6695.0,58.150437560772325,1.0,226.4816364586309,73.23689692737398,2002.0768396578865,298.15
6696.0,58.14418669259619,1.0,233.76307708248808,80.35145523831058,2225.1015686571036,298.15
6697.0,58.137935824420055,1.0,233.8289020352844,69.73831947092984,1647.2136345095632,298.15
6698.0,58.13168495624392,1.0,227.45931473923713,79.64521299942737,2546.977487946709,298.15
6699.0,58.125434088067784,1.0,239.6722371276289,85.65281144257273,1975.1545017745939,298.15
6700.0,58.11918321989165,1.0,234.02881963182443,79.29567961133168,2627.3767877256305,298.15
6701.0,58.112932351715514,1.0,220.68275544560802,84.4021516870959,1788.637269445184,298.15
6702.0,58.106681483539376,1.0,220.7024929313199,74.25366691078635,2290.8454913769974,298.15
6703.0,58.100430615363244,1.0,222.26329627848943,82.90104813690722,2633.9987589833913,298.15
6704.0,58.094179747187106,1.0,233.0486806486353,78.40786938017547,1836.5222376014485,298.15
6705.0,58.087928879010974,1.0,236.1452894855724,80.46389376542642,1510.2458631151367,298.15
6706.0,58.081678010834835,1.0,233.58586751167627,72.89021989751132,1403.6076470382159,298.15
6707.0,58.075427142658704,1.0,232.31147298820534,86.9272336075541,1871.8201575499495,298.15
6708.0,58.069176274482565,1.0,224.3446305270797,75.29106152432472,1655.2064040396808,298.15
6709.0,58.06292540630643,1.0,220.42761228357878,80.91714464560651,1801.7307198017697,298.15
6710.0,58.056674538130295,1.0,241.04741738892614,91.49006869859183,1944.3145389327972,298.15
6711.0,58.05042366995416,1.0,229.3668495526923,76.66405602783105,2100.693411096539,298.15
6712.0,58.044172801778025,1.0,229.17801031950677,77.73982639500244,2071.1601855122235,298.15
6713.0,58.037921933601886,1.0,232.92646938856583,75.17591094737293,1652.8358000652868,298.15
6714.0,58.031671065425755,1.0,229.27629066736677,85.3102975359621,1662.0869953532506,298.15
6715.0,58.025420197249616,1.0,227.72102321291138,84.53551206323189,3044.1141742549025,298.15
6716.0,58.019169329073485,1.0,229.83888400826186,86.48871811918804,2737.663576991504,298.15
6717.0,58.012918460897346,1.0,230.0268610042864,88.61731662690865,2377.7339290765735,298.15
6718.0,58.00666759272121,1.0,228.43506744947848,71.03110842493157,3061.80982805425,298.15
6719.0,58.000416724545076,1.0,216.49145062357434,78.57116212665463,2411.862533524189,298.15
6720.0,57.99416585636894,1.0,226.63584111689724,76.7042620967466,2127.4542709370617,298.15
6721.0,57.987914988192806,1.0,225.27565822100786,73.07992221100164,3057.479021479634,298.15
6722.0,57.98166412001667,1.0,225.40125035384096,82.1704210544465,2975.501196474951,298.15
6723.0,57.975413251840536,1.0,216.8461753369187,74.66731208994348,3164.391358910158,298.15
6724.0,57.9691623836644,1.0,215.42362846984813,86.74150555069811,2358.040529445469,298.15
6725.0,57.96291151548826,1.0,212.0542706317375,81.78522786374445,2452.2764132857546,298.15
6726.0,57.95666064731213,1.0,220.06351384271682,71.74143682535208,2705.0229373191414,298.15
6727.0,57.95040977913599,1.0,215.81245275906872,77.14329263194638,2504.7173109215864,298.15
6728.0,57.94415891095986,1.0,218.89628766882518,80.19916735958053,2611.9683777160535,298.15
6729.0,57.93790804278372,1.0,218.5223471238596,84.45846746989243,2871.4498051429778,298.15
6730.0,57.93165717460759,1.0,218.560351079148,68.01983540960289,2596.2248692112166,298.15
6731.0,57.92540630643145,1.0,216.25563071011723,80.43245399531285,2862.762187739666,298.15
6732.0,57.91915543825531,1.0,213.133543266492,80.78475983531679,2894.359895044994,298.15
6733.0,57.91290457007918,1.0,211.18252535903227,76.48560718062939,2852.0497535078966,298.15
6734.0,57.90665370190304,1.0,215.34844384394276,82.52060214723713,3936.198783810499,298.15
6735.0,57.90040283372691,1.0,211.40053424902257,64.80293887167619,3229.0859314923455,298.15
6736.0,57.89415196555077,1.0,204.420601565582,72.99895183069839,3285.6393541374073,298.15
6737.0,57.88790109737464,1.0,223.59780559924354,69.16801129482964,3148.2187427000063,298.15
6738.0,57.8816502291985,1.0,209.81801220933392,73.96471756790132,3035.4826856228765,298.15
6739.0,57.87539936102236,1.0,201.5968699594907,74.4353293669812,2609.352704132732,298.15
6740.0,57.86914849284623,1.0,200.60957155097253,74.29775581582473,2644.1575231205625,298.15
6741.0,57.86289762467009,1.0,199.93259771650494,64.35076805871051,3214.8175713551764,298.15
6742.0,57.85664675649396,1.0,200.12209627258687,79.82323821740661,3508.2064171796706,298.15
6743.0,57.85039588831782,1.0,211.39707325689108,73.80219115071796,2776.3511961060353,298.15
6744.0,57.84414502014169,1.0,211.87377928456573,70.80807318156579,3161.9349919030115,298.15
6745.0,57.83789415196555,1.0,203.46616424548918,65.7014440118219,3673.928537929407,298.15
6746.0,57.83164328378941,1.0,206.4297823801578,78.36409098792288,3379.9792348099627,298.15
6747.0,57.82539241561328,1.0,205.33234791790215,83.01780822134504,3308.238697269778,298.15
6748.0,57.81914154743714,1.0,199.43775239221404,82.73606728269075,3163.0955081130082,298.15
6749.0,57.81289067926101,1.0,209.5052137214446,71.64289604172725,3393.4297180959184,298.15
6750.0,57.80663981108487,1.0,192.59644214425003,75.9285452794805,3125.2771264406215,298.15
6751.0,57.80038894290874,1.0,201.91401741143537,72.55399623583145,3075.810088681511,298.15
6752.0,57.7941380747326,1.0,202.19222521403648,64.58195495375045,3642.616761447393,298.15
6753.0,57.78788720655646,1.0,193.1125192465358,72.67400916217504,3467.409285847517,298.15
6754.0,57.78163633838033,1.0,203.88966956178527,75.26162041261647,4280.041915261619,298.15
6755.0,57.77538547020419,1.0,189.6970470085668,58.324277885218464,3559.5991651792715,298.15
6756.0,57.76913460202806,1.0,196.02608074646255,62.54746217324635,3432.5515126649416,298.15
6757.0,57.76288373385192,1.0,193.178947644683,62.628998395701586,2784.5995469181935,298.15
6758.0,57.75663286567579,1.0,185.94317129692612,70.7577699900832,2658.6302585266294,298.15
6759.0,57.75038199749965,1.0,197.97059849568603,59.05221736536673,3964.1890768756593,298.15
6760.0,57.74413112932351,1.0,192.85701522890534,64.88766720127153,3251.534306852059,298.15
6761.0,57.73788026114738,1.0,196.52980061098563,66.486435744546,3008.8886870815827,298.15
6762.0,57.73162939297124,1.0,180.5528156251874,61.702404046897676,2361.0443523654376,298.15
6763.0,57.72537852479511,1.0,187.31109323195966,68.37595056058474,4172.092852836038,298.15
6764.0,57.71912765661897,1.0,186.14080374271254,70.200445385458,3124.6018872164914,298.15
6765.0,57.71287678844284,1.0,190.02389716715228,54.12443012067128,3246.88875650958,298.15
6766.0,57.7066259202667,1.0,184.6297728150344,61.0288927238003,3109.4058382396965,298.15
6767.0,57.700375052090564,1.0,180.0,66.5384589841515,3174.4805434959803,298.15
6768.0,57.69412418391443,1.0,183.24172660896406,72.63342277624369,3064.8924595156614,298.15
6769.0,57.687873315738294,1.0,189.33712696961527,65.98096880602789,2426.1461389095903,298.15
6770.0,57.68162244756216,1.0,186.19331416778437,63.49371533498245,3217.8580314089922,298.15
6771.0,57.675371579386024,1.0,187.9973762859058,56.43620036968665,3181.243253481216,298.15
6772.0,57.66912071120989,1.0,180.0,65.51512303732373,3307.7803595927585,298.15
6773.0,57.662869843033754,1.0,180.0,64.19601308470828,2615.7072224522603,298.15
6774.0,57.656618974857615,1.0,180.0,69.13114964505114,2872.257726257091,298.15
6775.0,57.65036810668148,1.0,180.0,66.15201090174905,2880.093411899512,298.15
6776.0,57.644117238505345,1.0,188.1838288841594,59.011107300871586,3779.785327674508,298.15
6777.0,57.63786637032921,1.0,180.0,72.08992878539873,3846.784001453454,298.15
6778.0,57.631615502153075,1.0,180.0,61.54943859146838,2710.818136674049,298.15
6779.0,57.62536463397694,1.0,180.0,60.841801582910314,2166.6296767545723,298.15
6780.0,57.619113765800805,1.0,180.0,67.3643104179918,2273.1778633072204,298.15
6781.0,57.612862897624666,1.0,180.0,62.11414655083332,2373.408900417919,298.15
6782.0,57.606612029448534,1.0,180.0,60.64750684659285,2866.553022969944,298.15
6783.0,57.600361161272396,1.0,180.0,59.16977780783625,2884.639413030708,298.15
6784.0,57.594110293096264,1.0,180.0,55.59336236582628,2707.5856093668444,298.15
6785.0,57.587859424920126,1.0,180.0,62.76353756303681,2585.9750752626082,298.15
6786.0,57.581608556743994,1.0,180.0,57.261988075312935,2653.8740214231807,298.15
6787.0,57.575357688567856,1.0,180.0,55.93234614119265,1669.8358263205637,298.15
6788.0,57.56910682039172,1.0,180.0,61.26834535076241,1711.9350914523438,298.15
6789.0,57.562855952215585,1.0,180.0,58.96210302241816,1684.9661731951119,298.15
6790.0,57.55660508403945,1.0,180.0,66.24051653358808,2169.3342678651547,298.15
6791.0,57.550354215863315,1.0,180.0,69.966862908173,2202.3953257661383,298.15
6792.0,57.54410334768718,1.0,180.0,55.07369867586231,1448.6964083519654,298.15
6793.0,57.537852479511045,1.0,180.0,58.68641308672584,2033.5249345968157,298.15
6794.0,57.53160161133491,1.0,180.0,58.37960636853045,2168.649923396406,298.15
6795.0,57.52535074315877,1.0,180.0,58.075710321701976,1839.8925274699156,298.15
6796.0,57.519099874982636,1.0,180.0,58.8831854913426,2586.597268913887,298.15
6797.0,57.5128490068065,1.0,180.0,60.57978467522993,2678.8219326531716,298.15
6798.0,57.506598138630366,1.0,180.0,59.28178525031455,1545.7957357430278,298.15
6799.0,57.50034727045423,1.0,180.0,51.96062841643928,1714.23078217208,298.15
6800.0,57.494096402278096,1.0,180.0,54.37078619484506,2071.150276428372,298.15
6801.0,57.48784553410196,1.0,180.0,62.43207006819087,1791.3394946953097,298.15
6802.0,57.48159466592582,1.0,180.0,57.08283353222982,1330.975094943817,298.15
6803.0,57.47534379774969,1.0,180.0,57.06018941067133,2263.228931832394,298.15
6804.0,57.46909292957355,1.0,180.0,62.028913070656124,1784.820629058637,298.15
6805.0,57.46284206139742,1.0,180.0,63.82457069417297,1762.529253660721,298.15
6806.0,57.45659119322128,1.0,180.0,75.47344875837781,1340.8447928927521,298.15
6807.0,57.45034032504515,1.0,180.0,58.55060719626248,1295.9614780277304,298.15
6808.0,57.44408945686901,1.0,180.0,69.13901075806068,1833.1734834534466,298.15
6809.0,57.43783858869287,1.0,180.0,67.35284831831555,2488.1197757543014,298.15
6810.0,57.43158772051674,1.0,180.0,50.961260522088054,1219.3743138871398,298.15
6811.0,57.4253368523406,1.0,180.0,69.47535653127036,1533.0156403227165,298.15
6812.0,57.41908598416447,1.0,180.0,60.91790137468708,1318.6849155936798,298.15
6813.0,57.41283511598833,1.0,180.0,53.679148690437394,1350.4332663160928,298.15
6814.0,57.4065842478122,1.0,180.0,66.62983912883456,2372.578357316611,298.15
6815.0,57.40033337963606,1.0,180.0,74.91223500989234,1812.008752366887,298.15
6816.0,57.39408251145992,1.0,180.0,57.76320120659344,1989.268017291177,298.15
6817.0,57.38783164328379,1.0,180.0,63.62293019860755,1514.6035866453092,298.15
6818.0,57.38158077510765,1.0,180.0,66.73868755608412,2225.450770787619,298.15
6819.0,57.37532990693152,1.0,180.0,56.906188901151204,1585.7547599978714,298.15
6820.0,57.36907903875538,1.0,180.0,57.964782709382234,1115.9609319919516,298.15
6821.0,57.36282817057925,1.0,180.0,68.52700213959453,1655.3351970666988,298.15
6822.0,57.35657730240311,1.0,180.0,66.59795503125956,2355.477274302808,298.15
6823.0,57.35032643422697,1.0,180.0,72.227354369826,1428.200508116275,298.15
6824.0,57.34407556605084,1.0,180.0,71.25056907134635,2167.503392258281,298.15
6825.0,57.3378246978747,1.0,180.0,65.74176140145846,2018.9067764158601,298.15
6826.0,57.33157382969857,1.0,180.0,65.96153603462645,2449.861640590153,298.15
6827.0,57.32532296152243,1.0,180.0,68.3770034688919,2230.059005693786,298.15
6828.0,57.3190720933463,1.0,180.0,60.1963050103781,2446.543672637949,298.15
6829.0,57.31282122517016,1.0,180.0,62.22931788596592,2665.3576548786446,298.15
6830.0,57.30657035699402,1.0,180.0,61.01143541335195,1883.1069037633174,298.15
6831.0,57.30031948881789,1.0,180.0,58.59587499010907,2480.1015935701316,298.15
6832.0,57.29406862064175,1.0,180.0,65.55085125728664,2167.362933546467,298.15
6833.0,57.28781775246562,1.0,180.0,72.3552720695716,2138.349267312138,298.15
6834.0,57.28156688428948,1.0,180.0,58.2188176380332,2964.9477240736796,298.15
6835.0,57.27531601611335,1.0,180.0,68.42907765031057,3166.496055364284,298.15
6836.0,57.26906514793721,1.0,180.0,71.5783944254016,2348.6504048270594,298.15
6837.0,57.26281427976107,1.0,180.0,68.78786122238114,2279.0652994257835,298.15
6838.0,57.25656341158494,1.0,180.0,72.05365556926937,3268.590118927997,298.15
6839.0,57.2503125434088,1.0,180.0,60.607325076807044,2429.539421094144,298.15
6840.0,57.24406167523267,1.0,180.0,69.25924962215895,2123.7247663233115,298.15
6841.0,57.23781080705653,1.0,180.0,68.59043731759783,2862.577708779085,298.15
6842.0,57.2315599388804,1.0,180.0,71.97734668058506,2257.5136479774474,298.15
6843.0,57.22530907070426,1.0,180.0,73.11304117713709,2002.7425898323863,298.15
6844.0,57.219058202528124,1.0,180.0,70.49248790900793,1882.4160508894493,298.15
6845.0,57.21280733435199,1.0,180.0,75.61329358024908,2232.251654962377,298.15
6846.0,57.206556466175854,1.0,180.0,74.06181560322003,2198.987650674411,298.15
6847.0,57.20030559799972,1.0,180.0,76.79041038041136,2448.450192221292,298.15
6848.0,57.194054729823584,1.0,180.0,76.37398285289149,3102.7798546817994,298.15
6849.0,57.18780386164745,1.0,180.0,75.25724812865586,2969.5735903362806,298.15
6850.0,57.181552993471314,1.0,180.0,65.00574179323154,2615.7109373131625,298.15
6851.0,57.175302125295175,1.0,180.0,83.98028102224855,3178.856580600476,298.15
6852.0,57.169051257119044,1.0,180.0,70.18800957373762,2967.3362353900884,298.15
6853.0,57.162800388942905,1.0,180.0,66.92601501385425,2823.2921529150844,298.15
6854.0,57.156549520766774,1.0,180.0,78.46322065567732,3159.0139229238353,298.15
6855.0,57.150298652590635,1.0,180.0,73.30989728306851,3150.7850018542326,298.15
6856.0,57.144047784414504,1.0,180.0,79.6183126873803,2918.55921522067,298.15
6857.0,57.137796916238365,1.0,180.0,70.62485621091373,2318.297498197605,298.15
6858.0,57.131546048062226,1.0,180.0,76.67661009647668,2824.9041122684043,298.15
6859.0,57.125295179886095,1.0,180.0,75.52246014119233,3578.5417015950975,298.15
6860.0,57.119044311709956,1.0,180.0,82.15296084409202,2431.1793199312715,298.15
6861.0,57.112793443533825,1.0,180.0,74.59036955787342,3306.359498321996,298.15
6862.0,57.106542575357686,1.0,180.0,81.44554486234912,3409.942397135343,298.15
6863.0,57.100291707181555,1.0,180.0,70.42725716166852,3095.387698023472,298.15
6864.0,57.094040839005416,1.0,181.38361788230085,84.33045550783739,2810.9553693094276,298.15
6865.0,57.08778997082928,1.0,180.0,85.61613127210961,3985.0518887619387,298.15
6866.0,57.081539102653146,1.0,180.0,81.98474008651803,3640.629024935338,298.15
6867.0,57.07528823447701,1.0,181.84316375741955,77.99811573693867,3044.5472325636197,298.15
6868.0,57.069037366300876,1.0,180.0,89.8009779275397,2682.6189956775493,298.15
6869.0,57.06278649812474,1.0,180.0,75.83667898232858,3584.0197471711117,298.15
6870.0,57.056535629948606,1.0,180.0,85.29859221469826,3165.7089570713583,298.15
6871.0,57.05028476177247,1.0,180.0,86.51705452988922,3624.1837633357504,298.15
6872.0,57.04403389359633,1.0,180.0,72.0255293447356,3484.2056672508074,298.15
6873.0,57.0377830254202,1.0,180.0,83.14080792922188,3120.0828778142086,298.15
6874.0,57.03153215724406,1.0,180.0,83.29669306374039,3366.5586695060183,298.15
6875.0,57.02528128906793,1.0,180.0,65.42509568089484,3788.0325051385457,298.15
6876.0,57.01903042089179,1.0,185.78999160045936,65.07297517669969,3078.2464296325898,298.15
6877.0,57.01277955271566,1.0,180.0,72.99633219793648,2607.408602611469,298.15
6878.0,57.00652868453952,1.0,181.8916117967346,78.10901938382749,3023.2187987948378,298.15
6879.0,57.00027781636338,1.0,189.4744471848605,83.00330571090423,3111.45076635123,298.15
6880.0,56.99402694818725,1.0,185.78291823852797,80.98011270706189,2788.150966972793,298.15
6881.0,56.98777608001111,1.0,182.27547555065445,83.67360867753852,3410.1680918400775,298.15
6882.0,56.98152521183498,1.0,183.1168462487126,80.61804597343802,3283.82291339524,298.15
6883.0,56.97527434365884,1.0,180.0,74.92029952808053,3439.735431013475,298.15
6884.0,56.96902347548271,1.0,188.59682887221635,83.01806510171735,3211.7629485572343,298.15
6885.0,56.96277260730657,1.0,180.0,79.77722359328658,2923.2465218340612,298.15
6886.0,56.95652173913043,1.0,184.2092133522369,83.00942985380257,3492.4393755640267,298.15
6887.0,56.9502708709543,1.0,183.2955735950445,80.18581810381264,3132.8291347528752,298.15
6888.0,56.94402000277816,1.0,186.27324237736596,85.50212903253194,3390.833320526994,298.15
6889.0,56.93776913460203,1.0,187.41793479014154,85.78531311941036,2717.8992865382584,298.15
6890.0,56.93151826642589,1.0,189.1645743096998,76.57370613319469,3214.4201033235922,298.15
6891.0,56.92526739824976,1.0,184.28752600727324,77.96806213021247,2948.591905055128,298.15
6892.0,56.91901653007362,1.0,197.5649686933027,72.41135909153395,2973.7355536849773,298.15
6893.0,56.91276566189748,1.0,185.84327047915465,92.71554447733438,3016.1447880838186,298.15
6894.0,56.90651479372135,1.0,199.6371311596208,76.98095520883236,2141.274719854301,298.15
6895.0,56.90026392554521,1.0,187.154626019678,76.94279955258057,2613.6891898366875,298.15
6896.0,56.89401305736908,1.0,183.06288448284764,76.43297000153296,2528.7589128657933,298.15
6897.0,56.88776218919294,1.0,212.40743422163328,74.07973078558514,2657.808873544072,298.15
6898.0,56.88151132101681,1.0,203.64883823050207,85.18530313051228,2564.7001123400833,298.15
6899.0,56.87526045284067,1.0,196.0397190617288,79.49171029916512,2734.724930981745,298.15
6900.0,56.86900958466453,1.0,210.84307681377607,77.63632344343051,2342.9606593579274,298.15
6901.0,56.8627587164884,1.0,198.89601067921876,69.63647215253792,2466.7741761606435,298.15
6902.0,56.85650784831226,1.0,208.67456861039952,80.44890747816262,2552.8251382112435,298.15
6903.0,56.85025698013613,1.0,202.75656934883443,73.2581844488777,2530.9591068257637,298.15
6904.0,56.84400611195999,1.0,192.31195697278656,77.55465278248226,2187.0964594678167,298.15
6905.0,56.83775524378386,1.0,205.07703693606123,76.50843322628215,2231.488913596829,298.15
6906.0,56.83150437560772,1.0,198.60689310433315,84.65893372780606,2575.198402895371,298.15
6907.0,56.82525350743158,1.0,205.53296959133314,81.21078001258758,2138.885599834293,298.15
6908.0,56.81900263925545,1.0,212.36134979387094,82.59601568844242,1651.4994006616826,298.15
6909.0,56.81275177107931,1.0,202.78716148962997,68.88666562547726,2118.237655679001,298.15
6910.0,56.80650090290318,1.0,213.63100462724773,81.14252564803436,2202.63525532594,298.15
6911.0,56.80025003472704,1.0,212.47893499049044,80.36034350758051,2427.7112128865865,298.15
6912.0,56.79399916655091,1.0,208.95449769532752,77.10303304643145,2138.2143443745595,298.15
6913.0,56.78774829837477,1.0,199.40247240241416,73.7597713437251,2197.884832423416,298.15
6914.0,56.781497430198634,1.0,202.80057968931257,77.13220047924543,1737.2043634694153,298.15
6915.0,56.7752465620225,1.0,219.47184974326024,70.2082924742699,1631.997037347933,298.15
6916.0,56.768995693846364,1.0,206.39350633565675,77.24447374997277,2031.7407479042486,298.15
6917.0,56.76274482567023,1.0,210.05320601223204,76.07371275122584,2610.6888743664385,298.15
6918.0,56.756493957494094,1.0,219.65213787324265,80.63246586805434,2362.6964462346887,298.15
6919.0,56.75024308931796,1.0,215.75171522111035,73.56958328678044,2253.462128916883,298.15
6920.0,56.74399222114182,1.0,214.86556132930588,65.36997225717944,2009.4611715934386,298.15
6921.0,56.737741352965685,1.0,222.16003109854367,71.62173403625813,1739.6944784643854,298.15
6922.0,56.73149048478955,1.0,218.51180685817107,83.53434894878302,2231.8578207159408,298.15
6923.0,56.725239616613415,1.0,221.6111334272987,71.70569495881045,2204.1121371237696,298.15
6924.0,56.71898874843728,1.0,212.7092796816239,72.69682272185783,1666.9837745545926,298.15
6925.0,56.712737880261145,1.0,226.78260020026482,75.77881522901686,1436.144552450151,298.15
6926.0,56.70648701208501,1.0,218.81552364321988,62.855648084563,1676.2610009178659,298.15
6927.0,56.700236143908874,1.0,223.60563281579923,73.3035635623082,1802.8728648947895,298.15
6928.0,56.693985275732736,1.0,217.55116391212718,66.34857968999036,1422.3081697239031,298.15
6929.0,56.687734407556604,1.0,225.36555393983625,74.65508078995319,1383.0353055327969,298.15
6930.0,56.681483539380466,1.0,224.61237942942282,62.087513441734124,1649.683050634117,298.15
6931.0,56.675232671204334,1.0,223.47569540122228,70.24165878353566,1451.7110025322665,298.15
6932.0,56.668981803028196,1.0,230.50628101999152,82.14888240990526,1720.7925574580884,298.15
6933.0,56.662730934852064,1.0,228.99283090493407,71.11977913583753,2381.752867112379,298.15
6934.0,56.656480066675925,1.0,234.67675495279073,72.10420099677908,2178.9893056402393,298.15
6935.0,56.65022919849979,1.0,223.75800012215504,71.85213780943666,2372.595264795371,298.15
6936.0,56.643978330323655,1.0,233.35156156038093,78.31933271287065,1065.5832573850691,298.15
6937.0,56.63772746214752,1.0,233.26813904968782,71.2260206365979,2443.666411319093,298.15
6938.0,56.631476593971385,1.0,221.18625944173564,68.24381478711179,1619.5131620149464,298.15
6939.0,56.62522572579525,1.0,224.17237501576025,69.56755498274978,1968.2768835864965,298.15
6940.0,56.618974857619115,1.0,228.36994536965415,70.24809466195232,2677.7226498907976,298.15
6941.0,56.612723989442976,1.0,235.9997779684102,64.3160627802877,1883.9085471002766,298.15
6942.0,56.606473121266845,1.0,234.47055462663297,63.72393163073779,1282.6875891084428,298.15
6943.0,56.600222253090706,1.0,237.07641542947977,66.1110185163554,1220.1904644690844,298.15
6944.0,56.59397138491457,1.0,229.22164687077836,69.80088661379615,1905.2917406098154,298.15
6945.0,56.587720516738436,1.0,229.80492582112353,61.03730413745886,1501.799211457311,298.15
6946.0,56.5814696485623,1.0,236.2527566618426,60.902540787187704,1866.0834763586408,298.15
6947.0,56.575218780386166,1.0,231.54021264988768,72.88668862641431,2043.905688077612,298.15
6948.0,56.56896791221003,1.0,231.5029558186497,69.87429310003,2202.2162219010083,298.15
6949.0,56.562717044033896,1.0,230.56278012992775,69.67837826502834,1991.1340969753326,298.15
6950.0,56.55646617585776,1.0,238.61085254916,61.765862359734186,2640.556729523812,298.15
6951.0,56.55021530768162,1.0,238.72994236096707,60.59332484364589,2114.115909253342,298.15
6952.0,56.54396443950549,1.0,246.30863470699006,66.61943648936644,2215.729252164594,298.15
6953.0,56.53771357132935,1.0,231.7738830340235,59.72861165613487,2130.8015445263986,298.15
6954.0,56.53146270315322,1.0,238.20490008706264,59.04848307878161,2326.6570254454023,298.15
6955.0,56.52521183497708,1.0,240.41162573604646,64.48475860183278,2443.0893221836104,298.15
6956.0,56.51896096680095,1.0,233.04873364171684,63.07097159366165,2456.0794670730356,298.15
6957.0,56.51271009862481,1.0,238.98733164255984,53.14885652958347,2190.7486870760426,298.15
6958.0,56.50645923044867,1.0,233.6031308100742,62.411506589487324,2772.4412121933365,298.15
6959.0,56.50020836227254,1.0,244.77621994511813,61.50193271844746,1614.290554110275,298.15
6960.0,56.4939574940964,1.0,236.94503684205296,55.86192845839436,2308.0911929274357,298.15
6961.0,56.48770662592027,1.0,243.68471973723447,63.179154139453786,3040.9207671163413,298.15
6962.0,56.48145575774413,1.0,235.15095723375626,59.7450872331257,3026.8909002918017,298.15
6963.0,56.475204889568,1.0,232.85813345227973,62.28223877808745,2585.533438542736,298.15
6964.0,56.46895402139186,1.0,251.1931980861241,55.52270256193939,2273.1545408973716,298.15
6965.0,56.46270315321572,1.0,243.44222783012736,51.43351062453839,2457.4461524936614,298.15
6966.0,56.45645228503959,1.0,239.07925876362845,53.34371465058999,2537.8486965588386,298.15
6967.0,56.45020141686345,1.0,234.07792732575166,58.99464054982357,2357.3851718984756,298.15
6968.0,56.44395054868732,1.0,241.25137245154295,55.541455620539764,3098.455687288589,298.15
6969.0,56.43769968051118,1.0,252.3748639373801,69.81864025946243,2859.6262721077987,298.15
6970.0,56.43144881233505,1.0,239.32887493176227,65.95259698217693,3453.951871911876,298.15
6971.0,56.42519794415891,1.0,235.8529337628648,56.93544863117273,2439.5851459874825,298.15
6972.0,56.41894707598277,1.0,235.10754295725343,61.40266378906993,2597.053893568501,298.15
6973.0,56.41269620780664,1.0,231.38773599229418,56.352769023895554,3277.248922801465,298.15
6974.0,56.4064453396305,1.0,233.94533492117324,65.72668039063032,3736.5048938539558,298.15
6975.0,56.40019447145437,1.0,234.01476113013962,54.531293456578496,2626.9349020156988,298.15
6976.0,56.39394360327823,1.0,235.46855667241326,55.23349362527407,3140.2276107103103,298.15
6977.0,56.3876927351021,1.0,244.89591134409275,53.8629809884981,2846.0715401256207,298.15
6978.0,56.38144186692596,1.0,237.40382635960998,56.32912799681691,2562.114515087425,298.15
6979.0,56.37519099874982,1.0,239.4394155986059,57.814566584020376,2880.346185709478,298.15
6980.0,56.36894013057369,1.0,228.34508001823977,61.385550767038886,2986.0162433312535,298.15
6981.0,56.36268926239755,1.0,234.09873394458847,64.62008199278705,3231.0195973631685,298.15
6982.0,56.35643839422142,1.0,242.86478072009461,62.98464635152323,2654.087674232198,298.15
6983.0,56.35018752604528,1.0,234.17414284792181,60.56062966457652,3373.1977267582142,298.15
6984.0,56.34393665786915,1.0,235.2311384392923,69.62191755890139,3459.5498343448635,298.15
6985.0,56.33768578969301,1.0,232.26784788061858,62.21522794247313,3148.437516607748,298.15
6986.0,56.33143492151687,1.0,247.36612725506936,61.39255643892091,4167.086950286224,298.15
6987.0,56.32518405334074,1.0,251.6370351320531,64.14410557995156,3789.7949601192504,298.15
6988.0,56.3189331851646,1.0,247.28685350024372,71.44031362202465,4128.07079287621,298.15
6989.0,56.31268231698847,1.0,235.92976938007487,58.224837872984565,3092.4182808240066,298.15
6990.0,56.30643144881233,1.0,242.70813042797562,59.87308685866466,3528.439710237152,298.15
6991.0,56.3001805806362,1.0,235.78063044056177,63.04417035192732,3341.896612170961,298.15
6992.0,56.29392971246006,1.0,231.06845226349805,68.53418029659885,3168.705187152211,298.15
6993.0,56.287678844283924,1.0,236.50852563924252,55.12405231672967,3326.7934548879543,298.15
6994.0,56.28142797610779,1.0,231.880793223858,60.50788774342085,2946.2928182361857,298.15
6995.0,56.275177107931654,1.0,232.13416250063577,69.72377361613877,3114.2662165602965,298.15
6996.0,56.26892623975552,1.0,236.3119932718392,60.33928688364827,3023.8140527275496,298.15
6997.0,56.262675371579384,1.0,240.8254354388499,71.84752415830084,3492.6366001150545,298.15
6998.0,56.25642450340325,1.0,239.36058885876716,72.84439607762955,2893.2677250013335,298.15
6999.0,56.250173635227114,1.0,237.09306914279955,61.719631917512125,3282.44342346514,298.15
7000.0,56.243922767050975,1.0,231.2663612912219,62.82591861084597,2955.7179052039824,298.15
7001.0,56.237671898874844,1.0,234.7631946921701,66.90571092232051,3362.906756855717,298.15
7002.0,56.231421030698705,1.0,226.73552926206307,61.88114925612539,3173.6028052791985,298.15
7003.0,56.22517016252257,1.0,229.6509117601719,63.33590842121125,2963.1082120478877,298.15
7004.0,56.218919294346435,1.0,231.79588928003554,59.32168168588105,3419.811614949452,298.15
7005.0,56.2126684261703,1.0,228.07935975707767,60.813948833567714,2600.0403474642817,298.15
7006.0,56.206417557994165,1.0,233.76259019304854,75.7620954720809,2866.4138993808224,298.15
7007.0,56.200166689818026,1.0,234.48925391198114,68.03483116609532,2678.115813705955,298.15
7008.0,56.193915821641895,1.0,239.45540937114114,62.369105645742415,2211.8198359406188,298.15
7009.0,56.187664953465756,1.0,232.13202891383216,67.23855198357356,2654.394978557426,298.15
7010.0,56.181414085289624,1.0,233.00286247679972,72.24578655254962,2667.7253214604825,298.15
7011.0,56.175163217113486,1.0,227.8267281622155,70.90435940118897,2910.347313222281,298.15
7012.0,56.168912348937354,1.0,245.80113560135823,77.46747513575033,2829.2940440988236,298.15
7013.0,56.162661480761216,1.0,240.23963414420902,66.9181466149951,3146.647131540357,298.15
7014.0,56.15641061258508,1.0,232.46876814461993,63.15664148503616,2949.045743401597,298.15
7015.0,56.150159744408946,1.0,215.07465105156908,74.31788914677433,2738.1921784849255,298.15
7016.0,56.14390887623281,1.0,237.8256111914867,68.42984483153896,3044.186375179068,298.15
7017.0,56.137658008056675,1.0,218.03748549415064,68.6316188082356,2150.6383604890852,298.15
7018.0,56.13140713988054,1.0,231.70676478613262,63.080478443840676,2860.698693014701,298.15
7019.0,56.125156271704405,1.0,219.2607608289908,64.30531179770867,2546.174015325384,298.15
7020.0,56.11890540352827,1.0,225.86996795073188,80.0079628858978,2975.414791904502,298.15
7021.0,56.11265453535213,1.0,218.18159726887404,79.33337494304658,2721.1308825580672,298.15
7022.0,56.106403667176,1.0,220.94236710522847,76.05556711357877,1709.823210997255,298.15
7023.0,56.10015279899986,1.0,221.26179458433498,67.50732989110512,1911.3564135735996,298.15
7024.0,56.093901930823726,1.0,215.91073625096408,68.87171323253413,2129.2117377799996,298.15
7025.0,56.08765106264759,1.0,219.79457798951753,69.1030576792883,2005.7593496168797,298.15
7026.0,56.081400194471456,1.0,217.12305910697924,85.21787446327083,1753.2011120815523,298.15
7027.0,56.07514932629532,1.0,219.01241436581734,74.86091843422619,1883.948545798984,298.15
7028.0,56.06889845811918,1.0,205.36914082618327,72.15449565603592,1612.0255847094122,298.15
7029.0,56.06264758994305,1.0,216.75789665815742,66.9948310595851,2324.284486821626,298.15
7030.0,56.05639672176691,1.0,212.67680277896204,80.03904826225696,2227.5707609216197,298.15
7031.0,56.05014585359078,1.0,210.3479068855421,71.10576256538378,1916.1404033373344,298.15
7032.0,56.04389498541464,1.0,217.431203514831,69.88823883262769,2791.2677553332805,298.15
7033.0,56.03764411723851,1.0,211.54082700184117,70.6321577545137,1431.7829037601425,298.15
7034.0,56.03139324906237,1.0,206.7897396473226,75.05557746349422,2338.4333613197064,298.15
7035.0,56.02514238088623,1.0,220.87560879645312,76.84112178212116,2026.6494710929162,298.15
7036.0,56.0188915127101,1.0,214.5606954751958,67.0025250953841,1296.8148412397363,298.15
7037.0,56.01264064453396,1.0,210.41713246446184,75.51085810618255,2076.683575392544,298.15
7038.0,56.00638977635783,1.0,218.74219886074962,73.95636802540238,2006.6617384298036,298.15
7039.0,56.00013890818169,1.0,205.26510107439591,72.30804756357362,2100.545748081496,298.15
7040.0,55.99388804000556,1.0,210.13757486638232,80.09548687042196,1677.326689119029,298.15
7041.0,55.98763717182942,1.0,214.0636630746994,76.58364049253889,1479.8397906777072,298.15
7042.0,55.98138630365328,1.0,207.60596313624092,66.9606794632866,1568.1342025488807,298.15
7043.0,55.97513543547715,1.0,220.98922239236578,72.7552741996567,1991.2921119600355,298.15
7044.0,55.96888456730101,1.0,206.78351049289464,79.16428128861595,1335.5008661975412,298.15
7045.0,55.96263369912488,1.0,206.1607539008079,71.9812936440526,1751.6970551041684,298.15
7046.0,55.95638283094874,1.0,210.97351083914992,70.52128301727768,2270.327632731147,298.15
7047.0,55.95013196277261,1.0,205.63826263823663,85.36515340378774,1893.0462337295403,298.15
7048.0,55.94388109459647,1.0,202.99867496812374,86.31533580788805,1892.9505544913532,298.15
7049.0,55.93763022642033,1.0,201.48554249429196,76.86251362678837,2131.1322336767266,298.15
7050.0,55.9313793582442,1.0,198.37850529611495,77.07095559174647,1874.1487827275753,298.15
7051.0,55.92512849006806,1.0,188.02940696988375,81.0272351976385,1729.4906800512867,298.15
7052.0,55.91887762189193,1.0,201.59621383319563,72.34431303909798,1491.4518055797469,298.15
7053.0,55.91262675371579,1.0,197.27673744444033,77.843096845291,1493.4899598804175,298.15
7054.0,55.90637588553966,1.0,189.59819664389443,83.64585597210876,2067.6537468193474,298.15
7055.0,55.90012501736352,1.0,191.74093527733356,74.20160078629648,1750.3090538651854,298.15
7056.0,55.89387414918738,1.0,189.99125736744614,83.98156671222124,1404.610374193367,298.15
7057.0,55.88762328101125,1.0,202.11573917153092,84.63538174052297,1901.335693975525,298.15
7058.0,55.88137241283511,1.0,198.8329960591157,82.6701961585214,2400.209008411549,298.15
7059.0,55.87512154465898,1.0,201.71436158446278,91.46630918948483,1186.77738235186,298.15
7060.0,55.86887067648284,1.0,193.2100201275346,89.32748401784372,1798.7583075302389,298.15
7061.0,55.86261980830671,1.0,196.11150840848688,74.6489463472883,1751.8682105806909,298.15
7062.0,55.85636894013057,1.0,193.13466569663092,78.60627719951654,2380.1114961646085,298.15
7063.0,55.850118071954434,1.0,181.79293977385717,81.9973278092925,1859.0215462445071,298.15
7064.0,55.8438672037783,1.0,186.9348531178317,75.68243680729118,1949.2251332749615,298.15
7065.0,55.83761633560216,1.0,188.02219034269237,84.14744217743397,2013.2296588182733,298.15
7066.0,55.83136546742603,1.0,194.17190529888074,87.74337813223866,2249.851858962103,298.15
7067.0,55.82511459924989,1.0,181.9570064176784,74.59935123441163,2304.3889915950404,298.15
7068.0,55.81886373107376,1.0,180.7513346886041,76.92288976102547,1765.4051390513498,298.15
7069.0,55.81261286289762,1.0,181.58257681898695,74.12126721132087,1584.9775418165013,298.15
7070.0,55.806361994721485,1.0,190.64735075509887,76.25204000378453,1547.587540198294,298.15
7071.0,55.80011112654535,1.0,182.88893867081202,77.20910844046242,2020.4839886264674,298.15
7072.0,55.793860258369214,1.0,186.09141874407624,80.56722504453724,2672.468479620642,298.15
7073.0,55.78760939019308,1.0,188.48046686589956,78.01995549258007,1753.0365176033345,298.15
7074.0,55.781358522016944,1.0,181.03569908172852,79.78463594268104,3026.8906780463712,298.15
7075.0,55.77510765384081,1.0,180.0,69.64222229399715,2430.5004074940052,298.15
7076.0,55.768856785664674,1.0,180.0,77.26138181396753,1652.4397475446476,298.15
7077.0,55.762605917488536,1.0,180.0,84.71299693590446,2132.8081231172287,298.15
7078.0,55.756355049312404,1.0,181.1449344347908,80.10449103708365,2600.6963278064104,298.15
7079.0,55.750104181136265,1.0,180.0,70.7782004331101,2761.5201187688717,298.15
7080.0,55.743853312960134,1.0,180.4392744562249,76.69965232348395,1740.0129339116593,298.15
7081.0,55.737602444783995,1.0,180.0,80.22997321984472,3139.402136497137,298.15
7082.0,55.731351576607864,1.0,180.0,74.64242985702344,2796.832423310991,298.15
7083.0,55.725100708431725,1.0,180.0,81.11704094220885,2734.8284273580325,298.15
7084.0,55.71884984025559,1.0,180.0,86.5258455572474,3666.0267772661396,298.15
7085.0,55.712598972079455,1.0,180.0,74.24439732961432,2495.4677486526375,298.15
7086.0,55.706348103903316,1.0,180.0,81.18422793496998,2549.2407902154823,298.15
7087.0,55.700097235727185,1.0,180.0,72.23083464452654,3562.830194758947,298.15
7088.0,55.693846367551046,1.0,180.0,77.84436137296137,2604.658238653074,298.15
7089.0,55.687595499374915,1.0,180.0,79.4526426772491,2861.531452803385,298.15
7090.0,55.681344631198776,1.0,180.0,69.42831959673876,2208.5534850325753,298.15
7091.0,55.67509376302264,1.0,180.0,80.15556935251782,3572.9094721944925,298.15
7092.0,55.668842894846506,1.0,180.0,69.43393859066518,2666.8345653656424,298.15
7093.0,55.66259202667037,1.0,180.0,79.11309688374669,3143.392897389723,298.15
7094.0,55.656341158494236,1.0,180.0,78.11689885466254,3386.0986306085542,298.15
7095.0,55.6500902903181,1.0,180.0,70.32196609565639,2955.3258173621184,298.15
7096.0,55.643839422141966,1.0,180.0,68.86771856275726,3495.0660700452327,298.15
7097.0,55.63758855396583,1.0,180.0,77.98089418381494,2583.0114463948166,298.15
7098.0,55.63133768578969,1.0,180.0,62.37492323223257,3270.31348166359,298.15
7099.0,55.62508681761356,1.0,180.0,76.41725849504623,3177.06312683926,298.15
7100.0,55.61883594943742,1.0,180.0,78.72036862736668,3926.1218837772494,298.15
7101.0,55.61258508126129,1.0,180.0,74.98246943686911,3380.3698079649907,298.15
7102.0,55.60633421308515,1.0,180.0,75.41093835911256,2971.145479637837,298.15
7103.0,55.60008334490902,1.0,180.0,61.75583416364117,3637.5980842686013,298.15
7104.0,55.59383247673288,1.0,180.0,68.55882531933419,3281.0958932319318,298.15
7105.0,55.58758160855674,1.0,180.0,69.42309614408195,3472.9631372056556,298.15
7106.0,55.58133074038061,1.0,180.0,63.712471339010804,3317.9251311537855,298.15
7107.0,55.57507987220447,1.0,180.0,67.96766978690083,3131.6752925413525,298.15
7108.0,55.56882900402834,1.0,180.0,71.92014907671033,3433.301274918778,298.15
7109.0,55.5625781358522,1.0,180.0,62.835024978631935,3188.1535645969007,298.15
7110.0,55.55632726767607,1.0,180.0,67.4540695820677,3951.4745051655964,298.15
7111.0,55.55007639949993,1.0,180.0,65.13249638006717,2596.3553556688007,298.15
7112.0,55.54382553132379,1.0,180.0,72.70463024318914,3365.7871913215154,298.15
7113.0,55.53757466314766,1.0,180.0,60.34164999043795,2891.946206241261,298.15
7114.0,55.53132379497152,1.0,180.0,70.59318388839196,3160.0124911707603,298.15
7115.0,55.52507292679539,1.0,180.0,67.28789817872749,2975.08314331351,298.15
7116.0,55.51882205861925,1.0,180.0,76.33425234909677,3231.8556646957327,298.15
7117.0,55.51257119044312,1.0,180.0,74.42307273370405,2853.1045658820203,298.15
7118.0,55.50632032226698,1.0,180.0,61.68131590858228,3196.644581318315,298.15
7119.0,55.50006945409084,1.0,180.0,65.60498167476527,3099.933324796937,298.15
7120.0,55.49381858591471,1.0,180.0,66.0704078405696,3131.8459169676826,298.15
7121.0,55.48756771773857,1.0,180.0,56.349107007022695,3521.6314811079137,298.15
7122.0,55.48131684956244,1.0,180.0,61.06700096776365,3003.256479967244,298.15
7123.0,55.4750659813863,1.0,180.0,66.2531683070132,3276.3772387965555,298.15
7124.0,55.46881511321017,1.0,180.0,60.52829926182839,3801.5582890394576,298.15
7125.0,55.46256424503403,1.0,180.0,63.9933088213651,2635.4342795947455,298.15
7126.0,55.45631337685789,1.0,180.0,64.13072429173279,3218.4555813719826,298.15
7127.0,55.45006250868176,1.0,180.0,62.611418506064375,2630.0075364647623,298.15
7128.0,55.44381164050562,1.0,180.0,66.40015487232529,3140.3085210974737,298.15
7129.0,55.43756077232949,1.0,180.0,65.72870000128961,2536.558047944151,298.15
7130.0,55.43130990415335,1.0,180.0,58.0409946229414,3038.4951310706765,298.15
7131.0,55.42505903597722,1.0,180.0,66.2430838284703,3572.5410800366685,298.15
7132.0,55.41880816780108,1.0,180.0,70.56042396695659,2964.1972372779064,298.15
7133.0,55.41255729962494,1.0,180.0,70.00395361159141,2693.1217996948426,298.15
7134.0,55.40630643144881,1.0,180.0,70.75453020146342,2870.4946290897597,298.15
7135.0,55.40005556327267,1.0,180.0,72.25345466182061,2021.9005172168208,298.15
7136.0,55.39380469509654,1.0,180.0,71.51137991981255,2895.315173854097,298.15
7137.0,55.3875538269204,1.0,180.0,54.75361212709476,2463.500939511957,298.15
7138.0,55.38130295874427,1.0,180.0,59.01225692021333,2987.9879114027735,298.15
7139.0,55.37505209056813,1.0,180.0,62.47508148415106,2586.1092222445654,298.15
7140.0,55.368801222391994,1.0,180.0,62.423871867909604,1949.7362411094718,298.15
7141.0,55.36255035421586,1.0,180.0,55.7593173695153,2360.2129847473693,298.15
7142.0,55.356299486039724,1.0,180.0,58.72064629252194,1805.978784743335,298.15
7143.0,55.35004861786359,1.0,180.0,64.94611552275657,2631.6601124800986,298.15
7144.0,55.343797749687454,1.0,180.0,66.16885865300915,2043.976531852291,298.15
7145.0,55.33754688151132,1.0,180.0,57.64578557494507,2583.5247103071647,298.15
7146.0,55.331296013335184,1.0,180.0,59.10034001399317,1788.2354730098525,298.15
7147.0,55.325045145159045,1.0,180.0,64.21179549555025,2332.136478228435,298.15
7148.0,55.31879427698291,1.0,180.0,59.40272320883395,2246.900168236673,298.15
7149.0,55.312543408806775,1.0,180.0,50.0,2489.994747073292,298.15
7150.0,55.30629254063064,1.0,180.0,59.22520055706112,1783.7134782918604,298.15
7151.0,55.300041672454505,1.0,180.0,56.69491734741322,2255.8527591023862,298.15
7152.0,55.29379080427837,1.0,180.0,59.11606604989629,1765.295965402422,298.15
7153.0,55.287539936102235,1.0,180.0,68.73806643360653,2339.2839013457624,298.15
7154.0,55.281289067926096,1.0,180.0,63.25047609610089,2449.579078331383,298.15
7155.0,55.275038199749964,1.0,180.0,56.740293578197054,1710.734068434595,298.15
7156.0,55.268787331573826,1.0,180.0,59.66098776212254,1650.3834084743885,298.15
7157.0,55.262536463397694,1.0,180.0,54.35336386405589,1368.593577925276,298.15
7158.0,55.256285595221556,1.0,181.24634707726963,65.85939413052112,1070.5776184046838,298.15
7159.0,55.250034727045424,1.0,180.0,57.70436026771973,2131.978314842465,298.15
7160.0,55.243783858869286,1.0,180.0,66.87720486240173,2230.6514985823,298.15
7161.0,55.23753299069315,1.0,181.3000131708011,67.55291780266995,1723.5399402526202,298.15
7162.0,55.231282122517015,1.0,180.0,67.38814473758471,1433.0556143047056,298.15
7163.0,55.22503125434088,1.0,180.76204953252878,63.574648557278906,1572.3776035188357,298.15
7164.0,55.218780386164745,1.0,180.0,64.28994812128589,1802.6248395811758,298.15
7165.0,55.21252951798861,1.0,180.0,64.55329471983131,2024.1489463429307,298.15
7166.0,55.206278649812475,1.0,180.0,62.69298381989286,1304.6502985884435,298.15
7167.0,55.20002778163634,1.0,180.0,55.3124862396554,1731.195425482719,298.15
7168.0,55.1937769134602,1.0,180.0,50.473760392095286,1696.3532748161042,298.15
7169.0,55.187526045284066,1.0,180.0,67.69739737778134,1389.9812797473571,298.15
7170.0,55.18127517710793,1.0,180.0,61.93038273699033,1999.2780941783508,298.15
7171.0,55.175024308931796,1.0,180.0,55.55677727082852,2041.8421890157852,298.15
7172.0,55.16877344075566,1.0,180.0,61.985957414681316,1638.1031751770556,298.15
7173.0,55.162522572579526,1.0,187.79132872608494,63.01344006274814,1733.177472317276,298.15
7174.0,55.15627170440339,1.0,180.0,56.44186566442279,1334.8590057557465,298.15
7175.0,55.150020836227256,1.0,182.4415025869146,56.780362507075104,1910.2761382033505,298.15
7176.0,55.14376996805112,1.0,180.0,63.94679123053908,2469.8398446629185,298.15
7177.0,55.13751909987498,1.0,180.0,61.27503151831763,2150.85205358797,298.15
7178.0,55.13126823169885,1.0,180.0,62.632771348169406,1655.028365815008,298.15
7179.0,55.12501736352271,1.0,180.03964236364453,61.286222024890606,1178.0424927706483,298.15
7180.0,55.11876649534658,1.0,183.79951743641806,55.484316303694406,1923.6132641007184,298.15
7181.0,55.11251562717044,1.0,182.86421670292822,61.306361956019614,1786.8937754990673,298.15
7182.0,55.10626475899431,1.0,191.71945014623861,55.73928318850045,1695.459737929507,298.15
7183.0,55.10001389081817,1.0,185.68820856896136,69.11807440463086,2069.615770363311,298.15
7184.0,55.09376302264203,1.0,188.56941206230923,57.2069618311085,1918.5130414336636,298.15
7185.0,55.0875121544659,1.0,184.53570595391042,60.11006837389694,1638.742218520549,298.15
7186.0,55.08126128628976,1.0,185.63294220396034,57.85426192046022,2170.875008389372,298.15
7187.0,55.07501041811363,1.0,187.19127043992324,67.71361259773703,1909.1123821324184,298.15
7188.0,55.06875954993749,1.0,193.24271314333495,71.74813272903151,1718.8251393759476,298.15
7189.0,55.06250868176136,1.0,189.8975340866729,72.61632045259002,1747.8058577787904,298.15
7190.0,55.05625781358522,1.0,201.15154470112057,64.58750805838285,1850.3976491765868,298.15
7191.0,55.05000694540908,1.0,184.73827355370813,67.91436876786109,2029.3468493494272,298.15
7192.0,55.04375607723295,1.0,198.61117569842133,69.3713049130942,1532.13836774626,298.15
7193.0,55.03750520905681,1.0,189.72939638821867,64.39641149286963,2281.9778032247873,298.15
7194.0,55.03125434088068,1.0,201.21330499116453,64.76149779641786,2878.699151390262,298.15
7195.0,55.02500347270454,1.0,193.60933832682812,63.64017404786219,1737.3148145239793,298.15
7196.0,55.01875260452841,1.0,193.53809971236728,67.82962267270814,1692.19788972412,298.15
7197.0,55.01250173635227,1.0,199.41222638291342,73.35558519032945,2661.774503065717,298.15
7198.0,55.00625086817613,1.0,193.4047675254038,64.04819184352873,2582.2630526033918,298.15
7199.0,55.0,1.0,193.53429482773953,70.6492944588023,2135.969099364534,298.15
